id,score,tier,category,campaign,frontier_objective,headline_progress,oracle_methods,first_72h,risk,status_gate,source_lane
KBK-0001,100,S,Oracle Immediate / Unfinished,EG#411 omega=6/7 kernel formalization finish,"Complete and independently rebuild the unresolved finite-rung Lean proof, preserving the corrected problem statement.",Kernel-clean closure of the already-computed omega=6/7 finite classifications.,"A03,A05,A10,A24,A25,A26,A27,A31,A39,A40","Finish the smallest unresolved rung, regenerate receipts, and run hostile statement audit before claiming progress.",medium,INTERNAL STATUS FROM ORACLE INVENTORY — recheck repository receipt before claim,Internal Oracle inventory
KBK-0002,100,S,Oracle Immediate / Unfinished,"Erdős #835: finish S(4,5,21) existence run","Resume the exact-cover/SAT campaign with durable checkpoints, proof logs, and a from-scratch verifier.",Existence/nonexistence evidence for the smallest open Johnson-graph coloring reduction.,"A03,A05,A10,A24,A25,A26,A27,A31,A39,A40","Finish the smallest unresolved rung, regenerate receipts, and run hostile statement audit before claiming progress.",medium,INTERNAL STATUS FROM ORACLE INVENTORY — recheck repository receipt before claim,Internal Oracle inventory
KBK-0003,99,S,Oracle Immediate / Unfinished,Graham/Alspach Z_37 sizes 21-28,Close the first missing subset-size window using multiplicative-orbit reduction and witness checking.,Complete Z_37 classification.,"A03,A05,A10,A24,A25,A26,A27,A31,A39,A40","Finish the smallest unresolved rung, regenerate receipts, and run hostile statement audit before claiming progress.",medium,INTERNAL STATUS FROM ORACLE INVENTORY — recheck repository receipt before claim,Internal Oracle inventory
KBK-0019,99,S,Oracle Immediate / Unfinished,Oracle statement-equivalence firewall,"Automatically compare formalized predicates with source statements, known exceptions, and quantified test suites.",Prevent a repeat of a clean proof of an irrelevant predicate.,"A03,A05,A10,A24,A25,A26,A27,A31,A39,A40","Finish the smallest unresolved rung, regenerate receipts, and run hostile statement audit before claiming progress.",medium,INTERNAL STATUS FROM ORACLE INVENTORY — recheck repository receipt before claim,Internal Oracle inventory
KBK-0004,98,S,Oracle Immediate / Unfinished,Graham/Alspach Z_41 sizes 21-33,Close the remaining subset sizes and formalize the checker contract.,Complete Z_41 classification.,"A03,A05,A10,A24,A25,A26,A27,A31,A39,A40","Finish the smallest unresolved rung, regenerate receipts, and run hostile statement audit before claiming progress.",medium,INTERNAL STATUS FROM ORACLE INVENTORY — recheck repository receipt before claim,Internal Oracle inventory
KBK-0005,98,S,Oracle Immediate / Unfinished,Graham/Alspach Z_43 sizes 21-35,Finish the unresolved middle window with adaptive salvage and dual regeneration.,Complete Z_43 classification.,"A03,A05,A10,A24,A25,A26,A27,A31,A39,A40","Finish the smallest unresolved rung, regenerate receipts, and run hostile statement audit before claiming progress.",medium,INTERNAL STATUS FROM ORACLE INVENTORY — recheck repository receipt before claim,Internal Oracle inventory
KBK-0007,98,S,Oracle Immediate / Unfinished,Graham/Alspach Z_53 full campaign,Launch the first honest attempt at every unknown size from 21 through 52.,First complete or partial Z_53 classification with receipts.,"A03,A05,A10,A24,A25,A26,A27,A31,A39,A40","Finish the smallest unresolved rung, regenerate receipts, and run hostile statement audit before claiming progress.",medium,INTERNAL STATUS FROM ORACLE INVENTORY — recheck repository receipt before claim,Internal Oracle inventory
KBK-0006,97,S,Oracle Immediate / Unfinished,Graham/Alspach Z_47 sizes 21-39,Close the unresolved middle window while measuring density-driven cost.,Complete Z_47 classification.,"A03,A05,A10,A24,A25,A26,A27,A31,A39,A40","Finish the smallest unresolved rung, regenerate receipts, and run hostile statement audit before claiming progress.",medium,INTERNAL STATUS FROM ORACLE INVENTORY — recheck repository receipt before claim,Internal Oracle inventory
KBK-0008,97,S,Oracle Immediate / Unfinished,Graham/Alspach Z_59 sizes 21-53 + Lean step,Resume the interrupted campaign and formalize soundness plus representative samples.,Complete Z_59 classification.,"A03,A05,A10,A24,A25,A26,A27,A31,A39,A40","Finish the smallest unresolved rung, regenerate receipts, and run hostile statement audit before claiming progress.",medium,INTERNAL STATUS FROM ORACLE INVENTORY — recheck repository receipt before claim,Internal Oracle inventory
KBK-0020,97,S,Oracle Immediate / Unfinished,Oracle math receipt schema v2,"Unify theorem dependency, computational trust, proof logs, status, novelty, hashes, and adversarial tests.",A publishable universal receipt contract for every math campaign.,"A03,A05,A10,A24,A25,A26,A27,A31,A39,A40","Finish the smallest unresolved rung, regenerate receipts, and run hostile statement audit before claiming progress.",medium,INTERNAL STATUS FROM ORACLE INVENTORY — recheck repository receipt before claim,Internal Oracle inventory
KBK-0013,96,S,Oracle Immediate / Unfinished,Cross-family JIGSAW cost model,"Generalize cost prediction from Graham witnesses to exact cover, SAT, graph census, and formal compile workloads.",A validated target-selection model that predicts runtime and failure risk across families.,"A03,A05,A10,A24,A25,A26,A27,A31,A39,A40","Finish the smallest unresolved rung, regenerate receipts, and run hostile statement audit before claiming progress.",medium,INTERNAL STATUS FROM ORACLE INVENTORY — recheck repository receipt before claim,Internal Oracle inventory
KBK-0009,96,S,Oracle Immediate / Unfinished,Graham/Alspach Z_61 sizes 21-55,Exploit the repaired salted salvage path and close remaining representatives.,Complete Z_61 classification.,"A03,A05,A10,A24,A25,A26,A27,A31,A39,A40","Finish the smallest unresolved rung, regenerate receipts, and run hostile statement audit before claiming progress.",medium,INTERNAL STATUS FROM ORACLE INVENTORY — recheck repository receipt before claim,Internal Oracle inventory
KBK-0016,95,S,Oracle Immediate / Unfinished,Erdős #345 k=7 memory-compressed frontier,Replace the naive 96GB bitset with segmented/external-memory/meet-in-the-middle DP and certified bounds.,First exact or interval result for k=7.,"A03,A05,A10,A24,A25,A26,A27,A31,A39,A40","Finish the smallest unresolved rung, regenerate receipts, and run hostile statement audit before claiming progress.",medium,INTERNAL STATUS FROM ORACLE INVENTORY — recheck repository receipt before claim,Internal Oracle inventory
KBK-0010,95,S,Oracle Immediate / Unfinished,Graham/Alspach Z_67 full campaign,Replace the throwaway self-test with an exhaustive parameter campaign.,First real Z_67 classification.,"A03,A05,A10,A24,A25,A26,A27,A31,A39,A40","Finish the smallest unresolved rung, regenerate receipts, and run hostile statement audit before claiming progress.",medium,INTERNAL STATUS FROM ORACLE INVENTORY — recheck repository receipt before claim,Internal Oracle inventory
KBK-0011,95,S,Oracle Immediate / Unfinished,Graham/Alspach Z_71 full campaign,"Run calibrated density probes, then attack the cheapest sizes first.",First real Z_71 classification.,"A03,A05,A10,A24,A25,A26,A27,A31,A39,A40","Finish the smallest unresolved rung, regenerate receipts, and run hostile statement audit before claiming progress.",medium,INTERNAL STATUS FROM ORACLE INVENTORY — recheck repository receipt before claim,Internal Oracle inventory
KBK-0037,95,S,Sequenceability / Cayley / Heffter,Complete mappings of finite groups,Enumerate constrained mappings and derive new constructions.,"New exact value, improved bound, new construction, certified nonexistence, classification, or a killed major candidate mechanism.","A01,A02,A05,A08,A16,A23,A26,A27,A32,A38",Identify the smallest unclassified group/order/subset size; quotient by automorphisms; produce witnesses plus a checker.,medium,OPEN-CANDIDATE — verify current status before launch,Current Oracle transfer lane + design/graph literature
KBK-0047,95,S,Sequenceability / Cayley / Heffter,Cyclic cycle decompositions of complete graphs,Close missing orders and symmetry types.,"New exact value, improved bound, new construction, certified nonexistence, classification, or a killed major candidate mechanism.","A01,A02,A05,A08,A16,A23,A26,A27,A32,A38",Identify the smallest unclassified group/order/subset size; quotient by automorphisms; produce witnesses plus a checker.,medium,OPEN-CANDIDATE — verify current status before launch,Current Oracle transfer lane + design/graph literature
KBK-0012,94,S,Oracle Immediate / Unfinished,Graham/Alspach Z_73 restart with checkpointed 128-bit engine,"Repair the 25x cost-model miss, shard the workload, and retain partial certificates.",First closed sizes at Z_73 or a validated complexity barrier.,"A03,A05,A10,A24,A25,A26,A27,A31,A39,A40","Finish the smallest unresolved rung, regenerate receipts, and run hostile statement audit before claiming progress.",medium,INTERNAL STATUS FROM ORACLE INVENTORY — recheck repository receipt before claim,Internal Oracle inventory
KBK-0022,94,S,Oracle Immediate / Unfinished,Heffter-array transfer pilot,Apply orbit reduction and sequenceability witness machinery to the smallest unresolved Heffter-array variants.,First new construction/nonexistence result outside the original Graham lane.,"A03,A05,A10,A24,A25,A26,A27,A31,A39,A40","Finish the smallest unresolved rung, regenerate receipts, and run hostile statement audit before claiming progress.",medium,INTERNAL STATUS FROM ORACLE INVENTORY — recheck repository receipt before claim,Internal Oracle inventory
KBK-0023,94,S,Oracle Immediate / Unfinished,Rainbow Cayley-path transfer pilot,Translate sequenceability witnesses into rainbow Hamilton/path questions in Cayley graphs and attack first open parameters.,A cross-domain theorem or exact classification showing technique transfer.,"A03,A05,A10,A24,A25,A26,A27,A31,A39,A40","Finish the smallest unresolved rung, regenerate receipts, and run hostile statement audit before claiming progress.",medium,INTERNAL STATUS FROM ORACLE INVENTORY — recheck repository receipt before claim,Internal Oracle inventory
KBK-0014,93,A,Oracle Immediate / Unfinished,Erdős #950 adaptive construction synthesizer,"Move beyond fixed-recipe residue avoidance to state-dependent, optimizer-guided admissible families.","Unbounded-growth candidate, stronger lower bound, or certified failure of a broad adaptive family.","A03,A05,A10,A24,A25,A26,A27,A31,A39,A40","Finish the smallest unresolved rung, regenerate receipts, and run hostile statement audit before claiming progress.",medium,INTERNAL STATUS FROM ORACLE INVENTORY — recheck repository receipt before claim,Internal Oracle inventory
KBK-0024,93,A,Oracle Immediate / Unfinished,Finite abelian noncyclic sequenceability census,Extend per-prime cyclic search to products such as Z_p x Z_p and mixed small groups.,First exhaustive noncyclic group classifications beyond published thresholds.,"A03,A05,A10,A24,A25,A26,A27,A31,A39,A40","Finish the smallest unresolved rung, regenerate receipts, and run hostile statement audit before claiming progress.",medium,INTERNAL STATUS FROM ORACLE INVENTORY — recheck repository receipt before claim,Internal Oracle inventory
KBK-0018,93,A,Oracle Immediate / Unfinished,OmegaLadder proof-object compression,Compress case certificates and reduce Lean peak memory without changing the theorem.,A reusable low-memory proof compilation method validated on omega=6/7.,"A03,A05,A10,A24,A25,A26,A27,A31,A39,A40","Finish the smallest unresolved rung, regenerate receipts, and run hostile statement audit before claiming progress.",medium,INTERNAL STATUS FROM ORACLE INVENTORY — recheck repository receipt before claim,Internal Oracle inventory
KBK-0061,92,A,Design Theory / Finite Geometry,Balanced incomplete block designs,Decide existence under additional resolvability or automorphism constraints.,"New exact value, improved bound, new construction, certified nonexistence, classification, or a killed major candidate mechanism.","A01,A02,A04,A05,A07,A17,A21,A26,A27,A32","Build parameter admissibility filter, classify automorphism types, and attack the smallest open parameter with exact-cover/SAT.",medium,OPEN-CANDIDATE — verify current status before launch,Handbook/design databases/AIM/problem papers
KBK-0085,92,A,Design Theory / Finite Geometry,"Complete arcs in PG(2,q)",Improve smallest complete-arc sizes and certify records.,"New exact value, improved bound, new construction, certified nonexistence, classification, or a killed major candidate mechanism.","A01,A02,A04,A05,A07,A17,A21,A26,A27,A32","Build parameter admissibility filter, classify automorphism types, and attack the smallest open parameter with exact-cover/SAT.",medium,OPEN-CANDIDATE — verify current status before launch,Handbook/design databases/AIM/problem papers
KBK-0068,92,A,Design Theory / Finite Geometry,Incomplete Latin squares completion thresholds,Find exact extremal small cases and minimal counterexamples.,"New exact value, improved bound, new construction, certified nonexistence, classification, or a killed major candidate mechanism.","A01,A02,A04,A05,A07,A17,A21,A26,A27,A32","Build parameter admissibility filter, classify automorphism types, and attack the smallest open parameter with exact-cover/SAT.",medium,OPEN-CANDIDATE — verify current status before launch,Handbook/design databases/AIM/problem papers
KBK-0017,92,A,Oracle Immediate / Unfinished,Re-run the unreceipted Erdős #552/#85 monotonicity claim,"Reconstruct the exact statement, source, algorithm, and deterministic receipt before extending the range.",Recovered valid result or public retraction with a clean reproducible baseline.,"A03,A05,A10,A24,A25,A26,A27,A31,A39,A40","Finish the smallest unresolved rung, regenerate receipts, and run hostile statement audit before claiming progress.",medium,INTERNAL STATUS FROM ORACLE INVENTORY — recheck repository receipt before claim,Internal Oracle inventory
KBK-0042,91,A,Sequenceability / Cayley / Heffter,Alspach-type sequencing in Z_n for composite n,Transfer prime machinery to composite moduli with unit-group actions.,"New exact value, improved bound, new construction, certified nonexistence, classification, or a killed major candidate mechanism.","A01,A02,A05,A08,A16,A23,A26,A27,A32,A38",Identify the smallest unclassified group/order/subset size; quotient by automorphisms; produce witnesses plus a checker.,medium,OPEN-CANDIDATE — verify current status before launch,Current Oracle transfer lane + design/graph literature
KBK-0031,91,A,Sequenceability / Cayley / Heffter,Biembeddings from Heffter arrays,Generate new orientable embeddings of complete or multipartite graphs.,"New exact value, improved bound, new construction, certified nonexistence, classification, or a killed major candidate mechanism.","A01,A02,A05,A08,A16,A23,A26,A27,A32,A38",Identify the smallest unclassified group/order/subset size; quotient by automorphisms; produce witnesses plus a checker.,medium,OPEN-CANDIDATE — verify current status before launch,Current Oracle transfer lane + design/graph literature
KBK-0048,91,A,Sequenceability / Cayley / Heffter,Cyclic path decompositions,Search exact small cases with orbit-based edge coverage.,"New exact value, improved bound, new construction, certified nonexistence, classification, or a killed major candidate mechanism.","A01,A02,A05,A08,A16,A23,A26,A27,A32,A38",Identify the smallest unclassified group/order/subset size; quotient by automorphisms; produce witnesses plus a checker.,medium,OPEN-CANDIDATE — verify current status before launch,Current Oracle transfer lane + design/graph literature
KBK-0046,91,A,Sequenceability / Cayley / Heffter,Directed rotational designs,Construct first unknown small designs via sequence encodings.,"New exact value, improved bound, new construction, certified nonexistence, classification, or a killed major candidate mechanism.","A01,A02,A05,A08,A16,A23,A26,A27,A32,A38",Identify the smallest unclassified group/order/subset size; quotient by automorphisms; produce witnesses plus a checker.,medium,OPEN-CANDIDATE — verify current status before launch,Current Oracle transfer lane + design/graph literature
KBK-0041,91,A,Sequenceability / Cayley / Heffter,Distinct partial sums in abelian groups,Attack first unresolved set sizes and zero-sum restrictions.,"New exact value, improved bound, new construction, certified nonexistence, classification, or a killed major candidate mechanism.","A01,A02,A05,A08,A16,A23,A26,A27,A32,A38",Identify the smallest unclassified group/order/subset size; quotient by automorphisms; produce witnesses plus a checker.,medium,OPEN-CANDIDATE — verify current status before launch,Current Oracle transfer lane + design/graph literature
KBK-0027,91,A,Sequenceability / Cayley / Heffter,Globally simple Heffter arrays,Classify small admissible orders and find parametric orderings.,"New exact value, improved bound, new construction, certified nonexistence, classification, or a killed major candidate mechanism.","A01,A02,A05,A08,A16,A23,A26,A27,A32,A38",Identify the smallest unclassified group/order/subset size; quotient by automorphisms; produce witnesses plus a checker.,medium,OPEN-CANDIDATE — verify current status before launch,Current Oracle transfer lane + design/graph literature
KBK-0045,91,A,Sequenceability / Cayley / Heffter,Graceful permutations and rotational terraces,Mine equivalences and generate new families.,"New exact value, improved bound, new construction, certified nonexistence, classification, or a killed major candidate mechanism.","A01,A02,A05,A08,A16,A23,A26,A27,A32,A38",Identify the smallest unclassified group/order/subset size; quotient by automorphisms; produce witnesses plus a checker.,medium,OPEN-CANDIDATE — verify current status before launch,Current Oracle transfer lane + design/graph literature
KBK-0050,91,A,Sequenceability / Cayley / Heffter,Hamilton decompositions of Cayley graphs,Attack bounded groups and generating sets not covered by general theorems.,"New exact value, improved bound, new construction, certified nonexistence, classification, or a killed major candidate mechanism.","A01,A02,A05,A08,A16,A23,A26,A27,A32,A38",Identify the smallest unclassified group/order/subset size; quotient by automorphisms; produce witnesses plus a checker.,medium,OPEN-CANDIDATE — verify current status before launch,Current Oracle transfer lane + design/graph literature
KBK-0026,91,A,Sequenceability / Cayley / Heffter,"Heffter arrays H(m,n;s,t)","Construct or exclude first unresolved parameter sets, especially cyclic and globally simple variants.","New exact value, improved bound, new construction, certified nonexistence, classification, or a killed major candidate mechanism.","A01,A02,A05,A08,A16,A23,A26,A27,A32,A38",Identify the smallest unclassified group/order/subset size; quotient by automorphisms; produce witnesses plus a checker.,medium,OPEN-CANDIDATE — verify current status before launch,Current Oracle transfer lane + design/graph literature
KBK-0030,91,A,Sequenceability / Cayley / Heffter,Heffter spaces,Enumerate low-order examples and test sequenceability-derived constructions.,"New exact value, improved bound, new construction, certified nonexistence, classification, or a killed major candidate mechanism.","A01,A02,A05,A08,A16,A23,A26,A27,A32,A38",Identify the smallest unclassified group/order/subset size; quotient by automorphisms; produce witnesses plus a checker.,medium,OPEN-CANDIDATE — verify current status before launch,Current Oracle transfer lane + design/graph literature
KBK-0029,91,A,Sequenceability / Cayley / Heffter,Integer Heffter arrays,Resolve small admissible parameter gaps with exact incidence and ordering constraints.,"New exact value, improved bound, new construction, certified nonexistence, classification, or a killed major candidate mechanism.","A01,A02,A05,A08,A16,A23,A26,A27,A32,A38",Identify the smallest unclassified group/order/subset size; quotient by automorphisms; produce witnesses plus a checker.,medium,OPEN-CANDIDATE — verify current status before launch,Current Oracle transfer lane + design/graph literature
KBK-0049,91,A,Sequenceability / Cayley / Heffter,Oberwolfach systems with cyclic symmetry,Resolve first missing cycle-type/order combinations.,"New exact value, improved bound, new construction, certified nonexistence, classification, or a killed major candidate mechanism.","A01,A02,A05,A08,A16,A23,A26,A27,A32,A38",Identify the smallest unclassified group/order/subset size; quotient by automorphisms; produce witnesses plus a checker.,medium,OPEN-CANDIDATE — verify current status before launch,Current Oracle transfer lane + design/graph literature
KBK-0038,91,A,Sequenceability / Cayley / Heffter,Orthomorphisms of groups,Classify low-order orthomorphisms with prescribed cycle structure.,"New exact value, improved bound, new construction, certified nonexistence, classification, or a killed major candidate mechanism.","A01,A02,A05,A08,A16,A23,A26,A27,A32,A38",Identify the smallest unclassified group/order/subset size; quotient by automorphisms; produce witnesses plus a checker.,medium,OPEN-CANDIDATE — verify current status before launch,Current Oracle transfer lane + design/graph literature
KBK-0039,91,A,Sequenceability / Cayley / Heffter,Rainbow Hamilton paths in Cayley graphs,Find exact existence boundaries for edge-colored Cayley graphs.,"New exact value, improved bound, new construction, certified nonexistence, classification, or a killed major candidate mechanism.","A01,A02,A05,A08,A16,A23,A26,A27,A32,A38",Identify the smallest unclassified group/order/subset size; quotient by automorphisms; produce witnesses plus a checker.,medium,OPEN-CANDIDATE — verify current status before launch,Current Oracle transfer lane + design/graph literature
KBK-0040,91,A,Sequenceability / Cayley / Heffter,Rainbow cycles in group-labeled graphs,Resolve small group/order cases and identify algebraic templates.,"New exact value, improved bound, new construction, certified nonexistence, classification, or a killed major candidate mechanism.","A01,A02,A05,A08,A16,A23,A26,A27,A32,A38",Identify the smallest unclassified group/order/subset size; quotient by automorphisms; produce witnesses plus a checker.,medium,OPEN-CANDIDATE — verify current status before launch,Current Oracle transfer lane + design/graph literature
KBK-0028,91,A,Sequenceability / Cayley / Heffter,Relative Heffter arrays,Search existence frontiers under subgroup-relative constraints.,"New exact value, improved bound, new construction, certified nonexistence, classification, or a killed major candidate mechanism.","A01,A02,A05,A08,A16,A23,A26,A27,A32,A38",Identify the smallest unclassified group/order/subset size; quotient by automorphisms; produce witnesses plus a checker.,medium,OPEN-CANDIDATE — verify current status before launch,Current Oracle transfer lane + design/graph literature
KBK-0036,91,A,Sequenceability / Cayley / Heffter,Rotational sequencings,Search small unresolved group orders with automorphism quotienting.,"New exact value, improved bound, new construction, certified nonexistence, classification, or a killed major candidate mechanism.","A01,A02,A05,A08,A16,A23,A26,A27,A32,A38",Identify the smallest unclassified group/order/subset size; quotient by automorphisms; produce witnesses plus a checker.,medium,OPEN-CANDIDATE — verify current status before launch,Current Oracle transfer lane + design/graph literature
KBK-0032,91,A,Sequenceability / Cayley / Heffter,Sequenceable subsets of cyclic groups,Close exact finite thresholds after the known <=20 regime.,"New exact value, improved bound, new construction, certified nonexistence, classification, or a killed major candidate mechanism.","A01,A02,A05,A08,A16,A23,A26,A27,A32,A38",Identify the smallest unclassified group/order/subset size; quotient by automorphisms; produce witnesses plus a checker.,medium,OPEN-CANDIDATE — verify current status before launch,Current Oracle transfer lane + design/graph literature
KBK-0033,91,A,Sequenceability / Cayley / Heffter,Sequenceable subsets of finite abelian groups,Classify smallest noncyclic groups and subset sizes.,"New exact value, improved bound, new construction, certified nonexistence, classification, or a killed major candidate mechanism.","A01,A02,A05,A08,A16,A23,A26,A27,A32,A38",Identify the smallest unclassified group/order/subset size; quotient by automorphisms; produce witnesses plus a checker.,medium,OPEN-CANDIDATE — verify current status before launch,Current Oracle transfer lane + design/graph literature
KBK-0043,91,A,Sequenceability / Cayley / Heffter,Sequencing under forbidden partial sums,Classify finite cases with one or more forbidden residues.,"New exact value, improved bound, new construction, certified nonexistence, classification, or a killed major candidate mechanism.","A01,A02,A05,A08,A16,A23,A26,A27,A32,A38",Identify the smallest unclassified group/order/subset size; quotient by automorphisms; produce witnesses plus a checker.,medium,OPEN-CANDIDATE — verify current status before launch,Current Oracle transfer lane + design/graph literature
KBK-0034,91,A,Sequenceability / Cayley / Heffter,Strongly sequenceable groups,Test and classify small groups under stronger partial-sum distinctness.,"New exact value, improved bound, new construction, certified nonexistence, classification, or a killed major candidate mechanism.","A01,A02,A05,A08,A16,A23,A26,A27,A32,A38",Identify the smallest unclassified group/order/subset size; quotient by automorphisms; produce witnesses plus a checker.,medium,OPEN-CANDIDATE — verify current status before launch,Current Oracle transfer lane + design/graph literature
KBK-0035,91,A,Sequenceability / Cayley / Heffter,Terraces and directed terraces,Construct or exclude terraces for first unknown groups.,"New exact value, improved bound, new construction, certified nonexistence, classification, or a killed major candidate mechanism.","A01,A02,A05,A08,A16,A23,A26,A27,A32,A38",Identify the smallest unclassified group/order/subset size; quotient by automorphisms; produce witnesses plus a checker.,medium,OPEN-CANDIDATE — verify current status before launch,Current Oracle transfer lane + design/graph literature
KBK-0044,91,A,Sequenceability / Cayley / Heffter,Zero-sum-free orderings,Find optimal ordering guarantees and counterexamples in small groups.,"New exact value, improved bound, new construction, certified nonexistence, classification, or a killed major candidate mechanism.","A01,A02,A05,A08,A16,A23,A26,A27,A32,A38",Identify the smallest unclassified group/order/subset size; quotient by automorphisms; produce witnesses plus a checker.,medium,OPEN-CANDIDATE — verify current status before launch,Current Oracle transfer lane + design/graph literature
KBK-0083,90,A,Design Theory / Finite Geometry,Finite projective plane automorphism census,Classify possible automorphism groups for low unresolved orders.,"New exact value, improved bound, new construction, certified nonexistence, classification, or a killed major candidate mechanism.","A01,A02,A04,A05,A07,A17,A21,A26,A27,A32","Build parameter admissibility filter, classify automorphism types, and attack the smallest open parameter with exact-cover/SAT.",medium,OPEN-CANDIDATE — verify current status before launch,Handbook/design databases/AIM/problem papers
KBK-0015,90,A,Oracle Immediate / Unfinished,EG#203 analytic gap decomposition,Split the uniform exponential-family lower bound into the weakest sufficient quantitative lemmas and test each against literature and computation.,"A new unconditional subcase, sharpened conditional theorem, or definitive obstruction map.","A03,A05,A10,A24,A25,A26,A27,A31,A39,A40","Finish the smallest unresolved rung, regenerate receipts, and run hostile statement audit before claiming progress.",medium,INTERNAL STATUS FROM ORACLE INVENTORY — recheck repository receipt before claim,Internal Oracle inventory
KBK-0025,90,A,Oracle Immediate / Unfinished,Proof-trace lemma miner,Mine repeated conflicts and witness structure from successful Graham/Steiner searches.,Human-readable lemmas that replace millions of instances with parametric proof.,"A03,A05,A10,A24,A25,A26,A27,A31,A39,A40","Finish the smallest unresolved rung, regenerate receipts, and run hostile statement audit before claiming progress.",medium,INTERNAL STATUS FROM ORACLE INVENTORY — recheck repository receipt before claim,Internal Oracle inventory
KBK-0021,89,A,Oracle Immediate / Unfinished,Primitive-root deletion failure theorem,Turn the observed collapse of the full-set geometric ordering under deletions into a quantitative impossibility theorem.,A rigorous negative theorem narrowing sequenceability constructions.,"A03,A05,A10,A24,A25,A26,A27,A31,A39,A40","Finish the smallest unresolved rung, regenerate receipts, and run hostile statement audit before claiming progress.",medium,INTERNAL STATUS FROM ORACLE INVENTORY — recheck repository receipt before claim,Internal Oracle inventory
KBK-0087,88,A,Design Theory / Finite Geometry,Blocking sets in projective planes,Compute exact minimum sizes under restrictions.,"New exact value, improved bound, new construction, certified nonexistence, classification, or a killed major candidate mechanism.","A01,A02,A04,A05,A07,A17,A21,A26,A27,A32","Build parameter admissibility filter, classify automorphism types, and attack the smallest open parameter with exact-cover/SAT.",medium,OPEN-CANDIDATE — verify current status before launch,Handbook/design databases/AIM/problem papers
KBK-0086,88,A,Design Theory / Finite Geometry,"Caps in PG(n,q)",Improve exact maxima/minima for small spaces.,"New exact value, improved bound, new construction, certified nonexistence, classification, or a killed major candidate mechanism.","A01,A02,A04,A05,A07,A17,A21,A26,A27,A32","Build parameter admissibility filter, classify automorphism types, and attack the smallest open parameter with exact-cover/SAT.",medium,OPEN-CANDIDATE — verify current status before launch,Handbook/design databases/AIM/problem papers
KBK-0073,88,A,Design Theory / Finite Geometry,"Covering arrays CAN(t,k,v)",Improve exact values and certify optimality.,"New exact value, improved bound, new construction, certified nonexistence, classification, or a killed major candidate mechanism.","A01,A02,A04,A05,A07,A17,A21,A26,A27,A32","Build parameter admissibility filter, classify automorphism types, and attack the smallest open parameter with exact-cover/SAT.",medium,OPEN-CANDIDATE — verify current status before launch,Handbook/design databases/AIM/problem papers
KBK-0059,88,A,Design Theory / Finite Geometry,Covering designs with cyclic symmetry,Exploit orbit matrices to improve constructions and exclusions.,"New exact value, improved bound, new construction, certified nonexistence, classification, or a killed major candidate mechanism.","A01,A02,A04,A05,A07,A17,A21,A26,A27,A32","Build parameter admissibility filter, classify automorphism types, and attack the smallest open parameter with exact-cover/SAT.",medium,OPEN-CANDIDATE — verify current status before launch,Handbook/design databases/AIM/problem papers
KBK-0057,88,A,Design Theory / Finite Geometry,"Covering numbers C(v,k,t)",Improve exact lower/upper bounds and close first gaps.,"New exact value, improved bound, new construction, certified nonexistence, classification, or a killed major candidate mechanism.","A01,A02,A04,A05,A07,A17,A21,A26,A27,A32","Build parameter admissibility filter, classify automorphism types, and attack the smallest open parameter with exact-cover/SAT.",medium,OPEN-CANDIDATE — verify current status before launch,Handbook/design databases/AIM/problem papers
KBK-0069,88,A,Design Theory / Finite Geometry,Critical sets in Latin squares,Improve minimum/maximum critical-set sizes for small n.,"New exact value, improved bound, new construction, certified nonexistence, classification, or a killed major candidate mechanism.","A01,A02,A04,A05,A07,A17,A21,A26,A27,A32","Build parameter admissibility filter, classify automorphism types, and attack the smallest open parameter with exact-cover/SAT.",medium,OPEN-CANDIDATE — verify current status before launch,Handbook/design databases/AIM/problem papers
KBK-0077,88,A,Design Theory / Finite Geometry,Cyclic difference sets,Resolve first open orders using cyclotomic and SAT constraints.,"New exact value, improved bound, new construction, certified nonexistence, classification, or a killed major candidate mechanism.","A01,A02,A04,A05,A07,A17,A21,A26,A27,A32","Build parameter admissibility filter, classify automorphism types, and attack the smallest open parameter with exact-cover/SAT.",medium,OPEN-CANDIDATE — verify current status before launch,Handbook/design databases/AIM/problem papers
KBK-0070,88,A,Design Theory / Finite Geometry,Defining sets in designs,Compute exact smallest defining sets in unresolved finite cases.,"New exact value, improved bound, new construction, certified nonexistence, classification, or a killed major candidate mechanism.","A01,A02,A04,A05,A07,A17,A21,A26,A27,A32","Build parameter admissibility filter, classify automorphism types, and attack the smallest open parameter with exact-cover/SAT.",medium,OPEN-CANDIDATE — verify current status before launch,Handbook/design databases/AIM/problem papers
KBK-0079,88,A,Design Theory / Finite Geometry,Difference families,Generate new cyclic graph decompositions and designs.,"New exact value, improved bound, new construction, certified nonexistence, classification, or a killed major candidate mechanism.","A01,A02,A04,A05,A07,A17,A21,A26,A27,A32","Build parameter admissibility filter, classify automorphism types, and attack the smallest open parameter with exact-cover/SAT.",medium,OPEN-CANDIDATE — verify current status before launch,Handbook/design databases/AIM/problem papers
KBK-0076,88,A,Design Theory / Finite Geometry,Difference sets in finite groups,Search unresolved parameter sets and classify multiplier orbits.,"New exact value, improved bound, new construction, certified nonexistence, classification, or a killed major candidate mechanism.","A01,A02,A04,A05,A07,A17,A21,A26,A27,A32","Build parameter admissibility filter, classify automorphism types, and attack the smallest open parameter with exact-cover/SAT.",medium,OPEN-CANDIDATE — verify current status before launch,Handbook/design databases/AIM/problem papers
KBK-0089,88,A,Design Theory / Finite Geometry,Finite-field Kakeya sets,"Find exact minima for small q,n and classify extremizers.","New exact value, improved bound, new construction, certified nonexistence, classification, or a killed major candidate mechanism.","A01,A02,A04,A05,A07,A17,A21,A26,A27,A32","Build parameter admissibility filter, classify automorphism types, and attack the smallest open parameter with exact-cover/SAT.",medium,OPEN-CANDIDATE — verify current status before launch,Handbook/design databases/AIM/problem papers
KBK-0093,88,A,Design Theory / Finite Geometry,Generalized polygons,Resolve finite low-order existence under symmetry constraints.,"New exact value, improved bound, new construction, certified nonexistence, classification, or a killed major candidate mechanism.","A01,A02,A04,A05,A07,A17,A21,A26,A27,A32","Build parameter admissibility filter, classify automorphism types, and attack the smallest open parameter with exact-cover/SAT.",medium,OPEN-CANDIDATE — verify current status before launch,Handbook/design databases/AIM/problem papers
KBK-0092,88,A,Design Theory / Finite Geometry,Generalized quadrangles,Search feasible parameter sets and classify small examples.,"New exact value, improved bound, new construction, certified nonexistence, classification, or a killed major candidate mechanism.","A01,A02,A04,A05,A07,A17,A21,A26,A27,A32","Build parameter admissibility filter, classify automorphism types, and attack the smallest open parameter with exact-cover/SAT.",medium,OPEN-CANDIDATE — verify current status before launch,Handbook/design databases/AIM/problem papers
KBK-0098,88,A,Design Theory / Finite Geometry,Golomb rulers,Improve optimal lengths for the first unresolved mark counts and certify optimality.,"New exact value, improved bound, new construction, certified nonexistence, classification, or a killed major candidate mechanism.","A01,A02,A04,A05,A07,A17,A21,A26,A27,A32","Build parameter admissibility filter, classify automorphism types, and attack the smallest open parameter with exact-cover/SAT.",medium,OPEN-CANDIDATE — verify current status before launch,Handbook/design databases/AIM/problem papers
KBK-0063,88,A,Design Theory / Finite Geometry,Group-divisible designs,Construct first unresolved parameter sets using difference families.,"New exact value, improved bound, new construction, certified nonexistence, classification, or a killed major candidate mechanism.","A01,A02,A04,A05,A07,A17,A21,A26,A27,A32","Build parameter admissibility filter, classify automorphism types, and attack the smallest open parameter with exact-cover/SAT.",medium,OPEN-CANDIDATE — verify current status before launch,Handbook/design databases/AIM/problem papers
KBK-0055,88,A,Design Theory / Finite Geometry,Kirkman triple systems with prescribed automorphisms,Enumerate small orders and settle missing symmetry classes.,"New exact value, improved bound, new construction, certified nonexistence, classification, or a killed major candidate mechanism.","A01,A02,A04,A05,A07,A17,A21,A26,A27,A32","Build parameter admissibility filter, classify automorphism types, and attack the smallest open parameter with exact-cover/SAT.",medium,OPEN-CANDIDATE — verify current status before launch,Handbook/design databases/AIM/problem papers
KBK-0053,88,A,Design Theory / Finite Geometry,Large sets of Steiner triple systems,Construct or exclude smallest unresolved orders.,"New exact value, improved bound, new construction, certified nonexistence, classification, or a killed major candidate mechanism.","A01,A02,A04,A05,A07,A17,A21,A26,A27,A32","Build parameter admissibility filter, classify automorphism types, and attack the smallest open parameter with exact-cover/SAT.",medium,OPEN-CANDIDATE — verify current status before launch,Handbook/design databases/AIM/problem papers
KBK-0084,88,A,Design Theory / Finite Geometry,Maximal arcs in finite projective planes,Close small q and degree gaps.,"New exact value, improved bound, new construction, certified nonexistence, classification, or a killed major candidate mechanism.","A01,A02,A04,A05,A07,A17,A21,A26,A27,A32","Build parameter admissibility filter, classify automorphism types, and attack the smallest open parameter with exact-cover/SAT.",medium,OPEN-CANDIDATE — verify current status before launch,Handbook/design databases/AIM/problem papers
KBK-0072,88,A,Design Theory / Finite Geometry,Mixed-level orthogonal arrays,Construct or rule out small unresolved strength-2/3 arrays.,"New exact value, improved bound, new construction, certified nonexistence, classification, or a killed major candidate mechanism.","A01,A02,A04,A05,A07,A17,A21,A26,A27,A32","Build parameter admissibility filter, classify automorphism types, and attack the smallest open parameter with exact-cover/SAT.",medium,OPEN-CANDIDATE — verify current status before launch,Handbook/design databases/AIM/problem papers
KBK-0099,88,A,Design Theory / Finite Geometry,Modular Golomb rulers / difference covers,Close exact finite parameters with cyclic orbit search.,"New exact value, improved bound, new construction, certified nonexistence, classification, or a killed major candidate mechanism.","A01,A02,A04,A05,A07,A17,A21,A26,A27,A32","Build parameter admissibility filter, classify automorphism types, and attack the smallest open parameter with exact-cover/SAT.",medium,OPEN-CANDIDATE — verify current status before launch,Handbook/design databases/AIM/problem papers
KBK-0088,88,A,Design Theory / Finite Geometry,Multiple blocking sets,Close small-order extremal values.,"New exact value, improved bound, new construction, certified nonexistence, classification, or a killed major candidate mechanism.","A01,A02,A04,A05,A07,A17,A21,A26,A27,A32","Build parameter admissibility filter, classify automorphism types, and attack the smallest open parameter with exact-cover/SAT.",medium,OPEN-CANDIDATE — verify current status before launch,Handbook/design databases/AIM/problem papers
KBK-0065,88,A,Design Theory / Finite Geometry,Mutually orthogonal Latin squares,Improve exact maxima N(n) for small unresolved n.,"New exact value, improved bound, new construction, certified nonexistence, classification, or a killed major candidate mechanism.","A01,A02,A04,A05,A07,A17,A21,A26,A27,A32","Build parameter admissibility filter, classify automorphism types, and attack the smallest open parameter with exact-cover/SAT.",medium,OPEN-CANDIDATE — verify current status before launch,Handbook/design databases/AIM/problem papers
KBK-0095,88,A,Design Theory / Finite Geometry,Nets and affine planes,Classify low-order nets and completion obstructions.,"New exact value, improved bound, new construction, certified nonexistence, classification, or a killed major candidate mechanism.","A01,A02,A04,A05,A07,A17,A21,A26,A27,A32","Build parameter admissibility filter, classify automorphism types, and attack the smallest open parameter with exact-cover/SAT.",medium,OPEN-CANDIDATE — verify current status before launch,Handbook/design databases/AIM/problem papers
KBK-0060,88,A,Design Theory / Finite Geometry,Optimal constant-weight codes as designs,Translate table gaps into packing/design exact-cover instances.,"New exact value, improved bound, new construction, certified nonexistence, classification, or a killed major candidate mechanism.","A01,A02,A04,A05,A07,A17,A21,A26,A27,A32","Build parameter admissibility filter, classify automorphism types, and attack the smallest open parameter with exact-cover/SAT.",medium,OPEN-CANDIDATE — verify current status before launch,Handbook/design databases/AIM/problem papers
KBK-0071,88,A,Design Theory / Finite Geometry,"Orthogonal arrays OA(N,k,s,t)","Close parameter table gaps via SAT, linear algebra, and symmetry.","New exact value, improved bound, new construction, certified nonexistence, classification, or a killed major candidate mechanism.","A01,A02,A04,A05,A07,A17,A21,A26,A27,A32","Build parameter admissibility filter, classify automorphism types, and attack the smallest open parameter with exact-cover/SAT.",medium,OPEN-CANDIDATE — verify current status before launch,Handbook/design databases/AIM/problem papers
KBK-0056,88,A,Design Theory / Finite Geometry,"Packing numbers D(v,k,t)",Compute exact values at the smallest table gaps.,"New exact value, improved bound, new construction, certified nonexistence, classification, or a killed major candidate mechanism.","A01,A02,A04,A05,A07,A17,A21,A26,A27,A32","Build parameter admissibility filter, classify automorphism types, and attack the smallest open parameter with exact-cover/SAT.",medium,OPEN-CANDIDATE — verify current status before launch,Handbook/design databases/AIM/problem papers
KBK-0066,88,A,Design Theory / Finite Geometry,Pairs of orthogonal Latin squares with symmetry,Classify isotopy classes and find new examples.,"New exact value, improved bound, new construction, certified nonexistence, classification, or a killed major candidate mechanism.","A01,A02,A04,A05,A07,A17,A21,A26,A27,A32","Build parameter admissibility filter, classify automorphism types, and attack the smallest open parameter with exact-cover/SAT.",medium,OPEN-CANDIDATE — verify current status before launch,Handbook/design databases/AIM/problem papers
KBK-0062,88,A,Design Theory / Finite Geometry,Pairwise balanced designs,Fill small-order existence/classification gaps.,"New exact value, improved bound, new construction, certified nonexistence, classification, or a killed major candidate mechanism.","A01,A02,A04,A05,A07,A17,A21,A26,A27,A32","Build parameter admissibility filter, classify automorphism types, and attack the smallest open parameter with exact-cover/SAT.",medium,OPEN-CANDIDATE — verify current status before launch,Handbook/design databases/AIM/problem papers
KBK-0091,88,A,Design Theory / Finite Geometry,Partial geometries,Decide feasibility/existence for smallest unresolved parameter sets.,"New exact value, improved bound, new construction, certified nonexistence, classification, or a killed major candidate mechanism.","A01,A02,A04,A05,A07,A17,A21,A26,A27,A32","Build parameter admissibility filter, classify automorphism types, and attack the smallest open parameter with exact-cover/SAT.",medium,OPEN-CANDIDATE — verify current status before launch,Handbook/design databases/AIM/problem papers
KBK-0075,88,A,Design Theory / Finite Geometry,Perfect hash families,Close exact finite parameter gaps.,"New exact value, improved bound, new construction, certified nonexistence, classification, or a killed major candidate mechanism.","A01,A02,A04,A05,A07,A17,A21,A26,A27,A32","Build parameter admissibility filter, classify automorphism types, and attack the smallest open parameter with exact-cover/SAT.",medium,OPEN-CANDIDATE — verify current status before launch,Handbook/design databases/AIM/problem papers
KBK-0081,88,A,Design Theory / Finite Geometry,Projective plane of order 12,"Attack restricted automorphism groups, coordinatizations, and partial-plane completions rather than blind full search.","New exact value, improved bound, new construction, certified nonexistence, classification, or a killed major candidate mechanism.","A01,A02,A04,A05,A07,A17,A21,A26,A27,A32","Build parameter admissibility filter, classify automorphism types, and attack the smallest open parameter with exact-cover/SAT.",medium,OPEN-CANDIDATE — verify current status before launch,Handbook/design databases/AIM/problem papers
KBK-0082,88,A,Design Theory / Finite Geometry,Projective planes of composite non-prime-power order,Build certified exclusions for symmetry/structure subclasses.,"New exact value, improved bound, new construction, certified nonexistence, classification, or a killed major candidate mechanism.","A01,A02,A04,A05,A07,A17,A21,A26,A27,A32","Build parameter admissibility filter, classify automorphism types, and attack the smallest open parameter with exact-cover/SAT.",medium,OPEN-CANDIDATE — verify current status before launch,Handbook/design databases/AIM/problem papers
KBK-0078,88,A,Design Theory / Finite Geometry,Relative difference sets,Classify small groups and forbidden subgroups.,"New exact value, improved bound, new construction, certified nonexistence, classification, or a killed major candidate mechanism.","A01,A02,A04,A05,A07,A17,A21,A26,A27,A32","Build parameter admissibility filter, classify automorphism types, and attack the smallest open parameter with exact-cover/SAT.",medium,OPEN-CANDIDATE — verify current status before launch,Handbook/design databases/AIM/problem papers
KBK-0054,88,A,Design Theory / Finite Geometry,Resolvable Steiner systems,Classify first admissible parameters lacking constructions.,"New exact value, improved bound, new construction, certified nonexistence, classification, or a killed major candidate mechanism.","A01,A02,A04,A05,A07,A17,A21,A26,A27,A32","Build parameter admissibility filter, classify automorphism types, and attack the smallest open parameter with exact-cover/SAT.",medium,OPEN-CANDIDATE — verify current status before launch,Handbook/design databases/AIM/problem papers
KBK-0096,88,A,Design Theory / Finite Geometry,Room squares and Howell designs,Fill exact small-order existence/classification gaps.,"New exact value, improved bound, new construction, certified nonexistence, classification, or a killed major candidate mechanism.","A01,A02,A04,A05,A07,A17,A21,A26,A27,A32","Build parameter admissibility filter, classify automorphism types, and attack the smallest open parameter with exact-cover/SAT.",medium,OPEN-CANDIDATE — verify current status before launch,Handbook/design databases/AIM/problem papers
KBK-0090,88,A,Design Theory / Finite Geometry,Semifields and translation planes,Enumerate isotopy classes in the next unresolved orders.,"New exact value, improved bound, new construction, certified nonexistence, classification, or a killed major candidate mechanism.","A01,A02,A04,A05,A07,A17,A21,A26,A27,A32","Build parameter admissibility filter, classify automorphism types, and attack the smallest open parameter with exact-cover/SAT.",medium,OPEN-CANDIDATE — verify current status before launch,Handbook/design databases/AIM/problem papers
KBK-0074,88,A,Design Theory / Finite Geometry,Separating hash families,Compute first unknown optimal sizes and explicit constructions.,"New exact value, improved bound, new construction, certified nonexistence, classification, or a killed major candidate mechanism.","A01,A02,A04,A05,A07,A17,A21,A26,A27,A32","Build parameter admissibility filter, classify automorphism types, and attack the smallest open parameter with exact-cover/SAT.",medium,OPEN-CANDIDATE — verify current status before launch,Handbook/design databases/AIM/problem papers
KBK-0097,88,A,Design Theory / Finite Geometry,Skolem sequences and graceful design constructions,Find new parametric constructions from exact small cases.,"New exact value, improved bound, new construction, certified nonexistence, classification, or a killed major candidate mechanism.","A01,A02,A04,A05,A07,A17,A21,A26,A27,A32","Build parameter admissibility filter, classify automorphism types, and attack the smallest open parameter with exact-cover/SAT.",medium,OPEN-CANDIDATE — verify current status before launch,Handbook/design databases/AIM/problem papers
KBK-0052,88,A,Design Theory / Finite Geometry,"Small unknown Steiner systems S(t,k,v)",Create a living admissible-parameter frontier and decide the cheapest unresolved cases.,"New exact value, improved bound, new construction, certified nonexistence, classification, or a killed major candidate mechanism.","A01,A02,A04,A05,A07,A17,A21,A26,A27,A32","Build parameter admissibility filter, classify automorphism types, and attack the smallest open parameter with exact-cover/SAT.",medium,OPEN-CANDIDATE — verify current status before launch,Handbook/design databases/AIM/problem papers
KBK-0051,88,A,Design Theory / Finite Geometry,"Steiner system S(4,5,21)",Decide existence with symmetry-stratified exact cover and proof-producing SAT.,"New exact value, improved bound, new construction, certified nonexistence, classification, or a killed major candidate mechanism.","A01,A02,A04,A05,A07,A17,A21,A26,A27,A32","Build parameter admissibility filter, classify automorphism types, and attack the smallest open parameter with exact-cover/SAT.",medium,OPEN-CANDIDATE — verify current status before launch,Handbook/design databases/AIM/problem papers
KBK-0080,88,A,Design Theory / Finite Geometry,Supplementary difference sets,Search parameters linked to D-optimal designs and sequences.,"New exact value, improved bound, new construction, certified nonexistence, classification, or a killed major candidate mechanism.","A01,A02,A04,A05,A07,A17,A21,A26,A27,A32","Build parameter admissibility filter, classify automorphism types, and attack the smallest open parameter with exact-cover/SAT.",medium,OPEN-CANDIDATE — verify current status before launch,Handbook/design databases/AIM/problem papers
KBK-0064,88,A,Design Theory / Finite Geometry,"Transversal designs TD(k,n)",Resolve small exceptional cases and classify automorphism-rich solutions.,"New exact value, improved bound, new construction, certified nonexistence, classification, or a killed major candidate mechanism.","A01,A02,A04,A05,A07,A17,A21,A26,A27,A32","Build parameter admissibility filter, classify automorphism types, and attack the smallest open parameter with exact-cover/SAT.",medium,OPEN-CANDIDATE — verify current status before launch,Handbook/design databases/AIM/problem papers
KBK-0058,88,A,Design Theory / Finite Geometry,"Turán systems T(v,k,t)",Close finite exact-value gaps with covering-style encodings.,"New exact value, improved bound, new construction, certified nonexistence, classification, or a killed major candidate mechanism.","A01,A02,A04,A05,A07,A17,A21,A26,A27,A32","Build parameter admissibility filter, classify automorphism types, and attack the smallest open parameter with exact-cover/SAT.",medium,OPEN-CANDIDATE — verify current status before launch,Handbook/design databases/AIM/problem papers
KBK-0094,88,A,Design Theory / Finite Geometry,Unitals in projective planes,Enumerate nonclassical examples at first open orders.,"New exact value, improved bound, new construction, certified nonexistence, classification, or a killed major candidate mechanism.","A01,A02,A04,A05,A07,A17,A21,A26,A27,A32","Build parameter admissibility filter, classify automorphism types, and attack the smallest open parameter with exact-cover/SAT.",medium,OPEN-CANDIDATE — verify current status before launch,Handbook/design databases/AIM/problem papers
KBK-0067,88,A,Design Theory / Finite Geometry,k-MOLS for composite orders,Search exact lower bounds for difficult small orders.,"New exact value, improved bound, new construction, certified nonexistence, classification, or a killed major candidate mechanism.","A01,A02,A04,A05,A07,A17,A21,A26,A27,A32","Build parameter admissibility filter, classify automorphism types, and attack the smallest open parameter with exact-cover/SAT.",medium,OPEN-CANDIDATE — verify current status before launch,Handbook/design databases/AIM/problem papers
KBK-0370,88,A,Geometry / Packing / Coding,Distinct distances exact small n,Compute exact minima and classify planar point sets.,"New exact value, improved bound, new construction, certified nonexistence, classification, or a killed major candidate mechanism.","A01,A02,A06,A12,A15,A16,A17,A21,A23,A28","Optimize candidates numerically, rationalize the structure, and certify lower/upper bounds with exact arithmetic or SDP certificates.",medium,OPEN-CANDIDATE — verify current status before launch,Code tables/packing tables/geometry problem lists
KBK-0377,88,A,Geometry / Packing / Coding,Hadamard matrix missing orders,Construct first unknown orders or certify restricted nonexistence.,"New exact value, improved bound, new construction, certified nonexistence, classification, or a killed major candidate mechanism.","A01,A02,A06,A12,A15,A16,A17,A21,A23,A28","Optimize candidates numerically, rationalize the structure, and certify lower/upper bounds with exact arithmetic or SDP certificates.",medium,OPEN-CANDIDATE — verify current status before launch,Code tables/packing tables/geometry problem lists
KBK-0371,88,A,Geometry / Packing / Coding,Unit distances exact small n,Improve extremal counts and configurations.,"New exact value, improved bound, new construction, certified nonexistence, classification, or a killed major candidate mechanism.","A01,A02,A06,A12,A15,A16,A17,A21,A23,A28","Optimize candidates numerically, rationalize the structure, and certify lower/upper bounds with exact arithmetic or SDP certificates.",medium,OPEN-CANDIDATE — verify current status before launch,Code tables/packing tables/geometry problem lists
KBK-0138,88,A,Graph Theory / Ramsey / Extremal,Tutte 5-flow conjecture bounded census,Extend verified graph order and identify hard obstructions.,"New exact value, improved bound, new construction, certified nonexistence, classification, or a killed major candidate mechanism.","A01,A02,A05,A06,A15,A16,A21,A22,A26,A32",Locate the smallest exact-value gap or best-bound frontier; run construction and obstruction lanes in parallel.,medium,OPEN-CANDIDATE — verify current status before launch,Erdős Problems/House of Graphs/specialist tables
KBK-0654,86,A,Formalization / Meta-Mathematics,Artifact reproducibility replay,Rebuild every result from immutable inputs in a clean environment.,"New exact value, improved bound, new construction, certified nonexistence, classification, or a killed major candidate mechanism.","A24,A25,A26,A27,A28,A31,A33,A34,A36,A40","Select a high-value informal theorem gap, formalize the exact statement, and build a reusable proof/checker component.",medium,OPEN-CANDIDATE — verify current status before launch,Formal Conjectures/mathlib/Lean community
KBK-0648,86,A,Formalization / Meta-Mathematics,Automated small-case theorem proposer,Infer exact formulas only after train/holdout parameter separation and independent regeneration.,"New exact value, improved bound, new construction, certified nonexistence, classification, or a killed major candidate mechanism.","A24,A25,A26,A27,A28,A31,A33,A34,A36,A40","Select a high-value informal theorem gap, formalize the exact statement, and build a reusable proof/checker component.",medium,OPEN-CANDIDATE — verify current status before launch,Formal Conjectures/mathlib/Lean community
KBK-0641,86,A,Formalization / Meta-Mathematics,Canonical-labeling trust layer,Cross-check graph/design canonical forms across independent libraries.,"New exact value, improved bound, new construction, certified nonexistence, classification, or a killed major candidate mechanism.","A24,A25,A26,A27,A28,A31,A33,A34,A36,A40","Select a high-value informal theorem gap, formalize the exact statement, and build a reusable proof/checker component.",medium,OPEN-CANDIDATE — verify current status before launch,Formal Conjectures/mathlib/Lean community
KBK-0645,86,A,Formalization / Meta-Mathematics,Conditionality lattice,"Track theorem, conjecture, bounded computation, empirical evidence, and trusted checker separately.","New exact value, improved bound, new construction, certified nonexistence, classification, or a killed major candidate mechanism.","A24,A25,A26,A27,A28,A31,A33,A34,A36,A40","Select a high-value informal theorem gap, formalize the exact statement, and build a reusable proof/checker component.",medium,OPEN-CANDIDATE — verify current status before launch,Formal Conjectures/mathlib/Lean community
KBK-0646,86,A,Formalization / Meta-Mathematics,Cross-domain JIGSAW calibration corpus,"Record runtime, memory, search density, branch factor, and proof size for every campaign.","New exact value, improved bound, new construction, certified nonexistence, classification, or a killed major candidate mechanism.","A24,A25,A26,A27,A28,A31,A33,A34,A36,A40","Select a high-value informal theorem gap, formalize the exact statement, and build a reusable proof/checker component.",medium,OPEN-CANDIDATE — verify current status before launch,Formal Conjectures/mathlib/Lean community
KBK-0631,86,A,Formalization / Meta-Mathematics,Design-theory certificate library,"Implement reusable checkers for BIBD, Steiner, covering, packing, Latin, OA, and difference structures.","New exact value, improved bound, new construction, certified nonexistence, classification, or a killed major candidate mechanism.","A24,A25,A26,A27,A28,A31,A33,A34,A36,A40","Select a high-value informal theorem gap, formalize the exact statement, and build a reusable proof/checker component.",medium,OPEN-CANDIDATE — verify current status before launch,Formal Conjectures/mathlib/Lean community
KBK-0629,86,A,Formalization / Meta-Mathematics,Erdős Problems formalization backlog,Formalize every high-priority target before large computation.,"New exact value, improved bound, new construction, certified nonexistence, classification, or a killed major candidate mechanism.","A24,A25,A26,A27,A28,A31,A33,A34,A36,A40","Select a high-value informal theorem gap, formalize the exact statement, and build a reusable proof/checker component.",medium,OPEN-CANDIDATE — verify current status before launch,Formal Conjectures/mathlib/Lean community
KBK-0638,86,A,Formalization / Meta-Mathematics,Exact-cover unsat certificate strategy,Translate exact-cover instances to proof-producing SAT or emit exhaustive canonical subcases.,"New exact value, improved bound, new construction, certified nonexistence, classification, or a killed major candidate mechanism.","A24,A25,A26,A27,A28,A31,A33,A34,A36,A40","Select a high-value informal theorem gap, formalize the exact statement, and build a reusable proof/checker component.",medium,OPEN-CANDIDATE — verify current status before launch,Formal Conjectures/mathlib/Lean community
KBK-0655,86,A,Formalization / Meta-Mathematics,Expert adjudication dossier generator,"Produce a concise result packet with statement, delta, limitations, receipts, and reproducibility commands.","New exact value, improved bound, new construction, certified nonexistence, classification, or a killed major candidate mechanism.","A24,A25,A26,A27,A28,A31,A33,A34,A36,A40","Select a high-value informal theorem gap, formalize the exact statement, and build a reusable proof/checker component.",medium,OPEN-CANDIDATE — verify current status before launch,Formal Conjectures/mathlib/Lean community
KBK-0647,86,A,Formalization / Meta-Mathematics,Failure-asset theorem miner,Cluster failed attacks into obstruction conjectures and negative lemmas.,"New exact value, improved bound, new construction, certified nonexistence, classification, or a killed major candidate mechanism.","A24,A25,A26,A27,A28,A31,A33,A34,A36,A40","Select a high-value informal theorem gap, formalize the exact statement, and build a reusable proof/checker component.",medium,OPEN-CANDIDATE — verify current status before launch,Formal Conjectures/mathlib/Lean community
KBK-0626,86,A,Formalization / Meta-Mathematics,Formal Conjectures: all decidable open statements,Prioritize statements with finite decision procedures and close them with proof-producing computation.,"New exact value, improved bound, new construction, certified nonexistence, classification, or a killed major candidate mechanism.","A24,A25,A26,A27,A28,A31,A33,A34,A36,A40","Select a high-value informal theorem gap, formalize the exact statement, and build a reusable proof/checker component.",medium,OPEN-CANDIDATE — verify current status before launch,Formal Conjectures/mathlib/Lean community
KBK-0627,86,A,Formalization / Meta-Mathematics,Formal Conjectures: all falsifiable statements,Run counterexample search ordered by domain size and proof cost.,"New exact value, improved bound, new construction, certified nonexistence, classification, or a killed major candidate mechanism.","A24,A25,A26,A27,A28,A31,A33,A34,A36,A40","Select a high-value informal theorem gap, formalize the exact statement, and build a reusable proof/checker component.",medium,OPEN-CANDIDATE — verify current status before launch,Formal Conjectures/mathlib/Lean community
KBK-0628,86,A,Formalization / Meta-Mathematics,Formal Conjectures: theorem dependency gaps,Identify statements one missing lemma away from closure.,"New exact value, improved bound, new construction, certified nonexistence, classification, or a killed major candidate mechanism.","A24,A25,A26,A27,A28,A31,A33,A34,A36,A40","Select a high-value informal theorem gap, formalize the exact statement, and build a reusable proof/checker component.",medium,OPEN-CANDIDATE — verify current status before launch,Formal Conjectures/mathlib/Lean community
KBK-0651,86,A,Formalization / Meta-Mathematics,Formal proof build scheduler,Plan compilation from dependency graph and measured peak RSS.,"New exact value, improved bound, new construction, certified nonexistence, classification, or a killed major candidate mechanism.","A24,A25,A26,A27,A28,A31,A33,A34,A36,A40","Select a high-value informal theorem gap, formalize the exact statement, and build a reusable proof/checker component.",medium,OPEN-CANDIDATE — verify current status before launch,Formal Conjectures/mathlib/Lean community
KBK-0634,86,A,Formalization / Meta-Mathematics,Geometry coordinate certificate library,"Check algebraic coordinates, distances, contacts, Gram PSD, and interval separation.","New exact value, improved bound, new construction, certified nonexistence, classification, or a killed major candidate mechanism.","A24,A25,A26,A27,A28,A31,A33,A34,A36,A40","Select a high-value informal theorem gap, formalize the exact statement, and build a reusable proof/checker component.",medium,OPEN-CANDIDATE — verify current status before launch,Formal Conjectures/mathlib/Lean community
KBK-0632,86,A,Formalization / Meta-Mathematics,Graph certificate library,"Implement checkers for coloring, Ramsey avoidance, girth, spectra, decompositions, and embeddings.","New exact value, improved bound, new construction, certified nonexistence, classification, or a killed major candidate mechanism.","A24,A25,A26,A27,A28,A31,A33,A34,A36,A40","Select a high-value informal theorem gap, formalize the exact statement, and build a reusable proof/checker component.",medium,OPEN-CANDIDATE — verify current status before launch,Formal Conjectures/mathlib/Lean community
KBK-0639,86,A,Formalization / Meta-Mathematics,Gröbner/Nullstellensatz certificate checker,Verify algebraic nonexistence proofs independent of CAS internals.,"New exact value, improved bound, new construction, certified nonexistence, classification, or a killed major candidate mechanism.","A24,A25,A26,A27,A28,A31,A33,A34,A36,A40","Select a high-value informal theorem gap, formalize the exact statement, and build a reusable proof/checker component.",medium,OPEN-CANDIDATE — verify current status before launch,Formal Conjectures/mathlib/Lean community
KBK-0657,86,A,Formalization / Meta-Mathematics,House of Graphs anomaly farm,"Scan invariants for record candidates, impossible metadata, and conjecture counterexamples.","New exact value, improved bound, new construction, certified nonexistence, classification, or a killed major candidate mechanism.","A24,A25,A26,A27,A28,A31,A33,A34,A36,A40","Select a high-value informal theorem gap, formalize the exact statement, and build a reusable proof/checker component.",medium,OPEN-CANDIDATE — verify current status before launch,Formal Conjectures/mathlib/Lean community
KBK-0653,86,A,Formalization / Meta-Mathematics,Independent implementation generator,Produce a second verifier in a different language/algorithmic paradigm.,"New exact value, improved bound, new construction, certified nonexistence, classification, or a killed major candidate mechanism.","A24,A25,A26,A27,A28,A31,A33,A34,A36,A40","Select a high-value informal theorem gap, formalize the exact statement, and build a reusable proof/checker component.",medium,OPEN-CANDIDATE — verify current status before launch,Formal Conjectures/mathlib/Lean community
KBK-0640,86,A,Formalization / Meta-Mathematics,Interval arithmetic theorem interface,Expose validated numerical bounds to Lean with minimal trusted code.,"New exact value, improved bound, new construction, certified nonexistence, classification, or a killed major candidate mechanism.","A24,A25,A26,A27,A28,A31,A33,A34,A36,A40","Select a high-value informal theorem gap, formalize the exact statement, and build a reusable proof/checker component.",medium,OPEN-CANDIDATE — verify current status before launch,Formal Conjectures/mathlib/Lean community
KBK-0659,86,A,Formalization / Meta-Mathematics,KnotInfo invariant-gap farm,Prioritize knots with unresolved invariants and compute independent bounds.,"New exact value, improved bound, new construction, certified nonexistence, classification, or a killed major candidate mechanism.","A24,A25,A26,A27,A28,A31,A33,A34,A36,A40","Select a high-value informal theorem gap, formalize the exact statement, and build a reusable proof/checker component.",medium,OPEN-CANDIDATE — verify current status before launch,Formal Conjectures/mathlib/Lean community
KBK-0630,86,A,Formalization / Meta-Mathematics,Kourovka formal statement corpus,Translate bounded group-theory problems into Lean/Isabelle-friendly predicates.,"New exact value, improved bound, new construction, certified nonexistence, classification, or a killed major candidate mechanism.","A24,A25,A26,A27,A28,A31,A33,A34,A36,A40","Select a high-value informal theorem gap, formalize the exact statement, and build a reusable proof/checker component.",medium,OPEN-CANDIDATE — verify current status before launch,Formal Conjectures/mathlib/Lean community
KBK-0658,86,A,Formalization / Meta-Mathematics,LMFDB anomaly farm,"Search missing invariants, inconsistent labels, and extremal arithmetic objects.","New exact value, improved bound, new construction, certified nonexistence, classification, or a killed major candidate mechanism.","A24,A25,A26,A27,A28,A31,A33,A34,A36,A40","Select a high-value informal theorem gap, formalize the exact statement, and build a reusable proof/checker component.",medium,OPEN-CANDIDATE — verify current status before launch,Formal Conjectures/mathlib/Lean community
KBK-0650,86,A,Formalization / Meta-Mathematics,Lean import-minimization service,Apply import-graph extraction to every generated proof module.,"New exact value, improved bound, new construction, certified nonexistence, classification, or a killed major candidate mechanism.","A24,A25,A26,A27,A28,A31,A33,A34,A36,A40","Select a high-value informal theorem gap, formalize the exact statement, and build a reusable proof/checker component.",medium,OPEN-CANDIDATE — verify current status before launch,Formal Conjectures/mathlib/Lean community
KBK-0652,86,A,Formalization / Meta-Mathematics,Mathematical claim fuzzing,"Mutate quantifiers, boundary conditions, and equivalent predicates to detect vacuity.","New exact value, improved bound, new construction, certified nonexistence, classification, or a killed major candidate mechanism.","A24,A25,A26,A27,A28,A31,A33,A34,A36,A40","Select a high-value informal theorem gap, formalize the exact statement, and build a reusable proof/checker component.",medium,OPEN-CANDIDATE — verify current status before launch,Formal Conjectures/mathlib/Lean community
KBK-0643,86,A,Formalization / Meta-Mathematics,Novelty firewall,"Resolve current status, nearest prior, and exact delta before marking a result new.","New exact value, improved bound, new construction, certified nonexistence, classification, or a killed major candidate mechanism.","A24,A25,A26,A27,A28,A31,A33,A34,A36,A40","Select a high-value informal theorem gap, formalize the exact statement, and build a reusable proof/checker component.",medium,OPEN-CANDIDATE — verify current status before launch,Formal Conjectures/mathlib/Lean community
KBK-0633,86,A,Formalization / Meta-Mathematics,Number-theory certificate library,"Implement primality, factorization, modular-cover, Diophantine solution, and interval-proof receipts.","New exact value, improved bound, new construction, certified nonexistence, classification, or a killed major candidate mechanism.","A24,A25,A26,A27,A28,A31,A33,A34,A36,A40","Select a high-value informal theorem gap, formalize the exact statement, and build a reusable proof/checker component.",medium,OPEN-CANDIDATE — verify current status before launch,Formal Conjectures/mathlib/Lean community
KBK-0656,86,A,Formalization / Meta-Mathematics,OEIS conjecture replication farm,Recompute sequences independently and flag unsupported formulas/comments.,"New exact value, improved bound, new construction, certified nonexistence, classification, or a killed major candidate mechanism.","A24,A25,A26,A27,A28,A31,A33,A34,A36,A40","Select a high-value informal theorem gap, formalize the exact statement, and build a reusable proof/checker component.",medium,OPEN-CANDIDATE — verify current status before launch,Formal Conjectures/mathlib/Lean community
KBK-0660,86,A,Formalization / Meta-Mathematics,Open-problem status change monitor,Detect newly solved problems immediately so compute is not wasted and nearby techniques can be transferred.,"New exact value, improved bound, new construction, certified nonexistence, classification, or a killed major candidate mechanism.","A24,A25,A26,A27,A28,A31,A33,A34,A36,A40","Select a high-value informal theorem gap, formalize the exact statement, and build a reusable proof/checker component.",medium,OPEN-CANDIDATE — verify current status before launch,Formal Conjectures/mathlib/Lean community
KBK-0649,86,A,Formalization / Meta-Mathematics,Proof compression tournament,"Compare human lemma extraction, BDDs, resolution, PB, and algebraic certificates.","New exact value, improved bound, new construction, certified nonexistence, classification, or a killed major candidate mechanism.","A24,A25,A26,A27,A28,A31,A33,A34,A36,A40","Select a high-value informal theorem gap, formalize the exact statement, and build a reusable proof/checker component.",medium,OPEN-CANDIDATE — verify current status before launch,Formal Conjectures/mathlib/Lean community
KBK-0637,86,A,Formalization / Meta-Mathematics,Pseudo-Boolean VeriPB checker integration,Certify combinatorial optimization bounds.,"New exact value, improved bound, new construction, certified nonexistence, classification, or a killed major candidate mechanism.","A24,A25,A26,A27,A28,A31,A33,A34,A36,A40","Select a high-value informal theorem gap, formalize the exact statement, and build a reusable proof/checker component.",medium,OPEN-CANDIDATE — verify current status before launch,Formal Conjectures/mathlib/Lean community
KBK-0644,86,A,Formalization / Meta-Mathematics,Retraction propagation gate,"Invalidate downstream claims automatically when a premise, route, or citation is retracted.","New exact value, improved bound, new construction, certified nonexistence, classification, or a killed major candidate mechanism.","A24,A25,A26,A27,A28,A31,A33,A34,A36,A40","Select a high-value informal theorem gap, formalize the exact statement, and build a reusable proof/checker component.",medium,OPEN-CANDIDATE — verify current status before launch,Formal Conjectures/mathlib/Lean community
KBK-0636,86,A,Formalization / Meta-Mathematics,SAT LRAT-to-Lean pipeline,Import proof traces through a small verified checker.,"New exact value, improved bound, new construction, certified nonexistence, classification, or a killed major candidate mechanism.","A24,A25,A26,A27,A28,A31,A33,A34,A36,A40","Select a high-value informal theorem gap, formalize the exact statement, and build a reusable proof/checker component.",medium,OPEN-CANDIDATE — verify current status before launch,Formal Conjectures/mathlib/Lean community
KBK-0635,86,A,Formalization / Meta-Mathematics,SDP rationalization pipeline,Convert floating flag-algebra/Delsarte solutions into exact rational certificates.,"New exact value, improved bound, new construction, certified nonexistence, classification, or a killed major candidate mechanism.","A24,A25,A26,A27,A28,A31,A33,A34,A36,A40","Select a high-value informal theorem gap, formalize the exact statement, and build a reusable proof/checker component.",medium,OPEN-CANDIDATE — verify current status before launch,Formal Conjectures/mathlib/Lean community
KBK-0642,86,A,Formalization / Meta-Mathematics,Statement-to-test generator,"Generate known examples, exceptions, random instances, and adversarial quantifier tests from formal statements.","New exact value, improved bound, new construction, certified nonexistence, classification, or a killed major candidate mechanism.","A24,A25,A26,A27,A28,A31,A33,A34,A36,A40","Select a high-value informal theorem gap, formalize the exact statement, and build a reusable proof/checker component.",medium,OPEN-CANDIDATE — verify current status before launch,Formal Conjectures/mathlib/Lean community
KBK-0175,86,A,Graph Theory / Ramsey / Extremal,Graceful tree conjecture bounded families,Verify larger orders and synthesize constructions for difficult tree classes.,"New exact value, improved bound, new construction, certified nonexistence, classification, or a killed major candidate mechanism.","A01,A02,A05,A06,A15,A16,A21,A22,A26,A32",Locate the smallest exact-value gap or best-bound frontier; run construction and obstruction lanes in parallel.,medium,OPEN-CANDIDATE — verify current status before launch,Erdős Problems/House of Graphs/specialist tables
KBK-0183,86,A,Graph Theory / Ramsey / Extremal,Metric dimension exact values,Resolve first unknown graph families and extremal orders.,"New exact value, improved bound, new construction, certified nonexistence, classification, or a killed major candidate mechanism.","A01,A02,A05,A06,A15,A16,A21,A22,A26,A32",Locate the smallest exact-value gap or best-bound frontier; run construction and obstruction lanes in parallel.,medium,OPEN-CANDIDATE — verify current status before launch,Erdős Problems/House of Graphs/specialist tables
KBK-0177,86,A,Graph Theory / Ramsey / Extremal,Oberwolfach problem remaining exact cases,Close specific cycle-type/order combinations.,"New exact value, improved bound, new construction, certified nonexistence, classification, or a killed major candidate mechanism.","A01,A02,A05,A06,A15,A16,A21,A22,A26,A32",Locate the smallest exact-value gap or best-bound frontier; run construction and obstruction lanes in parallel.,medium,OPEN-CANDIDATE — verify current status before launch,Erdős Problems/House of Graphs/specialist tables
KBK-0102,86,A,Graph Theory / Ramsey / Extremal,"Ramsey numbers R(3,k) at first unknown k",Push exact bounds and classify extremal graphs.,"New exact value, improved bound, new construction, certified nonexistence, classification, or a killed major candidate mechanism.","A01,A02,A05,A06,A15,A16,A21,A22,A26,A32",Locate the smallest exact-value gap or best-bound frontier; run construction and obstruction lanes in parallel.,medium,OPEN-CANDIDATE — verify current status before launch,Erdős Problems/House of Graphs/specialist tables
KBK-0189,84,B,Additive / Combinatorial Number Theory,Cap set exact values over F_3^n,Close next dimension or classify extremizers.,"New exact value, improved bound, new construction, certified nonexistence, classification, or a killed major candidate mechanism.","A09,A10,A13,A14,A17,A18,A22,A23,A24,A32","Reproduce the best finite data, detect the first unknown parameter, then alternate construction search and upper-bound certificates.",medium,OPEN-CANDIDATE — verify current status before launch,Erdős Problems/OEIS/papers
KBK-0221,84,B,Additive / Combinatorial Number Theory,Complete sequences of powers,Classify minimal complete sets and gaps.,"New exact value, improved bound, new construction, certified nonexistence, classification, or a killed major candidate mechanism.","A09,A10,A13,A14,A17,A18,A22,A23,A24,A32","Reproduce the best finite data, detect the first unknown parameter, then alternate construction search and upper-bound certificates.",medium,OPEN-CANDIDATE — verify current status before launch,Erdős Problems/OEIS/papers
KBK-0207,84,B,Additive / Combinatorial Number Theory,Davenport constant exact values,Resolve new rank/group families.,"New exact value, improved bound, new construction, certified nonexistence, classification, or a killed major candidate mechanism.","A09,A10,A13,A14,A17,A18,A22,A23,A24,A32","Reproduce the best finite data, detect the first unknown parameter, then alternate construction search and upper-bound certificates.",medium,OPEN-CANDIDATE — verify current status before launch,Erdős Problems/OEIS/papers
KBK-0239,84,B,Additive / Combinatorial Number Theory,Exact covering congruences,Classify small modulus multisets.,"New exact value, improved bound, new construction, certified nonexistence, classification, or a killed major candidate mechanism.","A09,A10,A13,A14,A17,A18,A22,A23,A24,A32","Reproduce the best finite data, detect the first unknown parameter, then alternate construction search and upper-bound certificates.",medium,OPEN-CANDIDATE — verify current status before launch,Erdős Problems/OEIS/papers
KBK-0229,84,B,Additive / Combinatorial Number Theory,Integer complexity exact frontier,"Push exact N, classify defect patterns, and prove stability ranges.","New exact value, improved bound, new construction, certified nonexistence, classification, or a killed major candidate mechanism.","A09,A10,A13,A14,A17,A18,A22,A23,A24,A32","Reproduce the best finite data, detect the first unknown parameter, then alternate construction search and upper-bound certificates.",medium,OPEN-CANDIDATE — verify current status before launch,Erdős Problems/OEIS/papers
KBK-0201,84,B,Additive / Combinatorial Number Theory,Multiplication table problem finite exact counts,Push exact values and refined asymptotics.,"New exact value, improved bound, new construction, certified nonexistence, classification, or a killed major candidate mechanism.","A09,A10,A13,A14,A17,A18,A22,A23,A24,A32","Reproduce the best finite data, detect the first unknown parameter, then alternate construction search and upper-bound certificates.",medium,OPEN-CANDIDATE — verify current status before launch,Erdős Problems/OEIS/papers
KBK-0219,84,B,Additive / Combinatorial Number Theory,Subset-sum completeness thresholds,Compute exact transition points and monotonicity evidence.,"New exact value, improved bound, new construction, certified nonexistence, classification, or a killed major candidate mechanism.","A09,A10,A13,A14,A17,A18,A22,A23,A24,A32","Reproduce the best finite data, detect the first unknown parameter, then alternate construction search and upper-bound certificates.",medium,OPEN-CANDIDATE — verify current status before launch,Erdős Problems/OEIS/papers
KBK-0410,84,B,Algebra / Groups / Matrices,Complete mappings of finite groups: constrained enumeration,Classify constrained or enumerative variants.,"New exact value, improved bound, new construction, certified nonexistence, classification, or a killed major candidate mechanism.","A01,A02,A05,A11,A16,A17,A21,A22,A26,A32","Enumerate canonical small cases, search obstructions/constructions, and extract a structural lemma from the first frontier case.",medium,OPEN-CANDIDATE — verify current status before launch,Kourovka Notebook/LMFDB/matrix databases
KBK-0393,84,B,Geometry / Packing / Coding,Batch and PIR codes,Compute exact small parameters.,"New exact value, improved bound, new construction, certified nonexistence, classification, or a killed major candidate mechanism.","A01,A02,A06,A12,A15,A16,A17,A21,A23,A28","Optimize candidates numerically, rationalize the structure, and certify lower/upper bounds with exact arithmetic or SDP certificates.",medium,OPEN-CANDIDATE — verify current status before launch,Code tables/packing tables/geometry problem lists
KBK-0353,84,B,Geometry / Packing / Coding,Biangular and few-angle line systems,Compute exact maxima in small dimensions.,"New exact value, improved bound, new construction, certified nonexistence, classification, or a killed major candidate mechanism.","A01,A02,A06,A12,A15,A16,A17,A21,A23,A28","Optimize candidates numerically, rationalize the structure, and certify lower/upper bounds with exact arithmetic or SDP certificates.",medium,OPEN-CANDIDATE — verify current status before launch,Code tables/packing tables/geometry problem lists
KBK-0386,84,B,Geometry / Packing / Coding,"Binary code A_2(n,d)",Close exact code-table gaps with SAT/LP and independent checkers.,"New exact value, improved bound, new construction, certified nonexistence, classification, or a killed major candidate mechanism.","A01,A02,A06,A12,A15,A16,A17,A21,A23,A28","Optimize candidates numerically, rationalize the structure, and certify lower/upper bounds with exact arithmetic or SDP certificates.",medium,OPEN-CANDIDATE — verify current status before launch,Code tables/packing tables/geometry problem lists
KBK-0364,84,B,Geometry / Packing / Coding,Borsuk number in low dimensions,Improve exact values/bounds with diameter graph search.,"New exact value, improved bound, new construction, certified nonexistence, classification, or a killed major candidate mechanism.","A01,A02,A06,A12,A15,A16,A17,A21,A23,A28","Optimize candidates numerically, rationalize the structure, and certify lower/upper bounds with exact arithmetic or SDP certificates.",medium,OPEN-CANDIDATE — verify current status before launch,Code tables/packing tables/geometry problem lists
KBK-0367,84,B,Geometry / Packing / Coding,Chromatic number of Euclidean spaces,Improve dimensions 2–n with explicit distance graphs and SDP bounds.,"New exact value, improved bound, new construction, certified nonexistence, classification, or a killed major candidate mechanism.","A01,A02,A06,A12,A15,A16,A17,A21,A23,A28","Optimize candidates numerically, rationalize the structure, and certify lower/upper bounds with exact arithmetic or SDP certificates.",medium,OPEN-CANDIDATE — verify current status before launch,Code tables/packing tables/geometry problem lists
KBK-0378,84,B,Geometry / Packing / Coding,Circulant Hadamard matrices,Eliminate new orders and multiplier classes.,"New exact value, improved bound, new construction, certified nonexistence, classification, or a killed major candidate mechanism.","A01,A02,A06,A12,A15,A16,A17,A21,A23,A28","Optimize candidates numerically, rationalize the structure, and certify lower/upper bounds with exact arithmetic or SDP certificates.",medium,OPEN-CANDIDATE — verify current status before launch,Code tables/packing tables/geometry problem lists
KBK-0380,84,B,Geometry / Packing / Coding,Cocyclic Hadamard matrices,Search group-developed candidates in missing orders.,"New exact value, improved bound, new construction, certified nonexistence, classification, or a killed major candidate mechanism.","A01,A02,A06,A12,A15,A16,A17,A21,A23,A28","Optimize candidates numerically, rationalize the structure, and certify lower/upper bounds with exact arithmetic or SDP certificates.",medium,OPEN-CANDIDATE — verify current status before launch,Code tables/packing tables/geometry problem lists
KBK-0352,84,B,Geometry / Packing / Coding,Complex equiangular lines,Resolve low-dimensional maxima and constructions.,"New exact value, improved bound, new construction, certified nonexistence, classification, or a killed major candidate mechanism.","A01,A02,A06,A12,A15,A16,A17,A21,A23,A28","Optimize candidates numerically, rationalize the structure, and certify lower/upper bounds with exact arithmetic or SDP certificates.",medium,OPEN-CANDIDATE — verify current status before launch,Code tables/packing tables/geometry problem lists
KBK-0383,84,B,Geometry / Packing / Coding,Conference matrices,Resolve existence for first admissible unknown orders.,"New exact value, improved bound, new construction, certified nonexistence, classification, or a killed major candidate mechanism.","A01,A02,A06,A12,A15,A16,A17,A21,A23,A28","Optimize candidates numerically, rationalize the structure, and certify lower/upper bounds with exact arithmetic or SDP certificates.",medium,OPEN-CANDIDATE — verify current status before launch,Code tables/packing tables/geometry problem lists
KBK-0388,84,B,Geometry / Packing / Coding,Constant-weight codes,Close packing table gaps and classify optimal codes.,"New exact value, improved bound, new construction, certified nonexistence, classification, or a killed major candidate mechanism.","A01,A02,A06,A12,A15,A16,A17,A21,A23,A28","Optimize candidates numerically, rationalize the structure, and certify lower/upper bounds with exact arithmetic or SDP certificates.",medium,OPEN-CANDIDATE — verify current status before launch,Code tables/packing tables/geometry problem lists
KBK-0389,84,B,Geometry / Packing / Coding,Covering codes,Improve exact covering radius/size values.,"New exact value, improved bound, new construction, certified nonexistence, classification, or a killed major candidate mechanism.","A01,A02,A06,A12,A15,A16,A17,A21,A23,A28","Optimize candidates numerically, rationalize the structure, and certify lower/upper bounds with exact arithmetic or SDP certificates.",medium,OPEN-CANDIDATE — verify current status before launch,Code tables/packing tables/geometry problem lists
KBK-0385,84,B,Geometry / Packing / Coding,D-optimal designs,Construct or certify optimal matrices at missing orders.,"New exact value, improved bound, new construction, certified nonexistence, classification, or a killed major candidate mechanism.","A01,A02,A06,A12,A15,A16,A17,A21,A23,A28","Optimize candidates numerically, rationalize the structure, and certify lower/upper bounds with exact arithmetic or SDP certificates.",medium,OPEN-CANDIDATE — verify current status before launch,Code tables/packing tables/geometry problem lists
KBK-0375,84,B,Geometry / Packing / Coding,Danzer set finite-box proxies,Optimize hitting sets and derive quantitative obstructions.,"New exact value, improved bound, new construction, certified nonexistence, classification, or a killed major candidate mechanism.","A01,A02,A06,A12,A15,A16,A17,A21,A23,A28","Optimize candidates numerically, rationalize the structure, and certify lower/upper bounds with exact arithmetic or SDP certificates.",medium,OPEN-CANDIDATE — verify current status before launch,Code tables/packing tables/geometry problem lists
KBK-0394,84,B,Geometry / Packing / Coding,Deletion-correcting codes,Improve exact finite bounds and constructions.,"New exact value, improved bound, new construction, certified nonexistence, classification, or a killed major candidate mechanism.","A01,A02,A06,A12,A15,A16,A17,A21,A23,A28","Optimize candidates numerically, rationalize the structure, and certify lower/upper bounds with exact arithmetic or SDP certificates.",medium,OPEN-CANDIDATE — verify current status before launch,Code tables/packing tables/geometry problem lists
KBK-0363,84,B,Geometry / Packing / Coding,Densest packing of tetrahedra under symmetry,Certify improved periodic constructions.,"New exact value, improved bound, new construction, certified nonexistence, classification, or a killed major candidate mechanism.","A01,A02,A06,A12,A15,A16,A17,A21,A23,A28","Optimize candidates numerically, rationalize the structure, and certify lower/upper bounds with exact arithmetic or SDP certificates.",medium,OPEN-CANDIDATE — verify current status before launch,Code tables/packing tables/geometry problem lists
KBK-0376,84,B,Geometry / Packing / Coding,Discrete Falconer extremals,Compute finite-field/grid cases and seek sharp examples.,"New exact value, improved bound, new construction, certified nonexistence, classification, or a killed major candidate mechanism.","A01,A02,A06,A12,A15,A16,A17,A21,A23,A28","Optimize candidates numerically, rationalize the structure, and certify lower/upper bounds with exact arithmetic or SDP certificates.",medium,OPEN-CANDIDATE — verify current status before launch,Code tables/packing tables/geometry problem lists
KBK-0351,84,B,Geometry / Packing / Coding,Equiangular lines in R^n,Close first unknown dimensions and certify Gram matrices.,"New exact value, improved bound, new construction, certified nonexistence, classification, or a killed major candidate mechanism.","A01,A02,A06,A12,A15,A16,A17,A21,A23,A28","Optimize candidates numerically, rationalize the structure, and certify lower/upper bounds with exact arithmetic or SDP certificates.",medium,OPEN-CANDIDATE — verify current status before launch,Code tables/packing tables/geometry problem lists
KBK-0374,84,B,Geometry / Packing / Coding,Erdős–Szekeres empty polygon problem finite thresholds,Close next exact cases.,"New exact value, improved bound, new construction, certified nonexistence, classification, or a killed major candidate mechanism.","A01,A02,A06,A12,A15,A16,A17,A21,A23,A28","Optimize candidates numerically, rationalize the structure, and certify lower/upper bounds with exact arithmetic or SDP certificates.",medium,OPEN-CANDIDATE — verify current status before launch,Code tables/packing tables/geometry problem lists
KBK-0369,84,B,Geometry / Packing / Coding,Erdős–Ulam rational distance problem finite models,Search dense rational-distance configurations and prove restrictions.,"New exact value, improved bound, new construction, certified nonexistence, classification, or a killed major candidate mechanism.","A01,A02,A06,A12,A15,A16,A17,A21,A23,A28","Optimize candidates numerically, rationalize the structure, and certify lower/upper bounds with exact arithmetic or SDP certificates.",medium,OPEN-CANDIDATE — verify current status before launch,Code tables/packing tables/geometry problem lists
KBK-0366,84,B,Geometry / Packing / Coding,Hadwiger covering conjecture special bodies,Prove exact covering numbers for new convex bodies.,"New exact value, improved bound, new construction, certified nonexistence, classification, or a killed major candidate mechanism.","A01,A02,A06,A12,A15,A16,A17,A21,A23,A28","Optimize candidates numerically, rationalize the structure, and certify lower/upper bounds with exact arithmetic or SDP certificates.",medium,OPEN-CANDIDATE — verify current status before launch,Code tables/packing tables/geometry problem lists
KBK-0373,84,B,Geometry / Packing / Coding,Heilbronn triangle problem finite n,Improve exact configurations and rigorous lower bounds.,"New exact value, improved bound, new construction, certified nonexistence, classification, or a killed major candidate mechanism.","A01,A02,A06,A12,A15,A16,A17,A21,A23,A28","Optimize candidates numerically, rationalize the structure, and certify lower/upper bounds with exact arithmetic or SDP certificates.",medium,OPEN-CANDIDATE — verify current status before launch,Code tables/packing tables/geometry problem lists
KBK-0365,84,B,Geometry / Packing / Coding,Illumination conjecture special polytopes,Resolve additional combinatorial classes.,"New exact value, improved bound, new construction, certified nonexistence, classification, or a killed major candidate mechanism.","A01,A02,A06,A12,A15,A16,A17,A21,A23,A28","Optimize candidates numerically, rationalize the structure, and certify lower/upper bounds with exact arithmetic or SDP certificates.",medium,OPEN-CANDIDATE — verify current status before launch,Code tables/packing tables/geometry problem lists
KBK-0337,84,B,Geometry / Packing / Coding,Kissing number in dimension 5,Close or tighten exact bounds with spherical-code SDP and certified configurations.,"New exact value, improved bound, new construction, certified nonexistence, classification, or a killed major candidate mechanism.","A01,A02,A06,A12,A15,A16,A17,A21,A23,A28","Optimize candidates numerically, rationalize the structure, and certify lower/upper bounds with exact arithmetic or SDP certificates.",medium,OPEN-CANDIDATE — verify current status before launch,Code tables/packing tables/geometry problem lists
KBK-0338,84,B,Geometry / Packing / Coding,Kissing number in dimension 6,Close or tighten exact bounds.,"New exact value, improved bound, new construction, certified nonexistence, classification, or a killed major candidate mechanism.","A01,A02,A06,A12,A15,A16,A17,A21,A23,A28","Optimize candidates numerically, rationalize the structure, and certify lower/upper bounds with exact arithmetic or SDP certificates.",medium,OPEN-CANDIDATE — verify current status before launch,Code tables/packing tables/geometry problem lists
KBK-0339,84,B,Geometry / Packing / Coding,Kissing number in dimension 7,Close or tighten exact bounds and classify candidates.,"New exact value, improved bound, new construction, certified nonexistence, classification, or a killed major candidate mechanism.","A01,A02,A06,A12,A15,A16,A17,A21,A23,A28","Optimize candidates numerically, rationalize the structure, and certify lower/upper bounds with exact arithmetic or SDP certificates.",medium,OPEN-CANDIDATE — verify current status before launch,Code tables/packing tables/geometry problem lists
KBK-0340,84,B,Geometry / Packing / Coding,Kissing numbers in dimensions 9–24 unknown cases,Target the smallest bound gaps and lattice/nonlattice distinctions.,"New exact value, improved bound, new construction, certified nonexistence, classification, or a killed major candidate mechanism.","A01,A02,A06,A12,A15,A16,A17,A21,A23,A28","Optimize candidates numerically, rationalize the structure, and certify lower/upper bounds with exact arithmetic or SDP certificates.",medium,OPEN-CANDIDATE — verify current status before launch,Code tables/packing tables/geometry problem lists
KBK-0341,84,B,Geometry / Packing / Coding,Lattice kissing numbers,Close first dimensions with unknown exact lattice values.,"New exact value, improved bound, new construction, certified nonexistence, classification, or a killed major candidate mechanism.","A01,A02,A06,A12,A15,A16,A17,A21,A23,A28","Optimize candidates numerically, rationalize the structure, and certify lower/upper bounds with exact arithmetic or SDP certificates.",medium,OPEN-CANDIDATE — verify current status before launch,Code tables/packing tables/geometry problem lists
KBK-0348,84,B,Geometry / Packing / Coding,Lattice quantizer constants,Find or certify optimal lattices in first unresolved dimensions.,"New exact value, improved bound, new construction, certified nonexistence, classification, or a killed major candidate mechanism.","A01,A02,A06,A12,A15,A16,A17,A21,A23,A28","Optimize candidates numerically, rationalize the structure, and certify lower/upper bounds with exact arithmetic or SDP certificates.",medium,OPEN-CANDIDATE — verify current status before launch,Code tables/packing tables/geometry problem lists
KBK-0345,84,B,Geometry / Packing / Coding,Lattice sphere packing records,Find denser lattices in unresolved dimensions and certify determinants/minima.,"New exact value, improved bound, new construction, certified nonexistence, classification, or a killed major candidate mechanism.","A01,A02,A06,A12,A15,A16,A17,A21,A23,A28","Optimize candidates numerically, rationalize the structure, and certify lower/upper bounds with exact arithmetic or SDP certificates.",medium,OPEN-CANDIDATE — verify current status before launch,Code tables/packing tables/geometry problem lists
KBK-0390,84,B,Geometry / Packing / Coding,Lee-metric codes,Resolve perfect/optimal small parameter cases.,"New exact value, improved bound, new construction, certified nonexistence, classification, or a killed major candidate mechanism.","A01,A02,A06,A12,A15,A16,A17,A21,A23,A28","Optimize candidates numerically, rationalize the structure, and certify lower/upper bounds with exact arithmetic or SDP certificates.",medium,OPEN-CANDIDATE — verify current status before launch,Code tables/packing tables/geometry problem lists
KBK-0392,84,B,Geometry / Packing / Coding,Locally repairable codes,Close finite length/distance/locality table gaps.,"New exact value, improved bound, new construction, certified nonexistence, classification, or a killed major candidate mechanism.","A01,A02,A06,A12,A15,A16,A17,A21,A23,A28","Optimize candidates numerically, rationalize the structure, and certify lower/upper bounds with exact arithmetic or SDP certificates.",medium,OPEN-CANDIDATE — verify current status before launch,Code tables/packing tables/geometry problem lists
KBK-0382,84,B,Geometry / Packing / Coding,Maximal determinant 0/1 matrices,Close exact first gaps and classify extremizers.,"New exact value, improved bound, new construction, certified nonexistence, classification, or a killed major candidate mechanism.","A01,A02,A06,A12,A15,A16,A17,A21,A23,A28","Optimize candidates numerically, rationalize the structure, and certify lower/upper bounds with exact arithmetic or SDP certificates.",medium,OPEN-CANDIDATE — verify current status before launch,Code tables/packing tables/geometry problem lists
KBK-0381,84,B,Geometry / Packing / Coding,"Maximal determinant {-1,+1} matrices",Close exact determinant values for first unresolved n.,"New exact value, improved bound, new construction, certified nonexistence, classification, or a killed major candidate mechanism.","A01,A02,A06,A12,A15,A16,A17,A21,A23,A28","Optimize candidates numerically, rationalize the structure, and certify lower/upper bounds with exact arithmetic or SDP certificates.",medium,OPEN-CANDIDATE — verify current status before launch,Code tables/packing tables/geometry problem lists
KBK-0372,84,B,Geometry / Packing / Coding,Orchard-planting problem,Close exact small n and improve constructions.,"New exact value, improved bound, new construction, certified nonexistence, classification, or a killed major candidate mechanism.","A01,A02,A06,A12,A15,A16,A17,A21,A23,A28","Optimize candidates numerically, rationalize the structure, and certify lower/upper bounds with exact arithmetic or SDP certificates.",medium,OPEN-CANDIDATE — verify current status before launch,Code tables/packing tables/geometry problem lists
KBK-0362,84,B,Geometry / Packing / Coding,Packing congruent squares/rectangles,Find exact small-container optima.,"New exact value, improved bound, new construction, certified nonexistence, classification, or a killed major candidate mechanism.","A01,A02,A06,A12,A15,A16,A17,A21,A23,A28","Optimize candidates numerically, rationalize the structure, and certify lower/upper bounds with exact arithmetic or SDP certificates.",medium,OPEN-CANDIDATE — verify current status before launch,Code tables/packing tables/geometry problem lists
KBK-0361,84,B,Geometry / Packing / Coding,Packing equal circles in a circle,Close next N and classify contact graphs.,"New exact value, improved bound, new construction, certified nonexistence, classification, or a killed major candidate mechanism.","A01,A02,A06,A12,A15,A16,A17,A21,A23,A28","Optimize candidates numerically, rationalize the structure, and certify lower/upper bounds with exact arithmetic or SDP certificates.",medium,OPEN-CANDIDATE — verify current status before launch,Code tables/packing tables/geometry problem lists
KBK-0360,84,B,Geometry / Packing / Coding,Packing equal circles in a square,Close next N with rigorous interval branch-and-bound.,"New exact value, improved bound, new construction, certified nonexistence, classification, or a killed major candidate mechanism.","A01,A02,A06,A12,A15,A16,A17,A21,A23,A28","Optimize candidates numerically, rationalize the structure, and certify lower/upper bounds with exact arithmetic or SDP certificates.",medium,OPEN-CANDIDATE — verify current status before launch,Code tables/packing tables/geometry problem lists
KBK-0346,84,B,Geometry / Packing / Coding,Periodic sphere packing records,Search small-cell nonlattice packings and validate contacts.,"New exact value, improved bound, new construction, certified nonexistence, classification, or a killed major candidate mechanism.","A01,A02,A06,A12,A15,A16,A17,A21,A23,A28","Optimize candidates numerically, rationalize the structure, and certify lower/upper bounds with exact arithmetic or SDP certificates.",medium,OPEN-CANDIDATE — verify current status before launch,Code tables/packing tables/geometry problem lists
KBK-0398,84,B,Geometry / Packing / Coding,Quantum LDPC small-block records,Search exact finite constructions and decoder-independent parameters.,"New exact value, improved bound, new construction, certified nonexistence, classification, or a killed major candidate mechanism.","A01,A02,A06,A12,A15,A16,A17,A21,A23,A28","Optimize candidates numerically, rationalize the structure, and certify lower/upper bounds with exact arithmetic or SDP certificates.",medium,OPEN-CANDIDATE — verify current status before launch,Code tables/packing tables/geometry problem lists
KBK-0397,84,B,Geometry / Packing / Coding,Quantum nonadditive codes,Find new records and certify distance.,"New exact value, improved bound, new construction, certified nonexistence, classification, or a killed major candidate mechanism.","A01,A02,A06,A12,A15,A16,A17,A21,A23,A28","Optimize candidates numerically, rationalize the structure, and certify lower/upper bounds with exact arithmetic or SDP certificates.",medium,OPEN-CANDIDATE — verify current status before launch,Code tables/packing tables/geometry problem lists
KBK-0396,84,B,Geometry / Packing / Coding,Quantum stabilizer code tables,"Close exact [[n,k,d]] gaps with symplectic SAT.","New exact value, improved bound, new construction, certified nonexistence, classification, or a killed major candidate mechanism.","A01,A02,A06,A12,A15,A16,A17,A21,A23,A28","Optimize candidates numerically, rationalize the structure, and certify lower/upper bounds with exact arithmetic or SDP certificates.",medium,OPEN-CANDIDATE — verify current status before launch,Code tables/packing tables/geometry problem lists
KBK-0391,84,B,Geometry / Packing / Coding,Rank-metric codes beyond MRD,Classify optimal small parameters and equivalence classes.,"New exact value, improved bound, new construction, certified nonexistence, classification, or a killed major candidate mechanism.","A01,A02,A06,A12,A15,A16,A17,A21,A23,A28","Optimize candidates numerically, rationalize the structure, and certify lower/upper bounds with exact arithmetic or SDP certificates.",medium,OPEN-CANDIDATE — verify current status before launch,Code tables/packing tables/geometry problem lists
KBK-0358,84,B,Geometry / Packing / Coding,Riesz energy configurations,"Classify exact minimizers for small N,s.","New exact value, improved bound, new construction, certified nonexistence, classification, or a killed major candidate mechanism.","A01,A02,A06,A12,A15,A16,A17,A21,A23,A28","Optimize candidates numerically, rationalize the structure, and certify lower/upper bounds with exact arithmetic or SDP certificates.",medium,OPEN-CANDIDATE — verify current status before launch,Code tables/packing tables/geometry problem lists
KBK-0379,84,B,Geometry / Packing / Coding,Skew Hadamard matrices,Construct or classify unresolved orders.,"New exact value, improved bound, new construction, certified nonexistence, classification, or a killed major candidate mechanism.","A01,A02,A06,A12,A15,A16,A17,A21,A23,A28","Optimize candidates numerically, rationalize the structure, and certify lower/upper bounds with exact arithmetic or SDP certificates.",medium,OPEN-CANDIDATE — verify current status before launch,Code tables/packing tables/geometry problem lists
KBK-0359,84,B,Geometry / Packing / Coding,Smale seventh problem finite-N records,Construct well-separated points and certify condition metrics.,"New exact value, improved bound, new construction, certified nonexistence, classification, or a killed major candidate mechanism.","A01,A02,A06,A12,A15,A16,A17,A21,A23,A28","Optimize candidates numerically, rationalize the structure, and certify lower/upper bounds with exact arithmetic or SDP certificates.",medium,OPEN-CANDIDATE — verify current status before launch,Code tables/packing tables/geometry problem lists
KBK-0347,84,B,Geometry / Packing / Coding,Sphere covering density,Improve lattice and general covering bounds in low dimensions.,"New exact value, improved bound, new construction, certified nonexistence, classification, or a killed major candidate mechanism.","A01,A02,A06,A12,A15,A16,A17,A21,A23,A28","Optimize candidates numerically, rationalize the structure, and certify lower/upper bounds with exact arithmetic or SDP certificates.",medium,OPEN-CANDIDATE — verify current status before launch,Code tables/packing tables/geometry problem lists
KBK-0342,84,B,Geometry / Packing / Coding,Sphere packing density in dimension 5,Improve rigorous upper/lower bounds and certify periodic packings.,"New exact value, improved bound, new construction, certified nonexistence, classification, or a killed major candidate mechanism.","A01,A02,A06,A12,A15,A16,A17,A21,A23,A28","Optimize candidates numerically, rationalize the structure, and certify lower/upper bounds with exact arithmetic or SDP certificates.",medium,OPEN-CANDIDATE — verify current status before launch,Code tables/packing tables/geometry problem lists
KBK-0343,84,B,Geometry / Packing / Coding,Sphere packing density in dimension 6,Improve rigorous bounds.,"New exact value, improved bound, new construction, certified nonexistence, classification, or a killed major candidate mechanism.","A01,A02,A06,A12,A15,A16,A17,A21,A23,A28","Optimize candidates numerically, rationalize the structure, and certify lower/upper bounds with exact arithmetic or SDP certificates.",medium,OPEN-CANDIDATE — verify current status before launch,Code tables/packing tables/geometry problem lists
KBK-0344,84,B,Geometry / Packing / Coding,Sphere packing density in dimension 7,Improve rigorous bounds.,"New exact value, improved bound, new construction, certified nonexistence, classification, or a killed major candidate mechanism.","A01,A02,A06,A12,A15,A16,A17,A21,A23,A28","Optimize candidates numerically, rationalize the structure, and certify lower/upper bounds with exact arithmetic or SDP certificates.",medium,OPEN-CANDIDATE — verify current status before launch,Code tables/packing tables/geometry problem lists
KBK-0349,84,B,Geometry / Packing / Coding,"Spherical code A(n,s)",Close exact small table gaps using SDP plus algebraic certificates.,"New exact value, improved bound, new construction, certified nonexistence, classification, or a killed major candidate mechanism.","A01,A02,A06,A12,A15,A16,A17,A21,A23,A28","Optimize candidates numerically, rationalize the structure, and certify lower/upper bounds with exact arithmetic or SDP certificates.",medium,OPEN-CANDIDATE — verify current status before launch,Code tables/packing tables/geometry problem lists
KBK-0350,84,B,Geometry / Packing / Coding,Spherical two-distance sets,Compute exact maxima and classify configurations.,"New exact value, improved bound, new construction, certified nonexistence, classification, or a killed major candidate mechanism.","A01,A02,A06,A12,A15,A16,A17,A21,A23,A28","Optimize candidates numerically, rationalize the structure, and certify lower/upper bounds with exact arithmetic or SDP certificates.",medium,OPEN-CANDIDATE — verify current status before launch,Code tables/packing tables/geometry problem lists
KBK-0395,84,B,Geometry / Packing / Coding,Synchronization strings finite alphabets,Find smaller alphabets/constants with certificates.,"New exact value, improved bound, new construction, certified nonexistence, classification, or a killed major candidate mechanism.","A01,A02,A06,A12,A15,A16,A17,A21,A23,A28","Optimize candidates numerically, rationalize the structure, and certify lower/upper bounds with exact arithmetic or SDP certificates.",medium,OPEN-CANDIDATE — verify current status before launch,Code tables/packing tables/geometry problem lists
KBK-0356,84,B,Geometry / Packing / Coding,Tammes problem,Solve the next unresolved number of points on S^2 with interval certification.,"New exact value, improved bound, new construction, certified nonexistence, classification, or a killed major candidate mechanism.","A01,A02,A06,A12,A15,A16,A17,A21,A23,A28","Optimize candidates numerically, rationalize the structure, and certify lower/upper bounds with exact arithmetic or SDP certificates.",medium,OPEN-CANDIDATE — verify current status before launch,Code tables/packing tables/geometry problem lists
KBK-0357,84,B,Geometry / Packing / Coding,Thomson problem,Certify global minima for the next unresolved N or energy ranges.,"New exact value, improved bound, new construction, certified nonexistence, classification, or a killed major candidate mechanism.","A01,A02,A06,A12,A15,A16,A17,A21,A23,A28","Optimize candidates numerically, rationalize the structure, and certify lower/upper bounds with exact arithmetic or SDP certificates.",medium,OPEN-CANDIDATE — verify current status before launch,Code tables/packing tables/geometry problem lists
KBK-0354,84,B,Geometry / Packing / Coding,Tight spherical designs,Decide existence in feasible unresolved parameter sets.,"New exact value, improved bound, new construction, certified nonexistence, classification, or a killed major candidate mechanism.","A01,A02,A06,A12,A15,A16,A17,A21,A23,A28","Optimize candidates numerically, rationalize the structure, and certify lower/upper bounds with exact arithmetic or SDP certificates.",medium,OPEN-CANDIDATE — verify current status before launch,Code tables/packing tables/geometry problem lists
KBK-0368,84,B,Geometry / Packing / Coding,Unit-distance graph chromatic records,Find smaller or higher-chromatic certified coordinate graphs.,"New exact value, improved bound, new construction, certified nonexistence, classification, or a killed major candidate mechanism.","A01,A02,A06,A12,A15,A16,A17,A21,A23,A28","Optimize candidates numerically, rationalize the structure, and certify lower/upper bounds with exact arithmetic or SDP certificates.",medium,OPEN-CANDIDATE — verify current status before launch,Code tables/packing tables/geometry problem lists
KBK-0355,84,B,Geometry / Packing / Coding,Universal optimality of point configurations,Prove new finite configurations using LP/SDP certificates.,"New exact value, improved bound, new construction, certified nonexistence, classification, or a killed major candidate mechanism.","A01,A02,A06,A12,A15,A16,A17,A21,A23,A28","Optimize candidates numerically, rationalize the structure, and certify lower/upper bounds with exact arithmetic or SDP certificates.",medium,OPEN-CANDIDATE — verify current status before launch,Code tables/packing tables/geometry problem lists
KBK-0384,84,B,Geometry / Packing / Coding,"Weighing matrices W(n,k)",Close parameter table gaps.,"New exact value, improved bound, new construction, certified nonexistence, classification, or a killed major candidate mechanism.","A01,A02,A06,A12,A15,A16,A17,A21,A23,A28","Optimize candidates numerically, rationalize the structure, and certify lower/upper bounds with exact arithmetic or SDP certificates.",medium,OPEN-CANDIDATE — verify current status before launch,Code tables/packing tables/geometry problem lists
KBK-0387,84,B,Geometry / Packing / Coding,"q-ary code A_q(n,d)","Resolve first unknown small q,n,d values.","New exact value, improved bound, new construction, certified nonexistence, classification, or a killed major candidate mechanism.","A01,A02,A06,A12,A15,A16,A17,A21,A23,A28","Optimize candidates numerically, rationalize the structure, and certify lower/upper bounds with exact arithmetic or SDP certificates.",medium,OPEN-CANDIDATE — verify current status before launch,Code tables/packing tables/geometry problem lists
KBK-0140,84,B,Graph Theory / Ramsey / Extremal,Barnette conjecture finite census,Search cubic bipartite planar graphs with canonical generation and Hamilton certificates.,"New exact value, improved bound, new construction, certified nonexistence, classification, or a killed major candidate mechanism.","A01,A02,A05,A06,A15,A16,A21,A22,A26,A32",Locate the smallest exact-value gap or best-bound frontier; run construction and obstruction lanes in parallel.,medium,OPEN-CANDIDATE — verify current status before launch,Erdős Problems/House of Graphs/specialist tables
KBK-0137,84,B,Graph Theory / Ramsey / Extremal,Berge–Fulkerson conjecture finite snark census,Verify and classify minimum cover patterns.,"New exact value, improved bound, new construction, certified nonexistence, classification, or a killed major candidate mechanism.","A01,A02,A05,A06,A15,A16,A21,A22,A26,A32",Locate the smallest exact-value gap or best-bound frontier; run construction and obstruction lanes in parallel.,medium,OPEN-CANDIDATE — verify current status before launch,Erdős Problems/House of Graphs/specialist tables
KBK-0136,84,B,Graph Theory / Ramsey / Extremal,Cycle double cover conjecture finite cubic census,Verify larger snark ranges and extract reducible configurations.,"New exact value, improved bound, new construction, certified nonexistence, classification, or a killed major candidate mechanism.","A01,A02,A05,A06,A15,A16,A21,A22,A26,A32",Locate the smallest exact-value gap or best-bound frontier; run construction and obstruction lanes in parallel.,medium,OPEN-CANDIDATE — verify current status before launch,Erdős Problems/House of Graphs/specialist tables
KBK-0129,84,B,Graph Theory / Ramsey / Extremal,Distance-regular graph classification,Classify low-diameter/valency frontier cases.,"New exact value, improved bound, new construction, certified nonexistence, classification, or a killed major candidate mechanism.","A01,A02,A05,A06,A15,A16,A21,A22,A26,A32",Locate the smallest exact-value gap or best-bound frontier; run construction and obstruction lanes in parallel.,medium,OPEN-CANDIDATE — verify current status before launch,Erdős Problems/House of Graphs/specialist tables
KBK-0142,84,B,Graph Theory / Ramsey / Extremal,Lovász Hamilton path conjecture finite vertex-transitive census,Push exhaustive verification and isolate exceptional structures.,"New exact value, improved bound, new construction, certified nonexistence, classification, or a killed major candidate mechanism.","A01,A02,A05,A06,A15,A16,A21,A22,A26,A32",Locate the smallest exact-value gap or best-bound frontier; run construction and obstruction lanes in parallel.,medium,OPEN-CANDIDATE — verify current status before launch,Erdős Problems/House of Graphs/specialist tables
KBK-0144,84,B,Graph Theory / Ramsey / Extremal,Seymour second-neighborhood conjecture finite census,Find extremal digraphs and prove new bounded classes.,"New exact value, improved bound, new construction, certified nonexistence, classification, or a killed major candidate mechanism.","A01,A02,A05,A06,A15,A16,A21,A22,A26,A32",Locate the smallest exact-value gap or best-bound frontier; run construction and obstruction lanes in parallel.,medium,OPEN-CANDIDATE — verify current status before launch,Erdős Problems/House of Graphs/specialist tables
KBK-0179,84,B,Graph Theory / Ramsey / Extremal,Snark census and invariant anomalies,Generate larger snarks and search smallest counterexamples to active cubic-graph conjectures.,"New exact value, improved bound, new construction, certified nonexistence, classification, or a killed major candidate mechanism.","A01,A02,A05,A06,A15,A16,A21,A22,A26,A32",Locate the smallest exact-value gap or best-bound frontier; run construction and obstruction lanes in parallel.,medium,OPEN-CANDIDATE — verify current status before launch,Erdős Problems/House of Graphs/specialist tables
KBK-0127,84,B,Graph Theory / Ramsey / Extremal,Strongly regular graph classification,Complete isomorphism classes for the next unresolved parameter set.,"New exact value, improved bound, new construction, certified nonexistence, classification, or a killed major candidate mechanism.","A01,A02,A05,A06,A15,A16,A21,A22,A26,A32",Locate the smallest exact-value gap or best-bound frontier; run construction and obstruction lanes in parallel.,medium,OPEN-CANDIDATE — verify current status before launch,Erdős Problems/House of Graphs/specialist tables
KBK-0130,82,B,Graph Theory / Ramsey / Extremal,Association schemes small order,Enumerate and certify the first incomplete orders.,"New exact value, improved bound, new construction, certified nonexistence, classification, or a killed major candidate mechanism.","A01,A02,A05,A06,A15,A16,A21,A22,A26,A32",Locate the smallest exact-value gap or best-bound frontier; run construction and obstruction lanes in parallel.,medium,OPEN-CANDIDATE — verify current status before launch,Erdős Problems/House of Graphs/specialist tables
KBK-0121,82,B,Graph Theory / Ramsey / Extremal,Biregular cages,Compute exact smallest graphs for unresolved degree/girth pairs.,"New exact value, improved bound, new construction, certified nonexistence, classification, or a killed major candidate mechanism.","A01,A02,A05,A06,A15,A16,A21,A22,A26,A32",Locate the smallest exact-value gap or best-bound frontier; run construction and obstruction lanes in parallel.,medium,OPEN-CANDIDATE — verify current status before launch,Erdős Problems/House of Graphs/specialist tables
KBK-0170,82,B,Graph Theory / Ramsey / Extremal,Book thickness / pagenumber,Compute exact values for small graph families.,"New exact value, improved bound, new construction, certified nonexistence, classification, or a killed major candidate mechanism.","A01,A02,A05,A06,A15,A16,A21,A22,A26,A32",Locate the smallest exact-value gap or best-bound frontier; run construction and obstruction lanes in parallel.,medium,OPEN-CANDIDATE — verify current status before launch,Erdős Problems/House of Graphs/specialist tables
KBK-0164,82,B,Graph Theory / Ramsey / Extremal,Brown–Erdős–Sós finite ranges,Push exact finite cases and test candidate extremizers.,"New exact value, improved bound, new construction, certified nonexistence, classification, or a killed major candidate mechanism.","A01,A02,A05,A06,A15,A16,A21,A22,A26,A32",Locate the smallest exact-value gap or best-bound frontier; run construction and obstruction lanes in parallel.,medium,OPEN-CANDIDATE — verify current status before launch,Erdős Problems/House of Graphs/specialist tables
KBK-0143,82,B,Graph Theory / Ramsey / Extremal,Caccetta–Häggkvist small outdegree ratios,Improve exact finite thresholds or special digraph classes.,"New exact value, improved bound, new construction, certified nonexistence, classification, or a killed major candidate mechanism.","A01,A02,A05,A06,A15,A16,A21,A22,A26,A32",Locate the smallest exact-value gap or best-bound frontier; run construction and obstruction lanes in parallel.,medium,OPEN-CANDIDATE — verify current status before launch,Erdős Problems/House of Graphs/specialist tables
KBK-0120,82,B,Graph Theory / Ramsey / Extremal,"Cages n(k,g)",Close first missing minimum-order regular graph cases.,"New exact value, improved bound, new construction, certified nonexistence, classification, or a killed major candidate mechanism.","A01,A02,A05,A06,A15,A16,A21,A22,A26,A32",Locate the smallest exact-value gap or best-bound frontier; run construction and obstruction lanes in parallel.,medium,OPEN-CANDIDATE — verify current status before launch,Erdős Problems/House of Graphs/specialist tables
KBK-0174,82,B,Graph Theory / Ramsey / Extremal,Chromatic number of the plane restricted lattices,Compute exact values for periodic subgraphs and derive rigorous bounds.,"New exact value, improved bound, new construction, certified nonexistence, classification, or a killed major candidate mechanism.","A01,A02,A05,A06,A15,A16,A21,A22,A26,A32",Locate the smallest exact-value gap or best-bound frontier; run construction and obstruction lanes in parallel.,medium,OPEN-CANDIDATE — verify current status before launch,Erdős Problems/House of Graphs/specialist tables
KBK-0131,82,B,Graph Theory / Ramsey / Extremal,Coherent configurations small rank,Classify unresolved orders/ranks with canonical augmentation.,"New exact value, improved bound, new construction, certified nonexistence, classification, or a killed major candidate mechanism.","A01,A02,A05,A06,A15,A16,A21,A22,A26,A32",Locate the smallest exact-value gap or best-bound frontier; run construction and obstruction lanes in parallel.,medium,OPEN-CANDIDATE — verify current status before launch,Erdős Problems/House of Graphs/specialist tables
KBK-0125,82,B,Graph Theory / Ramsey / Extremal,Conway 99-graph problem,Search existence under automorphism and local-neighborhood restrictions.,"New exact value, improved bound, new construction, certified nonexistence, classification, or a killed major candidate mechanism.","A01,A02,A05,A06,A15,A16,A21,A22,A26,A32",Locate the smallest exact-value gap or best-bound frontier; run construction and obstruction lanes in parallel.,medium,OPEN-CANDIDATE — verify current status before launch,Erdős Problems/House of Graphs/specialist tables
KBK-0167,82,B,Graph Theory / Ramsey / Extremal,Crossing number of K_n,Close exact next n using SAT/ILP and topological certificates.,"New exact value, improved bound, new construction, certified nonexistence, classification, or a killed major candidate mechanism.","A01,A02,A05,A06,A15,A16,A21,A22,A26,A32",Locate the smallest exact-value gap or best-bound frontier; run construction and obstruction lanes in parallel.,medium,OPEN-CANDIDATE — verify current status before launch,Erdős Problems/House of Graphs/specialist tables
KBK-0168,82,B,Graph Theory / Ramsey / Extremal,"Crossing number of K_{m,n}",Close first unresolved pairs and verify drawings.,"New exact value, improved bound, new construction, certified nonexistence, classification, or a killed major candidate mechanism.","A01,A02,A05,A06,A15,A16,A21,A22,A26,A32",Locate the smallest exact-value gap or best-bound frontier; run construction and obstruction lanes in parallel.,medium,OPEN-CANDIDATE — verify current status before launch,Erdős Problems/House of Graphs/specialist tables
KBK-0122,82,B,Graph Theory / Ramsey / Extremal,Degree–diameter problem,Improve exact maxima for first unresolved degree/diameter pairs.,"New exact value, improved bound, new construction, certified nonexistence, classification, or a killed major candidate mechanism.","A01,A02,A05,A06,A15,A16,A21,A22,A26,A32",Locate the smallest exact-value gap or best-bound frontier; run construction and obstruction lanes in parallel.,medium,OPEN-CANDIDATE — verify current status before launch,Erdős Problems/House of Graphs/specialist tables
KBK-0105,82,B,Graph Theory / Ramsey / Extremal,Directed Ramsey numbers,Compute exact low-order cases with canonical digraph generation.,"New exact value, improved bound, new construction, certified nonexistence, classification, or a killed major candidate mechanism.","A01,A02,A05,A06,A15,A16,A21,A22,A26,A32",Locate the smallest exact-value gap or best-bound frontier; run construction and obstruction lanes in parallel.,medium,OPEN-CANDIDATE — verify current status before launch,Erdős Problems/House of Graphs/specialist tables
KBK-0128,82,B,Graph Theory / Ramsey / Extremal,Distance-regular graph existence,Attack feasible intersection arrays lacking known graphs.,"New exact value, improved bound, new construction, certified nonexistence, classification, or a killed major candidate mechanism.","A01,A02,A05,A06,A15,A16,A21,A22,A26,A32",Locate the smallest exact-value gap or best-bound frontier; run construction and obstruction lanes in parallel.,medium,OPEN-CANDIDATE — verify current status before launch,Erdős Problems/House of Graphs/specialist tables
KBK-0180,82,B,Graph Theory / Ramsey / Extremal,Dominating cycle conjectures in cubic graphs,Extend exhaustive ranges and identify reducible configurations.,"New exact value, improved bound, new construction, certified nonexistence, classification, or a killed major candidate mechanism.","A01,A02,A05,A06,A15,A16,A21,A22,A26,A32",Locate the smallest exact-value gap or best-bound frontier; run construction and obstruction lanes in parallel.,medium,OPEN-CANDIDATE — verify current status before launch,Erdős Problems/House of Graphs/specialist tables
KBK-0133,82,B,Graph Theory / Ramsey / Extremal,Edge reconstruction conjecture finite frontier,Push verified order and classify near-counterexamples.,"New exact value, improved bound, new construction, certified nonexistence, classification, or a killed major candidate mechanism.","A01,A02,A05,A06,A15,A16,A21,A22,A26,A32",Locate the smallest exact-value gap or best-bound frontier; run construction and obstruction lanes in parallel.,medium,OPEN-CANDIDATE — verify current status before launch,Erdős Problems/House of Graphs/specialist tables
KBK-0158,82,B,Graph Theory / Ramsey / Extremal,Erdős matching conjecture finite unresolved ranges,Close parameter gaps with shifting + exact computation.,"New exact value, improved bound, new construction, certified nonexistence, classification, or a killed major candidate mechanism.","A01,A02,A05,A06,A15,A16,A21,A22,A26,A32",Locate the smallest exact-value gap or best-bound frontier; run construction and obstruction lanes in parallel.,medium,OPEN-CANDIDATE — verify current status before launch,Erdős Problems/House of Graphs/specialist tables
KBK-0166,82,B,Graph Theory / Ramsey / Extremal,Erdős–Faber–Lovász finite structural variants,Classify sharpened or list-coloring versions.,"New exact value, improved bound, new construction, certified nonexistence, classification, or a killed major candidate mechanism.","A01,A02,A05,A06,A15,A16,A21,A22,A26,A32",Locate the smallest exact-value gap or best-bound frontier; run construction and obstruction lanes in parallel.,medium,OPEN-CANDIDATE — verify current status before launch,Erdős Problems/House of Graphs/specialist tables
KBK-0147,82,B,Graph Theory / Ramsey / Extremal,Erdős–Hajnal conjecture for fixed small graphs,Resolve additional six-/seven-vertex forbidden graphs.,"New exact value, improved bound, new construction, certified nonexistence, classification, or a killed major candidate mechanism.","A01,A02,A05,A06,A15,A16,A21,A22,A26,A32",Locate the smallest exact-value gap or best-bound frontier; run construction and obstruction lanes in parallel.,medium,OPEN-CANDIDATE — verify current status before launch,Erdős Problems/House of Graphs/specialist tables
KBK-0111,82,B,Graph Theory / Ramsey / Extremal,Folkman numbers,Determine smallest unresolved vertex/edge Folkman numbers.,"New exact value, improved bound, new construction, certified nonexistence, classification, or a killed major candidate mechanism.","A01,A02,A05,A06,A15,A16,A21,A22,A26,A32",Locate the smallest exact-value gap or best-bound frontier; run construction and obstruction lanes in parallel.,medium,OPEN-CANDIDATE — verify current status before launch,Erdős Problems/House of Graphs/specialist tables
KBK-0146,82,B,Graph Theory / Ramsey / Extremal,Forcing conjecture for bipartite graphs,Classify small graphs and search counterexamples.,"New exact value, improved bound, new construction, certified nonexistence, classification, or a killed major candidate mechanism.","A01,A02,A05,A06,A15,A16,A21,A22,A26,A32",Locate the smallest exact-value gap or best-bound frontier; run construction and obstruction lanes in parallel.,medium,OPEN-CANDIDATE — verify current status before launch,Erdős Problems/House of Graphs/specialist tables
KBK-0156,82,B,Graph Theory / Ramsey / Extremal,Frankl union-closed conjecture special classes,Resolve new structural subclasses.,"New exact value, improved bound, new construction, certified nonexistence, classification, or a killed major candidate mechanism.","A01,A02,A05,A06,A15,A16,A21,A22,A26,A32",Locate the smallest exact-value gap or best-bound frontier; run construction and obstruction lanes in parallel.,medium,OPEN-CANDIDATE — verify current status before launch,Erdős Problems/House of Graphs/specialist tables
KBK-0117,82,B,Graph Theory / Ramsey / Extremal,Gallai–Rado numbers,Close finite exact gaps for graph/color configurations.,"New exact value, improved bound, new construction, certified nonexistence, classification, or a killed major candidate mechanism.","A01,A02,A05,A06,A15,A16,A21,A22,A26,A32",Locate the smallest exact-value gap or best-bound frontier; run construction and obstruction lanes in parallel.,medium,OPEN-CANDIDATE — verify current status before launch,Erdős Problems/House of Graphs/specialist tables
KBK-0119,82,B,Graph Theory / Ramsey / Extremal,Graph Ramsey multiplicity constants finite n,Find exact extremizers and improve asymptotic conjectures.,"New exact value, improved bound, new construction, certified nonexistence, classification, or a killed major candidate mechanism.","A01,A02,A05,A06,A15,A16,A21,A22,A26,A32",Locate the smallest exact-value gap or best-bound frontier; run construction and obstruction lanes in parallel.,medium,OPEN-CANDIDATE — verify current status before launch,Erdős Problems/House of Graphs/specialist tables
KBK-0182,82,B,Graph Theory / Ramsey / Extremal,Graph burning number conjecture,Close exact values for graph families and search finite counterexamples.,"New exact value, improved bound, new construction, certified nonexistence, classification, or a killed major candidate mechanism.","A01,A02,A05,A06,A15,A16,A21,A22,A26,A32",Locate the smallest exact-value gap or best-bound frontier; run construction and obstruction lanes in parallel.,medium,OPEN-CANDIDATE — verify current status before launch,Erdős Problems/House of Graphs/specialist tables
KBK-0178,82,B,Graph Theory / Ramsey / Extremal,Graph decomposition into prescribed trees,Attack bounded cases of Ringel-type conjectures.,"New exact value, improved bound, new construction, certified nonexistence, classification, or a killed major candidate mechanism.","A01,A02,A05,A06,A15,A16,A21,A22,A26,A32",Locate the smallest exact-value gap or best-bound frontier; run construction and obstruction lanes in parallel.,medium,OPEN-CANDIDATE — verify current status before launch,Erdős Problems/House of Graphs/specialist tables
KBK-0132,82,B,Graph Theory / Ramsey / Extremal,Graph reconstruction conjecture finite frontier,Extend exhaustive verification and mine a structural reduction.,"New exact value, improved bound, new construction, certified nonexistence, classification, or a killed major candidate mechanism.","A01,A02,A05,A06,A15,A16,A21,A22,A26,A32",Locate the smallest exact-value gap or best-bound frontier; run construction and obstruction lanes in parallel.,medium,OPEN-CANDIDATE — verify current status before launch,Erdős Problems/House of Graphs/specialist tables
KBK-0149,82,B,Graph Theory / Ramsey / Extremal,Gyárfás–Sumner conjecture for new tree classes,Prove bounded chromatic number for additional forbidden induced trees.,"New exact value, improved bound, new construction, certified nonexistence, classification, or a killed major candidate mechanism.","A01,A02,A05,A06,A15,A16,A21,A22,A26,A32",Locate the smallest exact-value gap or best-bound frontier; run construction and obstruction lanes in parallel.,medium,OPEN-CANDIDATE — verify current status before launch,Erdős Problems/House of Graphs/specialist tables
KBK-0150,82,B,Graph Theory / Ramsey / Extremal,Hadwiger conjecture special graph classes,Extend exact verified classes and derive decompositions.,"New exact value, improved bound, new construction, certified nonexistence, classification, or a killed major candidate mechanism.","A01,A02,A05,A06,A15,A16,A21,A22,A26,A32",Locate the smallest exact-value gap or best-bound frontier; run construction and obstruction lanes in parallel.,medium,OPEN-CANDIDATE — verify current status before launch,Erdős Problems/House of Graphs/specialist tables
KBK-0173,82,B,Graph Theory / Ramsey / Extremal,Hadwiger–Nelson finite unit-distance certificates,Search smaller high-chromatic unit-distance graphs and machine-check coordinates.,"New exact value, improved bound, new construction, certified nonexistence, classification, or a killed major candidate mechanism.","A01,A02,A05,A06,A15,A16,A21,A22,A26,A32",Locate the smallest exact-value gap or best-bound frontier; run construction and obstruction lanes in parallel.,medium,OPEN-CANDIDATE — verify current status before launch,Erdős Problems/House of Graphs/specialist tables
KBK-0151,82,B,Graph Theory / Ramsey / Extremal,Hajós conjecture surviving subclasses,Classify minimal counterexamples in restricted families.,"New exact value, improved bound, new construction, certified nonexistence, classification, or a killed major candidate mechanism.","A01,A02,A05,A06,A15,A16,A21,A22,A26,A32",Locate the smallest exact-value gap or best-bound frontier; run construction and obstruction lanes in parallel.,medium,OPEN-CANDIDATE — verify current status before launch,Erdős Problems/House of Graphs/specialist tables
KBK-0115,82,B,Graph Theory / Ramsey / Extremal,Hales–Jewett numbers small parameters,Compute exact or sharply bounded low-dimensional cases.,"New exact value, improved bound, new construction, certified nonexistence, classification, or a killed major candidate mechanism.","A01,A02,A05,A06,A15,A16,A21,A22,A26,A32",Locate the smallest exact-value gap or best-bound frontier; run construction and obstruction lanes in parallel.,medium,OPEN-CANDIDATE — verify current status before launch,Erdős Problems/House of Graphs/specialist tables
KBK-0141,82,B,Graph Theory / Ramsey / Extremal,Hamiltonicity of Cayley graphs,Close first unresolved group/generating-set cases.,"New exact value, improved bound, new construction, certified nonexistence, classification, or a killed major candidate mechanism.","A01,A02,A05,A06,A15,A16,A21,A22,A26,A32",Locate the smallest exact-value gap or best-bound frontier; run construction and obstruction lanes in parallel.,medium,OPEN-CANDIDATE — verify current status before launch,Erdős Problems/House of Graphs/specialist tables
KBK-0110,82,B,Graph Theory / Ramsey / Extremal,Hypergraph Ramsey numbers,Push exact 3-uniform small parameters with SAT/SDP hybrid bounds.,"New exact value, improved bound, new construction, certified nonexistence, classification, or a killed major candidate mechanism.","A01,A02,A05,A06,A15,A16,A21,A22,A26,A32",Locate the smallest exact-value gap or best-bound frontier; run construction and obstruction lanes in parallel.,medium,OPEN-CANDIDATE — verify current status before launch,Erdős Problems/House of Graphs/specialist tables
KBK-0163,82,B,Graph Theory / Ramsey / Extremal,Hypergraph Turán densities,Improve lower/upper bounds for smallest unresolved 3-graphs.,"New exact value, improved bound, new construction, certified nonexistence, classification, or a killed major candidate mechanism.","A01,A02,A05,A06,A15,A16,A21,A22,A26,A32",Locate the smallest exact-value gap or best-bound frontier; run construction and obstruction lanes in parallel.,medium,OPEN-CANDIDATE — verify current status before launch,Erdős Problems/House of Graphs/specialist tables
KBK-0135,82,B,Graph Theory / Ramsey / Extremal,Hypomorphic digraph pairs,Search smallest unresolved directed reconstruction cases.,"New exact value, improved bound, new construction, certified nonexistence, classification, or a killed major candidate mechanism.","A01,A02,A05,A06,A15,A16,A21,A22,A26,A32",Locate the smallest exact-value gap or best-bound frontier; run construction and obstruction lanes in parallel.,medium,OPEN-CANDIDATE — verify current status before launch,Erdős Problems/House of Graphs/specialist tables
KBK-0107,82,B,Graph Theory / Ramsey / Extremal,Induced Ramsey numbers,Close first finite exact gaps and classify extremal colorings.,"New exact value, improved bound, new construction, certified nonexistence, classification, or a killed major candidate mechanism.","A01,A02,A05,A06,A15,A16,A21,A22,A26,A32",Locate the smallest exact-value gap or best-bound frontier; run construction and obstruction lanes in parallel.,medium,OPEN-CANDIDATE — verify current status before launch,Erdős Problems/House of Graphs/specialist tables
KBK-0109,82,B,Graph Theory / Ramsey / Extremal,List Ramsey numbers,Compute first unknown finite cases.,"New exact value, improved bound, new construction, certified nonexistence, classification, or a killed major candidate mechanism.","A01,A02,A05,A06,A15,A16,A21,A22,A26,A32",Locate the smallest exact-value gap or best-bound frontier; run construction and obstruction lanes in parallel.,medium,OPEN-CANDIDATE — verify current status before launch,Erdős Problems/House of Graphs/specialist tables
KBK-0153,82,B,Graph Theory / Ramsey / Extremal,List coloring extremal functions,Compute exact choosability for graph families and small orders.,"New exact value, improved bound, new construction, certified nonexistence, classification, or a killed major candidate mechanism.","A01,A02,A05,A06,A15,A16,A21,A22,A26,A32",Locate the smallest exact-value gap or best-bound frontier; run construction and obstruction lanes in parallel.,medium,OPEN-CANDIDATE — verify current status before launch,Erdős Problems/House of Graphs/specialist tables
KBK-0185,82,B,Graph Theory / Ramsey / Extremal,Minimum rank problem of graphs,Close first unresolved graph families and field dependencies.,"New exact value, improved bound, new construction, certified nonexistence, classification, or a killed major candidate mechanism.","A01,A02,A05,A06,A15,A16,A21,A22,A26,A32",Locate the smallest exact-value gap or best-bound frontier; run construction and obstruction lanes in parallel.,medium,OPEN-CANDIDATE — verify current status before launch,Erdős Problems/House of Graphs/specialist tables
KBK-0123,82,B,Graph Theory / Ramsey / Extremal,Mixed degree–diameter problem,Find record mixed graphs and certify optimality.,"New exact value, improved bound, new construction, certified nonexistence, classification, or a killed major candidate mechanism.","A01,A02,A05,A06,A15,A16,A21,A22,A26,A32",Locate the smallest exact-value gap or best-bound frontier; run construction and obstruction lanes in parallel.,medium,OPEN-CANDIDATE — verify current status before launch,Erdős Problems/House of Graphs/specialist tables
KBK-0124,82,B,Graph Theory / Ramsey / Extremal,Moore graph of degree 57,"Attack feasible spectra, automorphism groups, local substructures, and SAT-restricted subclasses.","New exact value, improved bound, new construction, certified nonexistence, classification, or a killed major candidate mechanism.","A01,A02,A05,A06,A15,A16,A21,A22,A26,A32",Locate the smallest exact-value gap or best-bound frontier; run construction and obstruction lanes in parallel.,medium,OPEN-CANDIDATE — verify current status before launch,Erdős Problems/House of Graphs/specialist tables
KBK-0103,82,B,Graph Theory / Ramsey / Extremal,Multicolor Ramsey numbers R_k(3),Determine new exact small-k values or improve bounds.,"New exact value, improved bound, new construction, certified nonexistence, classification, or a killed major candidate mechanism.","A01,A02,A05,A06,A15,A16,A21,A22,A26,A32",Locate the smallest exact-value gap or best-bound frontier; run construction and obstruction lanes in parallel.,medium,OPEN-CANDIDATE — verify current status before launch,Erdős Problems/House of Graphs/specialist tables
KBK-0104,82,B,Graph Theory / Ramsey / Extremal,Off-diagonal multicolor Ramsey numbers,Attack smallest unresolved color/target combinations.,"New exact value, improved bound, new construction, certified nonexistence, classification, or a killed major candidate mechanism.","A01,A02,A05,A06,A15,A16,A21,A22,A26,A32",Locate the smallest exact-value gap or best-bound frontier; run construction and obstruction lanes in parallel.,medium,OPEN-CANDIDATE — verify current status before launch,Erdős Problems/House of Graphs/specialist tables
KBK-0106,82,B,Graph Theory / Ramsey / Extremal,Ordered Ramsey numbers,Resolve exact values for small ordered graphs.,"New exact value, improved bound, new construction, certified nonexistence, classification, or a killed major candidate mechanism.","A01,A02,A05,A06,A15,A16,A21,A22,A26,A32",Locate the smallest exact-value gap or best-bound frontier; run construction and obstruction lanes in parallel.,medium,OPEN-CANDIDATE — verify current status before launch,Erdős Problems/House of Graphs/specialist tables
KBK-0154,82,B,Graph Theory / Ramsey / Extremal,Paintability / online list coloring,Determine exact small graph parameters.,"New exact value, improved bound, new construction, certified nonexistence, classification, or a killed major candidate mechanism.","A01,A02,A05,A06,A15,A16,A21,A22,A26,A32",Locate the smallest exact-value gap or best-bound frontier; run construction and obstruction lanes in parallel.,medium,OPEN-CANDIDATE — verify current status before launch,Erdős Problems/House of Graphs/specialist tables
KBK-0118,82,B,Graph Theory / Ramsey / Extremal,Paris–Harrington finite numbers small cases,Compute certified thresholds and formalize them.,"New exact value, improved bound, new construction, certified nonexistence, classification, or a killed major candidate mechanism.","A01,A02,A05,A06,A15,A16,A21,A22,A26,A32",Locate the smallest exact-value gap or best-bound frontier; run construction and obstruction lanes in parallel.,medium,OPEN-CANDIDATE — verify current status before launch,Erdős Problems/House of Graphs/specialist tables
KBK-0171,82,B,Graph Theory / Ramsey / Extremal,Queue number of graph classes,Close exact bounded cases and construct extremizers.,"New exact value, improved bound, new construction, certified nonexistence, classification, or a killed major candidate mechanism.","A01,A02,A05,A06,A15,A16,A21,A22,A26,A32",Locate the smallest exact-value gap or best-bound frontier; run construction and obstruction lanes in parallel.,medium,OPEN-CANDIDATE — verify current status before launch,Erdős Problems/House of Graphs/specialist tables
KBK-0116,82,B,Graph Theory / Ramsey / Extremal,Rado numbers for finite equations,Generate and solve exact values for new equation/color pairs.,"New exact value, improved bound, new construction, certified nonexistence, classification, or a killed major candidate mechanism.","A01,A02,A05,A06,A15,A16,A21,A22,A26,A32",Locate the smallest exact-value gap or best-bound frontier; run construction and obstruction lanes in parallel.,medium,OPEN-CANDIDATE — verify current status before launch,Erdős Problems/House of Graphs/specialist tables
KBK-0101,82,B,Graph Theory / Ramsey / Extremal,"Ramsey number R(4,6)",Close or narrow the exact interval using independent SAT encodings.,"New exact value, improved bound, new construction, certified nonexistence, classification, or a killed major candidate mechanism.","A01,A02,A05,A06,A15,A16,A21,A22,A26,A32",Locate the smallest exact-value gap or best-bound frontier; run construction and obstruction lanes in parallel.,medium,OPEN-CANDIDATE — verify current status before launch,Erdős Problems/House of Graphs/specialist tables
KBK-0100,82,B,Graph Theory / Ramsey / Extremal,"Ramsey number R(5,5)","Improve lower or upper bounds via graph generation, SAT certificates, or structural lemmas.","New exact value, improved bound, new construction, certified nonexistence, classification, or a killed major candidate mechanism.","A01,A02,A05,A06,A15,A16,A21,A22,A26,A32",Locate the smallest exact-value gap or best-bound frontier; run construction and obstruction lanes in parallel.,medium,OPEN-CANDIDATE — verify current status before launch,Erdős Problems/House of Graphs/specialist tables
KBK-0134,82,B,Graph Theory / Ramsey / Extremal,Reconstruction from decks with missing cards,Find exact robustness thresholds for small graph classes.,"New exact value, improved bound, new construction, certified nonexistence, classification, or a killed major candidate mechanism.","A01,A02,A05,A06,A15,A16,A21,A22,A26,A32",Locate the smallest exact-value gap or best-bound frontier; run construction and obstruction lanes in parallel.,medium,OPEN-CANDIDATE — verify current status before launch,Erdős Problems/House of Graphs/specialist tables
KBK-0169,82,B,Graph Theory / Ramsey / Extremal,Rectilinear crossing numbers,Improve exact values for complete and complete bipartite graphs.,"New exact value, improved bound, new construction, certified nonexistence, classification, or a killed major candidate mechanism.","A01,A02,A05,A06,A15,A16,A21,A22,A26,A32",Locate the smallest exact-value gap or best-bound frontier; run construction and obstruction lanes in parallel.,medium,OPEN-CANDIDATE — verify current status before launch,Erdős Problems/House of Graphs/specialist tables
KBK-0176,82,B,Graph Theory / Ramsey / Extremal,Ringel–Kotzig graceful labeling conjecture,Resolve new tree families and smallest unknown examples.,"New exact value, improved bound, new construction, certified nonexistence, classification, or a killed major candidate mechanism.","A01,A02,A05,A06,A15,A16,A21,A22,A26,A32",Locate the smallest exact-value gap or best-bound frontier; run construction and obstruction lanes in parallel.,medium,OPEN-CANDIDATE — verify current status before launch,Erdős Problems/House of Graphs/specialist tables
KBK-0165,82,B,Graph Theory / Ramsey / Extremal,Ruzsa–Szemerédi induced matching constructions,Find improved explicit finite constructions.,"New exact value, improved bound, new construction, certified nonexistence, classification, or a killed major candidate mechanism.","A01,A02,A05,A06,A15,A16,A21,A22,A26,A32",Locate the smallest exact-value gap or best-bound frontier; run construction and obstruction lanes in parallel.,medium,OPEN-CANDIDATE — verify current status before launch,Erdős Problems/House of Graphs/specialist tables
KBK-0159,82,B,Graph Theory / Ramsey / Extremal,Ryser conjecture for r-partite hypergraphs,Resolve small r or bounded matching-number cases.,"New exact value, improved bound, new construction, certified nonexistence, classification, or a killed major candidate mechanism.","A01,A02,A05,A06,A15,A16,A21,A22,A26,A32",Locate the smallest exact-value gap or best-bound frontier; run construction and obstruction lanes in parallel.,medium,OPEN-CANDIDATE — verify current status before launch,Erdős Problems/House of Graphs/specialist tables
KBK-0112,82,B,Graph Theory / Ramsey / Extremal,Schur numbers,Improve bounds or classify extremal sum-free colorings for the next k.,"New exact value, improved bound, new construction, certified nonexistence, classification, or a killed major candidate mechanism.","A01,A02,A05,A06,A15,A16,A21,A22,A26,A32",Locate the smallest exact-value gap or best-bound frontier; run construction and obstruction lanes in parallel.,medium,OPEN-CANDIDATE — verify current status before launch,Erdős Problems/House of Graphs/specialist tables
KBK-0145,82,B,Graph Theory / Ramsey / Extremal,Sidorenko conjecture for specific unresolved graphs,"Use flag algebras, graphons, and exact inequalities for the smallest open H.","New exact value, improved bound, new construction, certified nonexistence, classification, or a killed major candidate mechanism.","A01,A02,A05,A06,A15,A16,A21,A22,A26,A32",Locate the smallest exact-value gap or best-bound frontier; run construction and obstruction lanes in parallel.,medium,OPEN-CANDIDATE — verify current status before launch,Erdős Problems/House of Graphs/specialist tables
KBK-0108,82,B,Graph Theory / Ramsey / Extremal,Size Ramsey numbers,"Improve exact values for paths, cycles, trees, and small graphs.","New exact value, improved bound, new construction, certified nonexistence, classification, or a killed major candidate mechanism.","A01,A02,A05,A06,A15,A16,A21,A22,A26,A32",Locate the smallest exact-value gap or best-bound frontier; run construction and obstruction lanes in parallel.,medium,OPEN-CANDIDATE — verify current status before launch,Erdős Problems/House of Graphs/specialist tables
KBK-0148,82,B,Graph Theory / Ramsey / Extremal,Strong Erdős–Hajnal property,Find new graph classes with explicit exponents.,"New exact value, improved bound, new construction, certified nonexistence, classification, or a killed major candidate mechanism.","A01,A02,A05,A06,A15,A16,A21,A22,A26,A32",Locate the smallest exact-value gap or best-bound frontier; run construction and obstruction lanes in parallel.,medium,OPEN-CANDIDATE — verify current status before launch,Erdős Problems/House of Graphs/specialist tables
KBK-0126,82,B,Graph Theory / Ramsey / Extremal,Strongly regular graph parameter existence,Resolve smallest feasible-but-unknown parameter sets.,"New exact value, improved bound, new construction, certified nonexistence, classification, or a killed major candidate mechanism.","A01,A02,A05,A06,A15,A16,A21,A22,A26,A32",Locate the smallest exact-value gap or best-bound frontier; run construction and obstruction lanes in parallel.,medium,OPEN-CANDIDATE — verify current status before launch,Erdős Problems/House of Graphs/specialist tables
KBK-0157,82,B,Graph Theory / Ramsey / Extremal,"Sunflower conjecture finite k,r",Improve exact thresholds and classify extremal families.,"New exact value, improved bound, new construction, certified nonexistence, classification, or a killed major candidate mechanism.","A01,A02,A05,A06,A15,A16,A21,A22,A26,A32",Locate the smallest exact-value gap or best-bound frontier; run construction and obstruction lanes in parallel.,medium,OPEN-CANDIDATE — verify current status before launch,Erdős Problems/House of Graphs/specialist tables
KBK-0172,82,B,Graph Theory / Ramsey / Extremal,Thickness and geometric thickness,Determine exact values for first unresolved complete/multipartite graphs.,"New exact value, improved bound, new construction, certified nonexistence, classification, or a killed major candidate mechanism.","A01,A02,A05,A06,A15,A16,A21,A22,A26,A32",Locate the smallest exact-value gap or best-bound frontier; run construction and obstruction lanes in parallel.,medium,OPEN-CANDIDATE — verify current status before launch,Erdős Problems/House of Graphs/specialist tables
KBK-0152,82,B,Graph Theory / Ramsey / Extremal,Total coloring conjecture small maximum degree,Close first unresolved graph classes and order ranges.,"New exact value, improved bound, new construction, certified nonexistence, classification, or a killed major candidate mechanism.","A01,A02,A05,A06,A15,A16,A21,A22,A26,A32",Locate the smallest exact-value gap or best-bound frontier; run construction and obstruction lanes in parallel.,medium,OPEN-CANDIDATE — verify current status before launch,Erdős Problems/House of Graphs/specialist tables
KBK-0181,82,B,Graph Theory / Ramsey / Extremal,Toughness versus Hamiltonicity thresholds,Find exact small-order extremizers and sharpen sufficient bounds.,"New exact value, improved bound, new construction, certified nonexistence, classification, or a killed major candidate mechanism.","A01,A02,A05,A06,A15,A16,A21,A22,A26,A32",Locate the smallest exact-value gap or best-bound frontier; run construction and obstruction lanes in parallel.,medium,OPEN-CANDIDATE — verify current status before launch,Erdős Problems/House of Graphs/specialist tables
KBK-0162,82,B,Graph Theory / Ramsey / Extremal,"Turán numbers ex(n,H) for small H",Compute exact first unknown n and infer formulas.,"New exact value, improved bound, new construction, certified nonexistence, classification, or a killed major candidate mechanism.","A01,A02,A05,A06,A15,A16,A21,A22,A26,A32",Locate the smallest exact-value gap or best-bound frontier; run construction and obstruction lanes in parallel.,medium,OPEN-CANDIDATE — verify current status before launch,Erdős Problems/House of Graphs/specialist tables
KBK-0139,82,B,Graph Theory / Ramsey / Extremal,Tutte 3-flow conjecture special classes,Resolve new graph classes or improve connectivity thresholds.,"New exact value, improved bound, new construction, certified nonexistence, classification, or a killed major candidate mechanism.","A01,A02,A05,A06,A15,A16,A21,A22,A26,A32",Locate the smallest exact-value gap or best-bound frontier; run construction and obstruction lanes in parallel.,medium,OPEN-CANDIDATE — verify current status before launch,Erdős Problems/House of Graphs/specialist tables
KBK-0160,82,B,Graph Theory / Ramsey / Extremal,Tuza triangle packing-covering conjecture,Push exact graph census and prove new classes.,"New exact value, improved bound, new construction, certified nonexistence, classification, or a killed major candidate mechanism.","A01,A02,A05,A06,A15,A16,A21,A22,A26,A32",Locate the smallest exact-value gap or best-bound frontier; run construction and obstruction lanes in parallel.,medium,OPEN-CANDIDATE — verify current status before launch,Erdős Problems/House of Graphs/specialist tables
KBK-0155,82,B,Graph Theory / Ramsey / Extremal,Union-closed sets conjecture finite frontier,Push exhaustive family size/ground-set bounds and mine frequency lemmas.,"New exact value, improved bound, new construction, certified nonexistence, classification, or a killed major candidate mechanism.","A01,A02,A05,A06,A15,A16,A21,A22,A26,A32",Locate the smallest exact-value gap or best-bound frontier; run construction and obstruction lanes in parallel.,medium,OPEN-CANDIDATE — verify current status before launch,Erdős Problems/House of Graphs/specialist tables
KBK-0114,82,B,Graph Theory / Ramsey / Extremal,Van der Waerden numbers,Improve exact lower/upper bounds for small color/length pairs.,"New exact value, improved bound, new construction, certified nonexistence, classification, or a killed major candidate mechanism.","A01,A02,A05,A06,A15,A16,A21,A22,A26,A32",Locate the smallest exact-value gap or best-bound frontier; run construction and obstruction lanes in parallel.,medium,OPEN-CANDIDATE — verify current status before launch,Erdős Problems/House of Graphs/specialist tables
KBK-0113,82,B,Graph Theory / Ramsey / Extremal,Weak Schur numbers,Close exact next values with symmetry-aware SAT.,"New exact value, improved bound, new construction, certified nonexistence, classification, or a killed major candidate mechanism.","A01,A02,A05,A06,A15,A16,A21,A22,A26,A32",Locate the smallest exact-value gap or best-bound frontier; run construction and obstruction lanes in parallel.,medium,OPEN-CANDIDATE — verify current status before launch,Erdős Problems/House of Graphs/specialist tables
KBK-0161,82,B,Graph Theory / Ramsey / Extremal,"Zarankiewicz numbers z(m,n;s,t)",Close exact small table gaps and classify extremal matrices.,"New exact value, improved bound, new construction, certified nonexistence, classification, or a killed major candidate mechanism.","A01,A02,A05,A06,A15,A16,A21,A22,A26,A32",Locate the smallest exact-value gap or best-bound frontier; run construction and obstruction lanes in parallel.,medium,OPEN-CANDIDATE — verify current status before launch,Erdős Problems/House of Graphs/specialist tables
KBK-0184,82,B,Graph Theory / Ramsey / Extremal,Zero forcing extremal problems,Compute exact maxima/minima and classify extremizers.,"New exact value, improved bound, new construction, certified nonexistence, classification, or a killed major candidate mechanism.","A01,A02,A05,A06,A15,A16,A21,A22,A26,A32",Locate the smallest exact-value gap or best-bound frontier; run construction and obstruction lanes in parallel.,medium,OPEN-CANDIDATE — verify current status before launch,Erdős Problems/House of Graphs/specialist tables
KBK-0452,82,B,Topology / Knots / Manifolds,Cabling conjecture bounded census,Search reducible surgeries with normal-surface certificates.,"New exact value, improved bound, new construction, certified nonexistence, classification, or a killed major candidate mechanism.","A02,A05,A11,A12,A17,A21,A22,A26,A35,A38",Start from a bounded census; compute independent invariants; search the smallest unresolved knot/manifold and certify with normal-surface or Floer data.,medium,OPEN-CANDIDATE — verify current status before launch,K3 problem list/KnotInfo/Regina/SnapPy literature
KBK-0451,82,B,Topology / Knots / Manifolds,Cosmetic surgery conjecture bounded census,Verify larger knot tables and classify near-collisions.,"New exact value, improved bound, new construction, certified nonexistence, classification, or a killed major candidate mechanism.","A02,A05,A11,A12,A17,A21,A22,A26,A35,A38",Start from a bounded census; compute independent invariants; search the smallest unresolved knot/manifold and certify with normal-surface or Floer data.,medium,OPEN-CANDIDATE — verify current status before launch,K3 problem list/KnotInfo/Regina/SnapPy literature
KBK-0465,82,B,Topology / Knots / Manifolds,Jones polynomial unknot detection bounded census,Search collisions and prove family-specific detection.,"New exact value, improved bound, new construction, certified nonexistence, classification, or a killed major candidate mechanism.","A02,A05,A11,A12,A17,A21,A22,A26,A35,A38",Start from a bounded census; compute independent invariants; search the smallest unresolved knot/manifold and certify with normal-surface or Floer data.,medium,OPEN-CANDIDATE — verify current status before launch,K3 problem list/KnotInfo/Regina/SnapPy literature
KBK-0447,82,B,Topology / Knots / Manifolds,Slice–ribbon conjecture bounded knot census,Search first candidate counterexamples and certify slice/ribbon obstructions.,"New exact value, improved bound, new construction, certified nonexistence, classification, or a killed major candidate mechanism.","A02,A05,A11,A12,A17,A21,A22,A26,A35,A38",Start from a bounded census; compute independent invariants; search the smallest unresolved knot/manifold and certify with normal-surface or Floer data.,medium,OPEN-CANDIDATE — verify current status before launch,K3 problem list/KnotInfo/Regina/SnapPy literature
KBK-0230,80,B,Additive / Combinatorial Number Theory,Addition-chain length frontier,Compute exact values at first unknown n and mine structural lower bounds.,"New exact value, improved bound, new construction, certified nonexistence, classification, or a killed major candidate mechanism.","A09,A10,A13,A14,A17,A18,A22,A23,A24,A32","Reproduce the best finite data, detect the first unknown parameter, then alternate construction search and upper-bound certificates.",medium,OPEN-CANDIDATE — verify current status before launch,Erdős Problems/OEIS/papers
KBK-0220,80,B,Additive / Combinatorial Number Theory,Anti-Waring numbers beyond k=6,Develop compressed exact algorithms and certified intervals.,"New exact value, improved bound, new construction, certified nonexistence, classification, or a killed major candidate mechanism.","A09,A10,A13,A14,A17,A18,A22,A23,A24,A32","Reproduce the best finite data, detect the first unknown parameter, then alternate construction search and upper-bound certificates.",medium,OPEN-CANDIDATE — verify current status before launch,Erdős Problems/OEIS/papers
KBK-0205,80,B,Additive / Combinatorial Number Theory,Balog–Szemerédi–Gowers quantitative constants,Optimize exact finite constants and build conjectures.,"New exact value, improved bound, new construction, certified nonexistence, classification, or a killed major candidate mechanism.","A09,A10,A13,A14,A17,A18,A22,A23,A24,A32","Reproduce the best finite data, detect the first unknown parameter, then alternate construction search and upper-bound certificates.",medium,OPEN-CANDIDATE — verify current status before launch,Erdős Problems/OEIS/papers
KBK-0224,80,B,Additive / Combinatorial Number Theory,Barker sequence nonexistence lengths,Extend rigorous exclusions and symmetry classes.,"New exact value, improved bound, new construction, certified nonexistence, classification, or a killed major candidate mechanism.","A09,A10,A13,A14,A17,A18,A22,A23,A24,A32","Reproduce the best finite data, detect the first unknown parameter, then alternate construction search and upper-bound certificates.",medium,OPEN-CANDIDATE — verify current status before launch,Erdős Problems/OEIS/papers
KBK-0252,80,B,Additive / Combinatorial Number Theory,Binomial coefficient divisibility patterns,Mine congruence conjectures and prove automaton-based cases.,"New exact value, improved bound, new construction, certified nonexistence, classification, or a killed major candidate mechanism.","A09,A10,A13,A14,A17,A18,A22,A23,A24,A32","Reproduce the best finite data, detect the first unknown parameter, then alternate construction search and upper-bound certificates.",medium,OPEN-CANDIDATE — verify current status before launch,Erdős Problems/OEIS/papers
KBK-0236,80,B,Additive / Combinatorial Number Theory,Covering systems with distinct moduli,Classify small systems and sharpen minimum modulus bounds.,"New exact value, improved bound, new construction, certified nonexistence, classification, or a killed major candidate mechanism.","A09,A10,A13,A14,A17,A18,A22,A23,A24,A32","Reproduce the best finite data, detect the first unknown parameter, then alternate construction search and upper-bound certificates.",medium,OPEN-CANDIDATE — verify current status before launch,Erdős Problems/OEIS/papers
KBK-0238,80,B,Additive / Combinatorial Number Theory,Disjoint covering systems,Resolve first unknown cardinalities.,"New exact value, improved bound, new construction, certified nonexistence, classification, or a killed major candidate mechanism.","A09,A10,A13,A14,A17,A18,A22,A23,A24,A32","Reproduce the best finite data, detect the first unknown parameter, then alternate construction search and upper-bound certificates.",medium,OPEN-CANDIDATE — verify current status before launch,Erdős Problems/OEIS/papers
KBK-0192,80,B,Additive / Combinatorial Number Theory,Dissociated sets in finite groups,Compute exact maxima and classify optimal sets.,"New exact value, improved bound, new construction, certified nonexistence, classification, or a killed major candidate mechanism.","A09,A10,A13,A14,A17,A18,A22,A23,A24,A32","Reproduce the best finite data, detect the first unknown parameter, then alternate construction search and upper-bound certificates.",medium,OPEN-CANDIDATE — verify current status before launch,Erdős Problems/OEIS/papers
KBK-0211,80,B,Additive / Combinatorial Number Theory,Distinct distances in integer grids,Find record configurations and exact small n.,"New exact value, improved bound, new construction, certified nonexistence, classification, or a killed major candidate mechanism.","A09,A10,A13,A14,A17,A18,A22,A23,A24,A32","Reproduce the best finite data, detect the first unknown parameter, then alternate construction search and upper-bound certificates.",medium,OPEN-CANDIDATE — verify current status before launch,Erdős Problems/OEIS/papers
KBK-0243,80,B,Additive / Combinatorial Number Theory,Distinct subset products,Compute extremal finite sets and structural bounds.,"New exact value, improved bound, new construction, certified nonexistence, classification, or a killed major candidate mechanism.","A09,A10,A13,A14,A17,A18,A22,A23,A24,A32","Reproduce the best finite data, detect the first unknown parameter, then alternate construction search and upper-bound certificates.",medium,OPEN-CANDIDATE — verify current status before launch,Erdős Problems/OEIS/papers
KBK-0246,80,B,Additive / Combinatorial Number Theory,Divisor graph Hamilton paths,Compute exact finite thresholds and constructions.,"New exact value, improved bound, new construction, certified nonexistence, classification, or a killed major candidate mechanism.","A09,A10,A13,A14,A17,A18,A22,A23,A24,A32","Reproduce the best finite data, detect the first unknown parameter, then alternate construction search and upper-bound certificates.",medium,OPEN-CANDIDATE — verify current status before launch,Erdős Problems/OEIS/papers
KBK-0250,80,B,Additive / Combinatorial Number Theory,Egyptian fraction covering systems,Search parametric constructions via exact cover.,"New exact value, improved bound, new construction, certified nonexistence, classification, or a killed major candidate mechanism.","A09,A10,A13,A14,A17,A18,A22,A23,A24,A32","Reproduce the best finite data, detect the first unknown parameter, then alternate construction search and upper-bound certificates.",medium,OPEN-CANDIDATE — verify current status before launch,Erdős Problems/OEIS/papers
KBK-0247,80,B,Additive / Combinatorial Number Theory,Egyptian fraction length minimization,Find optimal decompositions and lower-bound certificates.,"New exact value, improved bound, new construction, certified nonexistence, classification, or a killed major candidate mechanism.","A09,A10,A13,A14,A17,A18,A22,A23,A24,A32","Reproduce the best finite data, detect the first unknown parameter, then alternate construction search and upper-bound certificates.",medium,OPEN-CANDIDATE — verify current status before launch,Erdős Problems/OEIS/papers
KBK-0208,80,B,Additive / Combinatorial Number Theory,Erdős–Ginzburg–Ziv constants,Close small noncyclic group cases.,"New exact value, improved bound, new construction, certified nonexistence, classification, or a killed major candidate mechanism.","A09,A10,A13,A14,A17,A18,A22,A23,A24,A32","Reproduce the best finite data, detect the first unknown parameter, then alternate construction search and upper-bound certificates.",medium,OPEN-CANDIDATE — verify current status before launch,Erdős Problems/OEIS/papers
KBK-0249,80,B,Additive / Combinatorial Number Theory,Erdős–Graham unit-fraction coloring variants,Compute finite thresholds and structural lemmas.,"New exact value, improved bound, new construction, certified nonexistence, classification, or a killed major candidate mechanism.","A09,A10,A13,A14,A17,A18,A22,A23,A24,A32","Reproduce the best finite data, detect the first unknown parameter, then alternate construction search and upper-bound certificates.",medium,OPEN-CANDIDATE — verify current status before launch,Erdős Problems/OEIS/papers
KBK-0214,80,B,Additive / Combinatorial Number Theory,Erdős–Heilbronn restricted sumsets finite groups,Sharpen constants and classify equality cases.,"New exact value, improved bound, new construction, certified nonexistence, classification, or a killed major candidate mechanism.","A09,A10,A13,A14,A17,A18,A22,A23,A24,A32","Reproduce the best finite data, detect the first unknown parameter, then alternate construction search and upper-bound certificates.",medium,OPEN-CANDIDATE — verify current status before launch,Erdős Problems/OEIS/papers
KBK-0222,80,B,Additive / Combinatorial Number Theory,Erdős–Moser subset-sum variants,Search exact finite counterexamples and structure.,"New exact value, improved bound, new construction, certified nonexistence, classification, or a killed major candidate mechanism.","A09,A10,A13,A14,A17,A18,A22,A23,A24,A32","Reproduce the best finite data, detect the first unknown parameter, then alternate construction search and upper-bound certificates.",medium,OPEN-CANDIDATE — verify current status before launch,Erdős Problems/OEIS/papers
KBK-0212,80,B,Additive / Combinatorial Number Theory,Erdős–Szekeres convex polygon numbers,Close exact next n or improve bounds.,"New exact value, improved bound, new construction, certified nonexistence, classification, or a killed major candidate mechanism.","A09,A10,A13,A14,A17,A18,A22,A23,A24,A32","Reproduce the best finite data, detect the first unknown parameter, then alternate construction search and upper-bound certificates.",medium,OPEN-CANDIDATE — verify current status before launch,Erdős Problems/OEIS/papers
KBK-0200,80,B,Additive / Combinatorial Number Theory,Erdős–Szemerédi distinct sums/products finite frontier,Compute exact minima for next set sizes.,"New exact value, improved bound, new construction, certified nonexistence, classification, or a killed major candidate mechanism.","A09,A10,A13,A14,A17,A18,A22,A23,A24,A32","Reproduce the best finite data, detect the first unknown parameter, then alternate construction search and upper-bound certificates.",medium,OPEN-CANDIDATE — verify current status before launch,Erdős Problems/OEIS/papers
KBK-0235,80,B,Additive / Combinatorial Number Theory,Erdős–Turán Sidon basis tension,Search finite hybrid constructions and obstruction inequalities.,"New exact value, improved bound, new construction, certified nonexistence, classification, or a killed major candidate mechanism.","A09,A10,A13,A14,A17,A18,A22,A23,A24,A32","Reproduce the best finite data, detect the first unknown parameter, then alternate construction search and upper-bound certificates.",medium,OPEN-CANDIDATE — verify current status before launch,Erdős Problems/OEIS/papers
KBK-0186,80,B,Additive / Combinatorial Number Theory,Erdős–Turán additive basis conjecture,Attack finite representation-function thresholds and restricted basis classes.,"New exact value, improved bound, new construction, certified nonexistence, classification, or a killed major candidate mechanism.","A09,A10,A13,A14,A17,A18,A22,A23,A24,A32","Reproduce the best finite data, detect the first unknown parameter, then alternate construction search and upper-bound certificates.",medium,OPEN-CANDIDATE — verify current status before launch,Erdős Problems/OEIS/papers
KBK-0203,80,B,Additive / Combinatorial Number Theory,Freiman dimension lemma sharpenings finite groups,Find exact constants and extremal examples.,"New exact value, improved bound, new construction, certified nonexistence, classification, or a killed major candidate mechanism.","A09,A10,A13,A14,A17,A18,A22,A23,A24,A32","Reproduce the best finite data, detect the first unknown parameter, then alternate construction search and upper-bound certificates.",medium,OPEN-CANDIDATE — verify current status before launch,Erdős Problems/OEIS/papers
KBK-0194,80,B,Additive / Combinatorial Number Theory,Generalized Sidon B_h sets,Improve finite exact values and asymptotic constants.,"New exact value, improved bound, new construction, certified nonexistence, classification, or a killed major candidate mechanism.","A09,A10,A13,A14,A17,A18,A22,A23,A24,A32","Reproduce the best finite data, detect the first unknown parameter, then alternate construction search and upper-bound certificates.",medium,OPEN-CANDIDATE — verify current status before launch,Erdős Problems/OEIS/papers
KBK-0225,80,B,Additive / Combinatorial Number Theory,Golay complementary pairs,Resolve existence for new lengths and alphabets.,"New exact value, improved bound, new construction, certified nonexistence, classification, or a killed major candidate mechanism.","A09,A10,A13,A14,A17,A18,A22,A23,A24,A32","Reproduce the best finite data, detect the first unknown parameter, then alternate construction search and upper-bound certificates.",medium,OPEN-CANDIDATE — verify current status before launch,Erdős Problems/OEIS/papers
KBK-0213,80,B,Additive / Combinatorial Number Theory,Happy ending problem variants,"Attack cups/caps, empty polygons, and colored exact cases.","New exact value, improved bound, new construction, certified nonexistence, classification, or a killed major candidate mechanism.","A09,A10,A13,A14,A17,A18,A22,A23,A24,A32","Reproduce the best finite data, detect the first unknown parameter, then alternate construction search and upper-bound certificates.",medium,OPEN-CANDIDATE — verify current status before launch,Erdős Problems/OEIS/papers
KBK-0209,80,B,Additive / Combinatorial Number Theory,Harborth constant,Compute exact values for unresolved finite abelian groups.,"New exact value, improved bound, new construction, certified nonexistence, classification, or a killed major candidate mechanism.","A09,A10,A13,A14,A17,A18,A22,A23,A24,A32","Reproduce the best finite data, detect the first unknown parameter, then alternate construction search and upper-bound certificates.",medium,OPEN-CANDIDATE — verify current status before launch,Erdős Problems/OEIS/papers
KBK-0218,80,B,Additive / Combinatorial Number Theory,Hilbert cube-free sets,Improve finite exact sizes and constructions.,"New exact value, improved bound, new construction, certified nonexistence, classification, or a killed major candidate mechanism.","A09,A10,A13,A14,A17,A18,A22,A23,A24,A32","Reproduce the best finite data, detect the first unknown parameter, then alternate construction search and upper-bound certificates.",medium,OPEN-CANDIDATE — verify current status before launch,Erdős Problems/OEIS/papers
KBK-0199,80,B,Additive / Combinatorial Number Theory,Integer sum-product finite sets,Search extremal sets and infer structural lemmas.,"New exact value, improved bound, new construction, certified nonexistence, classification, or a killed major candidate mechanism.","A09,A10,A13,A14,A17,A18,A22,A23,A24,A32","Reproduce the best finite data, detect the first unknown parameter, then alternate construction search and upper-bound certificates.",medium,OPEN-CANDIDATE — verify current status before launch,Erdős Problems/OEIS/papers
KBK-0240,80,B,Additive / Combinatorial Number Theory,Jacobsthal function h(n),"Compute records, exact values, and improved bounds.","New exact value, improved bound, new construction, certified nonexistence, classification, or a killed major candidate mechanism.","A09,A10,A13,A14,A17,A18,A22,A23,A24,A32","Reproduce the best finite data, detect the first unknown parameter, then alternate construction search and upper-bound certificates.",medium,OPEN-CANDIDATE — verify current status before launch,Erdős Problems/OEIS/papers
KBK-0223,80,B,Additive / Combinatorial Number Theory,Littlewood polynomials merit factor,"Find record sequences, asymptotic families, or certified bounds.","New exact value, improved bound, new construction, certified nonexistence, classification, or a killed major candidate mechanism.","A09,A10,A13,A14,A17,A18,A22,A23,A24,A32","Reproduce the best finite data, detect the first unknown parameter, then alternate construction search and upper-bound certificates.",medium,OPEN-CANDIDATE — verify current status before launch,Erdős Problems/OEIS/papers
KBK-0242,80,B,Additive / Combinatorial Number Theory,Lonely runner conjecture finite dimensions,Close exact small n and classify extremal velocities.,"New exact value, improved bound, new construction, certified nonexistence, classification, or a killed major candidate mechanism.","A09,A10,A13,A14,A17,A18,A22,A23,A24,A32","Reproduce the best finite data, detect the first unknown parameter, then alternate construction search and upper-bound certificates.",medium,OPEN-CANDIDATE — verify current status before launch,Erdős Problems/OEIS/papers
KBK-0190,80,B,Additive / Combinatorial Number Theory,Moser cube problem,Determine exact maximum subsets avoiding geometric lines in the next dimension.,"New exact value, improved bound, new construction, certified nonexistence, classification, or a killed major candidate mechanism.","A09,A10,A13,A14,A17,A18,A22,A23,A24,A32","Reproduce the best finite data, detect the first unknown parameter, then alternate construction search and upper-bound certificates.",medium,OPEN-CANDIDATE — verify current status before launch,Erdős Problems/OEIS/papers
KBK-0244,80,B,Additive / Combinatorial Number Theory,Multiplicative Sidon sets,Improve exact finite maxima and constructions.,"New exact value, improved bound, new construction, certified nonexistence, classification, or a killed major candidate mechanism.","A09,A10,A13,A14,A17,A18,A22,A23,A24,A32","Reproduce the best finite data, detect the first unknown parameter, then alternate construction search and upper-bound certificates.",medium,OPEN-CANDIDATE — verify current status before launch,Erdős Problems/OEIS/papers
KBK-0228,80,B,Additive / Combinatorial Number Theory,Newman polynomials with small Mahler measure,Find records and certify roots/measures.,"New exact value, improved bound, new construction, certified nonexistence, classification, or a killed major candidate mechanism.","A09,A10,A13,A14,A17,A18,A22,A23,A24,A32","Reproduce the best finite data, detect the first unknown parameter, then alternate construction search and upper-bound certificates.",medium,OPEN-CANDIDATE — verify current status before launch,Erdős Problems/OEIS/papers
KBK-0210,80,B,Additive / Combinatorial Number Theory,No-three-in-line problem,Improve exact maxima and constructions on n x n grids.,"New exact value, improved bound, new construction, certified nonexistence, classification, or a killed major candidate mechanism.","A09,A10,A13,A14,A17,A18,A22,A23,A24,A32","Reproduce the best finite data, detect the first unknown parameter, then alternate construction search and upper-bound certificates.",medium,OPEN-CANDIDATE — verify current status before launch,Erdős Problems/OEIS/papers
KBK-0237,80,B,Additive / Combinatorial Number Theory,Odd covering systems,Search minimum examples and structural obstructions.,"New exact value, improved bound, new construction, certified nonexistence, classification, or a killed major candidate mechanism.","A09,A10,A13,A14,A17,A18,A22,A23,A24,A32","Reproduce the best finite data, detect the first unknown parameter, then alternate construction search and upper-bound certificates.",medium,OPEN-CANDIDATE — verify current status before launch,Erdős Problems/OEIS/papers
KBK-0253,80,B,Additive / Combinatorial Number Theory,Pascal triangle residue avoidance,Compute exact longest runs and finite-state structure.,"New exact value, improved bound, new construction, certified nonexistence, classification, or a killed major candidate mechanism.","A09,A10,A13,A14,A17,A18,A22,A23,A24,A32","Reproduce the best finite data, detect the first unknown parameter, then alternate construction search and upper-bound certificates.",medium,OPEN-CANDIDATE — verify current status before launch,Erdős Problems/OEIS/papers
KBK-0226,80,B,Additive / Combinatorial Number Theory,Perfect sequences and cyclic n-roots,Classify small lengths and certify nonexistence.,"New exact value, improved bound, new construction, certified nonexistence, classification, or a killed major candidate mechanism.","A09,A10,A13,A14,A17,A18,A22,A23,A24,A32","Reproduce the best finite data, detect the first unknown parameter, then alternate construction search and upper-bound certificates.",medium,OPEN-CANDIDATE — verify current status before launch,Erdős Problems/OEIS/papers
KBK-0204,80,B,Additive / Combinatorial Number Theory,Polynomial Freiman–Ruzsa finite experiments,Search best constants and hard examples in F_2^n.,"New exact value, improved bound, new construction, certified nonexistence, classification, or a killed major candidate mechanism.","A09,A10,A13,A14,A17,A18,A22,A23,A24,A32","Reproduce the best finite data, detect the first unknown parameter, then alternate construction search and upper-bound certificates.",medium,OPEN-CANDIDATE — verify current status before launch,Erdős Problems/OEIS/papers
KBK-0232,80,B,Additive / Combinatorial Number Theory,Postage stamp problem,"Close exact h,k values and classify optimal bases.","New exact value, improved bound, new construction, certified nonexistence, classification, or a killed major candidate mechanism.","A09,A10,A13,A14,A17,A18,A22,A23,A24,A32","Reproduce the best finite data, detect the first unknown parameter, then alternate construction search and upper-bound certificates.",medium,OPEN-CANDIDATE — verify current status before launch,Erdős Problems/OEIS/papers
KBK-0241,80,B,Additive / Combinatorial Number Theory,Prime-avoiding sequences,Find maximal runs and explicit constructions.,"New exact value, improved bound, new construction, certified nonexistence, classification, or a killed major candidate mechanism.","A09,A10,A13,A14,A17,A18,A22,A23,A24,A32","Reproduce the best finite data, detect the first unknown parameter, then alternate construction search and upper-bound certificates.",medium,OPEN-CANDIDATE — verify current status before launch,Erdős Problems/OEIS/papers
KBK-0245,80,B,Additive / Combinatorial Number Theory,Primitive sets and Erdős conjectures,Optimize finite weighted sums and test extremizers.,"New exact value, improved bound, new construction, certified nonexistence, classification, or a killed major candidate mechanism.","A09,A10,A13,A14,A17,A18,A22,A23,A24,A32","Reproduce the best finite data, detect the first unknown parameter, then alternate construction search and upper-bound certificates.",medium,OPEN-CANDIDATE — verify current status before launch,Erdős Problems/OEIS/papers
KBK-0197,80,B,Additive / Combinatorial Number Theory,Product-free sets in groups,Compute exact small groups and search structural bounds.,"New exact value, improved bound, new construction, certified nonexistence, classification, or a killed major candidate mechanism.","A09,A10,A13,A14,A17,A18,A22,A23,A24,A32","Reproduce the best finite data, detect the first unknown parameter, then alternate construction search and upper-bound certificates.",medium,OPEN-CANDIDATE — verify current status before launch,Erdős Problems/OEIS/papers
KBK-0187,80,B,Additive / Combinatorial Number Theory,Progression-free sets r_3(N),"Improve explicit lower bounds, exact small N, or structural classification.","New exact value, improved bound, new construction, certified nonexistence, classification, or a killed major candidate mechanism.","A09,A10,A13,A14,A17,A18,A22,A23,A24,A32","Reproduce the best finite data, detect the first unknown parameter, then alternate construction search and upper-bound certificates.",medium,OPEN-CANDIDATE — verify current status before launch,Erdős Problems/OEIS/papers
KBK-0188,80,B,Additive / Combinatorial Number Theory,Progression-free sets r_k(N),Compute first unknown exact values and search new constructions.,"New exact value, improved bound, new construction, certified nonexistence, classification, or a killed major candidate mechanism.","A09,A10,A13,A14,A17,A18,A22,A23,A24,A32","Reproduce the best finite data, detect the first unknown parameter, then alternate construction search and upper-bound certificates.",medium,OPEN-CANDIDATE — verify current status before launch,Erdős Problems/OEIS/papers
KBK-0256,80,B,Additive / Combinatorial Number Theory,Recamán-type recurrence questions,Search collisions/coverage and prove bounded structural results.,"New exact value, improved bound, new construction, certified nonexistence, classification, or a killed major candidate mechanism.","A09,A10,A13,A14,A17,A18,A22,A23,A24,A32","Reproduce the best finite data, detect the first unknown parameter, then alternate construction search and upper-bound certificates.",medium,OPEN-CANDIDATE — verify current status before launch,Erdős Problems/OEIS/papers
KBK-0251,80,B,Additive / Combinatorial Number Theory,Reciprocal sum of distinct divisors,Classify integers with prescribed unit-fraction properties.,"New exact value, improved bound, new construction, certified nonexistence, classification, or a killed major candidate mechanism.","A09,A10,A13,A14,A17,A18,A22,A23,A24,A32","Reproduce the best finite data, detect the first unknown parameter, then alternate construction search and upper-bound certificates.",medium,OPEN-CANDIDATE — verify current status before launch,Erdős Problems/OEIS/papers
KBK-0233,80,B,Additive / Combinatorial Number Theory,Restricted additive bases,Compute exact ranges under symmetry or density constraints.,"New exact value, improved bound, new construction, certified nonexistence, classification, or a killed major candidate mechanism.","A09,A10,A13,A14,A17,A18,A22,A23,A24,A32","Reproduce the best finite data, detect the first unknown parameter, then alternate construction search and upper-bound certificates.",medium,OPEN-CANDIDATE — verify current status before launch,Erdős Problems/OEIS/papers
KBK-0202,80,B,Additive / Combinatorial Number Theory,Restricted sumset inverse problems,Classify small-doubling sets at first unresolved parameters.,"New exact value, improved bound, new construction, certified nonexistence, classification, or a killed major candidate mechanism.","A09,A10,A13,A14,A17,A18,A22,A23,A24,A32","Reproduce the best finite data, detect the first unknown parameter, then alternate construction search and upper-bound certificates.",medium,OPEN-CANDIDATE — verify current status before launch,Erdős Problems/OEIS/papers
KBK-0231,80,B,Additive / Combinatorial Number Theory,Scholz–Brauer conjecture finite frontier,Extend exact verification and search proof patterns.,"New exact value, improved bound, new construction, certified nonexistence, classification, or a killed major candidate mechanism.","A09,A10,A13,A14,A17,A18,A22,A23,A24,A32","Reproduce the best finite data, detect the first unknown parameter, then alternate construction search and upper-bound certificates.",medium,OPEN-CANDIDATE — verify current status before launch,Erdős Problems/OEIS/papers
KBK-0217,80,B,Additive / Combinatorial Number Theory,Schur-type sum-free coloring structures,Classify extremal colorings beyond known exact values.,"New exact value, improved bound, new construction, certified nonexistence, classification, or a killed major candidate mechanism.","A09,A10,A13,A14,A17,A18,A22,A23,A24,A32","Reproduce the best finite data, detect the first unknown parameter, then alternate construction search and upper-bound certificates.",medium,OPEN-CANDIDATE — verify current status before launch,Erdős Problems/OEIS/papers
KBK-0191,80,B,Additive / Combinatorial Number Theory,Set systems with distinct subset sums,Improve extremal sizes and exact finite cases.,"New exact value, improved bound, new construction, certified nonexistence, classification, or a killed major candidate mechanism.","A09,A10,A13,A14,A17,A18,A22,A23,A24,A32","Reproduce the best finite data, detect the first unknown parameter, then alternate construction search and upper-bound certificates.",medium,OPEN-CANDIDATE — verify current status before launch,Erdős Problems/OEIS/papers
KBK-0193,80,B,Additive / Combinatorial Number Theory,Sidon sequence extremal function F_2(n),Close first exact gaps and improve constructions.,"New exact value, improved bound, new construction, certified nonexistence, classification, or a killed major candidate mechanism.","A09,A10,A13,A14,A17,A18,A22,A23,A24,A32","Reproduce the best finite data, detect the first unknown parameter, then alternate construction search and upper-bound certificates.",medium,OPEN-CANDIDATE — verify current status before launch,Erdős Problems/OEIS/papers
KBK-0195,80,B,Additive / Combinatorial Number Theory,Singer-type difference constructions beyond prime powers,Find new explicit near-optimal sets.,"New exact value, improved bound, new construction, certified nonexistence, classification, or a killed major candidate mechanism.","A09,A10,A13,A14,A17,A18,A22,A23,A24,A32","Reproduce the best finite data, detect the first unknown parameter, then alternate construction search and upper-bound certificates.",medium,OPEN-CANDIDATE — verify current status before launch,Erdős Problems/OEIS/papers
KBK-0254,80,B,Additive / Combinatorial Number Theory,Stanley sequences,Classify growth types and find counterexamples to regularity heuristics.,"New exact value, improved bound, new construction, certified nonexistence, classification, or a killed major candidate mechanism.","A09,A10,A13,A14,A17,A18,A22,A23,A24,A32","Reproduce the best finite data, detect the first unknown parameter, then alternate construction search and upper-bound certificates.",medium,OPEN-CANDIDATE — verify current status before launch,Erdős Problems/OEIS/papers
KBK-0196,80,B,Additive / Combinatorial Number Theory,Sum-free sets in finite groups,Classify extremizers under extra restrictions.,"New exact value, improved bound, new construction, certified nonexistence, classification, or a killed major candidate mechanism.","A09,A10,A13,A14,A17,A18,A22,A23,A24,A32","Reproduce the best finite data, detect the first unknown parameter, then alternate construction search and upper-bound certificates.",medium,OPEN-CANDIDATE — verify current status before launch,Erdős Problems/OEIS/papers
KBK-0198,80,B,Additive / Combinatorial Number Theory,Sum-product problem finite fields,Improve explicit constants or exact small-field extremizers.,"New exact value, improved bound, new construction, certified nonexistence, classification, or a killed major candidate mechanism.","A09,A10,A13,A14,A17,A18,A22,A23,A24,A32","Reproduce the best finite data, detect the first unknown parameter, then alternate construction search and upper-bound certificates.",medium,OPEN-CANDIDATE — verify current status before launch,Erdős Problems/OEIS/papers
KBK-0215,80,B,Additive / Combinatorial Number Theory,Sárközy-type difference-avoiding sets,Compute exact finite maxima and new forbidden sets.,"New exact value, improved bound, new construction, certified nonexistence, classification, or a killed major candidate mechanism.","A09,A10,A13,A14,A17,A18,A22,A23,A24,A32","Reproduce the best finite data, detect the first unknown parameter, then alternate construction search and upper-bound certificates.",medium,OPEN-CANDIDATE — verify current status before launch,Erdős Problems/OEIS/papers
KBK-0234,80,B,Additive / Combinatorial Number Theory,Thin bases of order h,Construct improved explicit bases and finite prototypes.,"New exact value, improved bound, new construction, certified nonexistence, classification, or a killed major candidate mechanism.","A09,A10,A13,A14,A17,A18,A22,A23,A24,A32","Reproduce the best finite data, detect the first unknown parameter, then alternate construction search and upper-bound certificates.",medium,OPEN-CANDIDATE — verify current status before launch,Erdős Problems/OEIS/papers
KBK-0255,80,B,Additive / Combinatorial Number Theory,Ulam sequences,"Push exact structure, automaticity tests, and rigorous density bounds.","New exact value, improved bound, new construction, certified nonexistence, classification, or a killed major candidate mechanism.","A09,A10,A13,A14,A17,A18,A22,A23,A24,A32","Reproduce the best finite data, detect the first unknown parameter, then alternate construction search and upper-bound certificates.",medium,OPEN-CANDIDATE — verify current status before launch,Erdős Problems/OEIS/papers
KBK-0227,80,B,Additive / Combinatorial Number Theory,Ultraflat unimodular polynomials finite degrees,Optimize exact deviation and infer constructions.,"New exact value, improved bound, new construction, certified nonexistence, classification, or a killed major candidate mechanism.","A09,A10,A13,A14,A17,A18,A22,A23,A24,A32","Reproduce the best finite data, detect the first unknown parameter, then alternate construction search and upper-bound certificates.",medium,OPEN-CANDIDATE — verify current status before launch,Erdős Problems/OEIS/papers
KBK-0248,80,B,Additive / Combinatorial Number Theory,Unit-fraction representations with restrictions,Resolve exact denominator/rank/color variants.,"New exact value, improved bound, new construction, certified nonexistence, classification, or a killed major candidate mechanism.","A09,A10,A13,A14,A17,A18,A22,A23,A24,A32","Reproduce the best finite data, detect the first unknown parameter, then alternate construction search and upper-bound certificates.",medium,OPEN-CANDIDATE — verify current status before launch,Erdős Problems/OEIS/papers
KBK-0216,80,B,Additive / Combinatorial Number Theory,Van der Waerden extremal functions,Determine exact largest progression-free colorings at small parameters.,"New exact value, improved bound, new construction, certified nonexistence, classification, or a killed major candidate mechanism.","A09,A10,A13,A14,A17,A18,A22,A23,A24,A32","Reproduce the best finite data, detect the first unknown parameter, then alternate construction search and upper-bound certificates.",medium,OPEN-CANDIDATE — verify current status before launch,Erdős Problems/OEIS/papers
KBK-0206,80,B,Additive / Combinatorial Number Theory,Zero-sum constants in finite abelian groups,Compute Davenport/Olson/Erdős–Ginzburg–Ziv variants for first unknown groups.,"New exact value, improved bound, new construction, certified nonexistence, classification, or a killed major candidate mechanism.","A09,A10,A13,A14,A17,A18,A22,A23,A24,A32","Reproduce the best finite data, detect the first unknown parameter, then alternate construction search and upper-bound certificates.",medium,OPEN-CANDIDATE — verify current status before launch,Erdős Problems/OEIS/papers
KBK-0420,80,B,Algebra / Groups / Matrices,Alon–Tarsi Latin square conjecture finite n,Compute parity imbalance and seek structural formulas.,"New exact value, improved bound, new construction, certified nonexistence, classification, or a killed major candidate mechanism.","A01,A02,A05,A11,A16,A17,A21,A22,A26,A32","Enumerate canonical small cases, search obstructions/constructions, and extract a structural lemma from the first frontier case.",medium,OPEN-CANDIDATE — verify current status before launch,Kourovka Notebook/LMFDB/matrix databases
KBK-0415,80,B,Algebra / Groups / Matrices,Andrews–Curtis conjecture finite quotient search,Separate candidate balanced presentations using finite quotients/invariants.,"New exact value, improved bound, new construction, certified nonexistence, classification, or a killed major candidate mechanism.","A01,A02,A05,A11,A16,A17,A21,A22,A26,A32","Enumerate canonical small cases, search obstructions/constructions, and extract a structural lemma from the first frontier case.",medium,OPEN-CANDIDATE — verify current status before launch,Kourovka Notebook/LMFDB/matrix databases
KBK-0418,80,B,Algebra / Groups / Matrices,Automorphism groups of combinatorial objects,Realize prescribed groups with minimal graph/design size.,"New exact value, improved bound, new construction, certified nonexistence, classification, or a killed major candidate mechanism.","A01,A02,A05,A11,A16,A17,A21,A22,A26,A32","Enumerate canonical small cases, search obstructions/constructions, and extract a structural lemma from the first frontier case.",medium,OPEN-CANDIDATE — verify current status before launch,Kourovka Notebook/LMFDB/matrix databases
KBK-0407,80,B,Algebra / Groups / Matrices,Babai diameter conjecture finite data,Mine hard permutation groups and prove new subclasses.,"New exact value, improved bound, new construction, certified nonexistence, classification, or a killed major candidate mechanism.","A01,A02,A05,A11,A16,A17,A21,A22,A26,A32","Enumerate canonical small cases, search obstructions/constructions, and extract a structural lemma from the first frontier case.",medium,OPEN-CANDIDATE — verify current status before launch,Kourovka Notebook/LMFDB/matrix databases
KBK-0414,80,B,Algebra / Groups / Matrices,Burnside-type finite exponent quotients,Compute new certified finite quotients and growth data.,"New exact value, improved bound, new construction, certified nonexistence, classification, or a killed major candidate mechanism.","A01,A02,A05,A11,A16,A17,A21,A22,A26,A32","Enumerate canonical small cases, search obstructions/constructions, and extract a structural lemma from the first frontier case.",medium,OPEN-CANDIDATE — verify current status before launch,Kourovka Notebook/LMFDB/matrix databases
KBK-0408,80,B,Algebra / Groups / Matrices,CI-groups and DCI-groups,Classify first unresolved orders.,"New exact value, improved bound, new construction, certified nonexistence, classification, or a killed major candidate mechanism.","A01,A02,A05,A11,A16,A17,A21,A22,A26,A32","Enumerate canonical small cases, search obstructions/constructions, and extract a structural lemma from the first frontier case.",medium,OPEN-CANDIDATE — verify current status before launch,Kourovka Notebook/LMFDB/matrix databases
KBK-0406,80,B,Algebra / Groups / Matrices,Cayley graph diameter,Find exact diameters and extremal generating sets for finite groups.,"New exact value, improved bound, new construction, certified nonexistence, classification, or a killed major candidate mechanism.","A01,A02,A05,A11,A16,A17,A21,A22,A26,A32","Enumerate canonical small cases, search obstructions/constructions, and extract a structural lemma from the first frontier case.",medium,OPEN-CANDIDATE — verify current status before launch,Kourovka Notebook/LMFDB/matrix databases
KBK-0409,80,B,Algebra / Groups / Matrices,Cayley isomorphism problem finite groups,Resolve group families with canonical search.,"New exact value, improved bound, new construction, certified nonexistence, classification, or a killed major candidate mechanism.","A01,A02,A05,A11,A16,A17,A21,A22,A26,A32","Enumerate canonical small cases, search obstructions/constructions, and extract a structural lemma from the first frontier case.",medium,OPEN-CANDIDATE — verify current status before launch,Kourovka Notebook/LMFDB/matrix databases
KBK-0442,80,B,Algebra / Groups / Matrices,Commuting matrix completion problems,Classify low-dimensional obstruction cases.,"New exact value, improved bound, new construction, certified nonexistence, classification, or a killed major candidate mechanism.","A01,A02,A05,A11,A16,A17,A21,A22,A26,A32","Enumerate canonical small cases, search obstructions/constructions, and extract a structural lemma from the first frontier case.",medium,OPEN-CANDIDATE — verify current status before launch,Kourovka Notebook/LMFDB/matrix databases
KBK-0413,80,B,Algebra / Groups / Matrices,Finite semigroup identities,Find smallest counterexamples and classify varieties.,"New exact value, improved bound, new construction, certified nonexistence, classification, or a killed major candidate mechanism.","A01,A02,A05,A11,A16,A17,A21,A22,A26,A32","Enumerate canonical small cases, search obstructions/constructions, and extract a structural lemma from the first frontier case.",medium,OPEN-CANDIDATE — verify current status before launch,Kourovka Notebook/LMFDB/matrix databases
KBK-0403,80,B,Algebra / Groups / Matrices,Finite simple group generation probabilities,Compute exact values and prove formulas for new families.,"New exact value, improved bound, new construction, certified nonexistence, classification, or a killed major candidate mechanism.","A01,A02,A05,A11,A16,A17,A21,A22,A26,A32","Enumerate canonical small cases, search obstructions/constructions, and extract a structural lemma from the first frontier case.",medium,OPEN-CANDIDATE — verify current status before launch,Kourovka Notebook/LMFDB/matrix databases
KBK-0440,80,B,Algebra / Groups / Matrices,Finiteness conjectures for switched systems,Resolve rational low-dimensional subclasses with exact arithmetic.,"New exact value, improved bound, new construction, certified nonexistence, classification, or a killed major candidate mechanism.","A01,A02,A05,A11,A16,A17,A21,A22,A26,A32","Enumerate canonical small cases, search obstructions/constructions, and extract a structural lemma from the first frontier case.",medium,OPEN-CANDIDATE — verify current status before launch,Kourovka Notebook/LMFDB/matrix databases
KBK-0446,80,B,Algebra / Groups / Matrices,Gröbner basis complexity benchmark conjectures,Find structural families with provable degree behavior.,"New exact value, improved bound, new construction, certified nonexistence, classification, or a killed major candidate mechanism.","A01,A02,A05,A11,A16,A17,A21,A22,A26,A32","Enumerate canonical small cases, search obstructions/constructions, and extract a structural lemma from the first frontier case.",medium,OPEN-CANDIDATE — verify current status before launch,Kourovka Notebook/LMFDB/matrix databases
KBK-0437,80,B,Algebra / Groups / Matrices,Hadamard maximum determinant problem,Close exact orders and classify equivalence classes.,"New exact value, improved bound, new construction, certified nonexistence, classification, or a killed major candidate mechanism.","A01,A02,A05,A11,A16,A17,A21,A22,A26,A32","Enumerate canonical small cases, search obstructions/constructions, and extract a structural lemma from the first frontier case.",medium,OPEN-CANDIDATE — verify current status before launch,Kourovka Notebook/LMFDB/matrix databases
KBK-0411,80,B,Algebra / Groups / Matrices,Hall–Paige theorem quantitative enumerations,Count and classify complete mappings for small groups.,"New exact value, improved bound, new construction, certified nonexistence, classification, or a killed major candidate mechanism.","A01,A02,A05,A11,A16,A17,A21,A22,A26,A32","Enumerate canonical small cases, search obstructions/constructions, and extract a structural lemma from the first frontier case.",medium,OPEN-CANDIDATE — verify current status before launch,Kourovka Notebook/LMFDB/matrix databases
KBK-0425,80,B,Algebra / Groups / Matrices,Ingleton and non-Shannon inequalities finite search,Discover new inequalities and certify them.,"New exact value, improved bound, new construction, certified nonexistence, classification, or a killed major candidate mechanism.","A01,A02,A05,A11,A16,A17,A21,A22,A26,A32","Enumerate canonical small cases, search obstructions/constructions, and extract a structural lemma from the first frontier case.",medium,OPEN-CANDIDATE — verify current status before launch,Kourovka Notebook/LMFDB/matrix databases
KBK-0400,80,B,Algebra / Groups / Matrices,Inverse Galois problem for small groups,Realize first unresolved groups over Q with explicit polynomials and certified Galois groups.,"New exact value, improved bound, new construction, certified nonexistence, classification, or a killed major candidate mechanism.","A01,A02,A05,A11,A16,A17,A21,A22,A26,A32","Enumerate canonical small cases, search obstructions/constructions, and extract a structural lemma from the first frontier case.",medium,OPEN-CANDIDATE — verify current status before launch,Kourovka Notebook/LMFDB/matrix databases
KBK-0434,80,B,Algebra / Groups / Matrices,Inverse eigenvalue problem of a graph,Classify spectra/multiplicity lists for next graph families.,"New exact value, improved bound, new construction, certified nonexistence, classification, or a killed major candidate mechanism.","A01,A02,A05,A11,A16,A17,A21,A22,A26,A32","Enumerate canonical small cases, search obstructions/constructions, and extract a structural lemma from the first frontier case.",medium,OPEN-CANDIDATE — verify current status before launch,Kourovka Notebook/LMFDB/matrix databases
KBK-0439,80,B,Algebra / Groups / Matrices,Joint spectral radius finiteness property,Find explicit counterexamples or prove finite-word certificates for structured pairs.,"New exact value, improved bound, new construction, certified nonexistence, classification, or a killed major candidate mechanism.","A01,A02,A05,A11,A16,A17,A21,A22,A26,A32","Enumerate canonical small cases, search obstructions/constructions, and extract a structural lemma from the first frontier case.",medium,OPEN-CANDIDATE — verify current status before launch,Kourovka Notebook/LMFDB/matrix databases
KBK-0443,80,B,Algebra / Groups / Matrices,Kaplansky zero-divisor conjecture finite approximations,Search group-ring zero divisors in structured torsion-free groups.,"New exact value, improved bound, new construction, certified nonexistence, classification, or a killed major candidate mechanism.","A01,A02,A05,A11,A16,A17,A21,A22,A26,A32","Enumerate canonical small cases, search obstructions/constructions, and extract a structural lemma from the first frontier case.",medium,OPEN-CANDIDATE — verify current status before launch,Kourovka Notebook/LMFDB/matrix databases
KBK-0399,80,B,Algebra / Groups / Matrices,Kourovka Notebook finite-group problems,Ingest every machine-attackable problem and rank by finite parameter frontier.,"New exact value, improved bound, new construction, certified nonexistence, classification, or a killed major candidate mechanism.","A01,A02,A05,A11,A16,A17,A21,A22,A26,A32","Enumerate canonical small cases, search obstructions/constructions, and extract a structural lemma from the first frontier case.",medium,OPEN-CANDIDATE — verify current status before launch,Kourovka Notebook/LMFDB/matrix databases
KBK-0438,80,B,Algebra / Groups / Matrices,Matrix mortality for fixed low dimensions,Search minimal undecidable/decidable boundaries and concrete hard instances.,"New exact value, improved bound, new construction, certified nonexistence, classification, or a killed major candidate mechanism.","A01,A02,A05,A11,A16,A17,A21,A22,A26,A32","Enumerate canonical small cases, search obstructions/constructions, and extract a structural lemma from the first frontier case.",medium,OPEN-CANDIDATE — verify current status before launch,Kourovka Notebook/LMFDB/matrix databases
KBK-0427,80,B,Algebra / Groups / Matrices,Matrix multiplication tensor rank,Find new algorithms or lower bounds for small matrix sizes.,"New exact value, improved bound, new construction, certified nonexistence, classification, or a killed major candidate mechanism.","A01,A02,A05,A11,A16,A17,A21,A22,A26,A32","Enumerate canonical small cases, search obstructions/constructions, and extract a structural lemma from the first frontier case.",medium,OPEN-CANDIDATE — verify current status before launch,Kourovka Notebook/LMFDB/matrix databases
KBK-0422,80,B,Algebra / Groups / Matrices,Matroid representability over finite fields,Classify excluded minors at bounded size.,"New exact value, improved bound, new construction, certified nonexistence, classification, or a killed major candidate mechanism.","A01,A02,A05,A11,A16,A17,A21,A22,A26,A32","Enumerate canonical small cases, search obstructions/constructions, and extract a structural lemma from the first frontier case.",medium,OPEN-CANDIDATE — verify current status before launch,Kourovka Notebook/LMFDB/matrix databases
KBK-0401,80,B,Algebra / Groups / Matrices,Minimal ramification problem,Find extensions realizing groups with fewer ramified primes.,"New exact value, improved bound, new construction, certified nonexistence, classification, or a killed major candidate mechanism.","A01,A02,A05,A11,A16,A17,A21,A22,A26,A32","Enumerate canonical small cases, search obstructions/constructions, and extract a structural lemma from the first frontier case.",medium,OPEN-CANDIDATE — verify current status before launch,Kourovka Notebook/LMFDB/matrix databases
KBK-0412,80,B,Algebra / Groups / Matrices,Minimum generating sets under constraints,Compute exact parameters for finite groups and semigroups.,"New exact value, improved bound, new construction, certified nonexistence, classification, or a killed major candidate mechanism.","A01,A02,A05,A11,A16,A17,A21,A22,A26,A32","Enumerate canonical small cases, search obstructions/constructions, and extract a structural lemma from the first frontier case.",medium,OPEN-CANDIDATE — verify current status before launch,Kourovka Notebook/LMFDB/matrix databases
KBK-0433,80,B,Algebra / Groups / Matrices,Minimum rank / maximum nullity,Close graph-family parameters over multiple fields.,"New exact value, improved bound, new construction, certified nonexistence, classification, or a killed major candidate mechanism.","A01,A02,A05,A11,A16,A17,A21,A22,A26,A32","Enumerate canonical small cases, search obstructions/constructions, and extract a structural lemma from the first frontier case.",medium,OPEN-CANDIDATE — verify current status before launch,Kourovka Notebook/LMFDB/matrix databases
KBK-0436,80,B,Algebra / Groups / Matrices,Minimum semidefinite rank,Resolve first graph families and forbidden minors.,"New exact value, improved bound, new construction, certified nonexistence, classification, or a killed major candidate mechanism.","A01,A02,A05,A11,A16,A17,A21,A22,A26,A32","Enumerate canonical small cases, search obstructions/constructions, and extract a structural lemma from the first frontier case.",medium,OPEN-CANDIDATE — verify current status before launch,Kourovka Notebook/LMFDB/matrix databases
KBK-0402,80,B,Algebra / Groups / Matrices,Noether problem for finite groups,Resolve small unresolved groups computationally.,"New exact value, improved bound, new construction, certified nonexistence, classification, or a killed major candidate mechanism.","A01,A02,A05,A11,A16,A17,A21,A22,A26,A32","Enumerate canonical small cases, search obstructions/constructions, and extract a structural lemma from the first frontier case.",medium,OPEN-CANDIDATE — verify current status before launch,Kourovka Notebook/LMFDB/matrix databases
KBK-0430,80,B,Algebra / Groups / Matrices,Nonnegative rank,Compute exact ranks for first hard matrices/polytopes.,"New exact value, improved bound, new construction, certified nonexistence, classification, or a killed major candidate mechanism.","A01,A02,A05,A11,A16,A17,A21,A22,A26,A32","Enumerate canonical small cases, search obstructions/constructions, and extract a structural lemma from the first frontier case.",medium,OPEN-CANDIDATE — verify current status before launch,Kourovka Notebook/LMFDB/matrix databases
KBK-0445,80,B,Algebra / Groups / Matrices,Polynomial identity degree bounds,Compute exact identities for small matrix/group algebras.,"New exact value, improved bound, new construction, certified nonexistence, classification, or a killed major candidate mechanism.","A01,A02,A05,A11,A16,A17,A21,A22,A26,A32","Enumerate canonical small cases, search obstructions/constructions, and extract a structural lemma from the first frontier case.",medium,OPEN-CANDIDATE — verify current status before launch,Kourovka Notebook/LMFDB/matrix databases
KBK-0431,80,B,Algebra / Groups / Matrices,Positive semidefinite rank,Close small polytope slack-matrix cases.,"New exact value, improved bound, new construction, certified nonexistence, classification, or a killed major candidate mechanism.","A01,A02,A05,A11,A16,A17,A21,A22,A26,A32","Enumerate canonical small cases, search obstructions/constructions, and extract a structural lemma from the first frontier case.",medium,OPEN-CANDIDATE — verify current status before launch,Kourovka Notebook/LMFDB/matrix databases
KBK-0416,80,B,Algebra / Groups / Matrices,Product replacement graph connectivity,Verify and prove new finite group classes.,"New exact value, improved bound, new construction, certified nonexistence, classification, or a killed major candidate mechanism.","A01,A02,A05,A11,A16,A17,A21,A22,A26,A32","Enumerate canonical small cases, search obstructions/constructions, and extract a structural lemma from the first frontier case.",medium,OPEN-CANDIDATE — verify current status before launch,Kourovka Notebook/LMFDB/matrix databases
KBK-0419,80,B,Algebra / Groups / Matrices,Rota basis conjecture finite fields,"Resolve small n,q with matroid/SAT encodings.","New exact value, improved bound, new construction, certified nonexistence, classification, or a killed major candidate mechanism.","A01,A02,A05,A11,A16,A17,A21,A22,A26,A32","Enumerate canonical small cases, search obstructions/constructions, and extract a structural lemma from the first frontier case.",medium,OPEN-CANDIDATE — verify current status before launch,Kourovka Notebook/LMFDB/matrix databases
KBK-0423,80,B,Algebra / Groups / Matrices,Rota excluded-minor conjecture computational frontiers,Enumerate small excluded minors for fixed fields.,"New exact value, improved bound, new construction, certified nonexistence, classification, or a killed major candidate mechanism.","A01,A02,A05,A11,A16,A17,A21,A22,A26,A32","Enumerate canonical small cases, search obstructions/constructions, and extract a structural lemma from the first frontier case.",medium,OPEN-CANDIDATE — verify current status before launch,Kourovka Notebook/LMFDB/matrix databases
KBK-0421,80,B,Algebra / Groups / Matrices,Rota’s basis conjecture special matroids,Prove new classes via exact exchange search.,"New exact value, improved bound, new construction, certified nonexistence, classification, or a killed major candidate mechanism.","A01,A02,A05,A11,A16,A17,A21,A22,A26,A32","Enumerate canonical small cases, search obstructions/constructions, and extract a structural lemma from the first frontier case.",medium,OPEN-CANDIDATE — verify current status before launch,Kourovka Notebook/LMFDB/matrix databases
KBK-0432,80,B,Algebra / Groups / Matrices,Sign rank,Determine exact ranks of explicit matrices and communication problems.,"New exact value, improved bound, new construction, certified nonexistence, classification, or a killed major candidate mechanism.","A01,A02,A05,A11,A16,A17,A21,A22,A26,A32","Enumerate canonical small cases, search obstructions/constructions, and extract a structural lemma from the first frontier case.",medium,OPEN-CANDIDATE — verify current status before launch,Kourovka Notebook/LMFDB/matrix databases
KBK-0441,80,B,Algebra / Groups / Matrices,Spectral radius minimization over matrix products,Compute exact extremal words for benchmark families.,"New exact value, improved bound, new construction, certified nonexistence, classification, or a killed major candidate mechanism.","A01,A02,A05,A11,A16,A17,A21,A22,A26,A32","Enumerate canonical small cases, search obstructions/constructions, and extract a structural lemma from the first frontier case.",medium,OPEN-CANDIDATE — verify current status before launch,Kourovka Notebook/LMFDB/matrix databases
KBK-0417,80,B,Algebra / Groups / Matrices,Subgroup lattice realizability,Classify small lattices arising from finite groups.,"New exact value, improved bound, new construction, certified nonexistence, classification, or a killed major candidate mechanism.","A01,A02,A05,A11,A16,A17,A21,A22,A26,A32","Enumerate canonical small cases, search obstructions/constructions, and extract a structural lemma from the first frontier case.",medium,OPEN-CANDIDATE — verify current status before launch,Kourovka Notebook/LMFDB/matrix databases
KBK-0428,80,B,Algebra / Groups / Matrices,Symmetric tensor rank,Close exact generic/specific ranks for small forms.,"New exact value, improved bound, new construction, certified nonexistence, classification, or a killed major candidate mechanism.","A01,A02,A05,A11,A16,A17,A21,A22,A26,A32","Enumerate canonical small cases, search obstructions/constructions, and extract a structural lemma from the first frontier case.",medium,OPEN-CANDIDATE — verify current status before launch,Kourovka Notebook/LMFDB/matrix databases
KBK-0426,80,B,Algebra / Groups / Matrices,Tensor rank of small tensors,Determine exact rank and border rank for first unknown formats.,"New exact value, improved bound, new construction, certified nonexistence, classification, or a killed major candidate mechanism.","A01,A02,A05,A11,A16,A17,A21,A22,A26,A32","Enumerate canonical small cases, search obstructions/constructions, and extract a structural lemma from the first frontier case.",medium,OPEN-CANDIDATE — verify current status before launch,Kourovka Notebook/LMFDB/matrix databases
KBK-0444,80,B,Algebra / Groups / Matrices,Unit conjecture for group rings,Test small presentations and build certified subcases.,"New exact value, improved bound, new construction, certified nonexistence, classification, or a killed major candidate mechanism.","A01,A02,A05,A11,A16,A17,A21,A22,A26,A32","Enumerate canonical small cases, search obstructions/constructions, and extract a structural lemma from the first frontier case.",medium,OPEN-CANDIDATE — verify current status before launch,Kourovka Notebook/LMFDB/matrix databases
KBK-0424,80,B,Algebra / Groups / Matrices,Vámos-type matroid inequalities,Search counterexamples to candidate entropy/rank inequalities.,"New exact value, improved bound, new construction, certified nonexistence, classification, or a killed major candidate mechanism.","A01,A02,A05,A11,A16,A17,A21,A22,A26,A32","Enumerate canonical small cases, search obstructions/constructions, and extract a structural lemma from the first frontier case.",medium,OPEN-CANDIDATE — verify current status before launch,Kourovka Notebook/LMFDB/matrix databases
KBK-0405,80,B,Algebra / Groups / Matrices,Waring problem in finite groups,Compute exact word widths for unresolved families.,"New exact value, improved bound, new construction, certified nonexistence, classification, or a killed major candidate mechanism.","A01,A02,A05,A11,A16,A17,A21,A22,A26,A32","Enumerate canonical small cases, search obstructions/constructions, and extract a structural lemma from the first frontier case.",medium,OPEN-CANDIDATE — verify current status before launch,Kourovka Notebook/LMFDB/matrix databases
KBK-0429,80,B,Algebra / Groups / Matrices,Waring rank of forms,Resolve exceptional low-degree/dimension cases.,"New exact value, improved bound, new construction, certified nonexistence, classification, or a killed major candidate mechanism.","A01,A02,A05,A11,A16,A17,A21,A22,A26,A32","Enumerate canonical small cases, search obstructions/constructions, and extract a structural lemma from the first frontier case.",medium,OPEN-CANDIDATE — verify current status before launch,Kourovka Notebook/LMFDB/matrix databases
KBK-0404,80,B,Algebra / Groups / Matrices,Word maps on finite groups,Classify image sizes and surjectivity for small words/groups.,"New exact value, improved bound, new construction, certified nonexistence, classification, or a killed major candidate mechanism.","A01,A02,A05,A11,A16,A17,A21,A22,A26,A32","Enumerate canonical small cases, search obstructions/constructions, and extract a structural lemma from the first frontier case.",medium,OPEN-CANDIDATE — verify current status before launch,Kourovka Notebook/LMFDB/matrix databases
KBK-0435,80,B,Algebra / Groups / Matrices,Zero forcing variants,Compute exact parameters and propagation times.,"New exact value, improved bound, new construction, certified nonexistence, classification, or a killed major candidate mechanism.","A01,A02,A05,A11,A16,A17,A21,A22,A26,A32","Enumerate canonical small cases, search obstructions/constructions, and extract a structural lemma from the first frontier case.",medium,OPEN-CANDIDATE — verify current status before launch,Kourovka Notebook/LMFDB/matrix databases
KBK-0279,80,B,Diophantine / Prime / Arithmetic,Beal equation bounded signatures,Exhaust primitive solutions in new exponent/height ranges.,"New exact value, improved bound, new construction, certified nonexistence, classification, or a killed major candidate mechanism.","A10,A11,A12,A19,A20,A22,A24,A25,A26,A32","Split local and global conditions, push certified ranges, and isolate a minimal missing analytic or Diophantine lemma.",medium,OPEN-CANDIDATE — verify current status before launch,Erdős Problems/LMFDB/OEIS/papers
KBK-0538,80,B,Logic / TCS / Optimization,Communication complexity exact matrices,Determine deterministic/randomized/quantum values for first unknown small functions.,"New exact value, improved bound, new construction, certified nonexistence, classification, or a killed major candidate mechanism.","A05,A06,A11,A17,A20,A22,A25,A26,A28,A32","Search the first unresolved instance, prove lower/upper certificates, and compare multiple encodings to avoid solver artifacts.",medium,OPEN-CANDIDATE — verify current status before launch,Formal Conjectures/TCS open-problem lists/papers
KBK-0564,80,B,Logic / TCS / Optimization,Graph searching/pathwidth exact instances,Compute minimal decompositions and obstruction certificates.,"New exact value, improved bound, new construction, certified nonexistence, classification, or a killed major candidate mechanism.","A05,A06,A11,A17,A20,A22,A25,A26,A28,A32","Search the first unresolved instance, prove lower/upper certificates, and compare multiple encodings to avoid solver artifacts.",medium,OPEN-CANDIDATE — verify current status before launch,Formal Conjectures/TCS open-problem lists/papers
KBK-0542,80,B,Logic / TCS / Optimization,Query complexity exact functions,Close deterministic/randomized/quantum values for small total functions.,"New exact value, improved bound, new construction, certified nonexistence, classification, or a killed major candidate mechanism.","A05,A06,A11,A17,A20,A22,A25,A26,A28,A32","Search the first unresolved instance, prove lower/upper certificates, and compare multiple encodings to avoid solver artifacts.",medium,OPEN-CANDIDATE — verify current status before launch,Formal Conjectures/TCS open-problem lists/papers
KBK-0546,80,B,Logic / TCS / Optimization,Register allocation / pebbling exact graphs,Determine exact pebbling prices for benchmark DAG families.,"New exact value, improved bound, new construction, certified nonexistence, classification, or a killed major candidate mechanism.","A05,A06,A11,A17,A20,A22,A25,A26,A28,A32","Search the first unresolved instance, prove lower/upper certificates, and compare multiple encodings to avoid solver artifacts.",medium,OPEN-CANDIDATE — verify current status before launch,Formal Conjectures/TCS open-problem lists/papers
KBK-0534,80,B,Logic / TCS / Optimization,Resolution width/size exact values,Compute exact measures for benchmark CNFs.,"New exact value, improved bound, new construction, certified nonexistence, classification, or a killed major candidate mechanism.","A05,A06,A11,A17,A20,A22,A25,A26,A28,A32","Search the first unresolved instance, prove lower/upper certificates, and compare multiple encodings to avoid solver artifacts.",medium,OPEN-CANDIDATE — verify current status before launch,Formal Conjectures/TCS open-problem lists/papers
KBK-0536,80,B,Logic / TCS / Optimization,Sum-of-squares degree exact instances,Compute and rationalize lower/upper certificates.,"New exact value, improved bound, new construction, certified nonexistence, classification, or a killed major candidate mechanism.","A05,A06,A11,A17,A20,A22,A25,A26,A28,A32","Search the first unresolved instance, prove lower/upper certificates, and compare multiple encodings to avoid solver artifacts.",medium,OPEN-CANDIDATE — verify current status before launch,Formal Conjectures/TCS open-problem lists/papers
KBK-0574,80,B,Quantum Information / Operator Problems,Contextuality scenario classification,Enumerate small hypergraphs and exact quantum/classical gaps.,"New exact value, improved bound, new construction, certified nonexistence, classification, or a killed major candidate mechanism.","A05,A06,A12,A15,A16,A17,A22,A23,A26,A28","Attack low-dimensional exact cases, classify symmetry, and certify feasibility/infeasibility with SDP/SOS or algebraic witnesses.",medium,OPEN-CANDIDATE — verify current status before launch,Open Quantum Problems/Formal Conjectures/papers
KBK-0467,80,B,Topology / Knots / Manifolds,Cosmetic crossing conjecture bounded knots,Verify larger knot tables and isolate hard examples.,"New exact value, improved bound, new construction, certified nonexistence, classification, or a killed major candidate mechanism.","A02,A05,A11,A12,A17,A21,A22,A26,A35,A38",Start from a bounded census; compute independent invariants; search the smallest unresolved knot/manifold and certify with normal-surface or Floer data.,medium,OPEN-CANDIDATE — verify current status before launch,K3 problem list/KnotInfo/Regina/SnapPy literature
KBK-0482,80,B,Topology / Knots / Manifolds,Graph embedding genus exact cases,Compute orientable/nonorientable genus of first unresolved graph families.,"New exact value, improved bound, new construction, certified nonexistence, classification, or a killed major candidate mechanism.","A02,A05,A11,A12,A17,A21,A22,A26,A35,A38",Start from a bounded census; compute independent invariants; search the smallest unresolved knot/manifold and certify with normal-surface or Floer data.,medium,OPEN-CANDIDATE — verify current status before launch,K3 problem list/KnotInfo/Regina/SnapPy literature
KBK-0580,78,B,Quantum Information / Operator Problems,Absolutely maximally entangled states,Resolve existence for first unknown party/local dimensions.,"New exact value, improved bound, new construction, certified nonexistence, classification, or a killed major candidate mechanism.","A05,A06,A12,A15,A16,A17,A22,A23,A26,A28","Attack low-dimensional exact cases, classify symmetry, and certify feasibility/infeasibility with SDP/SOS or algebraic witnesses.",medium,OPEN-CANDIDATE — verify current status before launch,Open Quantum Problems/Formal Conjectures/papers
KBK-0570,78,B,Quantum Information / Operator Problems,Bell inequality facet enumeration,Discover tight inequalities in new low-input/output scenarios.,"New exact value, improved bound, new construction, certified nonexistence, classification, or a killed major candidate mechanism.","A05,A06,A12,A15,A16,A17,A22,A23,A26,A28","Attack low-dimensional exact cases, classify symmetry, and certify feasibility/infeasibility with SDP/SOS or algebraic witnesses.",medium,OPEN-CANDIDATE — verify current status before launch,Open Quantum Problems/Formal Conjectures/papers
KBK-0583,78,B,Quantum Information / Operator Problems,"Butson-type Hadamard matrices BH(n,q)",Resolve existence/classification table gaps.,"New exact value, improved bound, new construction, certified nonexistence, classification, or a killed major candidate mechanism.","A05,A06,A12,A15,A16,A17,A22,A23,A26,A28","Attack low-dimensional exact cases, classify symmetry, and certify feasibility/infeasibility with SDP/SOS or algebraic witnesses.",medium,OPEN-CANDIDATE — verify current status before launch,Open Quantum Problems/Formal Conjectures/papers
KBK-0582,78,B,Quantum Information / Operator Problems,Complex Hadamard matrices,Classify equivalence classes in first incomplete orders.,"New exact value, improved bound, new construction, certified nonexistence, classification, or a killed major candidate mechanism.","A05,A06,A12,A15,A16,A17,A22,A23,A26,A28","Attack low-dimensional exact cases, classify symmetry, and certify feasibility/infeasibility with SDP/SOS or algebraic witnesses.",medium,OPEN-CANDIDATE — verify current status before launch,Open Quantum Problems/Formal Conjectures/papers
KBK-0586,78,B,Quantum Information / Operator Problems,Connes embedding fallout finite matrix inequalities,Search explicit finite-dimensional separation witnesses.,"New exact value, improved bound, new construction, certified nonexistence, classification, or a killed major candidate mechanism.","A05,A06,A12,A15,A16,A17,A22,A23,A26,A28","Attack low-dimensional exact cases, classify symmetry, and certify feasibility/infeasibility with SDP/SOS or algebraic witnesses.",medium,OPEN-CANDIDATE — verify current status before launch,Open Quantum Problems/Formal Conjectures/papers
KBK-0573,78,B,Quantum Information / Operator Problems,Dimension witnesses,Find minimal scenarios and certify dimension lower bounds.,"New exact value, improved bound, new construction, certified nonexistence, classification, or a killed major candidate mechanism.","A05,A06,A12,A15,A16,A17,A22,A23,A26,A28","Attack low-dimensional exact cases, classify symmetry, and certify feasibility/infeasibility with SDP/SOS or algebraic witnesses.",medium,OPEN-CANDIDATE — verify current status before launch,Open Quantum Problems/Formal Conjectures/papers
KBK-0578,78,B,Quantum Information / Operator Problems,Entanglement-assisted zero-error capacity,Resolve small graph/channel cases.,"New exact value, improved bound, new construction, certified nonexistence, classification, or a killed major candidate mechanism.","A05,A06,A12,A15,A16,A17,A22,A23,A26,A28","Attack low-dimensional exact cases, classify symmetry, and certify feasibility/infeasibility with SDP/SOS or algebraic witnesses.",medium,OPEN-CANDIDATE — verify current status before launch,Open Quantum Problems/Formal Conjectures/papers
KBK-0569,78,B,Quantum Information / Operator Problems,Kochen–Specker sets minimum size,Find smaller sets or prove lower bounds with SAT certificates.,"New exact value, improved bound, new construction, certified nonexistence, classification, or a killed major candidate mechanism.","A05,A06,A12,A15,A16,A17,A22,A23,A26,A28","Attack low-dimensional exact cases, classify symmetry, and certify feasibility/infeasibility with SDP/SOS or algebraic witnesses.",medium,OPEN-CANDIDATE — verify current status before launch,Open Quantum Problems/Formal Conjectures/papers
KBK-0568,78,B,Quantum Information / Operator Problems,MUB maxima in composite dimensions,Close low-dimensional exact values.,"New exact value, improved bound, new construction, certified nonexistence, classification, or a killed major candidate mechanism.","A05,A06,A12,A15,A16,A17,A22,A23,A26,A28","Attack low-dimensional exact cases, classify symmetry, and certify feasibility/infeasibility with SDP/SOS or algebraic witnesses.",medium,OPEN-CANDIDATE — verify current status before launch,Open Quantum Problems/Formal Conjectures/papers
KBK-0591,78,B,Quantum Information / Operator Problems,Minimum output entropy explicit channels,Compute exact values for symmetry-rich channels.,"New exact value, improved bound, new construction, certified nonexistence, classification, or a killed major candidate mechanism.","A05,A06,A12,A15,A16,A17,A22,A23,A26,A28","Attack low-dimensional exact cases, classify symmetry, and certify feasibility/infeasibility with SDP/SOS or algebraic witnesses.",medium,OPEN-CANDIDATE — verify current status before launch,Open Quantum Problems/Formal Conjectures/papers
KBK-0567,78,B,Quantum Information / Operator Problems,Mutually unbiased bases in dimension 6,Attack restricted algebraic/symmetry classes and certify bounds.,"New exact value, improved bound, new construction, certified nonexistence, classification, or a killed major candidate mechanism.","A05,A06,A12,A15,A16,A17,A22,A23,A26,A28","Attack low-dimensional exact cases, classify symmetry, and certify feasibility/infeasibility with SDP/SOS or algebraic witnesses.",medium,OPEN-CANDIDATE — verify current status before launch,Open Quantum Problems/Formal Conjectures/papers
KBK-0589,78,B,Quantum Information / Operator Problems,N-representability small fermion systems,Compute exact facets and certify states.,"New exact value, improved bound, new construction, certified nonexistence, classification, or a killed major candidate mechanism.","A05,A06,A12,A15,A16,A17,A22,A23,A26,A28","Attack low-dimensional exact cases, classify symmetry, and certify feasibility/infeasibility with SDP/SOS or algebraic witnesses.",medium,OPEN-CANDIDATE — verify current status before launch,Open Quantum Problems/Formal Conjectures/papers
KBK-0585,78,B,Quantum Information / Operator Problems,Noncommutative polynomial positivity,Produce exact SOS certificates or counterexamples.,"New exact value, improved bound, new construction, certified nonexistence, classification, or a killed major candidate mechanism.","A05,A06,A12,A15,A16,A17,A22,A23,A26,A28","Attack low-dimensional exact cases, classify symmetry, and certify feasibility/infeasibility with SDP/SOS or algebraic witnesses.",medium,OPEN-CANDIDATE — verify current status before launch,Open Quantum Problems/Formal Conjectures/papers
KBK-0592,78,B,Quantum Information / Operator Problems,Open Quantum Problems database ingestion,Convert every finite-dimensional exact problem into a scored campaign.,"New exact value, improved bound, new construction, certified nonexistence, classification, or a killed major candidate mechanism.","A05,A06,A12,A15,A16,A17,A22,A23,A26,A28","Attack low-dimensional exact cases, classify symmetry, and certify feasibility/infeasibility with SDP/SOS or algebraic witnesses.",medium,OPEN-CANDIDATE — verify current status before launch,Open Quantum Problems/Formal Conjectures/papers
KBK-0587,78,B,Quantum Information / Operator Problems,Operator space Grothendieck constants finite cases,Compute exact low-dimensional constants.,"New exact value, improved bound, new construction, certified nonexistence, classification, or a killed major candidate mechanism.","A05,A06,A12,A15,A16,A17,A22,A23,A26,A28","Attack low-dimensional exact cases, classify symmetry, and certify feasibility/infeasibility with SDP/SOS or algebraic witnesses.",medium,OPEN-CANDIDATE — verify current status before launch,Open Quantum Problems/Formal Conjectures/papers
KBK-0581,78,B,Quantum Information / Operator Problems,Quantum Latin squares and unitary error bases,Classify small orders and construct new examples.,"New exact value, improved bound, new construction, certified nonexistence, classification, or a killed major candidate mechanism.","A05,A06,A12,A15,A16,A17,A22,A23,A26,A28","Attack low-dimensional exact cases, classify symmetry, and certify feasibility/infeasibility with SDP/SOS or algebraic witnesses.",medium,OPEN-CANDIDATE — verify current status before launch,Open Quantum Problems/Formal Conjectures/papers
KBK-0590,78,B,Quantum Information / Operator Problems,Quantum channel additivity counterexample minimization,Find smallest dimensions/ensembles preserving known violations.,"New exact value, improved bound, new construction, certified nonexistence, classification, or a killed major candidate mechanism.","A05,A06,A12,A15,A16,A17,A22,A23,A26,A28","Attack low-dimensional exact cases, classify symmetry, and certify feasibility/infeasibility with SDP/SOS or algebraic witnesses.",medium,OPEN-CANDIDATE — verify current status before launch,Open Quantum Problems/Formal Conjectures/papers
KBK-0576,78,B,Quantum Information / Operator Problems,Quantum chromatic number,Close exact values for first unresolved graphs.,"New exact value, improved bound, new construction, certified nonexistence, classification, or a killed major candidate mechanism.","A05,A06,A12,A15,A16,A17,A22,A23,A26,A28","Attack low-dimensional exact cases, classify symmetry, and certify feasibility/infeasibility with SDP/SOS or algebraic witnesses.",medium,OPEN-CANDIDATE — verify current status before launch,Open Quantum Problems/Formal Conjectures/papers
KBK-0579,78,B,Quantum Information / Operator Problems,"Quantum code [[n,k,d]] gaps",Search stabilizer and nonadditive constructions and prove nonexistence.,"New exact value, improved bound, new construction, certified nonexistence, classification, or a killed major candidate mechanism.","A05,A06,A12,A15,A16,A17,A22,A23,A26,A28","Attack low-dimensional exact cases, classify symmetry, and certify feasibility/infeasibility with SDP/SOS or algebraic witnesses.",medium,OPEN-CANDIDATE — verify current status before launch,Open Quantum Problems/Formal Conjectures/papers
KBK-0575,78,B,Quantum Information / Operator Problems,Quantum graph parameters,Compute exact theta-like parameters and separations.,"New exact value, improved bound, new construction, certified nonexistence, classification, or a killed major candidate mechanism.","A05,A06,A12,A15,A16,A17,A22,A23,A26,A28","Attack low-dimensional exact cases, classify symmetry, and certify feasibility/infeasibility with SDP/SOS or algebraic witnesses.",medium,OPEN-CANDIDATE — verify current status before launch,Open Quantum Problems/Formal Conjectures/papers
KBK-0577,78,B,Quantum Information / Operator Problems,Quantum independence number,Find smallest separations and certify.,"New exact value, improved bound, new construction, certified nonexistence, classification, or a killed major candidate mechanism.","A05,A06,A12,A15,A16,A17,A22,A23,A26,A28","Attack low-dimensional exact cases, classify symmetry, and certify feasibility/infeasibility with SDP/SOS or algebraic witnesses.",medium,OPEN-CANDIDATE — verify current status before launch,Open Quantum Problems/Formal Conjectures/papers
KBK-0588,78,B,Quantum Information / Operator Problems,Quantum marginal problem small dimensions,Classify spectra and produce Klyachko-type inequalities.,"New exact value, improved bound, new construction, certified nonexistence, classification, or a killed major candidate mechanism.","A05,A06,A12,A15,A16,A17,A22,A23,A26,A28","Attack low-dimensional exact cases, classify symmetry, and certify feasibility/infeasibility with SDP/SOS or algebraic witnesses.",medium,OPEN-CANDIDATE — verify current status before launch,Open Quantum Problems/Formal Conjectures/papers
KBK-0571,78,B,Quantum Information / Operator Problems,Quantum nonlocal game values,Compute exact entangled/classical/nonsignaling values for small games.,"New exact value, improved bound, new construction, certified nonexistence, classification, or a killed major candidate mechanism.","A05,A06,A12,A15,A16,A17,A22,A23,A26,A28","Attack low-dimensional exact cases, classify symmetry, and certify feasibility/infeasibility with SDP/SOS or algebraic witnesses.",medium,OPEN-CANDIDATE — verify current status before launch,Open Quantum Problems/Formal Conjectures/papers
KBK-0584,78,B,Quantum Information / Operator Problems,Quantum permutation groups finite cases,Compute representation categories and distinguish examples.,"New exact value, improved bound, new construction, certified nonexistence, classification, or a killed major candidate mechanism.","A05,A06,A12,A15,A16,A17,A22,A23,A26,A28","Attack low-dimensional exact cases, classify symmetry, and certify feasibility/infeasibility with SDP/SOS or algebraic witnesses.",medium,OPEN-CANDIDATE — verify current status before launch,Open Quantum Problems/Formal Conjectures/papers
KBK-0566,78,B,Quantum Information / Operator Problems,SIC-POVM existence in specific dimensions,Construct exact fiducials or certify symmetry-restricted nonexistence.,"New exact value, improved bound, new construction, certified nonexistence, classification, or a killed major candidate mechanism.","A05,A06,A12,A15,A16,A17,A22,A23,A26,A28","Attack low-dimensional exact cases, classify symmetry, and certify feasibility/infeasibility with SDP/SOS or algebraic witnesses.",medium,OPEN-CANDIDATE — verify current status before launch,Open Quantum Problems/Formal Conjectures/papers
KBK-0572,78,B,Quantum Information / Operator Problems,Tsirelson bounds for explicit inequalities,Derive exact algebraic values and SOS certificates.,"New exact value, improved bound, new construction, certified nonexistence, classification, or a killed major candidate mechanism.","A05,A06,A12,A15,A16,A17,A22,A23,A26,A28","Attack low-dimensional exact cases, classify symmetry, and certify feasibility/infeasibility with SDP/SOS or algebraic witnesses.",medium,OPEN-CANDIDATE — verify current status before launch,Open Quantum Problems/Formal Conjectures/papers
KBK-0471,78,B,Topology / Knots / Manifolds,Exceptional Dehn filling classifications,Extend low-tetrahedra census with rigorous hyperbolicity.,"New exact value, improved bound, new construction, certified nonexistence, classification, or a killed major candidate mechanism.","A02,A05,A11,A12,A17,A21,A22,A26,A35,A38",Start from a bounded census; compute independent invariants; search the smallest unresolved knot/manifold and certify with normal-surface or Floer data.,medium,OPEN-CANDIDATE — verify current status before launch,K3 problem list/KnotInfo/Regina/SnapPy literature
KBK-0453,78,B,Topology / Knots / Manifolds,L-space conjecture manifold census,"Test orderability, foliations, and Heegaard Floer data on larger censuses.","New exact value, improved bound, new construction, certified nonexistence, classification, or a killed major candidate mechanism.","A02,A05,A11,A12,A17,A21,A22,A26,A35,A38",Start from a bounded census; compute independent invariants; search the smallest unresolved knot/manifold and certify with normal-surface or Floer data.,medium,OPEN-CANDIDATE — verify current status before launch,K3 problem list/KnotInfo/Regina/SnapPy literature
KBK-0475,78,B,Topology / Knots / Manifolds,Virtual knot small-crossing classification,Complete equivalence classes and invariants.,"New exact value, improved bound, new construction, certified nonexistence, classification, or a killed major candidate mechanism.","A02,A05,A11,A12,A17,A21,A22,A26,A35,A38",Start from a bounded census; compute independent invariants; search the smallest unresolved knot/manifold and certify with normal-surface or Floer data.,medium,OPEN-CANDIDATE — verify current status before launch,K3 problem list/KnotInfo/Regina/SnapPy literature
KBK-0262,76,B,Diophantine / Prime / Arithmetic,Agoh–Giuga equivalence formalization,Build kernel-checked equivalences and finite certificates.,"New exact value, improved bound, new construction, certified nonexistence, classification, or a killed major candidate mechanism.","A10,A11,A12,A19,A20,A22,A24,A25,A26,A32","Split local and global conditions, push certified ranges, and isolate a minimal missing analytic or Diophantine lemma.",medium,OPEN-CANDIDATE — verify current status before launch,Erdős Problems/LMFDB/OEIS/papers
KBK-0301,76,B,Diophantine / Prime / Arithmetic,Aliquot sequences,Extend unresolved trajectories with rigorous factorization and cycle detection.,"New exact value, improved bound, new construction, certified nonexistence, classification, or a killed major candidate mechanism.","A10,A11,A12,A19,A20,A22,A24,A25,A26,A32","Split local and global conditions, push certified ranges, and isolate a minimal missing analytic or Diophantine lemma.",medium,OPEN-CANDIDATE — verify current status before launch,Erdős Problems/LMFDB/OEIS/papers
KBK-0284,76,B,Diophantine / Prime / Arithmetic,Almost-perfect cuboids,Optimize near-misses and infer Diophantine obstructions.,"New exact value, improved bound, new construction, certified nonexistence, classification, or a killed major candidate mechanism.","A10,A11,A12,A19,A20,A22,A24,A25,A26,A32","Split local and global conditions, push certified ranges, and isolate a minimal missing analytic or Diophantine lemma.",medium,OPEN-CANDIDATE — verify current status before launch,Erdős Problems/LMFDB/OEIS/papers
KBK-0312,76,B,Diophantine / Prime / Arithmetic,Andrica conjecture finite verification,Extend prime-gap based certified range and extremal records.,"New exact value, improved bound, new construction, certified nonexistence, classification, or a killed major candidate mechanism.","A10,A11,A12,A19,A20,A22,A24,A25,A26,A32","Split local and global conditions, push certified ranges, and isolate a minimal missing analytic or Diophantine lemma.",medium,OPEN-CANDIDATE — verify current status before launch,Erdős Problems/LMFDB/OEIS/papers
KBK-0330,76,B,Diophantine / Prime / Arithmetic,Binomial coefficient perfect powers,Resolve bounded rows/exponents with modular and curve methods.,"New exact value, improved bound, new construction, certified nonexistence, classification, or a killed major candidate mechanism.","A10,A11,A12,A19,A20,A22,A24,A25,A26,A32","Split local and global conditions, push certified ranges, and isolate a minimal missing analytic or Diophantine lemma.",medium,OPEN-CANDIDATE — verify current status before launch,Erdős Problems/LMFDB/OEIS/papers
KBK-0274,76,B,Diophantine / Prime / Arithmetic,Brocard–Ramanujan equation n!+1=m^2,Extend certified bounds and prove congruence-based exclusions.,"New exact value, improved bound, new construction, certified nonexistence, classification, or a killed major candidate mechanism.","A10,A11,A12,A19,A20,A22,A24,A25,A26,A32","Split local and global conditions, push certified ranges, and isolate a minimal missing analytic or Diophantine lemma.",medium,OPEN-CANDIDATE — verify current status before launch,Erdős Problems/LMFDB/OEIS/papers
KBK-0275,76,B,Diophantine / Prime / Arithmetic,Brown numbers n!+1=m^2 variants,Search generalized exponents and classify solutions.,"New exact value, improved bound, new construction, certified nonexistence, classification, or a killed major candidate mechanism.","A10,A11,A12,A19,A20,A22,A24,A25,A26,A32","Split local and global conditions, push certified ranges, and isolate a minimal missing analytic or Diophantine lemma.",medium,OPEN-CANDIDATE — verify current status before launch,Erdős Problems/LMFDB/OEIS/papers
KBK-0264,76,B,Diophantine / Prime / Arithmetic,Carmichael numbers with prescribed digits/factors,Construct or exclude new constrained families.,"New exact value, improved bound, new construction, certified nonexistence, classification, or a killed major candidate mechanism.","A10,A11,A12,A19,A20,A22,A24,A25,A26,A32","Split local and global conditions, push certified ranges, and isolate a minimal missing analytic or Diophantine lemma.",medium,OPEN-CANDIDATE — verify current status before launch,Erdős Problems/LMFDB/OEIS/papers
KBK-0331,76,B,Diophantine / Prime / Arithmetic,Catalan numbers that are perfect powers,Extend classification and certify all cases.,"New exact value, improved bound, new construction, certified nonexistence, classification, or a killed major candidate mechanism.","A10,A11,A12,A19,A20,A22,A24,A25,A26,A32","Split local and global conditions, push certified ranges, and isolate a minimal missing analytic or Diophantine lemma.",medium,OPEN-CANDIDATE — verify current status before launch,Erdős Problems/LMFDB/OEIS/papers
KBK-0292,76,B,Diophantine / Prime / Arithmetic,Catalan-type exponential Diophantine families,Search parameterized near-equalities and prove complete subcases.,"New exact value, improved bound, new construction, certified nonexistence, classification, or a killed major candidate mechanism.","A10,A11,A12,A19,A20,A22,A24,A25,A26,A32","Split local and global conditions, push certified ranges, and isolate a minimal missing analytic or Diophantine lemma.",medium,OPEN-CANDIDATE — verify current status before launch,Erdős Problems/LMFDB/OEIS/papers
KBK-0335,76,B,Diophantine / Prime / Arithmetic,Collatz nontrivial cycle exclusion,Extend certified cycle-length/minimum-element bounds and formalize modular pruning.,"New exact value, improved bound, new construction, certified nonexistence, classification, or a killed major candidate mechanism.","A10,A11,A12,A19,A20,A22,A24,A25,A26,A32","Split local and global conditions, push certified ranges, and isolate a minimal missing analytic or Diophantine lemma.",medium,OPEN-CANDIDATE — verify current status before launch,Erdős Problems/LMFDB/OEIS/papers
KBK-0336,76,B,Diophantine / Prime / Arithmetic,Collatz stopping-time records,Certify records and infer automaton/lattice structure without claiming global termination.,"New exact value, improved bound, new construction, certified nonexistence, classification, or a killed major candidate mechanism.","A10,A11,A12,A19,A20,A22,A24,A25,A26,A32","Split local and global conditions, push certified ranges, and isolate a minimal missing analytic or Diophantine lemma.",medium,OPEN-CANDIDATE — verify current status before launch,Erdős Problems/LMFDB/OEIS/papers
KBK-0285,76,B,Diophantine / Prime / Arithmetic,Congruent number ranks and generators,Fill LMFDB gaps and certify new rational triangles.,"New exact value, improved bound, new construction, certified nonexistence, classification, or a killed major candidate mechanism.","A10,A11,A12,A19,A20,A22,A24,A25,A26,A32","Split local and global conditions, push certified ranges, and isolate a minimal missing analytic or Diophantine lemma.",medium,OPEN-CANDIDATE — verify current status before launch,Erdős Problems/LMFDB/OEIS/papers
KBK-0314,76,B,Diophantine / Prime / Arithmetic,Cramér prime-gap side theorems,"Formalize admissibility, record computations, and conditional consequences without overclaiming the conjecture.","New exact value, improved bound, new construction, certified nonexistence, classification, or a killed major candidate mechanism.","A10,A11,A12,A19,A20,A22,A24,A25,A26,A32","Split local and global conditions, push certified ranges, and isolate a minimal missing analytic or Diophantine lemma.",medium,OPEN-CANDIDATE — verify current status before launch,Erdős Problems/LMFDB/OEIS/papers
KBK-0324,76,B,Diophantine / Prime / Arithmetic,Cyclotomic value factorization,Target high-value unresolved cofactors with algebraic preprocessing.,"New exact value, improved bound, new construction, certified nonexistence, classification, or a killed major candidate mechanism.","A10,A11,A12,A19,A20,A22,A24,A25,A26,A32","Split local and global conditions, push certified ranges, and isolate a minimal missing analytic or Diophantine lemma.",medium,OPEN-CANDIDATE — verify current status before launch,Erdős Problems/LMFDB/OEIS/papers
KBK-0298,76,B,Diophantine / Prime / Arithmetic,D(-1)-quadruples and D(n)-tuples,Search unresolved existence and maximality cases.,"New exact value, improved bound, new construction, certified nonexistence, classification, or a killed major candidate mechanism.","A10,A11,A12,A19,A20,A22,A24,A25,A26,A32","Split local and global conditions, push certified ranges, and isolate a minimal missing analytic or Diophantine lemma.",medium,OPEN-CANDIDATE — verify current status before launch,Erdős Problems/LMFDB/OEIS/papers
KBK-0297,76,B,Diophantine / Prime / Arithmetic,Diophantine tuples,Find maximal rational/integer tuples and resolve extension questions.,"New exact value, improved bound, new construction, certified nonexistence, classification, or a killed major candidate mechanism.","A10,A11,A12,A19,A20,A22,A24,A25,A26,A32","Split local and global conditions, push certified ranges, and isolate a minimal missing analytic or Diophantine lemma.",medium,OPEN-CANDIDATE — verify current status before launch,Erdős Problems/LMFDB/OEIS/papers
KBK-0278,76,B,Diophantine / Prime / Arithmetic,Erdős–Moser equation,Improve divisibility/lower-bound constraints and certify residue systems.,"New exact value, improved bound, new construction, certified nonexistence, classification, or a killed major candidate mechanism.","A10,A11,A12,A19,A20,A22,A24,A25,A26,A32","Split local and global conditions, push certified ranges, and isolate a minimal missing analytic or Diophantine lemma.",medium,OPEN-CANDIDATE — verify current status before launch,Erdős Problems/LMFDB/OEIS/papers
KBK-0257,76,B,Diophantine / Prime / Arithmetic,Erdős–Straus conjecture,"Extend verified ranges, discover stronger modular covers, and formalize complete residue-class subfamilies.","New exact value, improved bound, new construction, certified nonexistence, classification, or a killed major candidate mechanism.","A10,A11,A12,A19,A20,A22,A24,A25,A26,A32","Split local and global conditions, push certified ranges, and isolate a minimal missing analytic or Diophantine lemma.",medium,OPEN-CANDIDATE — verify current status before launch,Erdős Problems/LMFDB/OEIS/papers
KBK-0283,76,B,Diophantine / Prime / Arithmetic,Euler brick completion,Classify primitive bricks up to larger ranges and search square space diagonal.,"New exact value, improved bound, new construction, certified nonexistence, classification, or a killed major candidate mechanism.","A10,A11,A12,A19,A20,A22,A24,A25,A26,A32","Split local and global conditions, push certified ranges, and isolate a minimal missing analytic or Diophantine lemma.",medium,OPEN-CANDIDATE — verify current status before launch,Erdős Problems/LMFDB/OEIS/papers
KBK-0329,76,B,Diophantine / Prime / Arithmetic,Factorial Diophantine equations,"Classify equations mixing factorials, powers, and products in new ranges.","New exact value, improved bound, new construction, certified nonexistence, classification, or a killed major candidate mechanism.","A10,A11,A12,A19,A20,A22,A24,A25,A26,A32","Split local and global conditions, push certified ranges, and isolate a minimal missing analytic or Diophantine lemma.",medium,OPEN-CANDIDATE — verify current status before launch,Erdős Problems/LMFDB/OEIS/papers
KBK-0322,76,B,Diophantine / Prime / Arithmetic,Fermat number factor discovery,Attack unfactored cofactors with ECM/NFS orchestration.,"New exact value, improved bound, new construction, certified nonexistence, classification, or a killed major candidate mechanism.","A10,A11,A12,A19,A20,A22,A24,A25,A26,A32","Split local and global conditions, push certified ranges, and isolate a minimal missing analytic or Diophantine lemma.",medium,OPEN-CANDIDATE — verify current status before launch,Erdős Problems/LMFDB/OEIS/papers
KBK-0280,76,B,Diophantine / Prime / Arithmetic,Fermat–Catalan signatures,Resolve additional signatures using modular and descent computation.,"New exact value, improved bound, new construction, certified nonexistence, classification, or a killed major candidate mechanism.","A10,A11,A12,A19,A20,A22,A24,A25,A26,A32","Split local and global conditions, push certified ranges, and isolate a minimal missing analytic or Diophantine lemma.",medium,OPEN-CANDIDATE — verify current status before launch,Erdős Problems/LMFDB/OEIS/papers
KBK-0313,76,B,Diophantine / Prime / Arithmetic,Firoozbakht conjecture finite verification,Maintain certified range and study near-violations.,"New exact value, improved bound, new construction, certified nonexistence, classification, or a killed major candidate mechanism.","A10,A11,A12,A19,A20,A22,A24,A25,A26,A32","Split local and global conditions, push certified ranges, and isolate a minimal missing analytic or Diophantine lemma.",medium,OPEN-CANDIDATE — verify current status before launch,Erdős Problems/LMFDB/OEIS/papers
KBK-0281,76,B,Diophantine / Prime / Arithmetic,Generalized Fermat equations,Attack low-genus signatures with modular method databases.,"New exact value, improved bound, new construction, certified nonexistence, classification, or a killed major candidate mechanism.","A10,A11,A12,A19,A20,A22,A24,A25,A26,A32","Split local and global conditions, push certified ranges, and isolate a minimal missing analytic or Diophantine lemma.",medium,OPEN-CANDIDATE — verify current status before launch,Erdős Problems/LMFDB/OEIS/papers
KBK-0287,76,B,Diophantine / Prime / Arithmetic,Generalized Ramanujan–Nagell equations,Solve new parameter families with local-global and linear forms.,"New exact value, improved bound, new construction, certified nonexistence, classification, or a killed major candidate mechanism.","A10,A11,A12,A19,A20,A22,A24,A25,A26,A32","Split local and global conditions, push certified ranges, and isolate a minimal missing analytic or Diophantine lemma.",medium,OPEN-CANDIDATE — verify current status before launch,Erdős Problems/LMFDB/OEIS/papers
KBK-0323,76,B,Diophantine / Prime / Arithmetic,Generalized repunit factorization,Complete new bases/exponents and certify primality/factors.,"New exact value, improved bound, new construction, certified nonexistence, classification, or a killed major candidate mechanism.","A10,A11,A12,A19,A20,A22,A24,A25,A26,A32","Split local and global conditions, push certified ranges, and isolate a minimal missing analytic or Diophantine lemma.",medium,OPEN-CANDIDATE — verify current status before launch,Erdős Problems/LMFDB/OEIS/papers
KBK-0261,76,B,Diophantine / Prime / Arithmetic,Giuga conjecture,Push certified searches and derive new congruence obstructions.,"New exact value, improved bound, new construction, certified nonexistence, classification, or a killed major candidate mechanism.","A10,A11,A12,A19,A20,A22,A24,A25,A26,A32","Split local and global conditions, push certified ranges, and isolate a minimal missing analytic or Diophantine lemma.",medium,OPEN-CANDIDATE — verify current status before launch,Erdős Problems/LMFDB/OEIS/papers
KBK-0317,76,B,Diophantine / Prime / Arithmetic,Goldbach finite verification extensions,Push range with independent implementations and proof receipts.,"New exact value, improved bound, new construction, certified nonexistence, classification, or a killed major candidate mechanism.","A10,A11,A12,A19,A20,A22,A24,A25,A26,A32","Split local and global conditions, push certified ranges, and isolate a minimal missing analytic or Diophantine lemma.",medium,OPEN-CANDIDATE — verify current status before launch,Erdős Problems/LMFDB/OEIS/papers
KBK-0276,76,B,Diophantine / Prime / Arithmetic,Goormaghtigh equation,Resolve bounded exponent/base regions and formalize known reductions.,"New exact value, improved bound, new construction, certified nonexistence, classification, or a killed major candidate mechanism.","A10,A11,A12,A19,A20,A22,A24,A25,A26,A32","Split local and global conditions, push certified ranges, and isolate a minimal missing analytic or Diophantine lemma.",medium,OPEN-CANDIDATE — verify current status before launch,Erdős Problems/LMFDB/OEIS/papers
KBK-0309,76,B,Diophantine / Prime / Arithmetic,Grimm conjecture finite verification,Extend ranges and search strengthened matching statements.,"New exact value, improved bound, new construction, certified nonexistence, classification, or a killed major candidate mechanism.","A10,A11,A12,A19,A20,A22,A24,A25,A26,A32","Split local and global conditions, push certified ranges, and isolate a minimal missing analytic or Diophantine lemma.",medium,OPEN-CANDIDATE — verify current status before launch,Erdős Problems/LMFDB/OEIS/papers
KBK-0293,76,B,Diophantine / Prime / Arithmetic,Hall conjecture record search,Find smaller |x^3-y^2|/sqrt(x) records and certify them.,"New exact value, improved bound, new construction, certified nonexistence, classification, or a killed major candidate mechanism.","A10,A11,A12,A19,A20,A22,A24,A25,A26,A32","Split local and global conditions, push certified ranges, and isolate a minimal missing analytic or Diophantine lemma.",medium,OPEN-CANDIDATE — verify current status before launch,Erdős Problems/LMFDB/OEIS/papers
KBK-0306,76,B,Diophantine / Prime / Arithmetic,Highly composite / colossally abundant records,Certify transitions and test Robin-style inequalities.,"New exact value, improved bound, new construction, certified nonexistence, classification, or a killed major candidate mechanism.","A10,A11,A12,A19,A20,A22,A24,A25,A26,A32","Split local and global conditions, push certified ranges, and isolate a minimal missing analytic or Diophantine lemma.",medium,OPEN-CANDIDATE — verify current status before launch,Erdős Problems/LMFDB/OEIS/papers
KBK-0308,76,B,Diophantine / Prime / Arithmetic,Lagarias RH criterion finite extremals,Compute exact maximizing n and structural patterns.,"New exact value, improved bound, new construction, certified nonexistence, classification, or a killed major candidate mechanism.","A10,A11,A12,A19,A20,A22,A24,A25,A26,A32","Split local and global conditions, push certified ranges, and isolate a minimal missing analytic or Diophantine lemma.",medium,OPEN-CANDIDATE — verify current status before launch,Erdős Problems/LMFDB/OEIS/papers
KBK-0288,76,B,Diophantine / Prime / Arithmetic,Lebesgue–Nagell equations,"Classify fixed D,n families and formalize certificates.","New exact value, improved bound, new construction, certified nonexistence, classification, or a killed major candidate mechanism.","A10,A11,A12,A19,A20,A22,A24,A25,A26,A32","Split local and global conditions, push certified ranges, and isolate a minimal missing analytic or Diophantine lemma.",medium,OPEN-CANDIDATE — verify current status before launch,Erdős Problems/LMFDB/OEIS/papers
KBK-0310,76,B,Diophantine / Prime / Arithmetic,Legendre prime-between-squares verification,Push certified range and derive interval reductions.,"New exact value, improved bound, new construction, certified nonexistence, classification, or a killed major candidate mechanism.","A10,A11,A12,A19,A20,A22,A24,A25,A26,A32","Split local and global conditions, push certified ranges, and isolate a minimal missing analytic or Diophantine lemma.",medium,OPEN-CANDIDATE — verify current status before launch,Erdős Problems/LMFDB/OEIS/papers
KBK-0260,76,B,Diophantine / Prime / Arithmetic,Lehmer totient problem,Extend lower bounds on number of prime factors and eliminate structured classes.,"New exact value, improved bound, new construction, certified nonexistence, classification, or a killed major candidate mechanism.","A10,A11,A12,A19,A20,A22,A24,A25,A26,A32","Split local and global conditions, push certified ranges, and isolate a minimal missing analytic or Diophantine lemma.",medium,OPEN-CANDIDATE — verify current status before launch,Erdős Problems/LMFDB/OEIS/papers
KBK-0319,76,B,Diophantine / Prime / Arithmetic,Lemoine/Levy conjecture finite verification,Extend range and classify minimal representations.,"New exact value, improved bound, new construction, certified nonexistence, classification, or a killed major candidate mechanism.","A10,A11,A12,A19,A20,A22,A24,A25,A26,A32","Split local and global conditions, push certified ranges, and isolate a minimal missing analytic or Diophantine lemma.",medium,OPEN-CANDIDATE — verify current status before launch,Erdős Problems/LMFDB/OEIS/papers
KBK-0270,76,B,Diophantine / Prime / Arithmetic,Lerch primes and generalized Wilson quotients,Search first examples and classify bases.,"New exact value, improved bound, new construction, certified nonexistence, classification, or a killed major candidate mechanism.","A10,A11,A12,A19,A20,A22,A24,A25,A26,A32","Split local and global conditions, push certified ranges, and isolate a minimal missing analytic or Diophantine lemma.",medium,OPEN-CANDIDATE — verify current status before launch,Erdős Problems/LMFDB/OEIS/papers
KBK-0333,76,B,Diophantine / Prime / Arithmetic,Mahler 3/2 problem computational side gates,"Prove long finite blocks, automate digit dynamics, and seek finite-state subfamilies.","New exact value, improved bound, new construction, certified nonexistence, classification, or a killed major candidate mechanism.","A10,A11,A12,A19,A20,A22,A24,A25,A26,A32","Split local and global conditions, push certified ranges, and isolate a minimal missing analytic or Diophantine lemma.",medium,OPEN-CANDIDATE — verify current status before launch,Erdős Problems/LMFDB/OEIS/papers
KBK-0300,76,B,Diophantine / Prime / Arithmetic,Markov numbers uniqueness,Verify vast ranges and prove new structural subclasses.,"New exact value, improved bound, new construction, certified nonexistence, classification, or a killed major candidate mechanism.","A10,A11,A12,A19,A20,A22,A24,A25,A26,A32","Split local and global conditions, push certified ranges, and isolate a minimal missing analytic or Diophantine lemma.",medium,OPEN-CANDIDATE — verify current status before launch,Erdős Problems/LMFDB/OEIS/papers
KBK-0299,76,B,Diophantine / Prime / Arithmetic,Markov-type Diophantine equations,Classify mutation orbits and bounded exceptional solutions.,"New exact value, improved bound, new construction, certified nonexistence, classification, or a killed major candidate mechanism.","A10,A11,A12,A19,A20,A22,A24,A25,A26,A32","Split local and global conditions, push certified ranges, and isolate a minimal missing analytic or Diophantine lemma.",medium,OPEN-CANDIDATE — verify current status before launch,Erdős Problems/LMFDB/OEIS/papers
KBK-0295,76,B,Diophantine / Prime / Arithmetic,Mason–Stothers finite analogues,Compute extremal polynomial triples and equality structures.,"New exact value, improved bound, new construction, certified nonexistence, classification, or a killed major candidate mechanism.","A10,A11,A12,A19,A20,A22,A24,A25,A26,A32","Split local and global conditions, push certified ranges, and isolate a minimal missing analytic or Diophantine lemma.",medium,OPEN-CANDIDATE — verify current status before launch,Erdős Problems/LMFDB/OEIS/papers
KBK-0321,76,B,Diophantine / Prime / Arithmetic,Mersenne factor discovery,Find and certify new factors for unfactored exponents.,"New exact value, improved bound, new construction, certified nonexistence, classification, or a killed major candidate mechanism.","A10,A11,A12,A19,A20,A22,A24,A25,A26,A32","Split local and global conditions, push certified ranges, and isolate a minimal missing analytic or Diophantine lemma.",medium,OPEN-CANDIDATE — verify current status before launch,Erdős Problems/LMFDB/OEIS/papers
KBK-0286,76,B,Diophantine / Prime / Arithmetic,Mordell curves y^2=x^3+k,Complete integral-point tables for unresolved k ranges.,"New exact value, improved bound, new construction, certified nonexistence, classification, or a killed major candidate mechanism.","A10,A11,A12,A19,A20,A22,A24,A25,A26,A32","Split local and global conditions, push certified ranges, and isolate a minimal missing analytic or Diophantine lemma.",medium,OPEN-CANDIDATE — verify current status before launch,Erdős Problems/LMFDB/OEIS/papers
KBK-0304,76,B,Diophantine / Prime / Arithmetic,Multiply perfect numbers,Classify prime-factor patterns for fixed multiplicity.,"New exact value, improved bound, new construction, certified nonexistence, classification, or a killed major candidate mechanism.","A10,A11,A12,A19,A20,A22,A24,A25,A26,A32","Split local and global conditions, push certified ranges, and isolate a minimal missing analytic or Diophantine lemma.",medium,OPEN-CANDIDATE — verify current status before launch,Erdős Problems/LMFDB/OEIS/papers
KBK-0325,76,B,Diophantine / Prime / Arithmetic,Near-perfect and almost-perfect numbers,Classify forms and search new examples.,"New exact value, improved bound, new construction, certified nonexistence, classification, or a killed major candidate mechanism.","A10,A11,A12,A19,A20,A22,A24,A25,A26,A32","Split local and global conditions, push certified ranges, and isolate a minimal missing analytic or Diophantine lemma.",medium,OPEN-CANDIDATE — verify current status before launch,Erdős Problems/LMFDB/OEIS/papers
KBK-0334,76,B,Diophantine / Prime / Arithmetic,Normality tests for constants with rigorous discrepancy,Produce certified digit-distribution bounds and anomaly searches.,"New exact value, improved bound, new construction, certified nonexistence, classification, or a killed major candidate mechanism.","A10,A11,A12,A19,A20,A22,A24,A25,A26,A32","Split local and global conditions, push certified ranges, and isolate a minimal missing analytic or Diophantine lemma.",medium,OPEN-CANDIDATE — verify current status before launch,Erdős Problems/LMFDB/OEIS/papers
KBK-0303,76,B,Diophantine / Prime / Arithmetic,Odd amicable pairs,Extend nonexistence ranges and factor-pattern constraints.,"New exact value, improved bound, new construction, certified nonexistence, classification, or a killed major candidate mechanism.","A10,A11,A12,A19,A20,A22,A24,A25,A26,A32","Split local and global conditions, push certified ranges, and isolate a minimal missing analytic or Diophantine lemma.",medium,OPEN-CANDIDATE — verify current status before launch,Erdős Problems/LMFDB/OEIS/papers
KBK-0258,76,B,Diophantine / Prime / Arithmetic,Odd perfect number constraints,"Improve certified lower bounds on size, prime factors, or exponent patterns.","New exact value, improved bound, new construction, certified nonexistence, classification, or a killed major candidate mechanism.","A10,A11,A12,A19,A20,A22,A24,A25,A26,A32","Split local and global conditions, push certified ranges, and isolate a minimal missing analytic or Diophantine lemma.",medium,OPEN-CANDIDATE — verify current status before launch,Erdős Problems/LMFDB/OEIS/papers
KBK-0259,76,B,Diophantine / Prime / Arithmetic,Odd perfect number factor-pattern elimination,Use SAT/ILP and abundancy inequalities to kill broad exponent families.,"New exact value, improved bound, new construction, certified nonexistence, classification, or a killed major candidate mechanism.","A10,A11,A12,A19,A20,A22,A24,A25,A26,A32","Split local and global conditions, push certified ranges, and isolate a minimal missing analytic or Diophantine lemma.",medium,OPEN-CANDIDATE — verify current status before launch,Erdős Problems/LMFDB/OEIS/papers
KBK-0311,76,B,Diophantine / Prime / Arithmetic,Oppermann conjecture finite verification,Push both half-interval conditions and identify hardest n.,"New exact value, improved bound, new construction, certified nonexistence, classification, or a killed major candidate mechanism.","A10,A11,A12,A19,A20,A22,A24,A25,A26,A32","Split local and global conditions, push certified ranges, and isolate a minimal missing analytic or Diophantine lemma.",medium,OPEN-CANDIDATE — verify current status before launch,Erdős Problems/LMFDB/OEIS/papers
KBK-0282,76,B,Diophantine / Prime / Arithmetic,Perfect cuboid,"Search parametrized families, eliminate parity/residue classes, and certify bounds.","New exact value, improved bound, new construction, certified nonexistence, classification, or a killed major candidate mechanism.","A10,A11,A12,A19,A20,A22,A24,A25,A26,A32","Split local and global conditions, push certified ranges, and isolate a minimal missing analytic or Diophantine lemma.",medium,OPEN-CANDIDATE — verify current status before launch,Erdős Problems/LMFDB/OEIS/papers
KBK-0328,76,B,Diophantine / Prime / Arithmetic,Pillai arithmetic function / Smarandache function,Compute exact extremal behavior and congruence patterns.,"New exact value, improved bound, new construction, certified nonexistence, classification, or a killed major candidate mechanism.","A10,A11,A12,A19,A20,A22,A24,A25,A26,A32","Split local and global conditions, push certified ranges, and isolate a minimal missing analytic or Diophantine lemma.",medium,OPEN-CANDIDATE — verify current status before launch,Erdős Problems/LMFDB/OEIS/papers
KBK-0277,76,B,Diophantine / Prime / Arithmetic,Pillai equation |a^x-b^y|=k,Classify fixed small k and bounded signatures.,"New exact value, improved bound, new construction, certified nonexistence, classification, or a killed major candidate mechanism.","A10,A11,A12,A19,A20,A22,A24,A25,A26,A32","Split local and global conditions, push certified ranges, and isolate a minimal missing analytic or Diophantine lemma.",medium,OPEN-CANDIDATE — verify current status before launch,Erdős Problems/LMFDB/OEIS/papers
KBK-0320,76,B,Diophantine / Prime / Arithmetic,Polignac gap occurrence finite maps,Certify first occurrences and density data for even gaps.,"New exact value, improved bound, new construction, certified nonexistence, classification, or a killed major candidate mechanism.","A10,A11,A12,A19,A20,A22,A24,A25,A26,A32","Split local and global conditions, push certified ranges, and isolate a minimal missing analytic or Diophantine lemma.",medium,OPEN-CANDIDATE — verify current status before launch,Erdős Problems/LMFDB/OEIS/papers
KBK-0326,76,B,Diophantine / Prime / Arithmetic,Powerful number gaps,Find records and test asymptotic conjectures.,"New exact value, improved bound, new construction, certified nonexistence, classification, or a killed major candidate mechanism.","A10,A11,A12,A19,A20,A22,A24,A25,A26,A32","Split local and global conditions, push certified ranges, and isolate a minimal missing analytic or Diophantine lemma.",medium,OPEN-CANDIDATE — verify current status before launch,Erdős Problems/LMFDB/OEIS/papers
KBK-0305,76,B,Diophantine / Prime / Arithmetic,Practical numbers variants,Prove density/closure subcases and exact finite extremals.,"New exact value, improved bound, new construction, certified nonexistence, classification, or a killed major candidate mechanism.","A10,A11,A12,A19,A20,A22,A24,A25,A26,A32","Split local and global conditions, push certified ranges, and isolate a minimal missing analytic or Diophantine lemma.",medium,OPEN-CANDIDATE — verify current status before launch,Erdős Problems/LMFDB/OEIS/papers
KBK-0263,76,B,Diophantine / Prime / Arithmetic,Primary pseudoperfect numbers,Search new examples or prove nonexistence under factor-count/range constraints.,"New exact value, improved bound, new construction, certified nonexistence, classification, or a killed major candidate mechanism.","A10,A11,A12,A19,A20,A22,A24,A25,A26,A32","Split local and global conditions, push certified ranges, and isolate a minimal missing analytic or Diophantine lemma.",medium,OPEN-CANDIDATE — verify current status before launch,Erdős Problems/LMFDB/OEIS/papers
KBK-0315,76,B,Diophantine / Prime / Arithmetic,Prime constellation admissibility fractions,Extend closed-form formulas to larger constellations and formalize.,"New exact value, improved bound, new construction, certified nonexistence, classification, or a killed major candidate mechanism.","A10,A11,A12,A19,A20,A22,A24,A25,A26,A32","Split local and global conditions, push certified ranges, and isolate a minimal missing analytic or Diophantine lemma.",medium,OPEN-CANDIDATE — verify current status before launch,Erdős Problems/LMFDB/OEIS/papers
KBK-0316,76,B,Diophantine / Prime / Arithmetic,Prime k-tuple singular-series records,Optimize admissible patterns and certify constants.,"New exact value, improved bound, new construction, certified nonexistence, classification, or a killed major candidate mechanism.","A10,A11,A12,A19,A20,A22,A24,A25,A26,A32","Split local and global conditions, push certified ranges, and isolate a minimal missing analytic or Diophantine lemma.",medium,OPEN-CANDIDATE — verify current status before launch,Erdős Problems/LMFDB/OEIS/papers
KBK-0273,76,B,Diophantine / Prime / Arithmetic,Prime-generating k*2^n+1 sequences,Classify covering sets and smallest exceptions.,"New exact value, improved bound, new construction, certified nonexistence, classification, or a killed major candidate mechanism.","A10,A11,A12,A19,A20,A22,A24,A25,A26,A32","Split local and global conditions, push certified ranges, and isolate a minimal missing analytic or Diophantine lemma.",medium,OPEN-CANDIDATE — verify current status before launch,Erdős Problems/LMFDB/OEIS/papers
KBK-0332,76,B,Diophantine / Prime / Arithmetic,Repdigit / palindrome Diophantine equations,Solve structured families and certify bounds.,"New exact value, improved bound, new construction, certified nonexistence, classification, or a killed major candidate mechanism.","A10,A11,A12,A19,A20,A22,A24,A25,A26,A32","Split local and global conditions, push certified ranges, and isolate a minimal missing analytic or Diophantine lemma.",medium,OPEN-CANDIDATE — verify current status before launch,Erdős Problems/LMFDB/OEIS/papers
KBK-0272,76,B,Diophantine / Prime / Arithmetic,Riesel number minimality,Complete covering sets and eliminate remaining candidates.,"New exact value, improved bound, new construction, certified nonexistence, classification, or a killed major candidate mechanism.","A10,A11,A12,A19,A20,A22,A24,A25,A26,A32","Split local and global conditions, push certified ranges, and isolate a minimal missing analytic or Diophantine lemma.",medium,OPEN-CANDIDATE — verify current status before launch,Erdős Problems/LMFDB/OEIS/papers
KBK-0307,76,B,Diophantine / Prime / Arithmetic,Robin inequality finite verification,Extend certified range and isolate extremal candidates.,"New exact value, improved bound, new construction, certified nonexistence, classification, or a killed major candidate mechanism.","A10,A11,A12,A19,A20,A22,A24,A25,A26,A32","Split local and global conditions, push certified ranges, and isolate a minimal missing analytic or Diophantine lemma.",medium,OPEN-CANDIDATE — verify current status before launch,Erdős Problems/LMFDB/OEIS/papers
KBK-0291,76,B,Diophantine / Prime / Arithmetic,S-unit equations,Resolve explicit number-field cases and certify bounds.,"New exact value, improved bound, new construction, certified nonexistence, classification, or a killed major candidate mechanism.","A10,A11,A12,A19,A20,A22,A24,A25,A26,A32","Split local and global conditions, push certified ranges, and isolate a minimal missing analytic or Diophantine lemma.",medium,OPEN-CANDIDATE — verify current status before launch,Erdős Problems/LMFDB/OEIS/papers
KBK-0271,76,B,Diophantine / Prime / Arithmetic,Sierpiński number minimality,Complete covering sets and eliminate all smaller unresolved k.,"New exact value, improved bound, new construction, certified nonexistence, classification, or a killed major candidate mechanism.","A10,A11,A12,A19,A20,A22,A24,A25,A26,A32","Split local and global conditions, push certified ranges, and isolate a minimal missing analytic or Diophantine lemma.",medium,OPEN-CANDIDATE — verify current status before launch,Erdős Problems/LMFDB/OEIS/papers
KBK-0327,76,B,Diophantine / Prime / Arithmetic,Smooth neighbors,Search consecutive smooth-number pairs and prove bounded classifications.,"New exact value, improved bound, new construction, certified nonexistence, classification, or a killed major candidate mechanism.","A10,A11,A12,A19,A20,A22,A24,A25,A26,A32","Split local and global conditions, push certified ranges, and isolate a minimal missing analytic or Diophantine lemma.",medium,OPEN-CANDIDATE — verify current status before launch,Erdős Problems/LMFDB/OEIS/papers
KBK-0302,76,B,Diophantine / Prime / Arithmetic,Sociable cycles,Search new orders and prove bounds for restricted classes.,"New exact value, improved bound, new construction, certified nonexistence, classification, or a killed major candidate mechanism.","A10,A11,A12,A19,A20,A22,A24,A25,A26,A32","Split local and global conditions, push certified ranges, and isolate a minimal missing analytic or Diophantine lemma.",medium,OPEN-CANDIDATE — verify current status before launch,Erdős Problems/LMFDB/OEIS/papers
KBK-0289,76,B,Diophantine / Prime / Arithmetic,Thue equations benchmark frontier,Solve hard unresolved forms and validate all solutions.,"New exact value, improved bound, new construction, certified nonexistence, classification, or a killed major candidate mechanism.","A10,A11,A12,A19,A20,A22,A24,A25,A26,A32","Split local and global conditions, push certified ranges, and isolate a minimal missing analytic or Diophantine lemma.",medium,OPEN-CANDIDATE — verify current status before launch,Erdős Problems/LMFDB/OEIS/papers
KBK-0290,76,B,Diophantine / Prime / Arithmetic,Thue–Mahler equations,Complete new coefficient/prime-set families.,"New exact value, improved bound, new construction, certified nonexistence, classification, or a killed major candidate mechanism.","A10,A11,A12,A19,A20,A22,A24,A25,A26,A32","Split local and global conditions, push certified ranges, and isolate a minimal missing analytic or Diophantine lemma.",medium,OPEN-CANDIDATE — verify current status before launch,Erdős Problems/LMFDB/OEIS/papers
KBK-0266,76,B,Diophantine / Prime / Arithmetic,Wall–Sun–Sun primes,Extend certified range and improve modular algorithms.,"New exact value, improved bound, new construction, certified nonexistence, classification, or a killed major candidate mechanism.","A10,A11,A12,A19,A20,A22,A24,A25,A26,A32","Split local and global conditions, push certified ranges, and isolate a minimal missing analytic or Diophantine lemma.",medium,OPEN-CANDIDATE — verify current status before launch,Erdős Problems/LMFDB/OEIS/papers
KBK-0265,76,B,Diophantine / Prime / Arithmetic,Weak Carmichael numbers,Classify small factor patterns and generate examples.,"New exact value, improved bound, new construction, certified nonexistence, classification, or a killed major candidate mechanism.","A10,A11,A12,A19,A20,A22,A24,A25,A26,A32","Split local and global conditions, push certified ranges, and isolate a minimal missing analytic or Diophantine lemma.",medium,OPEN-CANDIDATE — verify current status before launch,Erdős Problems/LMFDB/OEIS/papers
KBK-0318,76,B,Diophantine / Prime / Arithmetic,Weak Goldbach representation minima,Find extremal odd integers and exact representation counts.,"New exact value, improved bound, new construction, certified nonexistence, classification, or a killed major candidate mechanism.","A10,A11,A12,A19,A20,A22,A24,A25,A26,A32","Split local and global conditions, push certified ranges, and isolate a minimal missing analytic or Diophantine lemma.",medium,OPEN-CANDIDATE — verify current status before launch,Erdős Problems/LMFDB/OEIS/papers
KBK-0267,76,B,Diophantine / Prime / Arithmetic,Wieferich primes to base a,Find records and certify broad ranges for selected bases.,"New exact value, improved bound, new construction, certified nonexistence, classification, or a killed major candidate mechanism.","A10,A11,A12,A19,A20,A22,A24,A25,A26,A32","Split local and global conditions, push certified ranges, and isolate a minimal missing analytic or Diophantine lemma.",medium,OPEN-CANDIDATE — verify current status before launch,Erdős Problems/LMFDB/OEIS/papers
KBK-0268,76,B,Diophantine / Prime / Arithmetic,Wilson primes,Extend search and exploit factorial-mod-p^2 acceleration.,"New exact value, improved bound, new construction, certified nonexistence, classification, or a killed major candidate mechanism.","A10,A11,A12,A19,A20,A22,A24,A25,A26,A32","Split local and global conditions, push certified ranges, and isolate a minimal missing analytic or Diophantine lemma.",medium,OPEN-CANDIDATE — verify current status before launch,Erdős Problems/LMFDB/OEIS/papers
KBK-0269,76,B,Diophantine / Prime / Arithmetic,Wolstenholme primes,Extend certified range and derive congruence filters.,"New exact value, improved bound, new construction, certified nonexistence, classification, or a killed major candidate mechanism.","A10,A11,A12,A19,A20,A22,A24,A25,A26,A32","Split local and global conditions, push certified ranges, and isolate a minimal missing analytic or Diophantine lemma.",medium,OPEN-CANDIDATE — verify current status before launch,Erdős Problems/LMFDB/OEIS/papers
KBK-0296,76,B,Diophantine / Prime / Arithmetic,Znám problem and variants,Classify primitive sets for new sizes and constraints.,"New exact value, improved bound, new construction, certified nonexistence, classification, or a killed major candidate mechanism.","A10,A11,A12,A19,A20,A22,A24,A25,A26,A32","Split local and global conditions, push certified ranges, and isolate a minimal missing analytic or Diophantine lemma.",medium,OPEN-CANDIDATE — verify current status before launch,Erdős Problems/LMFDB/OEIS/papers
KBK-0294,76,B,Diophantine / Prime / Arithmetic,abc-quality record search,Mine new high-quality triples and structured parametric families.,"New exact value, improved bound, new construction, certified nonexistence, classification, or a killed major candidate mechanism.","A10,A11,A12,A19,A20,A22,A24,A25,A26,A32","Split local and global conditions, push certified ranges, and isolate a minimal missing analytic or Diophantine lemma.",medium,OPEN-CANDIDATE — verify current status before launch,Erdős Problems/LMFDB/OEIS/papers
KBK-0548,76,B,Logic / TCS / Optimization,Black-white pebbling separations,Find smallest explicit separations and certify.,"New exact value, improved bound, new construction, certified nonexistence, classification, or a killed major candidate mechanism.","A05,A06,A11,A17,A20,A22,A25,A26,A28,A32","Search the first unresolved instance, prove lower/upper certificates, and compare multiple encodings to avoid solver artifacts.",medium,OPEN-CANDIDATE — verify current status before launch,Formal Conjectures/TCS open-problem lists/papers
KBK-0541,76,B,Logic / TCS / Optimization,Block sensitivity separations,Compute best finite gaps and classify extremizers.,"New exact value, improved bound, new construction, certified nonexistence, classification, or a killed major candidate mechanism.","A05,A06,A11,A17,A20,A22,A25,A26,A28,A32","Search the first unresolved instance, prove lower/upper certificates, and compare multiple encodings to avoid solver artifacts.",medium,OPEN-CANDIDATE — verify current status before launch,Formal Conjectures/TCS open-problem lists/papers
KBK-0524,76,B,Logic / TCS / Optimization,Boolean Pythagorean triples style finite partition problems,Mine new finite unsatisfiable thresholds and produce LRAT certificates.,"New exact value, improved bound, new construction, certified nonexistence, classification, or a killed major candidate mechanism.","A05,A06,A11,A17,A20,A22,A25,A26,A28,A32","Search the first unresolved instance, prove lower/upper certificates, and compare multiple encodings to avoid solver artifacts.",medium,OPEN-CANDIDATE — verify current status before launch,Formal Conjectures/TCS open-problem lists/papers
KBK-0557,76,B,Logic / TCS / Optimization,Busy Beaver lower-bound records with formal traces,Certify new machine runtimes/output and nonhalting subclasses.,"New exact value, improved bound, new construction, certified nonexistence, classification, or a killed major candidate mechanism.","A05,A06,A11,A17,A20,A22,A25,A26,A28,A32","Search the first unresolved instance, prove lower/upper certificates, and compare multiple encodings to avoid solver artifacts.",medium,OPEN-CANDIDATE — verify current status before launch,Formal Conjectures/TCS open-problem lists/papers
KBK-0529,76,B,Logic / TCS / Optimization,Canonical labeling benchmark conjectures,Find families exposing algorithmic bottlenecks and prove automorphism properties.,"New exact value, improved bound, new construction, certified nonexistence, classification, or a killed major candidate mechanism.","A05,A06,A11,A17,A20,A22,A25,A26,A28,A32","Search the first unresolved instance, prove lower/upper certificates, and compare multiple encodings to avoid solver artifacts.",medium,OPEN-CANDIDATE — verify current status before launch,Formal Conjectures/TCS open-problem lists/papers
KBK-0530,76,B,Logic / TCS / Optimization,Circuit minimization for small Boolean functions,Determine exact circuit sizes for first unknown functions.,"New exact value, improved bound, new construction, certified nonexistence, classification, or a killed major candidate mechanism.","A05,A06,A11,A17,A20,A22,A25,A26,A28,A32","Search the first unresolved instance, prove lower/upper certificates, and compare multiple encodings to avoid solver artifacts.",medium,OPEN-CANDIDATE — verify current status before launch,Formal Conjectures/TCS open-problem lists/papers
KBK-0544,76,B,Logic / TCS / Optimization,Comparator network selection/median,Determine exact size/depth for first unknown n.,"New exact value, improved bound, new construction, certified nonexistence, classification, or a killed major candidate mechanism.","A05,A06,A11,A17,A20,A22,A25,A26,A28,A32","Search the first unresolved instance, prove lower/upper certificates, and compare multiple encodings to avoid solver artifacts.",medium,OPEN-CANDIDATE — verify current status before launch,Formal Conjectures/TCS open-problem lists/papers
KBK-0555,76,B,Logic / TCS / Optimization,Constraint satisfaction polymorphism frontier,Classify bounded-domain templates and machine-check proofs.,"New exact value, improved bound, new construction, certified nonexistence, classification, or a killed major candidate mechanism.","A05,A06,A11,A17,A20,A22,A25,A26,A28,A32","Search the first unresolved instance, prove lower/upper certificates, and compare multiple encodings to avoid solver artifacts.",medium,OPEN-CANDIDATE — verify current status before launch,Formal Conjectures/TCS open-problem lists/papers
KBK-0563,76,B,Logic / TCS / Optimization,Cops and robbers cop number,Close exact values for first unknown graph families.,"New exact value, improved bound, new construction, certified nonexistence, classification, or a killed major candidate mechanism.","A05,A06,A11,A17,A20,A22,A25,A26,A28,A32","Search the first unresolved instance, prove lower/upper certificates, and compare multiple encodings to avoid solver artifacts.",medium,OPEN-CANDIDATE — verify current status before launch,Formal Conjectures/TCS open-problem lists/papers
KBK-0552,76,B,Logic / TCS / Optimization,Cut polytope facet enumeration,Extend n and find new inequality families.,"New exact value, improved bound, new construction, certified nonexistence, classification, or a killed major candidate mechanism.","A05,A06,A11,A17,A20,A22,A25,A26,A28,A32","Search the first unresolved instance, prove lower/upper certificates, and compare multiple encodings to avoid solver artifacts.",medium,OPEN-CANDIDATE — verify current status before launch,Formal Conjectures/TCS open-problem lists/papers
KBK-0535,76,B,Logic / TCS / Optimization,Cutting planes proof length,Certify optimal proofs for pigeonhole/Tseitin families at small n.,"New exact value, improved bound, new construction, certified nonexistence, classification, or a killed major candidate mechanism.","A05,A06,A11,A17,A20,A22,A25,A26,A28,A32","Search the first unresolved instance, prove lower/upper certificates, and compare multiple encodings to avoid solver artifacts.",medium,OPEN-CANDIDATE — verify current status before launch,Formal Conjectures/TCS open-problem lists/papers
KBK-0526,76,B,Logic / TCS / Optimization,Erdős discrepancy finite thresholds,Compute exact minimum lengths for bounded discrepancy/color constraints.,"New exact value, improved bound, new construction, certified nonexistence, classification, or a killed major candidate mechanism.","A05,A06,A11,A17,A20,A22,A25,A26,A28,A32","Search the first unresolved instance, prove lower/upper certificates, and compare multiple encodings to avoid solver artifacts.",medium,OPEN-CANDIDATE — verify current status before launch,Formal Conjectures/TCS open-problem lists/papers
KBK-0562,76,B,Logic / TCS / Optimization,Eternal domination and pursuit-evasion games,Compute exact values on graph classes.,"New exact value, improved bound, new construction, certified nonexistence, classification, or a killed major candidate mechanism.","A05,A06,A11,A17,A20,A22,A25,A26,A28,A32","Search the first unresolved instance, prove lower/upper certificates, and compare multiple encodings to avoid solver artifacts.",medium,OPEN-CANDIDATE — verify current status before launch,Formal Conjectures/TCS open-problem lists/papers
KBK-0551,76,B,Logic / TCS / Optimization,Extension complexity of polytopes,Compute exact small cases and nonnegative-rank certificates.,"New exact value, improved bound, new construction, certified nonexistence, classification, or a killed major candidate mechanism.","A05,A06,A11,A17,A20,A22,A25,A26,A28,A32","Search the first unresolved instance, prove lower/upper certificates, and compare multiple encodings to avoid solver artifacts.",medium,OPEN-CANDIDATE — verify current status before launch,Formal Conjectures/TCS open-problem lists/papers
KBK-0565,76,B,Logic / TCS / Optimization,Formal Conjectures open benchmark ingestion,"Score every formalized open statement by dependency closure, decidability, finite frontier, and Oracle fit.","New exact value, improved bound, new construction, certified nonexistence, classification, or a killed major candidate mechanism.","A05,A06,A11,A17,A20,A22,A25,A26,A28,A32","Search the first unresolved instance, prove lower/upper certificates, and compare multiple encodings to avoid solver artifacts.",medium,OPEN-CANDIDATE — verify current status before launch,Formal Conjectures/TCS open-problem lists/papers
KBK-0531,76,B,Logic / TCS / Optimization,Formula size of explicit Boolean functions,Close exact small-n cases and infer lower bounds.,"New exact value, improved bound, new construction, certified nonexistence, classification, or a killed major candidate mechanism.","A05,A06,A11,A17,A20,A22,A25,A26,A28,A32","Search the first unresolved instance, prove lower/upper certificates, and compare multiple encodings to avoid solver artifacts.",medium,OPEN-CANDIDATE — verify current status before launch,Formal Conjectures/TCS open-problem lists/papers
KBK-0528,76,B,Logic / TCS / Optimization,Graph isomorphism hard-instance generation,Construct certified hard families and structural distinguishers.,"New exact value, improved bound, new construction, certified nonexistence, classification, or a killed major candidate mechanism.","A05,A06,A11,A17,A20,A22,A25,A26,A28,A32","Search the first unresolved instance, prove lower/upper certificates, and compare multiple encodings to avoid solver artifacts.",medium,OPEN-CANDIDATE — verify current status before launch,Formal Conjectures/TCS open-problem lists/papers
KBK-0547,76,B,Logic / TCS / Optimization,Graph pebbling number,Close exact values for new graph families.,"New exact value, improved bound, new construction, certified nonexistence, classification, or a killed major candidate mechanism.","A05,A06,A11,A17,A20,A22,A25,A26,A28,A32","Search the first unresolved instance, prove lower/upper certificates, and compare multiple encodings to avoid solver artifacts.",medium,OPEN-CANDIDATE — verify current status before launch,Formal Conjectures/TCS open-problem lists/papers
KBK-0527,76,B,Logic / TCS / Optimization,Hadamard maximal determinant proof complexity,Compare SAT/PB/SMT encodings and derive lower-bound lemmas.,"New exact value, improved bound, new construction, certified nonexistence, classification, or a killed major candidate mechanism.","A05,A06,A11,A17,A20,A22,A25,A26,A28,A32","Search the first unresolved instance, prove lower/upper certificates, and compare multiple encodings to avoid solver artifacts.",medium,OPEN-CANDIDATE — verify current status before launch,Formal Conjectures/TCS open-problem lists/papers
KBK-0539,76,B,Logic / TCS / Optimization,Log-rank conjecture finite extremals,Search hard matrices and derive structural inequalities.,"New exact value, improved bound, new construction, certified nonexistence, classification, or a killed major candidate mechanism.","A05,A06,A11,A17,A20,A22,A25,A26,A28,A32","Search the first unresolved instance, prove lower/upper certificates, and compare multiple encodings to avoid solver artifacts.",medium,OPEN-CANDIDATE — verify current status before launch,Formal Conjectures/TCS open-problem lists/papers
KBK-0532,76,B,Logic / TCS / Optimization,Monotone circuit complexity finite instances,Produce proof certificates for clique/matching variants.,"New exact value, improved bound, new construction, certified nonexistence, classification, or a killed major candidate mechanism.","A05,A06,A11,A17,A20,A22,A25,A26,A28,A32","Search the first unresolved instance, prove lower/upper certificates, and compare multiple encodings to avoid solver artifacts.",medium,OPEN-CANDIDATE — verify current status before launch,Formal Conjectures/TCS open-problem lists/papers
KBK-0545,76,B,Logic / TCS / Optimization,Optimal addition chains and straight-line programs,Close first exact gaps and generate lower-bound proofs.,"New exact value, improved bound, new construction, certified nonexistence, classification, or a killed major candidate mechanism.","A05,A06,A11,A17,A20,A22,A25,A26,A28,A32","Search the first unresolved instance, prove lower/upper certificates, and compare multiple encodings to avoid solver artifacts.",medium,OPEN-CANDIDATE — verify current status before launch,Formal Conjectures/TCS open-problem lists/papers
KBK-0537,76,B,Logic / TCS / Optimization,Polynomial calculus degree,Close exact values for graph/constraint families.,"New exact value, improved bound, new construction, certified nonexistence, classification, or a killed major candidate mechanism.","A05,A06,A11,A17,A20,A22,A25,A26,A28,A32","Search the first unresolved instance, prove lower/upper certificates, and compare multiple encodings to avoid solver artifacts.",medium,OPEN-CANDIDATE — verify current status before launch,Formal Conjectures/TCS open-problem lists/papers
KBK-0561,76,B,Logic / TCS / Optimization,Polyomino tiling decision instances,Resolve smallest unresolved regions/tiles with exact cover proofs.,"New exact value, improved bound, new construction, certified nonexistence, classification, or a killed major candidate mechanism.","A05,A06,A11,A17,A20,A22,A25,A26,A28,A32","Search the first unresolved instance, prove lower/upper certificates, and compare multiple encodings to avoid solver artifacts.",medium,OPEN-CANDIDATE — verify current status before launch,Formal Conjectures/TCS open-problem lists/papers
KBK-0558,76,B,Logic / TCS / Optimization,Post correspondence problem minimal instances,Classify decidable finite restrictions and smallest hard examples.,"New exact value, improved bound, new construction, certified nonexistence, classification, or a killed major candidate mechanism.","A05,A06,A11,A17,A20,A22,A25,A26,A28,A32","Search the first unresolved instance, prove lower/upper certificates, and compare multiple encodings to avoid solver artifacts.",medium,OPEN-CANDIDATE — verify current status before launch,Formal Conjectures/TCS open-problem lists/papers
KBK-0533,76,B,Logic / TCS / Optimization,Proof complexity lower bounds finite formulas,Find minimal resolution/CP/SOS proofs and structural patterns.,"New exact value, improved bound, new construction, certified nonexistence, classification, or a killed major candidate mechanism.","A05,A06,A11,A17,A20,A22,A25,A26,A28,A32","Search the first unresolved instance, prove lower/upper certificates, and compare multiple encodings to avoid solver artifacts.",medium,OPEN-CANDIDATE — verify current status before launch,Formal Conjectures/TCS open-problem lists/papers
KBK-0540,76,B,Logic / TCS / Optimization,Sensitivity conjecture quantitative constants finite n,Find exact extremal Boolean functions.,"New exact value, improved bound, new construction, certified nonexistence, classification, or a killed major candidate mechanism.","A05,A06,A11,A17,A20,A22,A25,A26,A28,A32","Search the first unresolved instance, prove lower/upper certificates, and compare multiple encodings to avoid solver artifacts.",medium,OPEN-CANDIDATE — verify current status before launch,Formal Conjectures/TCS open-problem lists/papers
KBK-0549,76,B,Logic / TCS / Optimization,Set cover integrality gaps finite instances,Search exact extremal systems and rational proofs.,"New exact value, improved bound, new construction, certified nonexistence, classification, or a killed major candidate mechanism.","A05,A06,A11,A17,A20,A22,A25,A26,A28,A32","Search the first unresolved instance, prove lower/upper certificates, and compare multiple encodings to avoid solver artifacts.",medium,OPEN-CANDIDATE — verify current status before launch,Formal Conjectures/TCS open-problem lists/papers
KBK-0556,76,B,Logic / TCS / Optimization,Small universal Turing machines,Verify universality or nonuniversality of candidate machines.,"New exact value, improved bound, new construction, certified nonexistence, classification, or a killed major candidate mechanism.","A05,A06,A11,A17,A20,A22,A25,A26,A28,A32","Search the first unresolved instance, prove lower/upper certificates, and compare multiple encodings to avoid solver artifacts.",medium,OPEN-CANDIDATE — verify current status before launch,Formal Conjectures/TCS open-problem lists/papers
KBK-0543,76,B,Logic / TCS / Optimization,Sorting network minimum size/depth,Close next n with SAT certificates and symmetry.,"New exact value, improved bound, new construction, certified nonexistence, classification, or a killed major candidate mechanism.","A05,A06,A11,A17,A20,A22,A25,A26,A28,A32","Search the first unresolved instance, prove lower/upper certificates, and compare multiple encodings to avoid solver artifacts.",medium,OPEN-CANDIDATE — verify current status before launch,Formal Conjectures/TCS open-problem lists/papers
KBK-0553,76,B,Logic / TCS / Optimization,Stable set polytope rank hierarchies,Compute exact Chvátal/SOS ranks for graph families.,"New exact value, improved bound, new construction, certified nonexistence, classification, or a killed major candidate mechanism.","A05,A06,A11,A17,A20,A22,A25,A26,A28,A32","Search the first unresolved instance, prove lower/upper certificates, and compare multiple encodings to avoid solver artifacts.",medium,OPEN-CANDIDATE — verify current status before launch,Formal Conjectures/TCS open-problem lists/papers
KBK-0559,76,B,Logic / TCS / Optimization,Tilings of the plane by finite tile sets,Find minimal aperiodic sets and formalize nonperiodicity certificates.,"New exact value, improved bound, new construction, certified nonexistence, classification, or a killed major candidate mechanism.","A05,A06,A11,A17,A20,A22,A25,A26,A28,A32","Search the first unresolved instance, prove lower/upper certificates, and compare multiple encodings to avoid solver artifacts.",medium,OPEN-CANDIDATE — verify current status before launch,Formal Conjectures/TCS open-problem lists/papers
KBK-0550,76,B,Logic / TCS / Optimization,Traveling salesman polytope facets,Discover/verify new facet classes and small exact ranks.,"New exact value, improved bound, new construction, certified nonexistence, classification, or a killed major candidate mechanism.","A05,A06,A11,A17,A20,A22,A25,A26,A28,A32","Search the first unresolved instance, prove lower/upper certificates, and compare multiple encodings to avoid solver artifacts.",medium,OPEN-CANDIDATE — verify current status before launch,Formal Conjectures/TCS open-problem lists/papers
KBK-0554,76,B,Logic / TCS / Optimization,Unique games finite instances,Find exact integrality gaps and symmetry reductions.,"New exact value, improved bound, new construction, certified nonexistence, classification, or a killed major candidate mechanism.","A05,A06,A11,A17,A20,A22,A25,A26,A28,A32","Search the first unresolved instance, prove lower/upper certificates, and compare multiple encodings to avoid solver artifacts.",medium,OPEN-CANDIDATE — verify current status before launch,Formal Conjectures/TCS open-problem lists/papers
KBK-0525,76,B,Logic / TCS / Optimization,Van der Waerden/Schur/Rado proof-certificate compression,Turn giant SAT proofs into reusable lemmas.,"New exact value, improved bound, new construction, certified nonexistence, classification, or a killed major candidate mechanism.","A05,A06,A11,A17,A20,A22,A25,A26,A28,A32","Search the first unresolved instance, prove lower/upper certificates, and compare multiple encodings to avoid solver artifacts.",medium,OPEN-CANDIDATE — verify current status before launch,Formal Conjectures/TCS open-problem lists/papers
KBK-0560,76,B,Logic / TCS / Optimization,Wang tile periodicity thresholds,Classify small tile sets and boundary conditions.,"New exact value, improved bound, new construction, certified nonexistence, classification, or a killed major candidate mechanism.","A05,A06,A11,A17,A20,A22,A25,A26,A28,A32","Search the first unresolved instance, prove lower/upper certificates, and compare multiple encodings to avoid solver artifacts.",medium,OPEN-CANDIDATE — verify current status before launch,Formal Conjectures/TCS open-problem lists/papers
KBK-0450,76,B,Topology / Knots / Manifolds,Andrews–Curtis presentations from 4-manifolds,Search finite-quotient/invariant separations and simplification paths.,"New exact value, improved bound, new construction, certified nonexistence, classification, or a killed major candidate mechanism.","A02,A05,A11,A12,A17,A21,A22,A26,A35,A38",Start from a bounded census; compute independent invariants; search the smallest unresolved knot/manifold and certify with normal-surface or Floer data.,medium,OPEN-CANDIDATE — verify current status before launch,K3 problem list/KnotInfo/Regina/SnapPy literature
KBK-0460,76,B,Topology / Knots / Manifolds,Concordance order of knots,Resolve finite/infinite order for smallest table gaps.,"New exact value, improved bound, new construction, certified nonexistence, classification, or a killed major candidate mechanism.","A02,A05,A11,A12,A17,A21,A22,A26,A35,A38",Start from a bounded census; compute independent invariants; search the smallest unresolved knot/manifold and certify with normal-surface or Floer data.,medium,OPEN-CANDIDATE — verify current status before launch,K3 problem list/KnotInfo/Regina/SnapPy literature
KBK-0449,76,B,Topology / Knots / Manifolds,Exotic 4-sphere candidate handle decompositions,Run Kirby-calculus search and invariant checks.,"New exact value, improved bound, new construction, certified nonexistence, classification, or a killed major candidate mechanism.","A02,A05,A11,A12,A17,A21,A22,A26,A35,A38",Start from a bounded census; compute independent invariants; search the smallest unresolved knot/manifold and certify with normal-surface or Floer data.,medium,OPEN-CANDIDATE — verify current status before launch,K3 problem list/KnotInfo/Regina/SnapPy literature
KBK-0455,76,B,Topology / Knots / Manifolds,Generalized Property R,Analyze low-component framed links with handle slides and invariants.,"New exact value, improved bound, new construction, certified nonexistence, classification, or a killed major candidate mechanism.","A02,A05,A11,A12,A17,A21,A22,A26,A35,A38",Start from a bounded census; compute independent invariants; search the smallest unresolved knot/manifold and certify with normal-surface or Floer data.,medium,OPEN-CANDIDATE — verify current status before launch,K3 problem list/KnotInfo/Regina/SnapPy literature
KBK-0484,76,B,Topology / Knots / Manifolds,Homology cobordism invariants database anomalies,Mine unexplained equalities and candidate relations.,"New exact value, improved bound, new construction, certified nonexistence, classification, or a killed major candidate mechanism.","A02,A05,A11,A12,A17,A21,A22,A26,A35,A38",Start from a bounded census; compute independent invariants; search the smallest unresolved knot/manifold and certify with normal-surface or Floer data.,medium,OPEN-CANDIDATE — verify current status before launch,K3 problem list/KnotInfo/Regina/SnapPy literature
KBK-0470,76,B,Topology / Knots / Manifolds,Hyperbolic knot exceptional surgeries,Complete census gaps and certify slopes.,"New exact value, improved bound, new construction, certified nonexistence, classification, or a killed major candidate mechanism.","A02,A05,A11,A12,A17,A21,A22,A26,A35,A38",Start from a bounded census; compute independent invariants; search the smallest unresolved knot/manifold and certify with normal-surface or Floer data.,medium,OPEN-CANDIDATE — verify current status before launch,K3 problem list/KnotInfo/Regina/SnapPy literature
KBK-0485,76,B,Topology / Knots / Manifolds,K3 2026 low-dimensional topology problem-list ingestion,Turn every bounded/computational item into a scored Oracle target.,"New exact value, improved bound, new construction, certified nonexistence, classification, or a killed major candidate mechanism.","A02,A05,A11,A12,A17,A21,A22,A26,A35,A38",Start from a bounded census; compute independent invariants; search the smallest unresolved knot/manifold and certify with normal-surface or Floer data.,medium,OPEN-CANDIDATE — verify current status before launch,K3 problem list/KnotInfo/Regina/SnapPy literature
KBK-0462,76,B,Topology / Knots / Manifolds,Khovanov homology detects the unknot variants,Search bounded families and prove special classes.,"New exact value, improved bound, new construction, certified nonexistence, classification, or a killed major candidate mechanism.","A02,A05,A11,A12,A17,A21,A22,A26,A35,A38",Start from a bounded census; compute independent invariants; search the smallest unresolved knot/manifold and certify with normal-surface or Floer data.,medium,OPEN-CANDIDATE — verify current status before launch,K3 problem list/KnotInfo/Regina/SnapPy literature
KBK-0463,76,B,Topology / Knots / Manifolds,Khovanov homology detects torus knots/links,Test and prove additional bounded or structural cases.,"New exact value, improved bound, new construction, certified nonexistence, classification, or a killed major candidate mechanism.","A02,A05,A11,A12,A17,A21,A22,A26,A35,A38",Start from a bounded census; compute independent invariants; search the smallest unresolved knot/manifold and certify with normal-surface or Floer data.,medium,OPEN-CANDIDATE — verify current status before launch,K3 problem list/KnotInfo/Regina/SnapPy literature
KBK-0464,76,B,Topology / Knots / Manifolds,Knot Floer detection problems,Resolve first unresolved knot families using computed complexes.,"New exact value, improved bound, new construction, certified nonexistence, classification, or a killed major candidate mechanism.","A02,A05,A11,A12,A17,A21,A22,A26,A35,A38",Start from a bounded census; compute independent invariants; search the smallest unresolved knot/manifold and certify with normal-surface or Floer data.,medium,OPEN-CANDIDATE — verify current status before launch,K3 problem list/KnotInfo/Regina/SnapPy literature
KBK-0479,76,B,Topology / Knots / Manifolds,Knot mosaic number,Close exact values for first unresolved knots.,"New exact value, improved bound, new construction, certified nonexistence, classification, or a killed major candidate mechanism.","A02,A05,A11,A12,A17,A21,A22,A26,A35,A38",Start from a bounded census; compute independent invariants; search the smallest unresolved knot/manifold and certify with normal-surface or Floer data.,medium,OPEN-CANDIDATE — verify current status before launch,K3 problem list/KnotInfo/Regina/SnapPy literature
KBK-0458,76,B,Topology / Knots / Manifolds,Knot smooth 4-genus table gaps,Close exact values using gauge/Floer/Khovanov bounds and surfaces.,"New exact value, improved bound, new construction, certified nonexistence, classification, or a killed major candidate mechanism.","A02,A05,A11,A12,A17,A21,A22,A26,A35,A38",Start from a bounded census; compute independent invariants; search the smallest unresolved knot/manifold and certify with normal-surface or Floer data.,medium,OPEN-CANDIDATE — verify current status before launch,K3 problem list/KnotInfo/Regina/SnapPy literature
KBK-0457,76,B,Topology / Knots / Manifolds,Knot unknotting number table gaps,Determine exact values for the smallest unresolved knots.,"New exact value, improved bound, new construction, certified nonexistence, classification, or a killed major candidate mechanism.","A02,A05,A11,A12,A17,A21,A22,A26,A35,A38",Start from a bounded census; compute independent invariants; search the smallest unresolved knot/manifold and certify with normal-surface or Floer data.,medium,OPEN-CANDIDATE — verify current status before launch,K3 problem list/KnotInfo/Regina/SnapPy literature
KBK-0477,76,B,Topology / Knots / Manifolds,Knotted surfaces in 4-space,Classify low-bridge/trisection examples.,"New exact value, improved bound, new construction, certified nonexistence, classification, or a killed major candidate mechanism.","A02,A05,A11,A12,A17,A21,A22,A26,A35,A38",Start from a bounded census; compute independent invariants; search the smallest unresolved knot/manifold and certify with normal-surface or Floer data.,medium,OPEN-CANDIDATE — verify current status before launch,K3 problem list/KnotInfo/Regina/SnapPy literature
KBK-0454,76,B,Topology / Knots / Manifolds,Left-orderability of 3-manifold groups,Resolve first census gaps using SAT/orderability certificates.,"New exact value, improved bound, new construction, certified nonexistence, classification, or a killed major candidate mechanism.","A02,A05,A11,A12,A17,A21,A22,A26,A35,A38",Start from a bounded census; compute independent invariants; search the smallest unresolved knot/manifold and certify with normal-surface or Floer data.,medium,OPEN-CANDIDATE — verify current status before launch,K3 problem list/KnotInfo/Regina/SnapPy literature
KBK-0473,76,B,Topology / Knots / Manifolds,Matveev complexity table extensions,Enumerate and certify next complexity layer.,"New exact value, improved bound, new construction, certified nonexistence, classification, or a killed major candidate mechanism.","A02,A05,A11,A12,A17,A21,A22,A26,A35,A38",Start from a bounded census; compute independent invariants; search the smallest unresolved knot/manifold and certify with normal-surface or Floer data.,medium,OPEN-CANDIDATE — verify current status before launch,K3 problem list/KnotInfo/Regina/SnapPy literature
KBK-0472,76,B,Topology / Knots / Manifolds,Minimal triangulations of 3-manifolds,Determine exact complexity for first unresolved census entries.,"New exact value, improved bound, new construction, certified nonexistence, classification, or a killed major candidate mechanism.","A02,A05,A11,A12,A17,A21,A22,A26,A35,A38",Start from a bounded census; compute independent invariants; search the smallest unresolved knot/manifold and certify with normal-surface or Floer data.,medium,OPEN-CANDIDATE — verify current status before launch,K3 problem list/KnotInfo/Regina/SnapPy literature
KBK-0474,76,B,Topology / Knots / Manifolds,Normal surface extremal complexity,Find smallest hard triangulations and prove bounds.,"New exact value, improved bound, new construction, certified nonexistence, classification, or a killed major candidate mechanism.","A02,A05,A11,A12,A17,A21,A22,A26,A35,A38",Start from a bounded census; compute independent invariants; search the smallest unresolved knot/manifold and certify with normal-surface or Floer data.,medium,OPEN-CANDIDATE — verify current status before launch,K3 problem list/KnotInfo/Regina/SnapPy literature
KBK-0468,76,B,Topology / Knots / Manifolds,Nugatory crossing detection,Build certificates for diagram families.,"New exact value, improved bound, new construction, certified nonexistence, classification, or a killed major candidate mechanism.","A02,A05,A11,A12,A17,A21,A22,A26,A35,A38",Start from a bounded census; compute independent invariants; search the smallest unresolved knot/manifold and certify with normal-surface or Floer data.,medium,OPEN-CANDIDATE — verify current status before launch,K3 problem list/KnotInfo/Regina/SnapPy literature
KBK-0480,76,B,Topology / Knots / Manifolds,Petal number and übercrossing number,Compute exact table gaps.,"New exact value, improved bound, new construction, certified nonexistence, classification, or a killed major candidate mechanism.","A02,A05,A11,A12,A17,A21,A22,A26,A35,A38",Start from a bounded census; compute independent invariants; search the smallest unresolved knot/manifold and certify with normal-surface or Floer data.,medium,OPEN-CANDIDATE — verify current status before launch,K3 problem list/KnotInfo/Regina/SnapPy literature
KBK-0456,76,B,Topology / Knots / Manifolds,Property 2R candidate links,Search and certify simplifications/obstructions.,"New exact value, improved bound, new construction, certified nonexistence, classification, or a killed major candidate mechanism.","A02,A05,A11,A12,A17,A21,A22,A26,A35,A38",Start from a bounded census; compute independent invariants; search the smallest unresolved knot/manifold and certify with normal-surface or Floer data.,medium,OPEN-CANDIDATE — verify current status before launch,K3 problem list/KnotInfo/Regina/SnapPy literature
KBK-0461,76,B,Topology / Knots / Manifolds,Ribbon number and fusion number,Compute exact values for bounded knot tables.,"New exact value, improved bound, new construction, certified nonexistence, classification, or a killed major candidate mechanism.","A02,A05,A11,A12,A17,A21,A22,A26,A35,A38",Start from a bounded census; compute independent invariants; search the smallest unresolved knot/manifold and certify with normal-surface or Floer data.,medium,OPEN-CANDIDATE — verify current status before launch,K3 problem list/KnotInfo/Regina/SnapPy literature
KBK-0448,76,B,Topology / Knots / Manifolds,Smooth 4D Poincaré candidate triangulations,Simplify or obstruct explicit homotopy 4-spheres rather than attack the conjecture abstractly.,"New exact value, improved bound, new construction, certified nonexistence, classification, or a killed major candidate mechanism.","A02,A05,A11,A12,A17,A21,A22,A26,A35,A38",Start from a bounded census; compute independent invariants; search the smallest unresolved knot/manifold and certify with normal-surface or Floer data.,medium,OPEN-CANDIDATE — verify current status before launch,K3 problem list/KnotInfo/Regina/SnapPy literature
KBK-0481,76,B,Topology / Knots / Manifolds,Spatial graph intrinsic knotting/linking,Classify minimal graphs and minors for next unresolved families.,"New exact value, improved bound, new construction, certified nonexistence, classification, or a killed major candidate mechanism.","A02,A05,A11,A12,A17,A21,A22,A26,A35,A38",Start from a bounded census; compute independent invariants; search the smallest unresolved knot/manifold and certify with normal-surface or Floer data.,medium,OPEN-CANDIDATE — verify current status before launch,K3 problem list/KnotInfo/Regina/SnapPy literature
KBK-0459,76,B,Topology / Knots / Manifolds,Topological 4-genus table gaps,Compute exact values for first unresolved knots.,"New exact value, improved bound, new construction, certified nonexistence, classification, or a killed major candidate mechanism.","A02,A05,A11,A12,A17,A21,A22,A26,A35,A38",Start from a bounded census; compute independent invariants; search the smallest unresolved knot/manifold and certify with normal-surface or Floer data.,medium,OPEN-CANDIDATE — verify current status before launch,K3 problem list/KnotInfo/Regina/SnapPy literature
KBK-0483,76,B,Topology / Knots / Manifolds,Topological graph thickness variants,Close exact finite parameters.,"New exact value, improved bound, new construction, certified nonexistence, classification, or a killed major candidate mechanism.","A02,A05,A11,A12,A17,A21,A22,A26,A35,A38",Start from a bounded census; compute independent invariants; search the smallest unresolved knot/manifold and certify with normal-surface or Floer data.,medium,OPEN-CANDIDATE — verify current status before launch,K3 problem list/KnotInfo/Regina/SnapPy literature
KBK-0478,76,B,Topology / Knots / Manifolds,Trisection genus,Compute exact values for explicit 4-manifolds.,"New exact value, improved bound, new construction, certified nonexistence, classification, or a killed major candidate mechanism.","A02,A05,A11,A12,A17,A21,A22,A26,A35,A38",Start from a bounded census; compute independent invariants; search the smallest unresolved knot/manifold and certify with normal-surface or Floer data.,medium,OPEN-CANDIDATE — verify current status before launch,K3 problem list/KnotInfo/Regina/SnapPy literature
KBK-0469,76,B,Topology / Knots / Manifolds,Tunnel number and bridge number table gaps,Close exact invariants for first unresolved knots.,"New exact value, improved bound, new construction, certified nonexistence, classification, or a killed major candidate mechanism.","A02,A05,A11,A12,A17,A21,A22,A26,A35,A38",Start from a bounded census; compute independent invariants; search the smallest unresolved knot/manifold and certify with normal-surface or Floer data.,medium,OPEN-CANDIDATE — verify current status before launch,K3 problem list/KnotInfo/Regina/SnapPy literature
KBK-0476,76,B,Topology / Knots / Manifolds,Virtual knot concordance,Resolve first table gaps and orders.,"New exact value, improved bound, new construction, certified nonexistence, classification, or a killed major candidate mechanism.","A02,A05,A11,A12,A17,A21,A22,A26,A35,A38",Start from a bounded census; compute independent invariants; search the smallest unresolved knot/manifold and certify with normal-surface or Floer data.,medium,OPEN-CANDIDATE — verify current status before launch,K3 problem list/KnotInfo/Regina/SnapPy literature
KBK-0466,76,B,Topology / Knots / Manifolds,Volume conjecture finite precision certificates,Compute rigorous asymptotic evidence and exact special-family identities.,"New exact value, improved bound, new construction, certified nonexistence, classification, or a killed major candidate mechanism.","A02,A05,A11,A12,A17,A21,A22,A26,A35,A38",Start from a bounded census; compute independent invariants; search the smallest unresolved knot/manifold and certify with normal-surface or Floer data.,medium,OPEN-CANDIDATE — verify current status before launch,K3 problem list/KnotInfo/Regina/SnapPy literature
KBK-0607,75,C,Arithmetic Geometry / Computational Algebra,Galois representation image classification,Resolve explicit elliptic/abelian varieties.,"New exact value, improved bound, new construction, certified nonexistence, classification, or a killed major candidate mechanism.","A10,A11,A12,A17,A19,A21,A24,A26,A28,A35","Mine database gaps, perform local-global and descent computations, and produce certified ranks/points/isogeny or nonexistence results.",medium,OPEN-CANDIDATE — verify current status before launch,LMFDB/AIM/arithmetic-geometry papers
KBK-0606,75,C,Arithmetic Geometry / Computational Algebra,Sato–Tate group classification examples,Compute and certify exceptional motives/curves.,"New exact value, improved bound, new construction, certified nonexistence, classification, or a killed major candidate mechanism.","A10,A11,A12,A17,A19,A21,A24,A26,A28,A35","Mine database gaps, perform local-global and descent computations, and produce certified ranks/points/isogeny or nonexistence results.",medium,OPEN-CANDIDATE — verify current status before launch,LMFDB/AIM/arithmetic-geometry papers
KBK-0502,74,C,Dynamics / Analysis / PDE,Langton ant and turmite bounded-rule classification,Find eventual periodic/highway proofs for new rules.,"New exact value, improved bound, new construction, certified nonexistence, classification, or a killed major candidate mechanism.","A12,A13,A16,A17,A20,A22,A24,A25,A28,A38","Target a rigorous finite-dimensional reduction, validated numerics, or a precisely isolated lemma rather than a raw grand conjecture.",medium,OPEN-CANDIDATE — verify current status before launch,AIM lists/papers/formal conjecture corpora
KBK-0625,73,C,Arithmetic Geometry / Computational Algebra,AIM arithmetic-geometry list ingestion,"Extract explicit curves, fields, ranks, and bounded classification targets.","New exact value, improved bound, new construction, certified nonexistence, classification, or a killed major candidate mechanism.","A10,A11,A12,A17,A19,A21,A24,A26,A28,A35","Mine database gaps, perform local-global and descent computations, and produce certified ranks/points/isogeny or nonexistence results.",medium,OPEN-CANDIDATE — verify current status before launch,LMFDB/AIM/arithmetic-geometry papers
KBK-0598,73,C,Arithmetic Geometry / Computational Algebra,BSD numerical verification families,Produce rigorous analytic rank/Tamagawa/regulator receipts for new curves.,"New exact value, improved bound, new construction, certified nonexistence, classification, or a killed major candidate mechanism.","A10,A11,A12,A17,A19,A21,A24,A26,A28,A35","Mine database gaps, perform local-global and descent computations, and produce certified ranks/points/isogeny or nonexistence results.",medium,OPEN-CANDIDATE — verify current status before launch,LMFDB/AIM/arithmetic-geometry papers
KBK-0616,73,C,Arithmetic Geometry / Computational Algebra,Brauer–Manin obstruction explicit surfaces,Find minimal examples or prove sufficiency in bounded families.,"New exact value, improved bound, new construction, certified nonexistence, classification, or a killed major candidate mechanism.","A10,A11,A12,A17,A19,A21,A24,A26,A28,A35","Mine database gaps, perform local-global and descent computations, and produce certified ranks/points/isogeny or nonexistence results.",medium,OPEN-CANDIDATE — verify current status before launch,LMFDB/AIM/arithmetic-geometry papers
KBK-0618,73,C,Arithmetic Geometry / Computational Algebra,Calabi–Yau database topology invariants,Fill missing Hodge/intersection data and detect duplicates.,"New exact value, improved bound, new construction, certified nonexistence, classification, or a killed major candidate mechanism.","A10,A11,A12,A17,A19,A21,A24,A26,A28,A35","Mine database gaps, perform local-global and descent computations, and produce certified ranks/points/isogeny or nonexistence results.",medium,OPEN-CANDIDATE — verify current status before launch,LMFDB/AIM/arithmetic-geometry papers
KBK-0603,73,C,Arithmetic Geometry / Computational Algebra,Chabauty–Kim explicit cases,Resolve curves beyond classical Chabauty.,"New exact value, improved bound, new construction, certified nonexistence, classification, or a killed major candidate mechanism.","A10,A11,A12,A17,A19,A21,A24,A26,A28,A35","Mine database gaps, perform local-global and descent computations, and produce certified ranks/points/isogeny or nonexistence results.",medium,OPEN-CANDIDATE — verify current status before launch,LMFDB/AIM/arithmetic-geometry papers
KBK-0609,73,C,Arithmetic Geometry / Computational Algebra,Class group record and structure searches,Find extreme discriminant/class number examples and certify.,"New exact value, improved bound, new construction, certified nonexistence, classification, or a killed major candidate mechanism.","A10,A11,A12,A17,A19,A21,A24,A26,A28,A35","Mine database gaps, perform local-global and descent computations, and produce certified ranks/points/isogeny or nonexistence results.",medium,OPEN-CANDIDATE — verify current status before launch,LMFDB/AIM/arithmetic-geometry papers
KBK-0622,73,C,Arithmetic Geometry / Computational Algebra,Class number one variants,Resolve bounded families of number fields/orders.,"New exact value, improved bound, new construction, certified nonexistence, classification, or a killed major candidate mechanism.","A10,A11,A12,A17,A19,A21,A24,A26,A28,A35","Mine database gaps, perform local-global and descent computations, and produce certified ranks/points/isogeny or nonexistence results.",medium,OPEN-CANDIDATE — verify current status before launch,LMFDB/AIM/arithmetic-geometry papers
KBK-0600,73,C,Arithmetic Geometry / Computational Algebra,Congruent number unresolved cases,Resolve new integers via descent and Heegner-point computation.,"New exact value, improved bound, new construction, certified nonexistence, classification, or a killed major candidate mechanism.","A10,A11,A12,A17,A19,A21,A24,A26,A28,A35","Mine database gaps, perform local-global and descent computations, and produce certified ranks/points/isogeny or nonexistence results.",medium,OPEN-CANDIDATE — verify current status before launch,LMFDB/AIM/arithmetic-geometry papers
KBK-0617,73,C,Arithmetic Geometry / Computational Algebra,Cubic surface rationality/point searches,Resolve explicit coefficient families.,"New exact value, improved bound, new construction, certified nonexistence, classification, or a killed major candidate mechanism.","A10,A11,A12,A17,A19,A21,A24,A26,A28,A35","Mine database gaps, perform local-global and descent computations, and produce certified ranks/points/isogeny or nonexistence results.",medium,OPEN-CANDIDATE — verify current status before launch,LMFDB/AIM/arithmetic-geometry papers
KBK-0597,73,C,Arithmetic Geometry / Computational Algebra,Elliptic curve isogeny graph anomalies,Mine rare structures and prove classification statements.,"New exact value, improved bound, new construction, certified nonexistence, classification, or a killed major candidate mechanism.","A10,A11,A12,A17,A19,A21,A24,A26,A28,A35","Mine database gaps, perform local-global and descent computations, and produce certified ranks/points/isogeny or nonexistence results.",medium,OPEN-CANDIDATE — verify current status before launch,LMFDB/AIM/arithmetic-geometry papers
KBK-0610,73,C,Arithmetic Geometry / Computational Algebra,Euclidean ideal classes,Classify number fields at first unresolved discriminants.,"New exact value, improved bound, new construction, certified nonexistence, classification, or a killed major candidate mechanism.","A10,A11,A12,A17,A19,A21,A24,A26,A28,A35","Mine database gaps, perform local-global and descent computations, and produce certified ranks/points/isogeny or nonexistence results.",medium,OPEN-CANDIDATE — verify current status before launch,LMFDB/AIM/arithmetic-geometry papers
KBK-0605,73,C,Arithmetic Geometry / Computational Algebra,Generalized Fermat modular curves,Determine rational points for unresolved signatures.,"New exact value, improved bound, new construction, certified nonexistence, classification, or a killed major candidate mechanism.","A10,A11,A12,A17,A19,A21,A24,A26,A28,A35","Mine database gaps, perform local-global and descent computations, and produce certified ranks/points/isogeny or nonexistence results.",medium,OPEN-CANDIDATE — verify current status before launch,LMFDB/AIM/arithmetic-geometry papers
KBK-0602,73,C,Arithmetic Geometry / Computational Algebra,Genus-2 curve rational points,Prove complete point sets for first database gaps.,"New exact value, improved bound, new construction, certified nonexistence, classification, or a killed major candidate mechanism.","A10,A11,A12,A17,A19,A21,A24,A26,A28,A35","Mine database gaps, perform local-global and descent computations, and produce certified ranks/points/isogeny or nonexistence results.",medium,OPEN-CANDIDATE — verify current status before launch,LMFDB/AIM/arithmetic-geometry papers
KBK-0594,73,C,Arithmetic Geometry / Computational Algebra,High-rank elliptic curve record search,Find and independently certify new rank lower bounds.,"New exact value, improved bound, new construction, certified nonexistence, classification, or a killed major candidate mechanism.","A10,A11,A12,A17,A19,A21,A24,A26,A28,A35","Mine database gaps, perform local-global and descent computations, and produce certified ranks/points/isogeny or nonexistence results.",medium,OPEN-CANDIDATE — verify current status before launch,LMFDB/AIM/arithmetic-geometry papers
KBK-0595,73,C,Arithmetic Geometry / Computational Algebra,Integral points on elliptic curves,Complete missing point sets for bounded conductor/height families.,"New exact value, improved bound, new construction, certified nonexistence, classification, or a killed major candidate mechanism.","A10,A11,A12,A17,A19,A21,A24,A26,A28,A35","Mine database gaps, perform local-global and descent computations, and produce certified ranks/points/isogeny or nonexistence results.",medium,OPEN-CANDIDATE — verify current status before launch,LMFDB/AIM/arithmetic-geometry papers
KBK-0624,73,C,Arithmetic Geometry / Computational Algebra,Integral points on superelliptic curves,Complete bounded exponent/coefficient families.,"New exact value, improved bound, new construction, certified nonexistence, classification, or a killed major candidate mechanism.","A10,A11,A12,A17,A19,A21,A24,A26,A28,A35","Mine database gaps, perform local-global and descent computations, and produce certified ranks/points/isogeny or nonexistence results.",medium,OPEN-CANDIDATE — verify current status before launch,LMFDB/AIM/arithmetic-geometry papers
KBK-0608,73,C,Arithmetic Geometry / Computational Algebra,Inverse Galois explicit polynomials,Construct and certify first missing small transitive groups.,"New exact value, improved bound, new construction, certified nonexistence, classification, or a killed major candidate mechanism.","A10,A11,A12,A17,A19,A21,A24,A26,A28,A35","Mine database gaps, perform local-global and descent computations, and produce certified ranks/points/isogeny or nonexistence results.",medium,OPEN-CANDIDATE — verify current status before launch,LMFDB/AIM/arithmetic-geometry papers
KBK-0621,73,C,Arithmetic Geometry / Computational Algebra,L-function zero/rank anomaly mining,Find candidate exceptional vanishing and certify numerically.,"New exact value, improved bound, new construction, certified nonexistence, classification, or a killed major candidate mechanism.","A10,A11,A12,A17,A19,A21,A24,A26,A28,A35","Mine database gaps, perform local-global and descent computations, and produce certified ranks/points/isogeny or nonexistence results.",medium,OPEN-CANDIDATE — verify current status before launch,LMFDB/AIM/arithmetic-geometry papers
KBK-0593,73,C,Arithmetic Geometry / Computational Algebra,LMFDB elliptic curve rank gaps,Certify ranks/generators for curves with incomplete data.,"New exact value, improved bound, new construction, certified nonexistence, classification, or a killed major candidate mechanism.","A10,A11,A12,A17,A19,A21,A24,A26,A28,A35","Mine database gaps, perform local-global and descent computations, and produce certified ranks/points/isogeny or nonexistence results.",medium,OPEN-CANDIDATE — verify current status before launch,LMFDB/AIM/arithmetic-geometry papers
KBK-0620,73,C,Arithmetic Geometry / Computational Algebra,Maass form eigenvalue certification,Produce rigorous intervals and database corrections.,"New exact value, improved bound, new construction, certified nonexistence, classification, or a killed major candidate mechanism.","A10,A11,A12,A17,A19,A21,A24,A26,A28,A35","Mine database gaps, perform local-global and descent computations, and produce certified ranks/points/isogeny or nonexistence results.",medium,OPEN-CANDIDATE — verify current status before launch,LMFDB/AIM/arithmetic-geometry papers
KBK-0619,73,C,Arithmetic Geometry / Computational Algebra,Modular form congruence discovery,Mine coefficient congruences and prove Sturm-bound certificates.,"New exact value, improved bound, new construction, certified nonexistence, classification, or a killed major candidate mechanism.","A10,A11,A12,A17,A19,A21,A24,A26,A28,A35","Mine database gaps, perform local-global and descent computations, and produce certified ranks/points/isogeny or nonexistence results.",medium,OPEN-CANDIDATE — verify current status before launch,LMFDB/AIM/arithmetic-geometry papers
KBK-0611,73,C,Arithmetic Geometry / Computational Algebra,Monogenic number fields,Resolve families and search counterexamples to candidate criteria.,"New exact value, improved bound, new construction, certified nonexistence, classification, or a killed major candidate mechanism.","A10,A11,A12,A17,A19,A21,A24,A26,A28,A35","Mine database gaps, perform local-global and descent computations, and produce certified ranks/points/isogeny or nonexistence results.",medium,OPEN-CANDIDATE — verify current status before launch,LMFDB/AIM/arithmetic-geometry papers
KBK-0601,73,C,Arithmetic Geometry / Computational Algebra,Mordell curve integral-point completion,Fill systematic k ranges.,"New exact value, improved bound, new construction, certified nonexistence, classification, or a killed major candidate mechanism.","A10,A11,A12,A17,A19,A21,A24,A26,A28,A35","Mine database gaps, perform local-global and descent computations, and produce certified ranks/points/isogeny or nonexistence results.",medium,OPEN-CANDIDATE — verify current status before launch,LMFDB/AIM/arithmetic-geometry papers
KBK-0623,73,C,Arithmetic Geometry / Computational Algebra,Perfect powers in recurrence sequences,Classify terms using curves and modular methods.,"New exact value, improved bound, new construction, certified nonexistence, classification, or a killed major candidate mechanism.","A10,A11,A12,A17,A19,A21,A24,A26,A28,A35","Mine database gaps, perform local-global and descent computations, and produce certified ranks/points/isogeny or nonexistence results.",medium,OPEN-CANDIDATE — verify current status before launch,LMFDB/AIM/arithmetic-geometry papers
KBK-0612,73,C,Arithmetic Geometry / Computational Algebra,Power integral bases,Compute complete generators for bounded families.,"New exact value, improved bound, new construction, certified nonexistence, classification, or a killed major candidate mechanism.","A10,A11,A12,A17,A19,A21,A24,A26,A28,A35","Mine database gaps, perform local-global and descent computations, and produce certified ranks/points/isogeny or nonexistence results.",medium,OPEN-CANDIDATE — verify current status before launch,LMFDB/AIM/arithmetic-geometry papers
KBK-0615,73,C,Arithmetic Geometry / Computational Algebra,Rational points on K3 surfaces explicit examples,"Search points, Brauer obstructions, and density phenomena.","New exact value, improved bound, new construction, certified nonexistence, classification, or a killed major candidate mechanism.","A10,A11,A12,A17,A19,A21,A24,A26,A28,A35","Mine database gaps, perform local-global and descent computations, and produce certified ranks/points/isogeny or nonexistence results.",medium,OPEN-CANDIDATE — verify current status before launch,LMFDB/AIM/arithmetic-geometry papers
KBK-0604,73,C,Arithmetic Geometry / Computational Algebra,Rational points on modular curves,Complete low-genus/level cases tied to torsion/isogenies.,"New exact value, improved bound, new construction, certified nonexistence, classification, or a killed major candidate mechanism.","A10,A11,A12,A17,A19,A21,A24,A26,A28,A35","Mine database gaps, perform local-global and descent computations, and produce certified ranks/points/isogeny or nonexistence results.",medium,OPEN-CANDIDATE — verify current status before launch,LMFDB/AIM/arithmetic-geometry papers
KBK-0614,73,C,Arithmetic Geometry / Computational Algebra,S-unit equation benchmark completion,Create a verified corpus and close hard explicit cases.,"New exact value, improved bound, new construction, certified nonexistence, classification, or a killed major candidate mechanism.","A10,A11,A12,A17,A19,A21,A24,A26,A28,A35","Mine database gaps, perform local-global and descent computations, and produce certified ranks/points/isogeny or nonexistence results.",medium,OPEN-CANDIDATE — verify current status before launch,LMFDB/AIM/arithmetic-geometry papers
KBK-0599,73,C,Arithmetic Geometry / Computational Algebra,Selmer group computation gaps,Certify 2/3/4-Selmer groups in hard examples.,"New exact value, improved bound, new construction, certified nonexistence, classification, or a killed major candidate mechanism.","A10,A11,A12,A17,A19,A21,A24,A26,A28,A35","Mine database gaps, perform local-global and descent computations, and produce certified ranks/points/isogeny or nonexistence results.",medium,OPEN-CANDIDATE — verify current status before launch,LMFDB/AIM/arithmetic-geometry papers
KBK-0613,73,C,Arithmetic Geometry / Computational Algebra,Thue–Mahler database completion,Solve missing forms and prime sets with certificates.,"New exact value, improved bound, new construction, certified nonexistence, classification, or a killed major candidate mechanism.","A10,A11,A12,A17,A19,A21,A24,A26,A28,A35","Mine database gaps, perform local-global and descent computations, and produce certified ranks/points/isogeny or nonexistence results.",medium,OPEN-CANDIDATE — verify current status before launch,LMFDB/AIM/arithmetic-geometry papers
KBK-0596,73,C,Arithmetic Geometry / Computational Algebra,Torsion over number fields,Resolve small degree/group existence and minimal fields.,"New exact value, improved bound, new construction, certified nonexistence, classification, or a killed major candidate mechanism.","A10,A11,A12,A17,A19,A21,A24,A26,A28,A35","Mine database gaps, perform local-global and descent computations, and produce certified ranks/points/isogeny or nonexistence results.",medium,OPEN-CANDIDATE — verify current status before launch,LMFDB/AIM/arithmetic-geometry papers
KBK-0511,70,C,Dynamics / Analysis / PDE,D-finite/non-D-finite generating function classification,Attack lattice-walk and pattern-avoidance examples.,"New exact value, improved bound, new construction, certified nonexistence, classification, or a killed major candidate mechanism.","A12,A13,A16,A17,A20,A22,A24,A25,A28,A38","Target a rigorous finite-dimensional reduction, validated numerics, or a precisely isolated lemma rather than a raw grand conjecture.",medium,OPEN-CANDIDATE — verify current status before launch,AIM lists/papers/formal conjecture corpora
KBK-0488,68,C,Dynamics / Analysis / PDE,3D Euler self-similar ansatz exclusions,Certify nonexistence for parameterized ansatz families.,"New exact value, improved bound, new construction, certified nonexistence, classification, or a killed major candidate mechanism.","A12,A13,A16,A17,A20,A22,A24,A25,A28,A38","Target a rigorous finite-dimensional reduction, validated numerics, or a precisely isolated lemma rather than a raw grand conjecture.",medium,OPEN-CANDIDATE — verify current status before launch,AIM lists/papers/formal conjecture corpora
KBK-0523,68,C,Dynamics / Analysis / PDE,AIM analysis/PDE problem-list ingestion,"Extract every finite-dimensional, computational, or formalizable subproblem.","New exact value, improved bound, new construction, certified nonexistence, classification, or a killed major candidate mechanism.","A12,A13,A16,A17,A20,A22,A24,A25,A28,A38","Target a rigorous finite-dimensional reduction, validated numerics, or a precisely isolated lemma rather than a raw grand conjecture.",medium,OPEN-CANDIDATE — verify current status before launch,AIM lists/papers/formal conjecture corpora
KBK-0496,68,C,Dynamics / Analysis / PDE,Billiards in rational polygons,Classify periodic directions and exceptional surfaces at low complexity.,"New exact value, improved bound, new construction, certified nonexistence, classification, or a killed major candidate mechanism.","A12,A13,A16,A17,A20,A22,A24,A25,A28,A38","Target a rigorous finite-dimensional reduction, validated numerics, or a precisely isolated lemma rather than a raw grand conjecture.",medium,OPEN-CANDIDATE — verify current status before launch,AIM lists/papers/formal conjecture corpora
KBK-0501,68,C,Dynamics / Analysis / PDE,Cellular automaton Garden-of-Eden and mortality cases,Classify low-radius/rule families.,"New exact value, improved bound, new construction, certified nonexistence, classification, or a killed major candidate mechanism.","A12,A13,A16,A17,A20,A22,A24,A25,A28,A38","Target a rigorous finite-dimensional reduction, validated numerics, or a precisely isolated lemma rather than a raw grand conjecture.",medium,OPEN-CANDIDATE — verify current status before launch,AIM lists/papers/formal conjecture corpora
KBK-0492,68,C,Dynamics / Analysis / PDE,Collatz-like affine dynamical systems,Classify cycles and divergent orbits for bounded coefficient families.,"New exact value, improved bound, new construction, certified nonexistence, classification, or a killed major candidate mechanism.","A12,A13,A16,A17,A20,A22,A24,A25,A28,A38","Target a rigorous finite-dimensional reduction, validated numerics, or a precisely isolated lemma rather than a raw grand conjecture.",medium,OPEN-CANDIDATE — verify current status before launch,AIM lists/papers/formal conjecture corpora
KBK-0517,68,C,Dynamics / Analysis / PDE,Eigenvalue optimization of drums,Find/certify extremal polygons and graph-like domains.,"New exact value, improved bound, new construction, certified nonexistence, classification, or a killed major candidate mechanism.","A12,A13,A16,A17,A20,A22,A24,A25,A28,A38","Target a rigorous finite-dimensional reduction, validated numerics, or a precisely isolated lemma rather than a raw grand conjecture.",medium,OPEN-CANDIDATE — verify current status before launch,AIM lists/papers/formal conjecture corpora
KBK-0487,68,C,Dynamics / Analysis / PDE,Euler finite-time blow-up candidate validation,Apply interval arithmetic to leading numerical scenarios and rule in/out specific candidates.,"New exact value, improved bound, new construction, certified nonexistence, classification, or a killed major candidate mechanism.","A12,A13,A16,A17,A20,A22,A24,A25,A28,A38","Target a rigorous finite-dimensional reduction, validated numerics, or a precisely isolated lemma rather than a raw grand conjecture.",medium,OPEN-CANDIDATE — verify current status before launch,AIM lists/papers/formal conjecture corpora
KBK-0491,68,C,Dynamics / Analysis / PDE,Feigenbaum constants formal/rigorous computation,Produce high-precision interval proofs and formal recurrence properties.,"New exact value, improved bound, new construction, certified nonexistence, classification, or a killed major candidate mechanism.","A12,A13,A16,A17,A20,A22,A24,A25,A28,A38","Target a rigorous finite-dimensional reduction, validated numerics, or a precisely isolated lemma rather than a raw grand conjecture.",medium,OPEN-CANDIDATE — verify current status before launch,AIM lists/papers/formal conjecture corpora
KBK-0507,68,C,Dynamics / Analysis / PDE,Hard-sphere phase transition finite-cell certificates,Rigorous bounds for restricted dimensions/cells.,"New exact value, improved bound, new construction, certified nonexistence, classification, or a killed major candidate mechanism.","A12,A13,A16,A17,A20,A22,A24,A25,A28,A38","Target a rigorous finite-dimensional reduction, validated numerics, or a precisely isolated lemma rather than a raw grand conjecture.",medium,OPEN-CANDIDATE — verify current status before launch,AIM lists/papers/formal conjecture corpora
KBK-0515,68,C,Dynamics / Analysis / PDE,Hardy inequality best constants on domains,Compute and certify first unresolved geometries.,"New exact value, improved bound, new construction, certified nonexistence, classification, or a killed major candidate mechanism.","A12,A13,A16,A17,A20,A22,A24,A25,A28,A38","Target a rigorous finite-dimensional reduction, validated numerics, or a precisely isolated lemma rather than a raw grand conjecture.",medium,OPEN-CANDIDATE — verify current status before launch,AIM lists/papers/formal conjecture corpora
KBK-0522,68,C,Dynamics / Analysis / PDE,Hilbert–Pólya finite matrix model miner,Search structured operators matching initial zero statistics and kill false families.,"New exact value, improved bound, new construction, certified nonexistence, classification, or a killed major candidate mechanism.","A12,A13,A16,A17,A20,A22,A24,A25,A28,A38","Target a rigorous finite-dimensional reduction, validated numerics, or a precisely isolated lemma rather than a raw grand conjecture.",medium,OPEN-CANDIDATE — verify current status before launch,AIM lists/papers/formal conjecture corpora
KBK-0497,68,C,Dynamics / Analysis / PDE,Illumination and wind-tree periodic models,Compute exact diffusion exponents for finite covers.,"New exact value, improved bound, new construction, certified nonexistence, classification, or a killed major candidate mechanism.","A12,A13,A16,A17,A20,A22,A24,A25,A28,A38","Target a rigorous finite-dimensional reduction, validated numerics, or a precisely isolated lemma rather than a raw grand conjecture.",medium,OPEN-CANDIDATE — verify current status before launch,AIM lists/papers/formal conjecture corpora
KBK-0498,68,C,Dynamics / Analysis / PDE,Interval exchange transformations,Classify low-interval exceptional behavior and periodicity.,"New exact value, improved bound, new construction, certified nonexistence, classification, or a killed major candidate mechanism.","A12,A13,A16,A17,A20,A22,A24,A25,A28,A38","Target a rigorous finite-dimensional reduction, validated numerics, or a precisely isolated lemma rather than a raw grand conjecture.",medium,OPEN-CANDIDATE — verify current status before launch,AIM lists/papers/formal conjecture corpora
KBK-0508,68,C,Dynamics / Analysis / PDE,Ising model partition-function zero regions,Certify new graph classes and parameter domains.,"New exact value, improved bound, new construction, certified nonexistence, classification, or a killed major candidate mechanism.","A12,A13,A16,A17,A20,A22,A24,A25,A28,A38","Target a rigorous finite-dimensional reduction, validated numerics, or a precisely isolated lemma rather than a raw grand conjecture.",medium,OPEN-CANDIDATE — verify current status before launch,AIM lists/papers/formal conjecture corpora
KBK-0489,68,C,Dynamics / Analysis / PDE,Kuramoto–Sivashinsky global attractor bounds,Improve rigorous dimension and absorbing-ball estimates.,"New exact value, improved bound, new construction, certified nonexistence, classification, or a killed major candidate mechanism.","A12,A13,A16,A17,A20,A22,A24,A25,A28,A38","Target a rigorous finite-dimensional reduction, validated numerics, or a precisely isolated lemma rather than a raw grand conjecture.",medium,OPEN-CANDIDATE — verify current status before launch,AIM lists/papers/formal conjecture corpora
KBK-0509,68,C,Dynamics / Analysis / PDE,Lee–Yang/Fisher zero finite graph extremals,Compute exact loci and infer theorems.,"New exact value, improved bound, new construction, certified nonexistence, classification, or a killed major candidate mechanism.","A12,A13,A16,A17,A20,A22,A24,A25,A28,A38","Target a rigorous finite-dimensional reduction, validated numerics, or a precisely isolated lemma rather than a raw grand conjecture.",medium,OPEN-CANDIDATE — verify current status before launch,AIM lists/papers/formal conjecture corpora
KBK-0494,68,C,Dynamics / Analysis / PDE,Littlewood conjecture computational side gates,Find extremal pairs and prove bounded-height inequalities.,"New exact value, improved bound, new construction, certified nonexistence, classification, or a killed major candidate mechanism.","A12,A13,A16,A17,A20,A22,A24,A25,A28,A38","Target a rigorous finite-dimensional reduction, validated numerics, or a precisely isolated lemma rather than a raw grand conjecture.",medium,OPEN-CANDIDATE — verify current status before launch,AIM lists/papers/formal conjecture corpora
KBK-0495,68,C,Dynamics / Analysis / PDE,Lonely runner dynamical formulations,Resolve small dimensions and rational velocity classes.,"New exact value, improved bound, new construction, certified nonexistence, classification, or a killed major candidate mechanism.","A12,A13,A16,A17,A20,A22,A24,A25,A28,A38","Target a rigorous finite-dimensional reduction, validated numerics, or a precisely isolated lemma rather than a raw grand conjecture.",medium,OPEN-CANDIDATE — verify current status before launch,AIM lists/papers/formal conjecture corpora
KBK-0490,68,C,Dynamics / Analysis / PDE,Lorenz attractor quantitative invariants,Certify entropy/dimension/periodic orbit statements.,"New exact value, improved bound, new construction, certified nonexistence, classification, or a killed major candidate mechanism.","A12,A13,A16,A17,A20,A22,A24,A25,A28,A38","Target a rigorous finite-dimensional reduction, validated numerics, or a precisely isolated lemma rather than a raw grand conjecture.",medium,OPEN-CANDIDATE — verify current status before launch,AIM lists/papers/formal conjecture corpora
KBK-0493,68,C,Dynamics / Analysis / PDE,Mahler Z-numbers finite-state subfamilies,Prove digit-avoidance for automaton-recognizable classes.,"New exact value, improved bound, new construction, certified nonexistence, classification, or a killed major candidate mechanism.","A12,A13,A16,A17,A20,A22,A24,A25,A28,A38","Target a rigorous finite-dimensional reduction, validated numerics, or a precisely isolated lemma rather than a raw grand conjecture.",medium,OPEN-CANDIDATE — verify current status before launch,AIM lists/papers/formal conjecture corpora
KBK-0518,68,C,Dynamics / Analysis / PDE,Nodal domain extremals,Compute exact low-eigenvalue cases and counterexamples.,"New exact value, improved bound, new construction, certified nonexistence, classification, or a killed major candidate mechanism.","A12,A13,A16,A17,A20,A22,A24,A25,A28,A38","Target a rigorous finite-dimensional reduction, validated numerics, or a precisely isolated lemma rather than a raw grand conjecture.",medium,OPEN-CANDIDATE — verify current status before launch,AIM lists/papers/formal conjecture corpora
KBK-0499,68,C,Dynamics / Analysis / PDE,Outer billiards on kites/polygons,Prove orbit classifications for new rational parameter families.,"New exact value, improved bound, new construction, certified nonexistence, classification, or a killed major candidate mechanism.","A12,A13,A16,A17,A20,A22,A24,A25,A28,A38","Target a rigorous finite-dimensional reduction, validated numerics, or a precisely isolated lemma rather than a raw grand conjecture.",medium,OPEN-CANDIDATE — verify current status before launch,AIM lists/papers/formal conjecture corpora
KBK-0520,68,C,Dynamics / Analysis / PDE,Packing/covering energy landscapes,Prove global optima for small N with interval branch-and-bound.,"New exact value, improved bound, new construction, certified nonexistence, classification, or a killed major candidate mechanism.","A12,A13,A16,A17,A20,A22,A24,A25,A28,A38","Target a rigorous finite-dimensional reduction, validated numerics, or a precisely isolated lemma rather than a raw grand conjecture.",medium,OPEN-CANDIDATE — verify current status before launch,AIM lists/papers/formal conjecture corpora
KBK-0513,68,C,Dynamics / Analysis / PDE,Pattern-avoiding permutation enumeration,Solve first Wilf classes lacking generating functions.,"New exact value, improved bound, new construction, certified nonexistence, classification, or a killed major candidate mechanism.","A12,A13,A16,A17,A20,A22,A24,A25,A28,A38","Target a rigorous finite-dimensional reduction, validated numerics, or a precisely isolated lemma rather than a raw grand conjecture.",medium,OPEN-CANDIDATE — verify current status before launch,AIM lists/papers/formal conjecture corpora
KBK-0506,68,C,Dynamics / Analysis / PDE,Percolation thresholds for Archimedean/periodic lattices,Improve certified intervals using exact enumeration.,"New exact value, improved bound, new construction, certified nonexistence, classification, or a killed major candidate mechanism.","A12,A13,A16,A17,A20,A22,A24,A25,A28,A38","Target a rigorous finite-dimensional reduction, validated numerics, or a precisely isolated lemma rather than a raw grand conjecture.",medium,OPEN-CANDIDATE — verify current status before launch,AIM lists/papers/formal conjecture corpora
KBK-0514,68,C,Dynamics / Analysis / PDE,Polyomino enumeration recurrences,Find exact transfer matrices and asymptotic constants for constrained classes.,"New exact value, improved bound, new construction, certified nonexistence, classification, or a killed major candidate mechanism.","A12,A13,A16,A17,A20,A22,A24,A25,A28,A38","Target a rigorous finite-dimensional reduction, validated numerics, or a precisely isolated lemma rather than a raw grand conjecture.",medium,OPEN-CANDIDATE — verify current status before launch,AIM lists/papers/formal conjecture corpora
KBK-0510,68,C,Dynamics / Analysis / PDE,Pólya enumeration asymptotics,Resolve constants/oscillations for new combinatorial classes.,"New exact value, improved bound, new construction, certified nonexistence, classification, or a killed major candidate mechanism.","A12,A13,A16,A17,A20,A22,A24,A25,A28,A38","Target a rigorous finite-dimensional reduction, validated numerics, or a precisely isolated lemma rather than a raw grand conjecture.",medium,OPEN-CANDIDATE — verify current status before launch,AIM lists/papers/formal conjecture corpora
KBK-0512,68,C,Dynamics / Analysis / PDE,Quarter-plane lattice walks unresolved models,Derive or disprove D-finiteness/algebraicity.,"New exact value, improved bound, new construction, certified nonexistence, classification, or a killed major candidate mechanism.","A12,A13,A16,A17,A20,A22,A24,A25,A28,A38","Target a rigorous finite-dimensional reduction, validated numerics, or a precisely isolated lemma rather than a raw grand conjecture.",medium,OPEN-CANDIDATE — verify current status before launch,AIM lists/papers/formal conjecture corpora
KBK-0504,68,C,Dynamics / Analysis / PDE,Rotor-router aggregation discrepancy,Improve finite exact bounds and extremal configurations.,"New exact value, improved bound, new construction, certified nonexistence, classification, or a killed major candidate mechanism.","A12,A13,A16,A17,A20,A22,A24,A25,A28,A38","Target a rigorous finite-dimensional reduction, validated numerics, or a precisely isolated lemma rather than a raw grand conjecture.",medium,OPEN-CANDIDATE — verify current status before launch,AIM lists/papers/formal conjecture corpora
KBK-0503,68,C,Dynamics / Analysis / PDE,Sandpile identity and period problems,Compute formulas for graph families and certify recurrences.,"New exact value, improved bound, new construction, certified nonexistence, classification, or a killed major candidate mechanism.","A12,A13,A16,A17,A20,A22,A24,A25,A28,A38","Target a rigorous finite-dimensional reduction, validated numerics, or a precisely isolated lemma rather than a raw grand conjecture.",medium,OPEN-CANDIDATE — verify current status before launch,AIM lists/papers/formal conjecture corpora
KBK-0505,68,C,Dynamics / Analysis / PDE,Self-avoiding walk connective constants,Produce rigorous bounds for specific lattices.,"New exact value, improved bound, new construction, certified nonexistence, classification, or a killed major candidate mechanism.","A12,A13,A16,A17,A20,A22,A24,A25,A28,A38","Target a rigorous finite-dimensional reduction, validated numerics, or a precisely isolated lemma rather than a raw grand conjecture.",medium,OPEN-CANDIDATE — verify current status before launch,AIM lists/papers/formal conjecture corpora
KBK-0516,68,C,Dynamics / Analysis / PDE,Sobolev inequality sharp constants restricted domains,Use validated numerics and symmetrization proofs.,"New exact value, improved bound, new construction, certified nonexistence, classification, or a killed major candidate mechanism.","A12,A13,A16,A17,A20,A22,A24,A25,A28,A38","Target a rigorous finite-dimensional reduction, validated numerics, or a precisely isolated lemma rather than a raw grand conjecture.",medium,OPEN-CANDIDATE — verify current status before launch,AIM lists/papers/formal conjecture corpora
KBK-0519,68,C,Dynamics / Analysis / PDE,Spectral gap maximization,Certify optimal shapes/graphs for bounded classes.,"New exact value, improved bound, new construction, certified nonexistence, classification, or a killed major candidate mechanism.","A12,A13,A16,A17,A20,A22,A24,A25,A28,A38","Target a rigorous finite-dimensional reduction, validated numerics, or a precisely isolated lemma rather than a raw grand conjecture.",medium,OPEN-CANDIDATE — verify current status before launch,AIM lists/papers/formal conjecture corpora
KBK-0500,68,C,Dynamics / Analysis / PDE,Symbolic dynamics forbidden-word entropy,Compute exact entropy and automata for unresolved shifts.,"New exact value, improved bound, new construction, certified nonexistence, classification, or a killed major candidate mechanism.","A12,A13,A16,A17,A20,A22,A24,A25,A28,A38","Target a rigorous finite-dimensional reduction, validated numerics, or a precisely isolated lemma rather than a raw grand conjecture.",medium,OPEN-CANDIDATE — verify current status before launch,AIM lists/papers/formal conjecture corpora
KBK-0486,48,D,Dynamics / Analysis / PDE,Navier–Stokes rigorous special-symmetry regimes,Prove global regularity or blow-up exclusion for new bounded/symmetric data classes.,"New exact value, improved bound, new construction, certified nonexistence, classification, or a killed major candidate mechanism.","A12,A13,A16,A17,A20,A22,A24,A25,A28,A38","Target a rigorous finite-dimensional reduction, validated numerics, or a precisely isolated lemma rather than a raw grand conjecture.",medium,OPEN-CANDIDATE — verify current status before launch,AIM lists/papers/formal conjecture corpora
KBK-0521,48,D,Dynamics / Analysis / PDE,Riemann hypothesis finite verification pipeline,Improve certified zero checks and formalize Turing-method receipts without claiming RH.,"New exact value, improved bound, new construction, certified nonexistence, classification, or a killed major candidate mechanism.","A12,A13,A16,A17,A20,A22,A24,A25,A28,A38","Target a rigorous finite-dimensional reduction, validated numerics, or a precisely isolated lemma rather than a raw grand conjecture.",medium,OPEN-CANDIDATE — verify current status before launch,AIM lists/papers/formal conjecture corpora
