problem_number,url,state,last_status_update,score,tier,prize,prize_usd,formalized,formalized_last_update,oeis,tags,oracle_methods,launch_instruction
64,https://www.erdosproblems.com/64,falsifiable,2025-08-31,94,S,$1000,1000,yes,2025-08-31,N/A,graph theory;cycles,"A32,A33,A01,A02,A05,A15,A21,A26,A22,A25,A28,A31,A34",Open source page; verify exact current statement/status and nearest prior; identify finite frontier or weakest sufficient lemma; run statement audit before compute.
835,https://www.erdosproblems.com/835,verifiable,2025-08-31,93,A,no,0,yes,2026-01-26,N/A,graph theory;hypergraphs,"A32,A33,A01,A02,A05,A15,A21,A26,A22,A25,A28,A31,A34",Open source page; verify exact current statement/status and nearest prior; identify finite frontier or weakest sufficient lemma; run statement audit before compute.
97,https://www.erdosproblems.com/97,falsifiable,2025-08-31,92,A,$100,100,yes,2025-11-11,N/A,geometry;distances;convex,"A32,A33,A12,A15,A16,A17,A23,A22,A25,A26,A28,A31,A34",Open source page; verify exact current statement/status and nearest prior; identify finite frontier or weakest sufficient lemma; run statement audit before compute.
107,https://www.erdosproblems.com/107,falsifiable,2025-08-31,92,A,$500,500,yes,2025-09-29,A000051,geometry;convex,"A32,A33,A12,A15,A16,A17,A23,A22,A25,A26,A28,A31,A34",Open source page; verify exact current statement/status and nearest prior; identify finite frontier or weakest sufficient lemma; run statement audit before compute.
128,https://www.erdosproblems.com/128,falsifiable,2025-10-31,92,A,$250,250,yes,2025-08-31,N/A,graph theory,"A32,A33,A01,A02,A05,A15,A21,A26,A22,A25,A28,A31,A34",Open source page; verify exact current statement/status and nearest prior; identify finite frontier or weakest sufficient lemma; run statement audit before compute.
742,https://www.erdosproblems.com/742,decidable,2025-08-31,92,A,no,0,yes,2026-06-29,N/A,graph theory,"A32,A33,A01,A02,A05,A15,A21,A26,A22,A25,A28,A31,A34",Open source page; verify exact current statement/status and nearest prior; identify finite frontier or weakest sufficient lemma; run statement audit before compute.
7,https://www.erdosproblems.com/7,verifiable,2025-08-31,90,A,no,0,yes,2026-04-20,N/A,number theory;covering systems,"A32,A33,A10,A11,A13,A14,A19,A24,A22,A25,A26,A28,A31,A34",Open source page; verify exact current statement/status and nearest prior; identify finite frontier or weakest sufficient lemma; run statement audit before compute.
307,https://www.erdosproblems.com/307,verifiable,2025-09-09,90,A,no,0,yes,2025-08-31,N/A,number theory;unit fractions,"A32,A33,A10,A11,A13,A14,A19,A24,A22,A25,A26,A28,A31,A34",Open source page; verify exact current statement/status and nearest prior; identify finite frontier or weakest sufficient lemma; run statement audit before compute.
647,https://www.erdosproblems.com/647,verifiable,2025-08-31,90,A,£25,25,yes,2025-10-13,A062249;A087280,number theory,"A32,A33,A10,A11,A13,A14,A19,A24,A22,A25,A26,A28,A31,A34",Open source page; verify exact current statement/status and nearest prior; identify finite frontier or weakest sufficient lemma; run statement audit before compute.
19,https://www.erdosproblems.com/19,decidable,2025-08-31,89,A,$500,500,no,2025-08-31,N/A,graph theory;chromatic number,"A32,A33,A01,A02,A05,A15,A21,A26,A22,A25,A28,A34",Open source page; verify exact current statement/status and nearest prior; identify finite frontier or weakest sufficient lemma; run statement audit before compute.
23,https://www.erdosproblems.com/23,falsifiable,2025-08-31,89,A,no,0,yes,2026-02-17,A389646,graph theory,"A32,A33,A01,A02,A05,A15,A21,A26,A22,A25,A28,A31,A34",Open source page; verify exact current statement/status and nearest prior; identify finite frontier or weakest sufficient lemma; run statement audit before compute.
242,https://www.erdosproblems.com/242,falsifiable,2025-09-28,89,A,no,0,yes,2025-08-31,A073101;A075245;A075246;A075247;A075248;A287116,number theory;unit fractions,"A32,A33,A10,A11,A13,A14,A19,A24,A22,A25,A26,A28,A31,A34",Open source page; verify exact current statement/status and nearest prior; identify finite frontier or weakest sufficient lemma; run statement audit before compute.
287,https://www.erdosproblems.com/287,falsifiable,2025-12-5,89,A,no,0,yes,2026-06-24,N/A,number theory;unit fractions,"A32,A33,A10,A11,A13,A14,A19,A24,A22,A25,A26,A28,A31,A34",Open source page; verify exact current statement/status and nearest prior; identify finite frontier or weakest sufficient lemma; run statement audit before compute.
398,https://www.erdosproblems.com/398,falsifiable,2025-08-31,89,A,no,0,yes,2025-09-01,A146968;A141399,number theory;factorials,"A32,A33,A10,A11,A13,A14,A19,A24,A22,A25,A26,A28,A31,A34",Open source page; verify exact current statement/status and nearest prior; identify finite frontier or weakest sufficient lemma; run statement audit before compute.
617,https://www.erdosproblems.com/617,falsifiable,2025-08-31,89,A,no,0,yes,2026-01-24,N/A,graph theory,"A32,A33,A01,A02,A05,A15,A21,A26,A22,A25,A28,A31,A34",Open source page; verify exact current statement/status and nearest prior; identify finite frontier or weakest sufficient lemma; run statement audit before compute.
699,https://www.erdosproblems.com/699,falsifiable,2025-08-31,89,A,no,0,yes,2026-01-04,N/A,number theory;binomial coefficients,"A32,A33,A10,A11,A13,A14,A19,A24,A22,A25,A26,A28,A31,A34",Open source page; verify exact current statement/status and nearest prior; identify finite frontier or weakest sufficient lemma; run statement audit before compute.
848,https://www.erdosproblems.com/848,decidable,2025-10-19,89,A,no,0,yes,2026-02-01,N/A,number theory,"A32,A33,A10,A11,A13,A14,A19,A24,A22,A25,A26,A28,A31,A34",Open source page; verify exact current statement/status and nearest prior; identify finite frontier or weakest sufficient lemma; run statement audit before compute.
982,https://www.erdosproblems.com/982,falsifiable,2025-08-31,89,A,no,0,yes,2025-11-13,A004526,geometry;convex;distances,"A32,A33,A12,A15,A16,A17,A23,A22,A25,A26,A28,A31,A34",Open source page; verify exact current statement/status and nearest prior; identify finite frontier or weakest sufficient lemma; run statement audit before compute.
1082,https://www.erdosproblems.com/1082,falsifiable,2025-10-17,89,A,no,0,yes,2026-02-25,possible,geometry;distances,"A32,A33,A12,A15,A16,A17,A23,A22,A25,A26,A28,A31,A34",Open source page; verify exact current statement/status and nearest prior; identify finite frontier or weakest sufficient lemma; run statement audit before compute.
364,https://www.erdosproblems.com/364,verifiable,2025-08-31,87,A,no,0,yes,2025-08-31,A060355;A076445,number theory,"A32,A33,A10,A11,A13,A14,A19,A24,A22,A25,A26,A28,A31,A34",Open source page; verify exact current statement/status and nearest prior; identify finite frontier or weakest sufficient lemma; run statement audit before compute.
366,https://www.erdosproblems.com/366,verifiable,2025-08-31,87,A,no,0,yes,2025-08-31,A060355,number theory,"A32,A33,A10,A11,A13,A14,A19,A24,A22,A25,A26,A28,A31,A34",Open source page; verify exact current statement/status and nearest prior; identify finite frontier or weakest sufficient lemma; run statement audit before compute.
672,https://www.erdosproblems.com/672,verifiable,2025-08-31,87,A,no,0,yes,2025-08-31,N/A,number theory,"A32,A33,A10,A11,A13,A14,A19,A24,A22,A25,A26,A28,A31,A34",Open source page; verify exact current statement/status and nearest prior; identify finite frontier or weakest sufficient lemma; run statement audit before compute.
375,https://www.erdosproblems.com/375,falsifiable,2025-08-31,86,A,no,0,yes,2026-01-18,N/A,number theory,"A32,A33,A10,A11,A13,A14,A19,A24,A22,A25,A26,A28,A31,A34",Open source page; verify exact current statement/status and nearest prior; identify finite frontier or weakest sufficient lemma; run statement audit before compute.
458,https://www.erdosproblems.com/458,falsifiable,2025-08-31,86,A,no,0,yes,2025-11-21,A056604,number theory;primes,"A32,A33,A10,A11,A13,A14,A19,A24,A22,A25,A26,A28,A31,A34",Open source page; verify exact current statement/status and nearest prior; identify finite frontier or weakest sufficient lemma; run statement audit before compute.
488,https://www.erdosproblems.com/488,falsifiable,2026-03-29,86,A,no,0,yes,2025-08-31,N/A,number theory,"A32,A33,A10,A11,A13,A14,A19,A24,A22,A25,A26,A28,A31,A34",Open source page; verify exact current statement/status and nearest prior; identify finite frontier or weakest sufficient lemma; run statement audit before compute.
547,https://www.erdosproblems.com/547,decidable,2025-09-11,86,A,no,0,no,2025-08-31,N/A,graph theory;ramsey theory,"A32,A33,A01,A02,A05,A15,A21,A26,A22,A25,A28,A34",Open source page; verify exact current statement/status and nearest prior; identify finite frontier or weakest sufficient lemma; run statement audit before compute.
551,https://www.erdosproblems.com/551,decidable,2025-08-31,86,A,no,0,no,2025-08-31,N/A,graph theory;ramsey theory,"A32,A33,A01,A02,A05,A15,A21,A26,A22,A25,A28,A34",Open source page; verify exact current statement/status and nearest prior; identify finite frontier or weakest sufficient lemma; run statement audit before compute.
556,https://www.erdosproblems.com/556,decidable,2025-08-31,86,A,no,0,no,2025-08-31,A389335,graph theory;ramsey theory,"A32,A33,A01,A02,A05,A15,A21,A26,A22,A25,A28,A34",Open source page; verify exact current statement/status and nearest prior; identify finite frontier or weakest sufficient lemma; run statement audit before compute.
723,https://www.erdosproblems.com/723,falsifiable,2025-08-31,86,A,no,0,yes,2025-08-31,N/A,combinatorics,"A32,A33,A22,A25,A26,A28,A31,A34",Open source page; verify exact current statement/status and nearest prior; identify finite frontier or weakest sufficient lemma; run statement audit before compute.
779,https://www.erdosproblems.com/779,falsifiable,2025-08-31,86,A,no,0,yes,2025-08-31,A005235,number theory;primes,"A32,A33,A10,A11,A13,A14,A19,A24,A22,A25,A26,A28,A31,A34",Open source page; verify exact current statement/status and nearest prior; identify finite frontier or weakest sufficient lemma; run statement audit before compute.
1041,https://www.erdosproblems.com/1041,falsifiable,2025-09-15,84,B,no,0,yes,2025-11-26,N/A,analysis,"A32,A33,A22,A25,A26,A28,A31,A34",Open source page; verify exact current statement/status and nearest prior; identify finite frontier or weakest sufficient lemma; run statement audit before compute.
475,https://www.erdosproblems.com/475,decidable,2026-02-23,83,B,no,0,no,2025-08-31,N/A,number theory;additive combinatorics,"A32,A33,A10,A11,A13,A14,A19,A24,A09,A18,A22,A23,A25,A26,A28,A34",Open source page; verify exact current statement/status and nearest prior; identify finite frontier or weakest sufficient lemma; run statement audit before compute.
506,https://www.erdosproblems.com/506,decidable,2025-08-31,83,B,no,0,no,2025-08-31,possible,geometry,"A32,A33,A12,A15,A16,A17,A23,A22,A25,A26,A28,A34",Open source page; verify exact current statement/status and nearest prior; identify finite frontier or weakest sufficient lemma; run statement audit before compute.
564,https://www.erdosproblems.com/564,open,2025-08-31,83,B,$500,500,yes,2026-01-07,possible,graph theory;ramsey theory;hypergraphs,"A32,A33,A01,A02,A05,A15,A21,A26,A25,A31,A34",Open source page; verify exact current statement/status and nearest prior; identify finite frontier or weakest sufficient lemma; run statement audit before compute.
580,https://www.erdosproblems.com/580,decidable,2025-10-23,83,B,no,0,no,2025-08-31,N/A,graph theory,"A32,A33,A01,A02,A05,A15,A21,A26,A22,A25,A28,A34",Open source page; verify exact current statement/status and nearest prior; identify finite frontier or weakest sufficient lemma; run statement audit before compute.
628,https://www.erdosproblems.com/628,falsifiable,2025-08-31,83,B,no,0,no,2025-08-31,N/A,graph theory;chromatic number,"A32,A33,A01,A02,A05,A15,A21,A26,A22,A25,A28,A34",Open source page; verify exact current statement/status and nearest prior; identify finite frontier or weakest sufficient lemma; run statement audit before compute.
1020,https://www.erdosproblems.com/1020,falsifiable,2025-09-12,83,B,no,0,no,2025-09-10,N/A,graph theory;hypergraphs,"A32,A33,A01,A02,A05,A15,A21,A26,A22,A25,A28,A34",Open source page; verify exact current statement/status and nearest prior; identify finite frontier or weakest sufficient lemma; run statement audit before compute.
30,https://www.erdosproblems.com/30,open,2025-08-31,82,B,$1000,1000,yes,2025-08-31,A143824;A227590;A003022,number theory;sidon sets;additive combinatorics,"A32,A33,A10,A11,A13,A14,A19,A24,A09,A18,A22,A23,A25,A31,A34",Open source page; verify exact current statement/status and nearest prior; identify finite frontier or weakest sufficient lemma; run statement audit before compute.
142,https://www.erdosproblems.com/142,open,2025-08-31,81,B,$10000,10000,yes,2025-08-31,A003002;A003003;A003004;A003005,additive combinatorics;arithmetic progressions,"A32,A33,A09,A14,A18,A22,A23,A25,A31,A34",Open source page; verify exact current statement/status and nearest prior; identify finite frontier or weakest sufficient lemma; run statement audit before compute.
39,https://www.erdosproblems.com/39,open,2025-08-31,80,B,$500,500,yes,2025-08-31,N/A,number theory;sidon sets;additive combinatorics,"A32,A33,A10,A11,A13,A14,A19,A24,A09,A18,A22,A23,A25,A31,A34",Open source page; verify exact current statement/status and nearest prior; identify finite frontier or weakest sufficient lemma; run statement audit before compute.
41,https://www.erdosproblems.com/41,open,2025-08-31,80,B,$500,500,yes,2025-08-31,N/A,number theory;sidon sets;additive combinatorics,"A32,A33,A10,A11,A13,A14,A19,A24,A09,A18,A22,A23,A25,A31,A34",Open source page; verify exact current statement/status and nearest prior; identify finite frontier or weakest sufficient lemma; run statement audit before compute.
74,https://www.erdosproblems.com/74,open,2025-08-31,80,B,$500,500,yes,2025-09-25,N/A,graph theory;chromatic number;cycles,"A32,A33,A01,A02,A05,A15,A21,A26,A25,A31,A34",Open source page; verify exact current statement/status and nearest prior; identify finite frontier or weakest sufficient lemma; run statement audit before compute.
106,https://www.erdosproblems.com/106,falsifiable,2025-08-31,80,B,no,0,no,2025-08-31,N/A,geometry,"A32,A33,A12,A15,A16,A17,A23,A22,A25,A26,A28,A34",Open source page; verify exact current statement/status and nearest prior; identify finite frontier or weakest sufficient lemma; run statement audit before compute.
167,https://www.erdosproblems.com/167,falsifiable,2025-09-28,80,B,no,0,no,2025-08-31,N/A,graph theory,"A32,A33,A01,A02,A05,A15,A21,A26,A22,A25,A28,A34",Open source page; verify exact current statement/status and nearest prior; identify finite frontier or weakest sufficient lemma; run statement audit before compute.
241,https://www.erdosproblems.com/241,open,2025-08-31,80,B,$100,100,yes,2026-02-25,A387704,additive combinatorics;sidon sets,"A32,A33,A09,A14,A18,A22,A23,A25,A31,A34",Open source page; verify exact current statement/status and nearest prior; identify finite frontier or weakest sufficient lemma; run statement audit before compute.
548,https://www.erdosproblems.com/548,falsifiable,2025-08-31,80,B,no,0,no,2025-08-31,N/A,graph theory,"A32,A33,A01,A02,A05,A15,A21,A26,A22,A25,A28,A34",Open source page; verify exact current statement/status and nearest prior; identify finite frontier or weakest sufficient lemma; run statement audit before compute.
562,https://www.erdosproblems.com/562,open,2025-08-31,80,B,no,0,yes,2025-12-30,possible,graph theory;ramsey theory;hypergraphs,"A32,A33,A01,A02,A05,A15,A21,A26,A25,A31,A34",Open source page; verify exact current statement/status and nearest prior; identify finite frontier or weakest sufficient lemma; run statement audit before compute.
583,https://www.erdosproblems.com/583,falsifiable,2025-08-31,80,B,no,0,no,2025-08-31,N/A,graph theory,"A32,A33,A01,A02,A05,A15,A21,A26,A22,A25,A28,A34",Open source page; verify exact current statement/status and nearest prior; identify finite frontier or weakest sufficient lemma; run statement audit before compute.
743,https://www.erdosproblems.com/743,falsifiable,2025-08-31,80,B,no,0,no,2025-08-31,N/A,graph theory,"A32,A33,A01,A02,A05,A15,A21,A26,A22,A25,A28,A34",Open source page; verify exact current statement/status and nearest prior; identify finite frontier or weakest sufficient lemma; run statement audit before compute.
993,https://www.erdosproblems.com/993,falsifiable,2025-09-07,80,B,no,0,no,2025-09-07,possible,graph theory,"A32,A33,A01,A02,A05,A15,A21,A26,A22,A25,A28,A34",Open source page; verify exact current statement/status and nearest prior; identify finite frontier or weakest sufficient lemma; run statement audit before compute.
3,https://www.erdosproblems.com/3,open,2025-08-31,79,B,$5000,5000,yes,2025-08-31,A003002;A003003;A003004;A003005,number theory;additive combinatorics;arithmetic progressions,"A32,A33,A10,A11,A13,A14,A19,A24,A09,A18,A22,A23,A25,A31,A34",Open source page; verify exact current statement/status and nearest prior; identify finite frontier or weakest sufficient lemma; run statement audit before compute.
593,https://www.erdosproblems.com/593,open,2025-08-31,79,B,$500,500,yes,2026-05-21,N/A,set theory;graph theory;hypergraphs;chromatic number,"A32,A33,A01,A02,A05,A15,A21,A26,A20,A25,A31,A34",Open source page; verify exact current statement/status and nearest prior; identify finite frontier or weakest sufficient lemma; run statement audit before compute.
114,https://www.erdosproblems.com/114,falsifiable,2025-12-28,78,B,$250,250,no,2025-08-31,N/A,polynomials;analysis,"A32,A33,A22,A25,A26,A28,A34",Open source page; verify exact current statement/status and nearest prior; identify finite frontier or weakest sufficient lemma; run statement audit before compute.
1,https://www.erdosproblems.com/1,open,2025-08-31,77,B,$500,500,yes,2025-08-31,A276661,number theory;additive combinatorics,"A32,A33,A10,A11,A13,A14,A19,A24,A09,A18,A22,A23,A25,A31,A34",Open source page; verify exact current statement/status and nearest prior; identify finite frontier or weakest sufficient lemma; run statement audit before compute.
14,https://www.erdosproblems.com/14,open,2025-08-31,77,B,no,0,yes,2025-11-02,A143824;possible,number theory;sidon sets;additive combinatorics,"A32,A33,A10,A11,A13,A14,A19,A24,A09,A18,A22,A23,A25,A31,A34",Open source page; verify exact current statement/status and nearest prior; identify finite frontier or weakest sufficient lemma; run statement audit before compute.
44,https://www.erdosproblems.com/44,open,2025-08-31,77,B,no,0,yes,2025-08-31,N/A,number theory;sidon sets;additive combinatorics,"A32,A33,A10,A11,A13,A14,A19,A24,A09,A18,A22,A23,A25,A31,A34",Open source page; verify exact current statement/status and nearest prior; identify finite frontier or weakest sufficient lemma; run statement audit before compute.
52,https://www.erdosproblems.com/52,open,2026-05-28,77,B,$250,250,yes,2026-04-17,A263996,number theory;additive combinatorics,"A32,A33,A10,A11,A13,A14,A19,A24,A09,A18,A22,A23,A25,A31,A34",Open source page; verify exact current statement/status and nearest prior; identify finite frontier or weakest sufficient lemma; run statement audit before compute.
75,https://www.erdosproblems.com/75,open,2025-08-31,77,B,no,0,yes,2026-04-04,N/A,graph theory;chromatic number,"A32,A33,A01,A02,A05,A15,A21,A26,A25,A31,A34",Open source page; verify exact current statement/status and nearest prior; identify finite frontier or weakest sufficient lemma; run statement audit before compute.
89,https://www.erdosproblems.com/89,open,2025-08-31,77,B,$500,500,yes,2025-10-24,A186704;A131628,geometry;distances,"A32,A33,A12,A15,A16,A17,A23,A25,A31,A34",Open source page; verify exact current statement/status and nearest prior; identify finite frontier or weakest sufficient lemma; run statement audit before compute.
99,https://www.erdosproblems.com/99,open,2025-08-31,77,B,$100,100,yes,2026-01-15,N/A,geometry;distances,"A32,A33,A12,A15,A16,A17,A23,A25,A31,A34",Open source page; verify exact current statement/status and nearest prior; identify finite frontier or weakest sufficient lemma; run statement audit before compute.
101,https://www.erdosproblems.com/101,open,2025-08-31,77,B,$100,100,yes,2026-04-16,A006065;possible,geometry,"A32,A33,A12,A15,A16,A17,A23,A25,A31,A34",Open source page; verify exact current statement/status and nearest prior; identify finite frontier or weakest sufficient lemma; run statement audit before compute.
108,https://www.erdosproblems.com/108,open,2025-08-31,77,B,no,0,yes,2025-11-24,possible,graph theory;chromatic number;cycles,"A32,A33,A01,A02,A05,A15,A21,A26,A25,A31,A34",Open source page; verify exact current statement/status and nearest prior; identify finite frontier or weakest sufficient lemma; run statement audit before compute.
138,https://www.erdosproblems.com/138,open,2025-08-31,77,B,$500,500,yes,2025-09-29,A005346,additive combinatorics,"A32,A33,A09,A14,A18,A22,A23,A25,A31,A34",Open source page; verify exact current statement/status and nearest prior; identify finite frontier or weakest sufficient lemma; run statement audit before compute.
155,https://www.erdosproblems.com/155,open,2025-08-31,77,B,no,0,yes,2025-08-31,A143824;A227590;A003022,additive combinatorics;sidon sets,"A32,A33,A09,A14,A18,A22,A23,A25,A31,A34",Open source page; verify exact current statement/status and nearest prior; identify finite frontier or weakest sufficient lemma; run statement audit before compute.
172,https://www.erdosproblems.com/172,open,2025-08-31,77,B,no,0,yes,2025-11-25,N/A,additive combinatorics;ramsey theory,"A32,A33,A01,A02,A05,A15,A21,A26,A09,A14,A18,A22,A23,A25,A31,A34",Open source page; verify exact current statement/status and nearest prior; identify finite frontier or weakest sufficient lemma; run statement audit before compute.
188,https://www.erdosproblems.com/188,open,2025-08-31,77,B,no,0,yes,2025-09-23,N/A,geometry;ramsey theory,"A32,A33,A01,A02,A05,A15,A21,A26,A12,A16,A17,A23,A25,A31,A34",Open source page; verify exact current statement/status and nearest prior; identify finite frontier or weakest sufficient lemma; run statement audit before compute.
274,https://www.erdosproblems.com/274,open,2025-08-31,77,B,no,0,yes,2025-08-31,N/A,group theory;covering systems,"A32,A33,A25,A31,A34",Open source page; verify exact current statement/status and nearest prior; identify finite frontier or weakest sufficient lemma; run statement audit before compute.
340,https://www.erdosproblems.com/340,open,2025-08-31,77,B,no,0,yes,2025-08-31,A080200;A005282,number theory;additive combinatorics;sidon sets,"A32,A33,A10,A11,A13,A14,A19,A24,A09,A18,A22,A23,A25,A31,A34",Open source page; verify exact current statement/status and nearest prior; identify finite frontier or weakest sufficient lemma; run statement audit before compute.
508,https://www.erdosproblems.com/508,open,2025-08-31,77,B,no,0,yes,2025-12-09,N/A,geometry;ramsey theory,"A32,A33,A01,A02,A05,A15,A21,A26,A12,A16,A17,A23,A25,A31,A34",Open source page; verify exact current statement/status and nearest prior; identify finite frontier or weakest sufficient lemma; run statement audit before compute.
566,https://www.erdosproblems.com/566,open,2025-08-31,77,B,no,0,yes,2026-01-08,N/A,graph theory;ramsey theory,"A32,A33,A01,A02,A05,A15,A21,A26,A25,A31,A34",Open source page; verify exact current statement/status and nearest prior; identify finite frontier or weakest sufficient lemma; run statement audit before compute.
567,https://www.erdosproblems.com/567,open,2025-08-31,77,B,no,0,yes,2026-01-09,N/A,graph theory;ramsey theory,"A32,A33,A01,A02,A05,A15,A21,A26,A25,A31,A34",Open source page; verify exact current statement/status and nearest prior; identify finite frontier or weakest sufficient lemma; run statement audit before compute.
740,https://www.erdosproblems.com/740,open,2025-08-31,77,B,no,0,yes,2026-05-09,N/A,graph theory;chromatic number,"A32,A33,A01,A02,A05,A15,A21,A26,A25,A31,A34",Open source page; verify exact current statement/status and nearest prior; identify finite frontier or weakest sufficient lemma; run statement audit before compute.
757,https://www.erdosproblems.com/757,open,2025-08-31,77,B,no,0,yes,2026-01-08,possible,geometry;distances;sidon sets,"A32,A33,A09,A14,A18,A22,A23,A12,A15,A16,A17,A25,A31,A34",Open source page; verify exact current statement/status and nearest prior; identify finite frontier or weakest sufficient lemma; run statement audit before compute.
812,https://www.erdosproblems.com/812,open,2025-08-31,77,B,no,0,yes,2026-03-08,A059442,graph theory;ramsey theory,"A32,A33,A01,A02,A05,A15,A21,A26,A25,A31,A34",Open source page; verify exact current statement/status and nearest prior; identify finite frontier or weakest sufficient lemma; run statement audit before compute.
918,https://www.erdosproblems.com/918,open,2025-08-31,77,B,no,0,yes,2025-11-21,N/A,graph theory;chromatic number,"A32,A33,A01,A02,A05,A15,A21,A26,A25,A31,A34",Open source page; verify exact current statement/status and nearest prior; identify finite frontier or weakest sufficient lemma; run statement audit before compute.
920,https://www.erdosproblems.com/920,open,2025-08-31,77,B,no,0,yes,2026-02-05,possible,graph theory;chromatic number,"A32,A33,A01,A02,A05,A15,A21,A26,A25,A31,A34",Open source page; verify exact current statement/status and nearest prior; identify finite frontier or weakest sufficient lemma; run statement audit before compute.
944,https://www.erdosproblems.com/944,open,2025-08-31,77,B,no,0,yes,2025-09-02,N/A,graph theory;chromatic number,"A32,A33,A01,A02,A05,A15,A21,A26,A25,A31,A34",Open source page; verify exact current statement/status and nearest prior; identify finite frontier or weakest sufficient lemma; run statement audit before compute.
1104,https://www.erdosproblems.com/1104,open,2025-10-26,77,B,no,0,yes,2025-12-11,A292528,graph theory;chromatic number,"A32,A33,A01,A02,A05,A15,A21,A26,A25,A31,A34",Open source page; verify exact current statement/status and nearest prior; identify finite frontier or weakest sufficient lemma; run statement audit before compute.
1199,https://www.erdosproblems.com/1199,open,2026-04-04,77,B,no,0,yes,2026-05-04,possible,additive combinatorics;ramsey theory,"A32,A33,A01,A02,A05,A15,A21,A26,A09,A14,A18,A22,A23,A25,A31,A34",Open source page; verify exact current statement/status and nearest prior; identify finite frontier or weakest sufficient lemma; run statement audit before compute.
20,https://www.erdosproblems.com/20,open,2025-08-31,76,B,$1000,1000,yes,2025-08-31,A332077,combinatorics,"A32,A33,A25,A31,A34",Open source page; verify exact current statement/status and nearest prior; identify finite frontier or weakest sufficient lemma; run statement audit before compute.
592,https://www.erdosproblems.com/592,open,2025-08-31,75,C,$1000,1000,yes,2025-08-31,N/A,set theory;ramsey theory,"A32,A33,A01,A02,A05,A15,A21,A26,A20,A25,A31,A34",Open source page; verify exact current statement/status and nearest prior; identify finite frontier or weakest sufficient lemma; run statement audit before compute.
18,https://www.erdosproblems.com/18,open,2025-08-31,74,C,no,0,yes,2026-03-15,A005153,number theory;divisors;factorials,"A32,A33,A10,A11,A13,A14,A19,A24,A25,A31,A34",Open source page; verify exact current statement/status and nearest prior; identify finite frontier or weakest sufficient lemma; run statement audit before compute.
28,https://www.erdosproblems.com/28,open,2025-08-31,74,C,$500,500,yes,2025-08-31,N/A,number theory;additive basis,"A32,A33,A10,A11,A13,A14,A19,A24,A09,A18,A22,A23,A25,A31,A34",Open source page; verify exact current statement/status and nearest prior; identify finite frontier or weakest sufficient lemma; run statement audit before compute.
36,https://www.erdosproblems.com/36,open,2025-08-31,74,C,no,0,yes,2025-08-31,A393584;possible,number theory;additive combinatorics,"A32,A33,A10,A11,A13,A14,A19,A24,A09,A18,A22,A23,A25,A31,A34",Open source page; verify exact current statement/status and nearest prior; identify finite frontier or weakest sufficient lemma; run statement audit before compute.
40,https://www.erdosproblems.com/40,open,2025-08-31,74,C,$500,500,yes,2025-08-31,N/A,number theory;additive basis,"A32,A33,A10,A11,A13,A14,A19,A24,A09,A18,A22,A23,A25,A31,A34",Open source page; verify exact current statement/status and nearest prior; identify finite frontier or weakest sufficient lemma; run statement audit before compute.
50,https://www.erdosproblems.com/50,open,2025-08-31,74,C,$250,250,yes,2026-03-19,N/A,number theory,"A32,A33,A10,A11,A13,A14,A19,A24,A25,A31,A34",Open source page; verify exact current statement/status and nearest prior; identify finite frontier or weakest sufficient lemma; run statement audit before compute.
61,https://www.erdosproblems.com/61,open,2025-08-31,74,C,no,0,yes,2025-09-30,N/A,graph theory,"A32,A33,A01,A02,A05,A15,A21,A26,A25,A31,A34",Open source page; verify exact current statement/status and nearest prior; identify finite frontier or weakest sufficient lemma; run statement audit before compute.
66,https://www.erdosproblems.com/66,open,2025-08-31,74,C,$500,500,yes,2025-08-31,N/A,number theory;additive basis,"A32,A33,A10,A11,A13,A14,A19,A24,A09,A18,A22,A23,A25,A31,A34",Open source page; verify exact current statement/status and nearest prior; identify finite frontier or weakest sufficient lemma; run statement audit before compute.
82,https://www.erdosproblems.com/82,open,2025-08-31,74,C,no,0,yes,2026-01-17,A120414;A390256;A390257;A390919;A392636;A394400;A394462;A394539;A394563;A394564;A394573;A394574;A394930;A394933,graph theory,"A32,A33,A01,A02,A05,A15,A21,A26,A25,A31,A34",Open source page; verify exact current statement/status and nearest prior; identify finite frontier or weakest sufficient lemma; run statement audit before compute.
85,https://www.erdosproblems.com/85,open,2026-03-14,74,C,no,0,yes,2025-11-21,A006672;possible,graph theory,"A32,A33,A01,A02,A05,A15,A21,A26,A25,A31,A34",Open source page; verify exact current statement/status and nearest prior; identify finite frontier or weakest sufficient lemma; run statement audit before compute.
91,https://www.erdosproblems.com/91,open,2025-08-31,74,C,no,0,yes,2026-04-16,A186704;possible,geometry;distances,"A32,A33,A12,A15,A16,A17,A23,A25,A31,A34",Open source page; verify exact current statement/status and nearest prior; identify finite frontier or weakest sufficient lemma; run statement audit before compute.
96,https://www.erdosproblems.com/96,open,2025-08-31,74,C,no,0,yes,2026-05-21,possible,geometry;distances;convex,"A32,A33,A12,A15,A16,A17,A23,A25,A31,A34",Open source page; verify exact current statement/status and nearest prior; identify finite frontier or weakest sufficient lemma; run statement audit before compute.
98,https://www.erdosproblems.com/98,open,2025-08-31,74,C,no,0,yes,2026-05-23,possible,geometry;distances,"A32,A33,A12,A15,A16,A17,A23,A25,A31,A34",Open source page; verify exact current statement/status and nearest prior; identify finite frontier or weakest sufficient lemma; run statement audit before compute.
100,https://www.erdosproblems.com/100,open,2025-08-31,74,C,no,0,yes,2026-01-25,N/A,geometry;distances,"A32,A33,A12,A15,A16,A17,A23,A25,A31,A34",Open source page; verify exact current statement/status and nearest prior; identify finite frontier or weakest sufficient lemma; run statement audit before compute.
120,https://www.erdosproblems.com/120,open,2025-08-31,74,C,$100,100,yes,2026-01-23,N/A,combinatorics,"A32,A33,A25,A31,A34",Open source page; verify exact current statement/status and nearest prior; identify finite frontier or weakest sufficient lemma; run statement audit before compute.
126,https://www.erdosproblems.com/126,open,2025-08-31,74,C,$250,250,yes,2025-08-31,possible,number theory,"A32,A33,A10,A11,A13,A14,A19,A24,A25,A31,A34",Open source page; verify exact current statement/status and nearest prior; identify finite frontier or weakest sufficient lemma; run statement audit before compute.
141,https://www.erdosproblems.com/141,open,2025-08-31,74,C,no,0,yes,2025-08-31,A006560,additive combinatorics;primes;arithmetic progressions,"A32,A33,A10,A11,A13,A14,A19,A24,A09,A18,A22,A23,A25,A31,A34",Open source page; verify exact current statement/status and nearest prior; identify finite frontier or weakest sufficient lemma; run statement audit before compute.
143,https://www.erdosproblems.com/143,open,2025-08-31,74,C,$500,500,yes,2025-08-31,N/A,primitive sets,"A32,A33,A25,A31,A34",Open source page; verify exact current statement/status and nearest prior; identify finite frontier or weakest sufficient lemma; run statement audit before compute.
153,https://www.erdosproblems.com/153,open,2025-08-31,74,C,no,0,yes,2026-01-08,N/A,sidon sets,"A32,A33,A09,A14,A18,A22,A23,A25,A31,A34",Open source page; verify exact current statement/status and nearest prior; identify finite frontier or weakest sufficient lemma; run statement audit before compute.
156,https://www.erdosproblems.com/156,open,2025-08-31,74,C,no,0,yes,2026-06-21,A382397,sidon sets,"A32,A33,A09,A14,A18,A22,A23,A25,A31,A34",Open source page; verify exact current statement/status and nearest prior; identify finite frontier or weakest sufficient lemma; run statement audit before compute.
158,https://www.erdosproblems.com/158,open,2025-08-31,74,C,no,0,yes,2026-01-04,N/A,sidon sets,"A32,A33,A09,A14,A18,A22,A23,A25,A31,A34",Open source page; verify exact current statement/status and nearest prior; identify finite frontier or weakest sufficient lemma; run statement audit before compute.
160,https://www.erdosproblems.com/160,open,2025-08-31,74,C,no,0,yes,2025-08-31,possible,additive combinatorics;arithmetic progressions,"A32,A33,A09,A14,A18,A22,A23,A25,A31,A34",Open source page; verify exact current statement/status and nearest prior; identify finite frontier or weakest sufficient lemma; run statement audit before compute.
168,https://www.erdosproblems.com/168,open,2025-08-31,74,C,no,0,yes,2025-08-31,A004059;A057561;A094708;A386439,additive combinatorics,"A32,A33,A09,A14,A18,A22,A23,A25,A31,A34",Open source page; verify exact current statement/status and nearest prior; identify finite frontier or weakest sufficient lemma; run statement audit before compute.
170,https://www.erdosproblems.com/170,open,2025-08-31,74,C,no,0,yes,2025-11-25,A046693,additive combinatorics,"A32,A33,A09,A14,A18,A22,A23,A25,A31,A34",Open source page; verify exact current statement/status and nearest prior; identify finite frontier or weakest sufficient lemma; run statement audit before compute.
184,https://www.erdosproblems.com/184,open,2025-08-31,74,C,no,0,yes,2026-03-16,possible,graph theory;cycles,"A32,A33,A01,A02,A05,A15,A21,A26,A25,A31,A34",Open source page; verify exact current statement/status and nearest prior; identify finite frontier or weakest sufficient lemma; run statement audit before compute.
193,https://www.erdosproblems.com/193,open,2025-08-31,74,C,no,0,yes,2026-03-05,A231255,geometry,"A32,A33,A12,A15,A16,A17,A23,A25,A31,A34",Open source page; verify exact current statement/status and nearest prior; identify finite frontier or weakest sufficient lemma; run statement audit before compute.
203,https://www.erdosproblems.com/203,open,2025-08-31,74,C,no,0,yes,2025-08-31,N/A,primes;covering systems,"A32,A33,A10,A11,A13,A14,A19,A24,A25,A31,A34",Open source page; verify exact current statement/status and nearest prior; identify finite frontier or weakest sufficient lemma; run statement audit before compute.
212,https://www.erdosproblems.com/212,open,2025-08-31,74,C,no,0,yes,2025-08-31,N/A,geometry;distances,"A32,A33,A12,A15,A16,A17,A23,A25,A31,A34",Open source page; verify exact current statement/status and nearest prior; identify finite frontier or weakest sufficient lemma; run statement audit before compute.
213,https://www.erdosproblems.com/213,open,2025-08-31,74,C,no,0,yes,2025-08-31,N/A,geometry;distances,"A32,A33,A12,A15,A16,A17,A23,A25,A31,A34",Open source page; verify exact current statement/status and nearest prior; identify finite frontier or weakest sufficient lemma; run statement audit before compute.
272,https://www.erdosproblems.com/272,open,2025-08-31,74,C,no,0,yes,2026-04-16,possible,additive combinatorics;arithmetic progressions,"A32,A33,A09,A14,A18,A22,A23,A25,A31,A34",Open source page; verify exact current statement/status and nearest prior; identify finite frontier or weakest sufficient lemma; run statement audit before compute.
273,https://www.erdosproblems.com/273,open,2025-08-31,74,C,no,0,yes,2025-08-31,N/A,number theory;covering systems,"A32,A33,A10,A11,A13,A14,A19,A24,A25,A31,A34",Open source page; verify exact current statement/status and nearest prior; identify finite frontier or weakest sufficient lemma; run statement audit before compute.
276,https://www.erdosproblems.com/276,open,2025-08-31,74,C,no,0,yes,2025-10-21,N/A,number theory;covering systems,"A32,A33,A10,A11,A13,A14,A19,A24,A25,A31,A34",Open source page; verify exact current statement/status and nearest prior; identify finite frontier or weakest sufficient lemma; run statement audit before compute.
279,https://www.erdosproblems.com/279,open,2025-08-31,74,C,no,0,yes,2026-05-15,N/A,number theory;covering systems;primes,"A32,A33,A10,A11,A13,A14,A19,A24,A25,A31,A34",Open source page; verify exact current statement/status and nearest prior; identify finite frontier or weakest sufficient lemma; run statement audit before compute.
282,https://www.erdosproblems.com/282,open,2025-08-31,74,C,no,0,yes,2026-04-16,N/A,number theory;unit fractions,"A32,A33,A10,A11,A13,A14,A19,A24,A25,A31,A34",Open source page; verify exact current statement/status and nearest prior; identify finite frontier or weakest sufficient lemma; run statement audit before compute.
288,https://www.erdosproblems.com/288,open,2025-08-31,74,C,no,0,yes,2025-10-03,N/A,number theory;unit fractions,"A32,A33,A10,A11,A13,A14,A19,A24,A25,A31,A34",Open source page; verify exact current statement/status and nearest prior; identify finite frontier or weakest sufficient lemma; run statement audit before compute.
289,https://www.erdosproblems.com/289,open,2025-08-31,74,C,no,0,yes,2025-08-31,N/A,number theory;unit fractions,"A32,A33,A10,A11,A13,A14,A19,A24,A25,A31,A34",Open source page; verify exact current statement/status and nearest prior; identify finite frontier or weakest sufficient lemma; run statement audit before compute.
291,https://www.erdosproblems.com/291,open,2025-08-31,74,C,no,0,yes,2026-06-24,A110566,number theory;unit fractions,"A32,A33,A10,A11,A13,A14,A19,A24,A25,A31,A34",Open source page; verify exact current statement/status and nearest prior; identify finite frontier or weakest sufficient lemma; run statement audit before compute.
295,https://www.erdosproblems.com/295,open,2025-08-31,74,C,no,0,yes,2025-08-31,A192881,number theory;unit fractions,"A32,A33,A10,A11,A13,A14,A19,A24,A25,A31,A34",Open source page; verify exact current statement/status and nearest prior; identify finite frontier or weakest sufficient lemma; run statement audit before compute.
304,https://www.erdosproblems.com/304,open,2025-08-31,74,C,no,0,yes,2025-08-31,A097847;A097849,number theory;unit fractions,"A32,A33,A10,A11,A13,A14,A19,A24,A25,A31,A34",Open source page; verify exact current statement/status and nearest prior; identify finite frontier or weakest sufficient lemma; run statement audit before compute.
306,https://www.erdosproblems.com/306,open,2025-08-31,74,C,no,0,yes,2025-08-31,N/A,number theory;unit fractions,"A32,A33,A10,A11,A13,A14,A19,A24,A25,A31,A34",Open source page; verify exact current statement/status and nearest prior; identify finite frontier or weakest sufficient lemma; run statement audit before compute.
312,https://www.erdosproblems.com/312,open,2025-08-31,74,C,no,0,yes,2025-09-24,N/A,number theory;unit fractions,"A32,A33,A10,A11,A13,A14,A19,A24,A25,A31,A34",Open source page; verify exact current statement/status and nearest prior; identify finite frontier or weakest sufficient lemma; run statement audit before compute.
313,https://www.erdosproblems.com/313,open,2025-08-31,74,C,no,0,yes,2025-08-31,A054377,number theory;unit fractions,"A32,A33,A10,A11,A13,A14,A19,A24,A25,A31,A34",Open source page; verify exact current statement/status and nearest prior; identify finite frontier or weakest sufficient lemma; run statement audit before compute.
317,https://www.erdosproblems.com/317,open,2025-08-31,74,C,no,0,yes,2025-11-18,N/A,number theory;unit fractions,"A32,A33,A10,A11,A13,A14,A19,A24,A25,A31,A34",Open source page; verify exact current statement/status and nearest prior; identify finite frontier or weakest sufficient lemma; run statement audit before compute.
319,https://www.erdosproblems.com/319,open,2025-08-31,74,C,no,0,yes,2025-08-31,possible,number theory;unit fractions,"A32,A33,A10,A11,A13,A14,A19,A24,A25,A31,A34",Open source page; verify exact current statement/status and nearest prior; identify finite frontier or weakest sufficient lemma; run statement audit before compute.
352,https://www.erdosproblems.com/352,open,2025-08-31,74,C,no,0,yes,2025-08-31,N/A,geometry,"A32,A33,A12,A15,A16,A17,A23,A25,A31,A34",Open source page; verify exact current statement/status and nearest prior; identify finite frontier or weakest sufficient lemma; run statement audit before compute.
373,https://www.erdosproblems.com/373,open,2025-08-31,74,C,no,0,yes,2025-08-31,A003135,number theory;factorials,"A32,A33,A10,A11,A13,A14,A19,A24,A25,A31,A34",Open source page; verify exact current statement/status and nearest prior; identify finite frontier or weakest sufficient lemma; run statement audit before compute.
376,https://www.erdosproblems.com/376,open,2025-08-31,74,C,no,0,yes,2025-08-31,A030979,number theory;binomial coefficients;base representations,"A32,A33,A10,A11,A13,A14,A19,A24,A25,A31,A34",Open source page; verify exact current statement/status and nearest prior; identify finite frontier or weakest sufficient lemma; run statement audit before compute.
377,https://www.erdosproblems.com/377,open,2025-08-31,74,C,no,0,yes,2025-08-31,N/A,number theory;binomial coefficients,"A32,A33,A10,A11,A13,A14,A19,A24,A25,A31,A34",Open source page; verify exact current statement/status and nearest prior; identify finite frontier or weakest sufficient lemma; run statement audit before compute.
386,https://www.erdosproblems.com/386,open,2025-08-31,74,C,no,0,yes,2026-01-11,A280992,number theory;binomial coefficients,"A32,A33,A10,A11,A13,A14,A19,A24,A25,A31,A34",Open source page; verify exact current statement/status and nearest prior; identify finite frontier or weakest sufficient lemma; run statement audit before compute.
390,https://www.erdosproblems.com/390,open,2025-08-31,74,C,no,0,yes,2026-01-03,A193429,number theory;factorials,"A32,A33,A10,A11,A13,A14,A19,A24,A25,A31,A34",Open source page; verify exact current statement/status and nearest prior; identify finite frontier or weakest sufficient lemma; run statement audit before compute.
396,https://www.erdosproblems.com/396,open,2025-08-31,74,C,no,0,yes,2025-11-27,A375077,number theory;binomial coefficients,"A32,A33,A10,A11,A13,A14,A19,A24,A25,A31,A34",Open source page; verify exact current statement/status and nearest prior; identify finite frontier or weakest sufficient lemma; run statement audit before compute.
400,https://www.erdosproblems.com/400,open,2025-08-31,74,C,no,0,yes,2026-03-19,possible,number theory;factorials,"A32,A33,A10,A11,A13,A14,A19,A24,A25,A31,A34",Open source page; verify exact current statement/status and nearest prior; identify finite frontier or weakest sufficient lemma; run statement audit before compute.
470,https://www.erdosproblems.com/470,open,2025-08-31,74,C,$10,10,yes,2025-09-16,A006037;A002975,number theory;divisors,"A32,A33,A10,A11,A13,A14,A19,A24,A25,A31,A34",Open source page; verify exact current statement/status and nearest prior; identify finite frontier or weakest sufficient lemma; run statement audit before compute.
503,https://www.erdosproblems.com/503,open,2025-08-31,74,C,no,0,yes,2025-10-21,A175769,geometry;distances,"A32,A33,A12,A15,A16,A17,A23,A25,A31,A34",Open source page; verify exact current statement/status and nearest prior; identify finite frontier or weakest sufficient lemma; run statement audit before compute.
507,https://www.erdosproblems.com/507,open,2025-08-31,74,C,no,0,yes,2026-02-10,N/A,geometry,"A32,A33,A12,A15,A16,A17,A23,A25,A31,A34",Open source page; verify exact current statement/status and nearest prior; identify finite frontier or weakest sufficient lemma; run statement audit before compute.
579,https://www.erdosproblems.com/579,open,2025-08-31,74,C,no,0,yes,2026-07-02,N/A,graph theory;turan number,"A32,A33,A01,A02,A05,A15,A21,A26,A25,A31,A34",Open source page; verify exact current statement/status and nearest prior; identify finite frontier or weakest sufficient lemma; run statement audit before compute.
600,https://www.erdosproblems.com/600,open,2025-08-31,74,C,no,0,yes,2026-07-16,possible,graph theory,"A32,A33,A01,A02,A05,A15,A21,A26,A25,A31,A34",Open source page; verify exact current statement/status and nearest prior; identify finite frontier or weakest sufficient lemma; run statement audit before compute.
653,https://www.erdosproblems.com/653,open,2025-08-31,74,C,no,0,yes,2026-04-16,possible,geometry;distances,"A32,A33,A12,A15,A16,A17,A23,A25,A31,A34",Open source page; verify exact current statement/status and nearest prior; identify finite frontier or weakest sufficient lemma; run statement audit before compute.
655,https://www.erdosproblems.com/655,open,2025-08-31,74,C,no,0,yes,2026-04-16,possible,geometry;distances,"A32,A33,A12,A15,A16,A17,A23,A25,A31,A34",Open source page; verify exact current statement/status and nearest prior; identify finite frontier or weakest sufficient lemma; run statement audit before compute.
683,https://www.erdosproblems.com/683,open,2025-09-04,74,C,no,0,yes,2026-03-12,A006530;A074399;A121359;possible,number theory;primes;binomial coefficients,"A32,A33,A10,A11,A13,A14,A19,A24,A25,A31,A34",Open source page; verify exact current statement/status and nearest prior; identify finite frontier or weakest sufficient lemma; run statement audit before compute.
700,https://www.erdosproblems.com/700,open,2025-08-31,74,C,no,0,yes,2026-06-24,A091963;possible,number theory;binomial coefficients,"A32,A33,A10,A11,A13,A14,A19,A24,A25,A31,A34",Open source page; verify exact current statement/status and nearest prior; identify finite frontier or weakest sufficient lemma; run statement audit before compute.
727,https://www.erdosproblems.com/727,open,2025-08-31,74,C,no,0,yes,2025-08-31,A002503;A343507;A389396,number theory;factorials,"A32,A33,A10,A11,A13,A14,A19,A24,A25,A31,A34",Open source page; verify exact current statement/status and nearest prior; identify finite frontier or weakest sufficient lemma; run statement audit before compute.
730,https://www.erdosproblems.com/730,open,2025-08-31,74,C,no,0,yes,2025-08-31,A129515,number theory;binomial coefficients;base representations,"A32,A33,A10,A11,A13,A14,A19,A24,A25,A31,A34",Open source page; verify exact current statement/status and nearest prior; identify finite frontier or weakest sufficient lemma; run statement audit before compute.
749,https://www.erdosproblems.com/749,open,2025-08-31,74,C,no,0,yes,2025-11-19,N/A,additive combinatorics,"A32,A33,A09,A14,A18,A22,A23,A25,A31,A34",Open source page; verify exact current statement/status and nearest prior; identify finite frontier or weakest sufficient lemma; run statement audit before compute.
789,https://www.erdosproblems.com/789,open,2025-08-31,74,C,no,0,yes,2026-04-16,possible,additive combinatorics,"A32,A33,A09,A14,A18,A22,A23,A25,A31,A34",Open source page; verify exact current statement/status and nearest prior; identify finite frontier or weakest sufficient lemma; run statement audit before compute.
817,https://www.erdosproblems.com/817,open,2025-08-31,74,C,no,0,yes,2025-08-31,possible,additive combinatorics,"A32,A33,A09,A14,A18,A22,A23,A25,A31,A34",Open source page; verify exact current statement/status and nearest prior; identify finite frontier or weakest sufficient lemma; run statement audit before compute.
849,https://www.erdosproblems.com/849,open,2025-08-31,74,C,no,0,yes,2025-12-17,A003016;A003015;A059233;A098565;A090162;A180058;A182237,number theory;binomial coefficients,"A32,A33,A10,A11,A13,A14,A19,A24,A25,A31,A34",Open source page; verify exact current statement/status and nearest prior; identify finite frontier or weakest sufficient lemma; run statement audit before compute.
912,https://www.erdosproblems.com/912,open,2025-08-31,74,C,no,0,yes,2026-01-26,A071626,number theory;factorials,"A32,A33,A10,A11,A13,A14,A19,A24,A25,A31,A34",Open source page; verify exact current statement/status and nearest prior; identify finite frontier or weakest sufficient lemma; run statement audit before compute.
949,https://www.erdosproblems.com/949,open,2025-08-31,74,C,no,0,yes,2025-08-31,N/A,ramsey theory,"A32,A33,A01,A02,A05,A15,A21,A26,A25,A31,A34",Open source page; verify exact current statement/status and nearest prior; identify finite frontier or weakest sufficient lemma; run statement audit before compute.
1052,https://www.erdosproblems.com/1052,open,2025-09-28,74,C,$10,10,yes,2025-10-10,A002827,number theory,"A32,A33,A10,A11,A13,A14,A19,A24,A25,A31,A34",Open source page; verify exact current statement/status and nearest prior; identify finite frontier or weakest sufficient lemma; run statement audit before compute.
1084,https://www.erdosproblems.com/1084,open,2025-10-17,74,C,no,0,yes,2025-12-30,A045945;possible,geometry;distances,"A32,A33,A12,A15,A16,A17,A23,A25,A31,A34",Open source page; verify exact current statement/status and nearest prior; identify finite frontier or weakest sufficient lemma; run statement audit before compute.
1085,https://www.erdosproblems.com/1085,open,2025-10-17,74,C,no,0,yes,2025-12-31,A186705;possible,geometry;distances,"A32,A33,A12,A15,A16,A17,A23,A25,A31,A34",Open source page; verify exact current statement/status and nearest prior; identify finite frontier or weakest sufficient lemma; run statement audit before compute.
1093,https://www.erdosproblems.com/1093,open,2025-10-18,74,C,no,0,yes,2025-12-12,N/A,number theory;binomial coefficients,"A32,A33,A10,A11,A13,A14,A19,A24,A25,A31,A34",Open source page; verify exact current statement/status and nearest prior; identify finite frontier or weakest sufficient lemma; run statement audit before compute.
1094,https://www.erdosproblems.com/1094,open,2025-10-18,74,C,no,0,yes,2025-12-10,N/A,number theory;binomial coefficients,"A32,A33,A10,A11,A13,A14,A19,A24,A25,A31,A34",Open source page; verify exact current statement/status and nearest prior; identify finite frontier or weakest sufficient lemma; run statement audit before compute.
1095,https://www.erdosproblems.com/1095,open,2025-10-18,74,C,no,0,yes,2025-12-29,A003458,number theory;binomial coefficients,"A32,A33,A10,A11,A13,A14,A19,A24,A25,A31,A34",Open source page; verify exact current statement/status and nearest prior; identify finite frontier or weakest sufficient lemma; run statement audit before compute.
1097,https://www.erdosproblems.com/1097,open,2025-10-18,74,C,no,0,yes,2025-12-11,N/A,number theory;additive combinatorics,"A32,A33,A10,A11,A13,A14,A19,A24,A09,A18,A22,A23,A25,A31,A34",Open source page; verify exact current statement/status and nearest prior; identify finite frontier or weakest sufficient lemma; run statement audit before compute.
1108,https://www.erdosproblems.com/1108,open,2025-11-17,74,C,no,0,yes,2025-12-10,A051761;A115645;A025494,number theory;factorials,"A32,A33,A10,A11,A13,A14,A19,A24,A25,A31,A34",Open source page; verify exact current statement/status and nearest prior; identify finite frontier or weakest sufficient lemma; run statement audit before compute.
1113,https://www.erdosproblems.com/1113,open,2025-12-28,74,C,no,0,yes,2026-04-10,A076336,number theory;covering systems,"A32,A33,A10,A11,A13,A14,A19,A24,A25,A31,A34",Open source page; verify exact current statement/status and nearest prior; identify finite frontier or weakest sufficient lemma; run statement audit before compute.
1135,https://www.erdosproblems.com/1135,open,2026-01-11,74,C,$500,500,yes,2026-01-13,A006370;A008908,number theory,"A32,A33,A10,A11,A13,A14,A19,A24,A25,A31,A34",Open source page; verify exact current statement/status and nearest prior; identify finite frontier or weakest sufficient lemma; run statement audit before compute.
1145,https://www.erdosproblems.com/1145,open,2026-01-23,74,C,no,0,yes,2026-02-09,N/A,additive combinatorics;additive basis,"A32,A33,A09,A14,A18,A22,A23,A25,A31,A34",Open source page; verify exact current statement/status and nearest prior; identify finite frontier or weakest sufficient lemma; run statement audit before compute.
1192,https://www.erdosproblems.com/1192,open,2026-04-04,74,C,no,0,yes,2026-06-15,possible,additive combinatorics;additive basis,"A32,A33,A09,A14,A18,A22,A23,A25,A31,A34",Open source page; verify exact current statement/status and nearest prior; identify finite frontier or weakest sufficient lemma; run statement audit before compute.
70,https://www.erdosproblems.com/70,open,2025-08-31,73,C,no,0,yes,2026-06-08,N/A,graph theory;ramsey theory;set theory,"A32,A33,A01,A02,A05,A15,A21,A26,A20,A25,A31,A34",Open source page; verify exact current statement/status and nearest prior; identify finite frontier or weakest sufficient lemma; run statement audit before compute.
595,https://www.erdosproblems.com/595,open,2025-08-31,73,C,$250,250,yes,2026-05-11,N/A,graph theory;set theory,"A32,A33,A01,A02,A05,A15,A21,A26,A20,A25,A31,A34",Open source page; verify exact current statement/status and nearest prior; identify finite frontier or weakest sufficient lemma; run statement audit before compute.
596,https://www.erdosproblems.com/596,open,2025-08-31,73,C,no,0,yes,2026-05-30,N/A,graph theory;ramsey theory;set theory,"A32,A33,A01,A02,A05,A15,A21,A26,A20,A25,A31,A34",Open source page; verify exact current statement/status and nearest prior; identify finite frontier or weakest sufficient lemma; run statement audit before compute.
625,https://www.erdosproblems.com/625,open,2025-08-31,73,C,$1000,1000,no,2025-08-31,N/A,graph theory;chromatic number,"A32,A33,A01,A02,A05,A15,A21,A26,A34",Open source page; verify exact current statement/status and nearest prior; identify finite frontier or weakest sufficient lemma; run statement audit before compute.
1068,https://www.erdosproblems.com/1068,open,2025-10-01,73,C,no,0,yes,2026-01-09,N/A,graph theory;set theory;chromatic number,"A32,A33,A01,A02,A05,A15,A21,A26,A20,A25,A31,A34",Open source page; verify exact current statement/status and nearest prior; identify finite frontier or weakest sufficient lemma; run statement audit before compute.
1191,https://www.erdosproblems.com/1191,open,2026-04-04,73,C,$1000,1000,no,2026-04-04,possible,additive combinatorics;sidon sets,"A32,A33,A09,A14,A18,A22,A23,A34",Open source page; verify exact current statement/status and nearest prior; identify finite frontier or weakest sufficient lemma; run statement audit before compute.
119,https://www.erdosproblems.com/119,open,2025-08-31,72,C,$100,100,yes,2025-11-27,N/A,analysis;polynomials,"A32,A33,A25,A31,A34",Open source page; verify exact current statement/status and nearest prior; identify finite frontier or weakest sufficient lemma; run statement audit before compute.
9,https://www.erdosproblems.com/9,open,2025-08-31,71,C,no,0,yes,2025-08-31,A006286,number theory;additive basis;primes,"A32,A33,A10,A11,A13,A14,A19,A24,A09,A18,A22,A23,A25,A31,A34",Open source page; verify exact current statement/status and nearest prior; identify finite frontier or weakest sufficient lemma; run statement audit before compute.
10,https://www.erdosproblems.com/10,open,2025-08-31,71,C,no,0,yes,2025-08-31,A387053,number theory;additive basis;primes,"A32,A33,A10,A11,A13,A14,A19,A24,A09,A18,A22,A23,A25,A31,A34",Open source page; verify exact current statement/status and nearest prior; identify finite frontier or weakest sufficient lemma; run statement audit before compute.
11,https://www.erdosproblems.com/11,open,2026-03-14,71,C,no,0,yes,2025-08-31,A001220;A377587,number theory;additive basis,"A32,A33,A10,A11,A13,A14,A19,A24,A09,A18,A22,A23,A25,A31,A34",Open source page; verify exact current statement/status and nearest prior; identify finite frontier or weakest sufficient lemma; run statement audit before compute.
12,https://www.erdosproblems.com/12,open,2025-08-31,71,C,no,0,yes,2025-08-31,N/A,number theory,"A32,A33,A10,A11,A13,A14,A19,A24,A25,A31,A34",Open source page; verify exact current statement/status and nearest prior; identify finite frontier or weakest sufficient lemma; run statement audit before compute.
15,https://www.erdosproblems.com/15,open,2025-08-31,71,C,no,0,yes,2026-04-17,N/A,number theory;primes,"A32,A33,A10,A11,A13,A14,A19,A24,A25,A31,A34",Open source page; verify exact current statement/status and nearest prior; identify finite frontier or weakest sufficient lemma; run statement audit before compute.
17,https://www.erdosproblems.com/17,open,2025-08-31,71,C,no,0,yes,2025-08-31,A038133,number theory;primes,"A32,A33,A10,A11,A13,A14,A19,A24,A25,A31,A34",Open source page; verify exact current statement/status and nearest prior; identify finite frontier or weakest sufficient lemma; run statement audit before compute.
25,https://www.erdosproblems.com/25,open,2025-08-31,71,C,no,0,yes,2025-12-28,N/A,number theory,"A32,A33,A10,A11,A13,A14,A19,A24,A25,A31,A34",Open source page; verify exact current statement/status and nearest prior; identify finite frontier or weakest sufficient lemma; run statement audit before compute.
32,https://www.erdosproblems.com/32,open,2025-08-31,71,C,no,0,yes,2026-02-13,N/A,number theory;additive basis,"A32,A33,A10,A11,A13,A14,A19,A24,A09,A18,A22,A23,A25,A31,A34",Open source page; verify exact current statement/status and nearest prior; identify finite frontier or weakest sufficient lemma; run statement audit before compute.
33,https://www.erdosproblems.com/33,open,2025-08-31,71,C,no,0,yes,2025-09-04,N/A,number theory;additive basis,"A32,A33,A10,A11,A13,A14,A19,A24,A09,A18,A22,A23,A25,A31,A34",Open source page; verify exact current statement/status and nearest prior; identify finite frontier or weakest sufficient lemma; run statement audit before compute.
51,https://www.erdosproblems.com/51,open,2025-08-31,71,C,no,0,yes,2025-09-25,A002202;A014197,number theory,"A32,A33,A10,A11,A13,A14,A19,A24,A25,A31,A34",Open source page; verify exact current statement/status and nearest prior; identify finite frontier or weakest sufficient lemma; run statement audit before compute.
68,https://www.erdosproblems.com/68,open,2025-08-31,71,C,no,0,yes,2025-08-31,A331373,number theory;irrationality,"A32,A33,A10,A11,A13,A14,A19,A24,A25,A31,A34",Open source page; verify exact current statement/status and nearest prior; identify finite frontier or weakest sufficient lemma; run statement audit before compute.
77,https://www.erdosproblems.com/77,open,2025-08-31,71,C,$250,250,no,2025-08-31,A059442,graph theory;ramsey theory,"A32,A33,A01,A02,A05,A15,A21,A26,A34",Open source page; verify exact current statement/status and nearest prior; identify finite frontier or weakest sufficient lemma; run statement audit before compute.
78,https://www.erdosproblems.com/78,open,2025-08-31,71,C,$100,100,no,2025-08-31,A059442,graph theory;ramsey theory,"A32,A33,A01,A02,A05,A15,A21,A26,A34",Open source page; verify exact current statement/status and nearest prior; identify finite frontier or weakest sufficient lemma; run statement audit before compute.
124,https://www.erdosproblems.com/124,open,2025-08-31,71,C,no,0,yes,2025-11-12,N/A,number theory;base representations,"A32,A33,A10,A11,A13,A14,A19,A24,A25,A31,A34",Open source page; verify exact current statement/status and nearest prior; identify finite frontier or weakest sufficient lemma; run statement audit before compute.
137,https://www.erdosproblems.com/137,open,2025-08-31,71,C,no,0,yes,2025-08-31,N/A,number theory,"A32,A33,A10,A11,A13,A14,A19,A24,A25,A31,A34",Open source page; verify exact current statement/status and nearest prior; identify finite frontier or weakest sufficient lemma; run statement audit before compute.
145,https://www.erdosproblems.com/145,open,2025-08-31,71,C,no,0,yes,2025-10-02,A005117,number theory,"A32,A33,A10,A11,A13,A14,A19,A24,A25,A31,A34",Open source page; verify exact current statement/status and nearest prior; identify finite frontier or weakest sufficient lemma; run statement audit before compute.
165,https://www.erdosproblems.com/165,open,2025-08-31,71,C,$250,250,no,2025-08-31,A000791,graph theory;ramsey theory,"A32,A33,A01,A02,A05,A15,A21,A26,A34",Open source page; verify exact current statement/status and nearest prior; identify finite frontier or weakest sufficient lemma; run statement audit before compute.
183,https://www.erdosproblems.com/183,open,2025-08-31,71,C,$250,250,no,2025-08-31,A003323,graph theory;ramsey theory,"A32,A33,A01,A02,A05,A15,A21,A26,A34",Open source page; verify exact current statement/status and nearest prior; identify finite frontier or weakest sufficient lemma; run statement audit before compute.
195,https://www.erdosproblems.com/195,open,2025-08-31,71,C,no,0,yes,2026-01-18,N/A,arithmetic progressions,"A32,A33,A09,A14,A18,A22,A23,A25,A31,A34",Open source page; verify exact current statement/status and nearest prior; identify finite frontier or weakest sufficient lemma; run statement audit before compute.
196,https://www.erdosproblems.com/196,open,2025-08-31,71,C,no,0,yes,2025-09-04,N/A,arithmetic progressions,"A32,A33,A09,A14,A18,A22,A23,A25,A31,A34",Open source page; verify exact current statement/status and nearest prior; identify finite frontier or weakest sufficient lemma; run statement audit before compute.
197,https://www.erdosproblems.com/197,open,2025-08-31,71,C,no,0,yes,2026-01-20,N/A,arithmetic progressions,"A32,A33,A09,A14,A18,A22,A23,A25,A31,A34",Open source page; verify exact current statement/status and nearest prior; identify finite frontier or weakest sufficient lemma; run statement audit before compute.
200,https://www.erdosproblems.com/200,open,2025-08-31,71,C,no,0,yes,2025-08-31,A005115,primes;arithmetic progressions,"A32,A33,A10,A11,A13,A14,A19,A24,A09,A18,A22,A23,A25,A31,A34",Open source page; verify exact current statement/status and nearest prior; identify finite frontier or weakest sufficient lemma; run statement audit before compute.
208,https://www.erdosproblems.com/208,open,2025-08-31,71,C,no,0,yes,2025-08-31,A005117;A076259,number theory,"A32,A33,A10,A11,A13,A14,A19,A24,A25,A31,A34",Open source page; verify exact current statement/status and nearest prior; identify finite frontier or weakest sufficient lemma; run statement audit before compute.
218,https://www.erdosproblems.com/218,open,2025-08-31,71,C,no,0,yes,2025-08-31,A333230;A333231;A064113,number theory;primes,"A32,A33,A10,A11,A13,A14,A19,A24,A25,A31,A34",Open source page; verify exact current statement/status and nearest prior; identify finite frontier or weakest sufficient lemma; run statement audit before compute.
233,https://www.erdosproblems.com/233,open,2025-08-31,71,C,no,0,yes,2025-08-31,A074741,number theory;primes,"A32,A33,A10,A11,A13,A14,A19,A24,A25,A31,A34",Open source page; verify exact current statement/status and nearest prior; identify finite frontier or weakest sufficient lemma; run statement audit before compute.
234,https://www.erdosproblems.com/234,open,2025-08-31,71,C,no,0,yes,2026-01-12,N/A,number theory;primes,"A32,A33,A10,A11,A13,A14,A19,A24,A25,A31,A34",Open source page; verify exact current statement/status and nearest prior; identify finite frontier or weakest sufficient lemma; run statement audit before compute.
236,https://www.erdosproblems.com/236,open,2025-08-31,71,C,no,0,yes,2025-08-31,A039669;A109925,number theory;primes,"A32,A33,A10,A11,A13,A14,A19,A24,A25,A31,A34",Open source page; verify exact current statement/status and nearest prior; identify finite frontier or weakest sufficient lemma; run statement audit before compute.
238,https://www.erdosproblems.com/238,open,2025-08-31,71,C,no,0,yes,2026-01-11,N/A,number theory;primes,"A32,A33,A10,A11,A13,A14,A19,A24,A25,A31,A34",Open source page; verify exact current statement/status and nearest prior; identify finite frontier or weakest sufficient lemma; run statement audit before compute.
243,https://www.erdosproblems.com/243,open,2025-08-31,71,C,no,0,yes,2025-08-31,A000058,number theory,"A32,A33,A10,A11,A13,A14,A19,A24,A25,A31,A34",Open source page; verify exact current statement/status and nearest prior; identify finite frontier or weakest sufficient lemma; run statement audit before compute.
244,https://www.erdosproblems.com/244,open,2025-08-31,71,C,no,0,yes,2025-08-31,N/A,number theory;primes,"A32,A33,A10,A11,A13,A14,A19,A24,A25,A31,A34",Open source page; verify exact current statement/status and nearest prior; identify finite frontier or weakest sufficient lemma; run statement audit before compute.
247,https://www.erdosproblems.com/247,open,2025-08-31,71,C,no,0,yes,2025-08-31,N/A,number theory;irrationality,"A32,A33,A10,A11,A13,A14,A19,A24,A25,A31,A34",Open source page; verify exact current statement/status and nearest prior; identify finite frontier or weakest sufficient lemma; run statement audit before compute.
249,https://www.erdosproblems.com/249,open,2025-08-31,71,C,no,0,yes,2025-08-31,A256936,number theory;irrationality,"A32,A33,A10,A11,A13,A14,A19,A24,A25,A31,A34",Open source page; verify exact current statement/status and nearest prior; identify finite frontier or weakest sufficient lemma; run statement audit before compute.
251,https://www.erdosproblems.com/251,open,2025-08-31,71,C,no,0,yes,2025-08-31,A098990,number theory;irrationality,"A32,A33,A10,A11,A13,A14,A19,A24,A25,A31,A34",Open source page; verify exact current statement/status and nearest prior; identify finite frontier or weakest sufficient lemma; run statement audit before compute.
252,https://www.erdosproblems.com/252,open,2025-08-31,71,C,no,0,yes,2026-01-03,A227988;A227989;possible,number theory;irrationality,"A32,A33,A10,A11,A13,A14,A19,A24,A25,A31,A34",Open source page; verify exact current statement/status and nearest prior; identify finite frontier or weakest sufficient lemma; run statement audit before compute.
254,https://www.erdosproblems.com/254,open,2025-08-31,71,C,no,0,yes,2026-03-08,N/A,number theory,"A32,A33,A10,A11,A13,A14,A19,A24,A25,A31,A34",Open source page; verify exact current statement/status and nearest prior; identify finite frontier or weakest sufficient lemma; run statement audit before compute.
257,https://www.erdosproblems.com/257,open,2025-08-31,71,C,no,0,yes,2025-08-31,N/A,irrationality,"A32,A33,A25,A31,A34",Open source page; verify exact current statement/status and nearest prior; identify finite frontier or weakest sufficient lemma; run statement audit before compute.
260,https://www.erdosproblems.com/260,open,2025-08-31,71,C,no,0,yes,2026-03-09,N/A,irrationality,"A32,A33,A25,A31,A34",Open source page; verify exact current statement/status and nearest prior; identify finite frontier or weakest sufficient lemma; run statement audit before compute.
263,https://www.erdosproblems.com/263,open,2025-08-31,71,C,no,0,yes,2026-01-25,N/A,irrationality,"A32,A33,A25,A31,A34",Open source page; verify exact current statement/status and nearest prior; identify finite frontier or weakest sufficient lemma; run statement audit before compute.
264,https://www.erdosproblems.com/264,open,2025-08-31,71,C,no,0,yes,2025-08-31,N/A,irrationality,"A32,A33,A25,A31,A34",Open source page; verify exact current statement/status and nearest prior; identify finite frontier or weakest sufficient lemma; run statement audit before compute.
267,https://www.erdosproblems.com/267,open,2025-08-31,71,C,no,0,yes,2025-08-31,N/A,irrationality,"A32,A33,A25,A31,A34",Open source page; verify exact current statement/status and nearest prior; identify finite frontier or weakest sufficient lemma; run statement audit before compute.
269,https://www.erdosproblems.com/269,open,2025-08-31,71,C,no,0,yes,2025-09-02,N/A,irrationality,"A32,A33,A25,A31,A34",Open source page; verify exact current statement/status and nearest prior; identify finite frontier or weakest sufficient lemma; run statement audit before compute.
323,https://www.erdosproblems.com/323,open,2025-08-31,71,C,no,0,yes,2026-03-15,possible,number theory;powers,"A32,A33,A10,A11,A13,A14,A19,A24,A25,A31,A34",Open source page; verify exact current statement/status and nearest prior; identify finite frontier or weakest sufficient lemma; run statement audit before compute.
324,https://www.erdosproblems.com/324,open,2025-08-31,71,C,no,0,yes,2025-08-31,N/A,number theory;powers,"A32,A33,A10,A11,A13,A14,A19,A24,A25,A31,A34",Open source page; verify exact current statement/status and nearest prior; identify finite frontier or weakest sufficient lemma; run statement audit before compute.
325,https://www.erdosproblems.com/325,open,2025-08-31,71,C,no,0,yes,2025-08-31,A004825;A004832;A004843;possible,number theory;powers,"A32,A33,A10,A11,A13,A14,A19,A24,A25,A31,A34",Open source page; verify exact current statement/status and nearest prior; identify finite frontier or weakest sufficient lemma; run statement audit before compute.
326,https://www.erdosproblems.com/326,open,2025-08-31,71,C,no,0,yes,2025-09-01,N/A,number theory;additive basis,"A32,A33,A10,A11,A13,A14,A19,A24,A09,A18,A22,A23,A25,A31,A34",Open source page; verify exact current statement/status and nearest prior; identify finite frontier or weakest sufficient lemma; run statement audit before compute.
329,https://www.erdosproblems.com/329,open,2025-08-31,71,C,no,0,yes,2025-08-31,possible,number theory,"A32,A33,A10,A11,A13,A14,A19,A24,A25,A31,A34",Open source page; verify exact current statement/status and nearest prior; identify finite frontier or weakest sufficient lemma; run statement audit before compute.
332,https://www.erdosproblems.com/332,open,2025-08-31,71,C,no,0,yes,2025-11-25,N/A,number theory,"A32,A33,A10,A11,A13,A14,A19,A24,A25,A31,A34",Open source page; verify exact current statement/status and nearest prior; identify finite frontier or weakest sufficient lemma; run statement audit before compute.
341,https://www.erdosproblems.com/341,open,2025-08-31,71,C,no,0,yes,2026-01-22,N/A,number theory,"A32,A33,A10,A11,A13,A14,A19,A24,A25,A31,A34",Open source page; verify exact current statement/status and nearest prior; identify finite frontier or weakest sufficient lemma; run statement audit before compute.
342,https://www.erdosproblems.com/342,open,2025-08-31,71,C,no,0,yes,2026-03-17,A002858,number theory,"A32,A33,A10,A11,A13,A14,A19,A24,A25,A31,A34",Open source page; verify exact current statement/status and nearest prior; identify finite frontier or weakest sufficient lemma; run statement audit before compute.
346,https://www.erdosproblems.com/346,open,2025-08-31,71,C,no,0,yes,2026-01-04,N/A,number theory;complete sequences,"A32,A33,A10,A11,A13,A14,A19,A24,A25,A31,A34",Open source page; verify exact current statement/status and nearest prior; identify finite frontier or weakest sufficient lemma; run statement audit before compute.
348,https://www.erdosproblems.com/348,open,2025-08-31,71,C,no,0,yes,2025-08-31,N/A,number theory;complete sequences,"A32,A33,A10,A11,A13,A14,A19,A24,A25,A31,A34",Open source page; verify exact current statement/status and nearest prior; identify finite frontier or weakest sufficient lemma; run statement audit before compute.
349,https://www.erdosproblems.com/349,open,2025-08-31,71,C,no,0,yes,2025-08-31,N/A,number theory;complete sequences,"A32,A33,A10,A11,A13,A14,A19,A24,A25,A31,A34",Open source page; verify exact current statement/status and nearest prior; identify finite frontier or weakest sufficient lemma; run statement audit before compute.
354,https://www.erdosproblems.com/354,open,2025-08-31,71,C,no,0,yes,2025-09-05,N/A,number theory,"A32,A33,A10,A11,A13,A14,A19,A24,A25,A31,A34",Open source page; verify exact current statement/status and nearest prior; identify finite frontier or weakest sufficient lemma; run statement audit before compute.
357,https://www.erdosproblems.com/357,open,2025-08-31,71,C,no,0,yes,2025-10-17,A364132;A364153;possible,number theory,"A32,A33,A10,A11,A13,A14,A19,A24,A25,A31,A34",Open source page; verify exact current statement/status and nearest prior; identify finite frontier or weakest sufficient lemma; run statement audit before compute.
359,https://www.erdosproblems.com/359,open,2025-08-31,71,C,no,0,yes,2025-11-28,A002048,number theory,"A32,A33,A10,A11,A13,A14,A19,A24,A25,A31,A34",Open source page; verify exact current statement/status and nearest prior; identify finite frontier or weakest sufficient lemma; run statement audit before compute.
361,https://www.erdosproblems.com/361,open,2025-08-31,71,C,no,0,yes,2025-09-05,possible,number theory,"A32,A33,A10,A11,A13,A14,A19,A24,A25,A31,A34",Open source page; verify exact current statement/status and nearest prior; identify finite frontier or weakest sufficient lemma; run statement audit before compute.
371,https://www.erdosproblems.com/371,open,2025-08-31,71,C,no,0,yes,2025-10-21,A070089,number theory,"A32,A33,A10,A11,A13,A14,A19,A24,A25,A31,A34",Open source page; verify exact current statement/status and nearest prior; identify finite frontier or weakest sufficient lemma; run statement audit before compute.
383,https://www.erdosproblems.com/383,open,2025-08-31,71,C,no,0,yes,2025-08-31,N/A,number theory,"A32,A33,A10,A11,A13,A14,A19,A24,A25,A31,A34",Open source page; verify exact current statement/status and nearest prior; identify finite frontier or weakest sufficient lemma; run statement audit before compute.
385,https://www.erdosproblems.com/385,open,2025-08-31,71,C,no,0,yes,2026-01-26,A322292,number theory,"A32,A33,A10,A11,A13,A14,A19,A24,A25,A31,A34",Open source page; verify exact current statement/status and nearest prior; identify finite frontier or weakest sufficient lemma; run statement audit before compute.
389,https://www.erdosproblems.com/389,open,2025-08-31,71,C,no,0,yes,2025-08-31,A375071,number theory,"A32,A33,A10,A11,A13,A14,A19,A24,A25,A31,A34",Open source page; verify exact current statement/status and nearest prior; identify finite frontier or weakest sufficient lemma; run statement audit before compute.
394,https://www.erdosproblems.com/394,open,2025-10-28,71,C,no,0,yes,2026-02-09,A344005,number theory,"A32,A33,A10,A11,A13,A14,A19,A24,A25,A31,A34",Open source page; verify exact current statement/status and nearest prior; identify finite frontier or weakest sufficient lemma; run statement audit before compute.
406,https://www.erdosproblems.com/406,open,2025-08-31,71,C,no,0,yes,2025-08-31,N/A,number theory;base representations,"A32,A33,A10,A11,A13,A14,A19,A24,A25,A31,A34",Open source page; verify exact current statement/status and nearest prior; identify finite frontier or weakest sufficient lemma; run statement audit before compute.
409,https://www.erdosproblems.com/409,open,2025-08-31,71,C,no,0,yes,2025-08-31,A039651;A229487,number theory;iterated functions,"A32,A33,A10,A11,A13,A14,A19,A24,A25,A31,A34",Open source page; verify exact current statement/status and nearest prior; identify finite frontier or weakest sufficient lemma; run statement audit before compute.
410,https://www.erdosproblems.com/410,open,2025-08-31,71,C,no,0,yes,2025-09-01,A007497;possible,number theory;iterated functions,"A32,A33,A10,A11,A13,A14,A19,A24,A25,A31,A34",Open source page; verify exact current statement/status and nearest prior; identify finite frontier or weakest sufficient lemma; run statement audit before compute.
412,https://www.erdosproblems.com/412,open,2025-08-31,71,C,no,0,yes,2025-08-31,A007497;A051572,number theory;iterated functions,"A32,A33,A10,A11,A13,A14,A19,A24,A25,A31,A34",Open source page; verify exact current statement/status and nearest prior; identify finite frontier or weakest sufficient lemma; run statement audit before compute.
413,https://www.erdosproblems.com/413,open,2025-08-31,71,C,no,0,yes,2026-01-06,A005236,number theory;iterated functions,"A32,A33,A10,A11,A13,A14,A19,A24,A25,A31,A34",Open source page; verify exact current statement/status and nearest prior; identify finite frontier or weakest sufficient lemma; run statement audit before compute.
414,https://www.erdosproblems.com/414,open,2025-08-31,71,C,no,0,yes,2025-12-09,A064491;possible,number theory;iterated functions,"A32,A33,A10,A11,A13,A14,A19,A24,A25,A31,A34",Open source page; verify exact current statement/status and nearest prior; identify finite frontier or weakest sufficient lemma; run statement audit before compute.
416,https://www.erdosproblems.com/416,open,2025-08-31,71,C,no,0,yes,2025-09-04,A264810,number theory,"A32,A33,A10,A11,A13,A14,A19,A24,A25,A31,A34",Open source page; verify exact current statement/status and nearest prior; identify finite frontier or weakest sufficient lemma; run statement audit before compute.
417,https://www.erdosproblems.com/417,open,2025-08-31,71,C,no,0,yes,2026-01-22,A264810;A061070,number theory,"A32,A33,A10,A11,A13,A14,A19,A24,A25,A31,A34",Open source page; verify exact current statement/status and nearest prior; identify finite frontier or weakest sufficient lemma; run statement audit before compute.
421,https://www.erdosproblems.com/421,open,2025-08-31,71,C,no,0,yes,2025-08-31,A389544;A390848,number theory,"A32,A33,A10,A11,A13,A14,A19,A24,A25,A31,A34",Open source page; verify exact current statement/status and nearest prior; identify finite frontier or weakest sufficient lemma; run statement audit before compute.
422,https://www.erdosproblems.com/422,open,2025-08-31,71,C,no,0,yes,2025-11-11,A005185,number theory,"A32,A33,A10,A11,A13,A14,A19,A24,A25,A31,A34",Open source page; verify exact current statement/status and nearest prior; identify finite frontier or weakest sufficient lemma; run statement audit before compute.
424,https://www.erdosproblems.com/424,open,2025-08-31,71,C,no,0,yes,2025-11-13,A005244,number theory,"A32,A33,A10,A11,A13,A14,A19,A24,A25,A31,A34",Open source page; verify exact current statement/status and nearest prior; identify finite frontier or weakest sufficient lemma; run statement audit before compute.
428,https://www.erdosproblems.com/428,open,2025-08-31,71,C,no,0,yes,2026-01-07,N/A,number theory;primes,"A32,A33,A10,A11,A13,A14,A19,A24,A25,A31,A34",Open source page; verify exact current statement/status and nearest prior; identify finite frontier or weakest sufficient lemma; run statement audit before compute.
445,https://www.erdosproblems.com/445,open,2025-08-31,71,C,no,0,yes,2026-03-16,N/A,number theory,"A32,A33,A10,A11,A13,A14,A19,A24,A25,A31,A34",Open source page; verify exact current statement/status and nearest prior; identify finite frontier or weakest sufficient lemma; run statement audit before compute.
454,https://www.erdosproblems.com/454,open,2025-08-31,71,C,no,0,yes,2026-01-03,A389676;A389677,number theory;primes,"A32,A33,A10,A11,A13,A14,A19,A24,A25,A31,A34",Open source page; verify exact current statement/status and nearest prior; identify finite frontier or weakest sufficient lemma; run statement audit before compute.
455,https://www.erdosproblems.com/455,open,2025-08-31,71,C,no,0,yes,2026-01-03,N/A,number theory,"A32,A33,A10,A11,A13,A14,A19,A24,A25,A31,A34",Open source page; verify exact current statement/status and nearest prior; identify finite frontier or weakest sufficient lemma; run statement audit before compute.
456,https://www.erdosproblems.com/456,open,2025-08-31,71,C,no,0,yes,2026-06-07,A034694;A061026;possible,number theory,"A32,A33,A10,A11,A13,A14,A19,A24,A25,A31,A34",Open source page; verify exact current statement/status and nearest prior; identify finite frontier or weakest sufficient lemma; run statement audit before compute.
463,https://www.erdosproblems.com/463,open,2025-08-31,71,C,no,0,yes,2025-08-31,possible,number theory;primes,"A32,A33,A10,A11,A13,A14,A19,A24,A25,A31,A34",Open source page; verify exact current statement/status and nearest prior; identify finite frontier or weakest sufficient lemma; run statement audit before compute.
469,https://www.erdosproblems.com/469,open,2025-08-31,71,C,no,0,yes,2025-08-31,A006036;A119425;possible,number theory;divisors,"A32,A33,A10,A11,A13,A14,A19,A24,A25,A31,A34",Open source page; verify exact current statement/status and nearest prior; identify finite frontier or weakest sufficient lemma; run statement audit before compute.
477,https://www.erdosproblems.com/477,open,2025-08-31,71,C,no,0,yes,2025-08-31,N/A,number theory,"A32,A33,A10,A11,A13,A14,A19,A24,A25,A31,A34",Open source page; verify exact current statement/status and nearest prior; identify finite frontier or weakest sufficient lemma; run statement audit before compute.
479,https://www.erdosproblems.com/479,open,2025-08-31,71,C,no,0,yes,2025-08-31,A036236;A015919;A050259;A015921;A006521;A006517;A015940,number theory,"A32,A33,A10,A11,A13,A14,A19,A24,A25,A31,A34",Open source page; verify exact current statement/status and nearest prior; identify finite frontier or weakest sufficient lemma; run statement audit before compute.
486,https://www.erdosproblems.com/486,open,2025-08-31,71,C,no,0,yes,2025-12-29,N/A,number theory;primitive sets,"A32,A33,A10,A11,A13,A14,A19,A24,A25,A31,A34",Open source page; verify exact current statement/status and nearest prior; identify finite frontier or weakest sufficient lemma; run statement audit before compute.
489,https://www.erdosproblems.com/489,open,2025-08-31,71,C,no,0,yes,2026-02-13,N/A,number theory,"A32,A33,A10,A11,A13,A14,A19,A24,A25,A31,A34",Open source page; verify exact current statement/status and nearest prior; identify finite frontier or weakest sufficient lemma; run statement audit before compute.
495,https://www.erdosproblems.com/495,open,2025-08-31,71,C,no,0,yes,2026-01-07,N/A,diophantine approximation;number theory,"A32,A33,A10,A11,A13,A14,A19,A24,A25,A31,A34",Open source page; verify exact current statement/status and nearest prior; identify finite frontier or weakest sufficient lemma; run statement audit before compute.
500,https://www.erdosproblems.com/500,open,2025-08-31,71,C,$500,500,no,2025-08-31,A140462,graph theory;hypergraphs;turan number,"A32,A33,A01,A02,A05,A15,A21,A26,A34",Open source page; verify exact current statement/status and nearest prior; identify finite frontier or weakest sufficient lemma; run statement audit before compute.
520,https://www.erdosproblems.com/520,open,2025-08-31,71,C,no,0,yes,2025-12-20,N/A,number theory;probability,"A32,A33,A10,A11,A13,A14,A19,A24,A25,A31,A34",Open source page; verify exact current statement/status and nearest prior; identify finite frontier or weakest sufficient lemma; run statement audit before compute.
535,https://www.erdosproblems.com/535,open,2025-08-31,71,C,no,0,yes,2026-04-17,possible,number theory,"A32,A33,A10,A11,A13,A14,A19,A24,A25,A31,A34",Open source page; verify exact current statement/status and nearest prior; identify finite frontier or weakest sufficient lemma; run statement audit before compute.
536,https://www.erdosproblems.com/536,open,2025-08-31,71,C,no,0,yes,2025-11-12,possible,number theory,"A32,A33,A10,A11,A13,A14,A19,A24,A25,A31,A34",Open source page; verify exact current statement/status and nearest prior; identify finite frontier or weakest sufficient lemma; run statement audit before compute.
539,https://www.erdosproblems.com/539,open,2025-08-31,71,C,no,0,yes,2026-04-16,possible,number theory,"A32,A33,A10,A11,A13,A14,A19,A24,A25,A31,A34",Open source page; verify exact current statement/status and nearest prior; identify finite frontier or weakest sufficient lemma; run statement audit before compute.
563,https://www.erdosproblems.com/563,open,2025-08-31,71,C,no,0,no,2025-08-31,N/A,graph theory;ramsey theory;hypergraphs,"A32,A33,A01,A02,A05,A15,A21,A26,A34",Open source page; verify exact current statement/status and nearest prior; identify finite frontier or weakest sufficient lemma; run statement audit before compute.
624,https://www.erdosproblems.com/624,open,2025-08-31,71,C,no,0,yes,2025-11-13,possible,combinatorics,"A32,A33,A25,A31,A34",Open source page; verify exact current statement/status and nearest prior; identify finite frontier or weakest sufficient lemma; run statement audit before compute.
677,https://www.erdosproblems.com/677,open,2025-08-31,71,C,no,0,yes,2025-12-02,possible,number theory,"A32,A33,A10,A11,A13,A14,A19,A24,A25,A31,A34",Open source page; verify exact current statement/status and nearest prior; identify finite frontier or weakest sufficient lemma; run statement audit before compute.
680,https://www.erdosproblems.com/680,open,2025-08-31,71,C,no,0,yes,2025-11-21,N/A,number theory;primes,"A32,A33,A10,A11,A13,A14,A19,A24,A25,A31,A34",Open source page; verify exact current statement/status and nearest prior; identify finite frontier or weakest sufficient lemma; run statement audit before compute.
681,https://www.erdosproblems.com/681,open,2025-08-31,71,C,no,0,yes,2025-12-07,A389680,number theory;primes,"A32,A33,A10,A11,A13,A14,A19,A24,A25,A31,A34",Open source page; verify exact current statement/status and nearest prior; identify finite frontier or weakest sufficient lemma; run statement audit before compute.
686,https://www.erdosproblems.com/686,open,2025-08-31,71,C,no,0,yes,2025-10-13,N/A,number theory,"A32,A33,A10,A11,A13,A14,A19,A24,A25,A31,A34",Open source page; verify exact current statement/status and nearest prior; identify finite frontier or weakest sufficient lemma; run statement audit before compute.
688,https://www.erdosproblems.com/688,open,2025-08-31,71,C,no,0,yes,2026-05-11,N/A,number theory,"A32,A33,A10,A11,A13,A14,A19,A24,A25,A31,A34",Open source page; verify exact current statement/status and nearest prior; identify finite frontier or weakest sufficient lemma; run statement audit before compute.
689,https://www.erdosproblems.com/689,open,2025-08-31,71,C,no,0,yes,2025-08-31,N/A,number theory,"A32,A33,A10,A11,A13,A14,A19,A24,A25,A31,A34",Open source page; verify exact current statement/status and nearest prior; identify finite frontier or weakest sufficient lemma; run statement audit before compute.
695,https://www.erdosproblems.com/695,open,2025-08-31,71,C,no,0,yes,2025-08-31,A061092,number theory,"A32,A33,A10,A11,A13,A14,A19,A24,A25,A31,A34",Open source page; verify exact current statement/status and nearest prior; identify finite frontier or weakest sufficient lemma; run statement audit before compute.
701,https://www.erdosproblems.com/701,open,2025-08-31,71,C,no,0,yes,2026-04-20,N/A,combinatorics;intersecting family,"A32,A33,A25,A31,A34",Open source page; verify exact current statement/status and nearest prior; identify finite frontier or weakest sufficient lemma; run statement audit before compute.
704,https://www.erdosproblems.com/704,open,2025-08-31,71,C,no,0,no,2025-08-31,N/A,graph theory;geometry;chromatic number,"A32,A33,A01,A02,A05,A15,A21,A26,A12,A16,A17,A23,A34",Open source page; verify exact current statement/status and nearest prior; identify finite frontier or weakest sufficient lemma; run statement audit before compute.
712,https://www.erdosproblems.com/712,open,2025-08-31,71,C,$500,500,no,2025-08-31,possible,graph theory;turan number;hypergraphs,"A32,A33,A01,A02,A05,A15,A21,A26,A34",Open source page; verify exact current statement/status and nearest prior; identify finite frontier or weakest sufficient lemma; run statement audit before compute.
726,https://www.erdosproblems.com/726,open,2025-08-31,71,C,no,0,yes,2026-06-25,N/A,number theory,"A32,A33,A10,A11,A13,A14,A19,A24,A25,A31,A34",Open source page; verify exact current statement/status and nearest prior; identify finite frontier or weakest sufficient lemma; run statement audit before compute.
770,https://www.erdosproblems.com/770,open,2025-08-31,71,C,no,0,yes,2026-01-20,A263647;possible,number theory,"A32,A33,A10,A11,A13,A14,A19,A24,A25,A31,A34",Open source page; verify exact current statement/status and nearest prior; identify finite frontier or weakest sufficient lemma; run statement audit before compute.
774,https://www.erdosproblems.com/774,open,2025-08-31,71,C,no,0,yes,2026-04-16,N/A,number theory,"A32,A33,A10,A11,A13,A14,A19,A24,A25,A31,A34",Open source page; verify exact current statement/status and nearest prior; identify finite frontier or weakest sufficient lemma; run statement audit before compute.
786,https://www.erdosproblems.com/786,open,2025-08-31,71,C,no,0,yes,2025-08-31,A143301;possible,number theory,"A32,A33,A10,A11,A13,A14,A19,A24,A25,A31,A34",Open source page; verify exact current statement/status and nearest prior; identify finite frontier or weakest sufficient lemma; run statement audit before compute.
821,https://www.erdosproblems.com/821,open,2025-08-31,71,C,no,0,yes,2026-07-02,A014197,number theory,"A32,A33,A10,A11,A13,A14,A19,A24,A25,A31,A34",Open source page; verify exact current statement/status and nearest prior; identify finite frontier or weakest sufficient lemma; run statement audit before compute.
826,https://www.erdosproblems.com/826,open,2025-08-31,71,C,no,0,yes,2025-08-31,N/A,number theory,"A32,A33,A10,A11,A13,A14,A19,A24,A25,A31,A34",Open source page; verify exact current statement/status and nearest prior; identify finite frontier or weakest sufficient lemma; run statement audit before compute.
828,https://www.erdosproblems.com/828,open,2025-08-31,71,C,no,0,yes,2025-09-01,N/A,number theory,"A32,A33,A10,A11,A13,A14,A19,A24,A25,A31,A34",Open source page; verify exact current statement/status and nearest prior; identify finite frontier or weakest sufficient lemma; run statement audit before compute.
829,https://www.erdosproblems.com/829,open,2025-08-31,71,C,no,0,yes,2026-06-07,possible,number theory,"A32,A33,A10,A11,A13,A14,A19,A24,A25,A31,A34",Open source page; verify exact current statement/status and nearest prior; identify finite frontier or weakest sufficient lemma; run statement audit before compute.
830,https://www.erdosproblems.com/830,open,2025-08-31,71,C,no,0,yes,2025-09-01,A259180,number theory,"A32,A33,A10,A11,A13,A14,A19,A24,A25,A31,A34",Open source page; verify exact current statement/status and nearest prior; identify finite frontier or weakest sufficient lemma; run statement audit before compute.
836,https://www.erdosproblems.com/836,open,2025-08-31,71,C,no,0,no,2025-08-31,N/A,graph theory;hypergraphs;chromatic number,"A32,A33,A01,A02,A05,A15,A21,A26,A34",Open source page; verify exact current statement/status and nearest prior; identify finite frontier or weakest sufficient lemma; run statement audit before compute.
850,https://www.erdosproblems.com/850,open,2025-08-31,71,C,no,0,yes,2025-11-25,A343101,number theory;primes,"A32,A33,A10,A11,A13,A14,A19,A24,A25,A31,A34",Open source page; verify exact current statement/status and nearest prior; identify finite frontier or weakest sufficient lemma; run statement audit before compute.
853,https://www.erdosproblems.com/853,open,2025-08-31,71,C,no,0,yes,2025-11-24,A001223;A390769,number theory;primes,"A32,A33,A10,A11,A13,A14,A19,A24,A25,A31,A34",Open source page; verify exact current statement/status and nearest prior; identify finite frontier or weakest sufficient lemma; run statement audit before compute.
855,https://www.erdosproblems.com/855,open,2026-03-14,71,C,no,0,yes,2026-01-13,A023193,number theory;primes,"A32,A33,A10,A11,A13,A14,A19,A24,A25,A31,A34",Open source page; verify exact current statement/status and nearest prior; identify finite frontier or weakest sufficient lemma; run statement audit before compute.
857,https://www.erdosproblems.com/857,open,2025-08-31,71,C,no,0,yes,2026-05-13,possible,combinatorics,"A32,A33,A25,A31,A34",Open source page; verify exact current statement/status and nearest prior; identify finite frontier or weakest sufficient lemma; run statement audit before compute.
859,https://www.erdosproblems.com/859,open,2025-08-31,71,C,no,0,yes,2025-12-09,N/A,number theory;divisors,"A32,A33,A10,A11,A13,A14,A19,A24,A25,A31,A34",Open source page; verify exact current statement/status and nearest prior; identify finite frontier or weakest sufficient lemma; run statement audit before compute.
872,https://www.erdosproblems.com/872,open,2025-08-31,71,C,no,0,yes,2026-07-02,possible,number theory;primitive sets,"A32,A33,A10,A11,A13,A14,A19,A24,A25,A31,A34",Open source page; verify exact current statement/status and nearest prior; identify finite frontier or weakest sufficient lemma; run statement audit before compute.
873,https://www.erdosproblems.com/873,open,2025-08-31,71,C,no,0,yes,2025-08-31,N/A,number theory,"A32,A33,A10,A11,A13,A14,A19,A24,A25,A31,A34",Open source page; verify exact current statement/status and nearest prior; identify finite frontier or weakest sufficient lemma; run statement audit before compute.
881,https://www.erdosproblems.com/881,open,2025-08-31,71,C,no,0,yes,2025-12-10,N/A,number theory;additive basis,"A32,A33,A10,A11,A13,A14,A19,A24,A09,A18,A22,A23,A25,A31,A34",Open source page; verify exact current statement/status and nearest prior; identify finite frontier or weakest sufficient lemma; run statement audit before compute.
885,https://www.erdosproblems.com/885,open,2025-08-31,71,C,no,0,yes,2026-01-05,N/A,number theory;divisors,"A32,A33,A10,A11,A13,A14,A19,A24,A25,A31,A34",Open source page; verify exact current statement/status and nearest prior; identify finite frontier or weakest sufficient lemma; run statement audit before compute.
886,https://www.erdosproblems.com/886,open,2025-08-31,71,C,no,0,yes,2026-02-01,N/A,number theory;divisors,"A32,A33,A10,A11,A13,A14,A19,A24,A25,A31,A34",Open source page; verify exact current statement/status and nearest prior; identify finite frontier or weakest sufficient lemma; run statement audit before compute.
887,https://www.erdosproblems.com/887,open,2025-08-31,71,C,no,0,yes,2026-01-13,N/A,number theory;divisors,"A32,A33,A10,A11,A13,A14,A19,A24,A25,A31,A34",Open source page; verify exact current statement/status and nearest prior; identify finite frontier or weakest sufficient lemma; run statement audit before compute.
889,https://www.erdosproblems.com/889,open,2025-08-31,71,C,no,0,yes,2025-11-27,possible,number theory,"A32,A33,A10,A11,A13,A14,A19,A24,A25,A31,A34",Open source page; verify exact current statement/status and nearest prior; identify finite frontier or weakest sufficient lemma; run statement audit before compute.
890,https://www.erdosproblems.com/890,open,2025-08-31,71,C,no,0,yes,2026-02-02,N/A,number theory;primes,"A32,A33,A10,A11,A13,A14,A19,A24,A25,A31,A34",Open source page; verify exact current statement/status and nearest prior; identify finite frontier or weakest sufficient lemma; run statement audit before compute.
891,https://www.erdosproblems.com/891,open,2025-08-31,71,C,no,0,yes,2026-02-02,N/A,number theory,"A32,A33,A10,A11,A13,A14,A19,A24,A25,A31,A34",Open source page; verify exact current statement/status and nearest prior; identify finite frontier or weakest sufficient lemma; run statement audit before compute.
893,https://www.erdosproblems.com/893,open,2025-08-31,71,C,no,0,yes,2025-09-25,A046801;possible,number theory;divisors,"A32,A33,A10,A11,A13,A14,A19,A24,A25,A31,A34",Open source page; verify exact current statement/status and nearest prior; identify finite frontier or weakest sufficient lemma; run statement audit before compute.
913,https://www.erdosproblems.com/913,open,2025-08-31,71,C,no,0,yes,2025-08-31,A359747,number theory,"A32,A33,A10,A11,A13,A14,A19,A24,A25,A31,A34",Open source page; verify exact current statement/status and nearest prior; identify finite frontier or weakest sufficient lemma; run statement audit before compute.
930,https://www.erdosproblems.com/930,open,2025-08-31,71,C,no,0,yes,2025-12-10,N/A,number theory,"A32,A33,A10,A11,A13,A14,A19,A24,A25,A31,A34",Open source page; verify exact current statement/status and nearest prior; identify finite frontier or weakest sufficient lemma; run statement audit before compute.
931,https://www.erdosproblems.com/931,open,2025-08-31,71,C,no,0,yes,2025-08-31,N/A,number theory,"A32,A33,A10,A11,A13,A14,A19,A24,A25,A31,A34",Open source page; verify exact current statement/status and nearest prior; identify finite frontier or weakest sufficient lemma; run statement audit before compute.
932,https://www.erdosproblems.com/932,open,2025-08-31,71,C,no,0,yes,2025-08-31,A387864,number theory,"A32,A33,A10,A11,A13,A14,A19,A24,A25,A31,A34",Open source page; verify exact current statement/status and nearest prior; identify finite frontier or weakest sufficient lemma; run statement audit before compute.
933,https://www.erdosproblems.com/933,open,2025-08-31,71,C,no,0,yes,2026-07-02,possible,number theory,"A32,A33,A10,A11,A13,A14,A19,A24,A25,A31,A34",Open source page; verify exact current statement/status and nearest prior; identify finite frontier or weakest sufficient lemma; run statement audit before compute.
936,https://www.erdosproblems.com/936,open,2025-08-31,71,C,no,0,yes,2025-08-31,A146968;possible,number theory,"A32,A33,A10,A11,A13,A14,A19,A24,A25,A31,A34",Open source page; verify exact current statement/status and nearest prior; identify finite frontier or weakest sufficient lemma; run statement audit before compute.
938,https://www.erdosproblems.com/938,open,2025-08-31,71,C,no,0,yes,2025-08-31,A001694;A076446;possible,number theory,"A32,A33,A10,A11,A13,A14,A19,A24,A25,A31,A34",Open source page; verify exact current statement/status and nearest prior; identify finite frontier or weakest sufficient lemma; run statement audit before compute.
939,https://www.erdosproblems.com/939,open,2025-08-31,71,C,no,0,yes,2025-09-01,possible,number theory,"A32,A33,A10,A11,A13,A14,A19,A24,A25,A31,A34",Open source page; verify exact current statement/status and nearest prior; identify finite frontier or weakest sufficient lemma; run statement audit before compute.
940,https://www.erdosproblems.com/940,open,2025-08-31,71,C,no,0,yes,2025-08-31,possible,number theory,"A32,A33,A10,A11,A13,A14,A19,A24,A25,A31,A34",Open source page; verify exact current statement/status and nearest prior; identify finite frontier or weakest sufficient lemma; run statement audit before compute.
942,https://www.erdosproblems.com/942,open,2025-08-31,71,C,no,0,yes,2025-08-31,possible,number theory,"A32,A33,A10,A11,A13,A14,A19,A24,A25,A31,A34",Open source page; verify exact current statement/status and nearest prior; identify finite frontier or weakest sufficient lemma; run statement audit before compute.
943,https://www.erdosproblems.com/943,open,2025-08-31,71,C,no,0,yes,2025-08-31,possible,number theory,"A32,A33,A10,A11,A13,A14,A19,A24,A25,A31,A34",Open source page; verify exact current statement/status and nearest prior; identify finite frontier or weakest sufficient lemma; run statement audit before compute.
945,https://www.erdosproblems.com/945,open,2025-08-31,71,C,no,0,yes,2025-08-31,possible;A048892,number theory;divisors,"A32,A33,A10,A11,A13,A14,A19,A24,A25,A31,A34",Open source page; verify exact current statement/status and nearest prior; identify finite frontier or weakest sufficient lemma; run statement audit before compute.
950,https://www.erdosproblems.com/950,open,2025-08-31,71,C,no,0,yes,2026-06-17,N/A,number theory;primes,"A32,A33,A10,A11,A13,A14,A19,A24,A25,A31,A34",Open source page; verify exact current statement/status and nearest prior; identify finite frontier or weakest sufficient lemma; run statement audit before compute.
951,https://www.erdosproblems.com/951,open,2025-08-31,71,C,no,0,yes,2026-01-28,N/A,number theory,"A32,A33,A10,A11,A13,A14,A19,A24,A25,A31,A34",Open source page; verify exact current statement/status and nearest prior; identify finite frontier or weakest sufficient lemma; run statement audit before compute.
952,https://www.erdosproblems.com/952,open,2025-08-31,71,C,no,0,yes,2025-11-21,N/A,number theory,"A32,A33,A10,A11,A13,A14,A19,A24,A25,A31,A34",Open source page; verify exact current statement/status and nearest prior; identify finite frontier or weakest sufficient lemma; run statement audit before compute.
961,https://www.erdosproblems.com/961,open,2025-08-31,71,C,no,0,yes,2025-12-30,A213253,number theory,"A32,A33,A10,A11,A13,A14,A19,A24,A25,A31,A34",Open source page; verify exact current statement/status and nearest prior; identify finite frontier or weakest sufficient lemma; run statement audit before compute.
962,https://www.erdosproblems.com/962,open,2025-08-31,71,C,no,0,yes,2026-05-03,A327909,number theory,"A32,A33,A10,A11,A13,A14,A19,A24,A25,A31,A34",Open source page; verify exact current statement/status and nearest prior; identify finite frontier or weakest sufficient lemma; run statement audit before compute.
968,https://www.erdosproblems.com/968,open,2025-08-31,71,C,no,0,yes,2026-01-12,A387591,number theory,"A32,A33,A10,A11,A13,A14,A19,A24,A25,A31,A34",Open source page; verify exact current statement/status and nearest prior; identify finite frontier or weakest sufficient lemma; run statement audit before compute.
971,https://www.erdosproblems.com/971,open,2025-08-31,71,C,no,0,yes,2026-01-12,A226521,number theory,"A32,A33,A10,A11,A13,A14,A19,A24,A25,A31,A34",Open source page; verify exact current statement/status and nearest prior; identify finite frontier or weakest sufficient lemma; run statement audit before compute.
972,https://www.erdosproblems.com/972,open,2025-08-31,71,C,no,0,yes,2025-12-07,N/A,number theory,"A32,A33,A10,A11,A13,A14,A19,A24,A25,A31,A34",Open source page; verify exact current statement/status and nearest prior; identify finite frontier or weakest sufficient lemma; run statement audit before compute.
975,https://www.erdosproblems.com/975,open,2025-08-31,71,C,no,0,yes,2025-12-20,A147807;possible,number theory;divisors,"A32,A33,A10,A11,A13,A14,A19,A24,A25,A31,A34",Open source page; verify exact current statement/status and nearest prior; identify finite frontier or weakest sufficient lemma; run statement audit before compute.
978,https://www.erdosproblems.com/978,open,2025-08-31,71,C,no,0,yes,2026-01-20,possible,number theory,"A32,A33,A10,A11,A13,A14,A19,A24,A25,A31,A34",Open source page; verify exact current statement/status and nearest prior; identify finite frontier or weakest sufficient lemma; run statement audit before compute.
979,https://www.erdosproblems.com/979,open,2025-08-31,71,C,no,0,yes,2025-10-16,A385316;possible,number theory,"A32,A33,A10,A11,A13,A14,A19,A24,A25,A31,A34",Open source page; verify exact current statement/status and nearest prior; identify finite frontier or weakest sufficient lemma; run statement audit before compute.
985,https://www.erdosproblems.com/985,open,2025-08-31,71,C,no,0,yes,2025-09-07,A002233;A219429;A103309;possible,number theory,"A32,A33,A10,A11,A13,A14,A19,A24,A25,A31,A34",Open source page; verify exact current statement/status and nearest prior; identify finite frontier or weakest sufficient lemma; run statement audit before compute.
1003,https://www.erdosproblems.com/1003,open,2025-09-08,71,C,no,0,yes,2025-10-06,A001274,number theory,"A32,A33,A10,A11,A13,A14,A19,A24,A25,A31,A34",Open source page; verify exact current statement/status and nearest prior; identify finite frontier or weakest sufficient lemma; run statement audit before compute.
1004,https://www.erdosproblems.com/1004,open,2025-09-07,71,C,no,0,yes,2025-12-10,possible,number theory,"A32,A33,A10,A11,A13,A14,A19,A24,A25,A31,A34",Open source page; verify exact current statement/status and nearest prior; identify finite frontier or weakest sufficient lemma; run statement audit before compute.
1029,https://www.erdosproblems.com/1029,open,2025-09-13,71,C,$100,100,no,2025-09-10,A059442,graph theory;ramsey theory,"A32,A33,A01,A02,A05,A15,A21,A26,A34",Open source page; verify exact current statement/status and nearest prior; identify finite frontier or weakest sufficient lemma; run statement audit before compute.
1049,https://www.erdosproblems.com/1049,open,2025-09-28,71,C,no,0,yes,2026-02-15,N/A,irrationality,"A32,A33,A25,A31,A34",Open source page; verify exact current statement/status and nearest prior; identify finite frontier or weakest sufficient lemma; run statement audit before compute.
1054,https://www.erdosproblems.com/1054,open,2025-09-28,71,C,no,0,yes,2025-11-25,A167485,number theory;divisors,"A32,A33,A10,A11,A13,A14,A19,A24,A25,A31,A34",Open source page; verify exact current statement/status and nearest prior; identify finite frontier or weakest sufficient lemma; run statement audit before compute.
1055,https://www.erdosproblems.com/1055,open,2025-09-28,71,C,no,0,yes,2025-11-13,A005113,number theory;primes,"A32,A33,A10,A11,A13,A14,A19,A24,A25,A31,A34",Open source page; verify exact current statement/status and nearest prior; identify finite frontier or weakest sufficient lemma; run statement audit before compute.
1056,https://www.erdosproblems.com/1056,open,2025-09-28,71,C,no,0,yes,2025-10-24,A060427,number theory,"A32,A33,A10,A11,A13,A14,A19,A24,A25,A31,A34",Open source page; verify exact current statement/status and nearest prior; identify finite frontier or weakest sufficient lemma; run statement audit before compute.
1057,https://www.erdosproblems.com/1057,open,2025-09-28,71,C,no,0,yes,2026-06-15,A006931,number theory,"A32,A33,A10,A11,A13,A14,A19,A24,A25,A31,A34",Open source page; verify exact current statement/status and nearest prior; identify finite frontier or weakest sufficient lemma; run statement audit before compute.
1059,https://www.erdosproblems.com/1059,open,2025-09-28,71,C,no,0,yes,2025-11-02,A064152,number theory;primes,"A32,A33,A10,A11,A13,A14,A19,A24,A25,A31,A34",Open source page; verify exact current statement/status and nearest prior; identify finite frontier or weakest sufficient lemma; run statement audit before compute.
1060,https://www.erdosproblems.com/1060,open,2025-09-28,71,C,no,0,yes,2025-12-13,A327153,number theory,"A32,A33,A10,A11,A13,A14,A19,A24,A25,A31,A34",Open source page; verify exact current statement/status and nearest prior; identify finite frontier or weakest sufficient lemma; run statement audit before compute.
1061,https://www.erdosproblems.com/1061,open,2025-09-28,71,C,no,0,yes,2026-01-12,A110177;possible,number theory,"A32,A33,A10,A11,A13,A14,A19,A24,A25,A31,A34",Open source page; verify exact current statement/status and nearest prior; identify finite frontier or weakest sufficient lemma; run statement audit before compute.
1062,https://www.erdosproblems.com/1062,open,2025-09-28,71,C,no,0,yes,2026-01-05,A038372,number theory,"A32,A33,A10,A11,A13,A14,A19,A24,A25,A31,A34",Open source page; verify exact current statement/status and nearest prior; identify finite frontier or weakest sufficient lemma; run statement audit before compute.
1063,https://www.erdosproblems.com/1063,open,2025-10-01,71,C,no,0,yes,2026-01-23,A389360,number theory,"A32,A33,A10,A11,A13,A14,A19,A24,A25,A31,A34",Open source page; verify exact current statement/status and nearest prior; identify finite frontier or weakest sufficient lemma; run statement audit before compute.
1065,https://www.erdosproblems.com/1065,open,2025-10-01,71,C,no,0,yes,2025-10-15,A074781;A339465,number theory,"A32,A33,A10,A11,A13,A14,A19,A24,A25,A31,A34",Open source page; verify exact current statement/status and nearest prior; identify finite frontier or weakest sufficient lemma; run statement audit before compute.
1072,https://www.erdosproblems.com/1072,open,2025-10-05,71,C,no,0,yes,2025-12-17,A073944;A072937;A154554,number theory,"A32,A33,A10,A11,A13,A14,A19,A24,A25,A31,A34",Open source page; verify exact current statement/status and nearest prior; identify finite frontier or weakest sufficient lemma; run statement audit before compute.
1073,https://www.erdosproblems.com/1073,open,2025-10-05,71,C,no,0,yes,2025-11-13,A256519,number theory,"A32,A33,A10,A11,A13,A14,A19,A24,A25,A31,A34",Open source page; verify exact current statement/status and nearest prior; identify finite frontier or weakest sufficient lemma; run statement audit before compute.
1074,https://www.erdosproblems.com/1074,open,2025-10-05,71,C,no,0,yes,2025-11-21,A063980;A064164,number theory,"A32,A33,A10,A11,A13,A14,A19,A24,A25,A31,A34",Open source page; verify exact current statement/status and nearest prior; identify finite frontier or weakest sufficient lemma; run statement audit before compute.
1101,https://www.erdosproblems.com/1101,open,2025-10-19,71,C,no,0,yes,2025-12-26,N/A,number theory,"A32,A33,A10,A11,A13,A14,A19,A24,A25,A31,A34",Open source page; verify exact current statement/status and nearest prior; identify finite frontier or weakest sufficient lemma; run statement audit before compute.
1106,https://www.erdosproblems.com/1106,open,2025-11-17,71,C,no,0,yes,2025-12-10,A194259;A194260,number theory,"A32,A33,A10,A11,A13,A14,A19,A24,A25,A31,A34",Open source page; verify exact current statement/status and nearest prior; identify finite frontier or weakest sufficient lemma; run statement audit before compute.
1107,https://www.erdosproblems.com/1107,open,2025-11-17,71,C,no,0,yes,2025-12-04,A056828;A392342;A392343;possible,number theory;powerful,"A32,A33,A10,A11,A13,A14,A19,A24,A25,A31,A34",Open source page; verify exact current statement/status and nearest prior; identify finite frontier or weakest sufficient lemma; run statement audit before compute.
1137,https://www.erdosproblems.com/1137,open,2026-01-23,71,C,no,0,yes,2026-01-26,A083550;A005250,number theory;primes,"A32,A33,A10,A11,A13,A14,A19,A24,A25,A31,A34",Open source page; verify exact current statement/status and nearest prior; identify finite frontier or weakest sufficient lemma; run statement audit before compute.
1139,https://www.erdosproblems.com/1139,open,2026-01-23,71,C,no,0,yes,2026-01-28,A037143;A101041,number theory;primes,"A32,A33,A10,A11,A13,A14,A19,A24,A25,A31,A34",Open source page; verify exact current statement/status and nearest prior; identify finite frontier or weakest sufficient lemma; run statement audit before compute.
1142,https://www.erdosproblems.com/1142,open,2026-01-23,71,C,no,0,yes,2026-02-23,A039669,number theory;primes,"A32,A33,A10,A11,A13,A14,A19,A24,A25,A31,A34",Open source page; verify exact current statement/status and nearest prior; identify finite frontier or weakest sufficient lemma; run statement audit before compute.
1146,https://www.erdosproblems.com/1146,open,2026-01-23,71,C,no,0,yes,2026-06-08,possible,number theory,"A32,A33,A10,A11,A13,A14,A19,A24,A25,A31,A34",Open source page; verify exact current statement/status and nearest prior; identify finite frontier or weakest sufficient lemma; run statement audit before compute.
1201,https://www.erdosproblems.com/1201,open,2026-04-04,71,C,no,0,yes,2026-06-07,possible,number theory;primes,"A32,A33,A10,A11,A13,A14,A19,A24,A25,A31,A34",Open source page; verify exact current statement/status and nearest prior; identify finite frontier or weakest sufficient lemma; run statement audit before compute.
1203,https://www.erdosproblems.com/1203,open,2026-04-04,71,C,no,0,yes,2026-05-12,possible,number theory,"A32,A33,A10,A11,A13,A14,A19,A24,A25,A31,A34",Open source page; verify exact current statement/status and nearest prior; identify finite frontier or weakest sufficient lemma; run statement audit before compute.
1209,https://www.erdosproblems.com/1209,open,2026-04-04,71,C,no,0,yes,2026-06-07,possible,number theory,"A32,A33,A10,A11,A13,A14,A19,A24,A25,A31,A34",Open source page; verify exact current statement/status and nearest prior; identify finite frontier or weakest sufficient lemma; run statement audit before compute.
1210,https://www.erdosproblems.com/1210,open,2026-04-04,71,C,no,0,yes,2026-05-03,possible,number theory,"A32,A33,A10,A11,A13,A14,A19,A24,A25,A31,A34",Open source page; verify exact current statement/status and nearest prior; identify finite frontier or weakest sufficient lemma; run statement audit before compute.
1212,https://www.erdosproblems.com/1212,open,2026-04-04,71,C,no,0,yes,2026-06-24,possible,number theory;primes,"A32,A33,A10,A11,A13,A14,A19,A24,A25,A31,A34",Open source page; verify exact current statement/status and nearest prior; identify finite frontier or weakest sufficient lemma; run statement audit before compute.
598,https://www.erdosproblems.com/598,open,2025-08-31,70,C,no,0,yes,2025-11-27,N/A,set theory;ramsey theory,"A32,A33,A01,A02,A05,A15,A21,A26,A20,A25,A31,A34",Open source page; verify exact current statement/status and nearest prior; identify finite frontier or weakest sufficient lemma; run statement audit before compute.
1175,https://www.erdosproblems.com/1175,open,2026-01-23,70,C,no,0,yes,2026-05-26,N/A,set theory;chromatic number,"A32,A33,A01,A02,A05,A15,A21,A26,A20,A25,A31,A34",Open source page; verify exact current statement/status and nearest prior; identify finite frontier or weakest sufficient lemma; run statement audit before compute.
509,https://www.erdosproblems.com/509,open,2025-08-31,69,C,no,0,yes,2025-08-31,N/A,analysis,"A32,A33,A25,A31,A34",Open source page; verify exact current statement/status and nearest prior; identify finite frontier or weakest sufficient lemma; run statement audit before compute.
510,https://www.erdosproblems.com/510,open,2025-08-31,69,C,no,0,yes,2025-11-12,N/A,analysis,"A32,A33,A25,A31,A34",Open source page; verify exact current statement/status and nearest prior; identify finite frontier or weakest sufficient lemma; run statement audit before compute.
513,https://www.erdosproblems.com/513,open,2025-08-31,69,C,no,0,yes,2026-01-01,N/A,analysis,"A32,A33,A25,A31,A34",Open source page; verify exact current statement/status and nearest prior; identify finite frontier or weakest sufficient lemma; run statement audit before compute.
517,https://www.erdosproblems.com/517,open,2025-08-31,69,C,no,0,yes,2025-12-29,N/A,analysis,"A32,A33,A25,A31,A34",Open source page; verify exact current statement/status and nearest prior; identify finite frontier or weakest sufficient lemma; run statement audit before compute.
522,https://www.erdosproblems.com/522,open,2025-12-08,69,C,no,0,yes,2025-08-31,N/A,analysis;polynomials;probability,"A32,A33,A25,A31,A34",Open source page; verify exact current statement/status and nearest prior; identify finite frontier or weakest sufficient lemma; run statement audit before compute.
906,https://www.erdosproblems.com/906,open,2025-08-31,69,C,no,0,yes,2026-01-02,N/A,analysis;iterated functions,"A32,A33,A25,A31,A34",Open source page; verify exact current statement/status and nearest prior; identify finite frontier or weakest sufficient lemma; run statement audit before compute.
973,https://www.erdosproblems.com/973,open,2025-08-31,69,C,no,0,yes,2026-06-07,N/A,analysis,"A32,A33,A25,A31,A34",Open source page; verify exact current statement/status and nearest prior; identify finite frontier or weakest sufficient lemma; run statement audit before compute.
996,https://www.erdosproblems.com/996,open,2025-09-07,69,C,no,0,yes,2025-12-22,N/A,analysis,"A32,A33,A25,A31,A34",Open source page; verify exact current statement/status and nearest prior; identify finite frontier or weakest sufficient lemma; run statement audit before compute.
1002,https://www.erdosproblems.com/1002,open,2025-09-07,69,C,no,0,yes,2026-04-28,N/A,analysis;diophantine approximation,"A32,A33,A25,A31,A34",Open source page; verify exact current statement/status and nearest prior; identify finite frontier or weakest sufficient lemma; run statement audit before compute.
1038,https://www.erdosproblems.com/1038,open,2025-09-15,69,C,no,0,yes,2025-12-31,N/A,analysis,"A32,A33,A25,A31,A34",Open source page; verify exact current statement/status and nearest prior; identify finite frontier or weakest sufficient lemma; run statement audit before compute.
1133,https://www.erdosproblems.com/1133,open,2026-01-01,69,C,no,0,yes,2026-06-08,N/A,analysis;polynomials,"A32,A33,A25,A31,A34",Open source page; verify exact current statement/status and nearest prior; identify finite frontier or weakest sufficient lemma; run statement audit before compute.
1150,https://www.erdosproblems.com/1150,open,2026-01-23,69,C,no,0,yes,2026-02-06,N/A,analysis;polynomials,"A32,A33,A25,A31,A34",Open source page; verify exact current statement/status and nearest prior; identify finite frontier or weakest sufficient lemma; run statement audit before compute.
80,https://www.erdosproblems.com/80,open,2025-08-31,68,C,no,0,no,2025-08-31,N/A,graph theory;ramsey theory,"A32,A33,A01,A02,A05,A15,A21,A26,A34",Open source page; verify exact current statement/status and nearest prior; identify finite frontier or weakest sufficient lemma; run statement audit before compute.
86,https://www.erdosproblems.com/86,open,2025-08-31,68,C,$100,100,no,2025-08-31,A245762,graph theory,"A32,A33,A01,A02,A05,A15,A21,A26,A34",Open source page; verify exact current statement/status and nearest prior; identify finite frontier or weakest sufficient lemma; run statement audit before compute.
87,https://www.erdosproblems.com/87,open,2025-08-31,68,C,no,0,no,2025-08-31,A059442;possible,graph theory;ramsey theory,"A32,A33,A01,A02,A05,A15,A21,A26,A34",Open source page; verify exact current statement/status and nearest prior; identify finite frontier or weakest sufficient lemma; run statement audit before compute.
104,https://www.erdosproblems.com/104,open,2025-08-31,68,C,$100,100,no,2025-08-31,A003829,geometry,"A32,A33,A12,A15,A16,A17,A23,A34",Open source page; verify exact current statement/status and nearest prior; identify finite frontier or weakest sufficient lemma; run statement audit before compute.
112,https://www.erdosproblems.com/112,open,2025-08-31,68,C,no,0,no,2025-08-31,possible,graph theory;ramsey theory,"A32,A33,A01,A02,A05,A15,A21,A26,A34",Open source page; verify exact current statement/status and nearest prior; identify finite frontier or weakest sufficient lemma; run statement audit before compute.
129,https://www.erdosproblems.com/129,open,2025-08-31,68,C,no,0,no,2025-08-31,possible,graph theory;ramsey theory,"A32,A33,A01,A02,A05,A15,A21,A26,A34",Open source page; verify exact current statement/status and nearest prior; identify finite frontier or weakest sufficient lemma; run statement audit before compute.
130,https://www.erdosproblems.com/130,open,2025-08-31,68,C,no,0,no,2025-08-31,N/A,graph theory;chromatic number,"A32,A33,A01,A02,A05,A15,A21,A26,A34",Open source page; verify exact current statement/status and nearest prior; identify finite frontier or weakest sufficient lemma; run statement audit before compute.
146,https://www.erdosproblems.com/146,open,2025-08-31,68,C,$500,500,no,2025-08-31,N/A,graph theory;turan number,"A32,A33,A01,A02,A05,A15,A21,A26,A34",Open source page; verify exact current statement/status and nearest prior; identify finite frontier or weakest sufficient lemma; run statement audit before compute.
159,https://www.erdosproblems.com/159,open,2025-08-31,68,C,no,0,no,2025-08-31,possible,graph theory;ramsey theory,"A32,A33,A01,A02,A05,A15,A21,A26,A34",Open source page; verify exact current statement/status and nearest prior; identify finite frontier or weakest sufficient lemma; run statement audit before compute.
161,https://www.erdosproblems.com/161,open,2025-08-31,68,C,$500,500,no,2025-08-31,N/A,combinatorics;ramsey theory;discrepancy,"A32,A33,A01,A02,A05,A15,A21,A26,A34",Open source page; verify exact current statement/status and nearest prior; identify finite frontier or weakest sufficient lemma; run statement audit before compute.
173,https://www.erdosproblems.com/173,open,2025-08-31,68,C,no,0,no,2025-08-31,N/A,geometry;ramsey theory,"A32,A33,A01,A02,A05,A15,A21,A26,A12,A16,A17,A23,A34",Open source page; verify exact current statement/status and nearest prior; identify finite frontier or weakest sufficient lemma; run statement audit before compute.
174,https://www.erdosproblems.com/174,open,2025-08-31,68,C,no,0,no,2025-08-31,N/A,geometry;ramsey theory,"A32,A33,A01,A02,A05,A15,A21,A26,A12,A16,A17,A23,A34",Open source page; verify exact current statement/status and nearest prior; identify finite frontier or weakest sufficient lemma; run statement audit before compute.
181,https://www.erdosproblems.com/181,open,2025-08-31,68,C,no,0,no,2025-08-31,possible,graph theory;ramsey theory,"A32,A33,A01,A02,A05,A15,A21,A26,A34",Open source page; verify exact current statement/status and nearest prior; identify finite frontier or weakest sufficient lemma; run statement audit before compute.
187,https://www.erdosproblems.com/187,open,2025-08-31,68,C,no,0,no,2025-08-31,N/A,additive combinatorics;ramsey theory,"A32,A33,A01,A02,A05,A15,A21,A26,A09,A14,A18,A22,A23,A34",Open source page; verify exact current statement/status and nearest prior; identify finite frontier or weakest sufficient lemma; run statement audit before compute.
483,https://www.erdosproblems.com/483,open,2025-08-31,68,C,no,0,no,2025-08-31,A030126,number theory;additive combinatorics;ramsey theory,"A32,A33,A01,A02,A05,A15,A21,A26,A10,A11,A13,A14,A19,A24,A09,A18,A22,A23,A34",Open source page; verify exact current statement/status and nearest prior; identify finite frontier or weakest sufficient lemma; run statement audit before compute.
544,https://www.erdosproblems.com/544,open,2025-08-31,68,C,no,0,no,2025-08-31,A000791,graph theory;ramsey theory,"A32,A33,A01,A02,A05,A15,A21,A26,A34",Open source page; verify exact current statement/status and nearest prior; identify finite frontier or weakest sufficient lemma; run statement audit before compute.
545,https://www.erdosproblems.com/545,open,2025-12-02,68,C,no,0,no,2025-08-31,A059442;possible,graph theory;ramsey theory,"A32,A33,A01,A02,A05,A15,A21,A26,A34",Open source page; verify exact current statement/status and nearest prior; identify finite frontier or weakest sufficient lemma; run statement audit before compute.
550,https://www.erdosproblems.com/550,open,2025-08-31,68,C,no,0,no,2025-08-31,N/A,graph theory;ramsey theory,"A32,A33,A01,A02,A05,A15,A21,A26,A34",Open source page; verify exact current statement/status and nearest prior; identify finite frontier or weakest sufficient lemma; run statement audit before compute.
552,https://www.erdosproblems.com/552,open,2025-08-31,68,C,no,0,no,2025-08-31,A006672,graph theory;ramsey theory,"A32,A33,A01,A02,A05,A15,A21,A26,A34",Open source page; verify exact current statement/status and nearest prior; identify finite frontier or weakest sufficient lemma; run statement audit before compute.
554,https://www.erdosproblems.com/554,open,2025-08-31,68,C,no,0,no,2025-08-31,possible,graph theory;ramsey theory,"A32,A33,A01,A02,A05,A15,A21,A26,A34",Open source page; verify exact current statement/status and nearest prior; identify finite frontier or weakest sufficient lemma; run statement audit before compute.
555,https://www.erdosproblems.com/555,open,2025-08-31,68,C,no,0,no,2025-08-31,A389313;possible,graph theory;ramsey theory,"A32,A33,A01,A02,A05,A15,A21,A26,A34",Open source page; verify exact current statement/status and nearest prior; identify finite frontier or weakest sufficient lemma; run statement audit before compute.
557,https://www.erdosproblems.com/557,open,2025-08-31,68,C,no,0,no,2025-08-31,N/A,graph theory;ramsey theory,"A32,A33,A01,A02,A05,A15,A21,A26,A34",Open source page; verify exact current statement/status and nearest prior; identify finite frontier or weakest sufficient lemma; run statement audit before compute.
558,https://www.erdosproblems.com/558,open,2025-08-31,68,C,no,0,no,2025-08-31,possible,graph theory;ramsey theory,"A32,A33,A01,A02,A05,A15,A21,A26,A34",Open source page; verify exact current statement/status and nearest prior; identify finite frontier or weakest sufficient lemma; run statement audit before compute.
560,https://www.erdosproblems.com/560,open,2025-08-31,68,C,no,0,no,2025-08-31,possible,graph theory;ramsey theory,"A32,A33,A01,A02,A05,A15,A21,A26,A34",Open source page; verify exact current statement/status and nearest prior; identify finite frontier or weakest sufficient lemma; run statement audit before compute.
561,https://www.erdosproblems.com/561,open,2025-08-31,68,C,no,0,no,2025-08-31,N/A,graph theory;ramsey theory,"A32,A33,A01,A02,A05,A15,A21,A26,A34",Open source page; verify exact current statement/status and nearest prior; identify finite frontier or weakest sufficient lemma; run statement audit before compute.
568,https://www.erdosproblems.com/568,open,2025-08-31,68,C,no,0,no,2025-08-31,N/A,graph theory;ramsey theory,"A32,A33,A01,A02,A05,A15,A21,A26,A34",Open source page; verify exact current statement/status and nearest prior; identify finite frontier or weakest sufficient lemma; run statement audit before compute.
569,https://www.erdosproblems.com/569,open,2025-08-31,68,C,no,0,no,2025-08-31,N/A,graph theory;ramsey theory,"A32,A33,A01,A02,A05,A15,A21,A26,A34",Open source page; verify exact current statement/status and nearest prior; identify finite frontier or weakest sufficient lemma; run statement audit before compute.
588,https://www.erdosproblems.com/588,open,2025-08-31,68,C,$100,100,no,2025-08-31,A006065;A008997,geometry,"A32,A33,A12,A15,A16,A17,A23,A34",Open source page; verify exact current statement/status and nearest prior; identify finite frontier or weakest sufficient lemma; run statement audit before compute.
604,https://www.erdosproblems.com/604,open,2025-08-31,68,C,$500,500,no,2025-08-31,possible,geometry;distances,"A32,A33,A12,A15,A16,A17,A23,A34",Open source page; verify exact current statement/status and nearest prior; identify finite frontier or weakest sufficient lemma; run statement audit before compute.
609,https://www.erdosproblems.com/609,open,2025-08-31,68,C,no,0,no,2025-08-31,possible,graph theory;ramsey theory,"A32,A33,A01,A02,A05,A15,A21,A26,A34",Open source page; verify exact current statement/status and nearest prior; identify finite frontier or weakest sufficient lemma; run statement audit before compute.
626,https://www.erdosproblems.com/626,open,2025-08-31,68,C,no,0,no,2025-08-31,possible,graph theory;chromatic number;cycles,"A32,A33,A01,A02,A05,A15,A21,A26,A34",Open source page; verify exact current statement/status and nearest prior; identify finite frontier or weakest sufficient lemma; run statement audit before compute.
627,https://www.erdosproblems.com/627,open,2025-08-31,68,C,no,0,no,2025-08-31,possible,graph theory;chromatic number,"A32,A33,A01,A02,A05,A15,A21,A26,A34",Open source page; verify exact current statement/status and nearest prior; identify finite frontier or weakest sufficient lemma; run statement audit before compute.
629,https://www.erdosproblems.com/629,open,2025-08-31,68,C,no,0,no,2025-08-31,possible,graph theory;chromatic number,"A32,A33,A01,A02,A05,A15,A21,A26,A34",Open source page; verify exact current statement/status and nearest prior; identify finite frontier or weakest sufficient lemma; run statement audit before compute.
634,https://www.erdosproblems.com/634,open,2025-08-31,68,C,$25,25,no,2025-08-31,possible,geometry,"A32,A33,A12,A15,A16,A17,A23,A34",Open source page; verify exact current statement/status and nearest prior; identify finite frontier or weakest sufficient lemma; run statement audit before compute.
638,https://www.erdosproblems.com/638,open,2025-08-31,68,C,no,0,no,2025-08-31,N/A,graph theory;ramsey theory,"A32,A33,A01,A02,A05,A15,A21,A26,A34",Open source page; verify exact current statement/status and nearest prior; identify finite frontier or weakest sufficient lemma; run statement audit before compute.
640,https://www.erdosproblems.com/640,open,2025-08-31,68,C,no,0,no,2025-08-31,N/A,graph theory;chromatic number,"A32,A33,A01,A02,A05,A15,A21,A26,A34",Open source page; verify exact current statement/status and nearest prior; identify finite frontier or weakest sufficient lemma; run statement audit before compute.
643,https://www.erdosproblems.com/643,open,2025-08-31,68,C,no,0,no,2025-08-31,possible,graph theory;hypergraphs,"A32,A33,A01,A02,A05,A15,A21,A26,A34",Open source page; verify exact current statement/status and nearest prior; identify finite frontier or weakest sufficient lemma; run statement audit before compute.
661,https://www.erdosproblems.com/661,open,2025-08-31,68,C,$50,50,no,2025-08-31,possible,geometry;distances,"A32,A33,A12,A15,A16,A17,A23,A34",Open source page; verify exact current statement/status and nearest prior; identify finite frontier or weakest sufficient lemma; run statement audit before compute.
667,https://www.erdosproblems.com/667,open,2025-08-31,68,C,no,0,no,2025-08-31,N/A,graph theory;ramsey theory,"A32,A33,A01,A02,A05,A15,A21,A26,A34",Open source page; verify exact current statement/status and nearest prior; identify finite frontier or weakest sufficient lemma; run statement audit before compute.
706,https://www.erdosproblems.com/706,open,2025-08-31,68,C,no,0,no,2025-08-31,possible,graph theory;chromatic number,"A32,A33,A01,A02,A05,A15,A21,A26,A34",Open source page; verify exact current statement/status and nearest prior; identify finite frontier or weakest sufficient lemma; run statement audit before compute.
713,https://www.erdosproblems.com/713,open,2025-08-31,68,C,$500,500,no,2025-08-31,N/A,graph theory;turan number,"A32,A33,A01,A02,A05,A15,A21,A26,A34",Open source page; verify exact current statement/status and nearest prior; identify finite frontier or weakest sufficient lemma; run statement audit before compute.
719,https://www.erdosproblems.com/719,open,2025-08-31,68,C,no,0,no,2025-08-31,possible,graph theory;hypergraphs,"A32,A33,A01,A02,A05,A15,A21,A26,A34",Open source page; verify exact current statement/status and nearest prior; identify finite frontier or weakest sufficient lemma; run statement audit before compute.
738,https://www.erdosproblems.com/738,open,2025-08-31,68,C,no,0,no,2025-08-31,N/A,graph theory;chromatic number,"A32,A33,A01,A02,A05,A15,A21,A26,A34",Open source page; verify exact current statement/status and nearest prior; identify finite frontier or weakest sufficient lemma; run statement audit before compute.
761,https://www.erdosproblems.com/761,open,2025-08-31,68,C,no,0,no,2025-08-31,N/A,graph theory;chromatic number,"A32,A33,A01,A02,A05,A15,A21,A26,A34",Open source page; verify exact current statement/status and nearest prior; identify finite frontier or weakest sufficient lemma; run statement audit before compute.
809,https://www.erdosproblems.com/809,open,2025-08-31,68,C,no,0,no,2025-08-31,possible,graph theory;ramsey theory,"A32,A33,A01,A02,A05,A15,A21,A26,A34",Open source page; verify exact current statement/status and nearest prior; identify finite frontier or weakest sufficient lemma; run statement audit before compute.
810,https://www.erdosproblems.com/810,open,2025-08-31,68,C,no,0,no,2025-08-31,possible,graph theory;ramsey theory,"A32,A33,A01,A02,A05,A15,A21,A26,A34",Open source page; verify exact current statement/status and nearest prior; identify finite frontier or weakest sufficient lemma; run statement audit before compute.
811,https://www.erdosproblems.com/811,open,2025-08-31,68,C,no,0,no,2025-08-31,possible,graph theory;ramsey theory,"A32,A33,A01,A02,A05,A15,A21,A26,A34",Open source page; verify exact current statement/status and nearest prior; identify finite frontier or weakest sufficient lemma; run statement audit before compute.
837,https://www.erdosproblems.com/837,open,2025-08-31,68,C,no,0,no,2025-08-31,N/A,graph theory;hypergraphs,"A32,A33,A01,A02,A05,A15,A21,A26,A34",Open source page; verify exact current statement/status and nearest prior; identify finite frontier or weakest sufficient lemma; run statement audit before compute.
840,https://www.erdosproblems.com/840,open,2025-08-31,68,C,no,0,no,2025-08-31,N/A,additive combinatorics;sidon sets,"A32,A33,A09,A14,A18,A22,A23,A34",Open source page; verify exact current statement/status and nearest prior; identify finite frontier or weakest sufficient lemma; run statement audit before compute.
864,https://www.erdosproblems.com/864,open,2025-08-31,68,C,no,0,no,2025-08-31,A389182,number theory;sidon sets;additive combinatorics,"A32,A33,A10,A11,A13,A14,A19,A24,A09,A18,A22,A23,A34",Open source page; verify exact current statement/status and nearest prior; identify finite frontier or weakest sufficient lemma; run statement audit before compute.
911,https://www.erdosproblems.com/911,open,2025-08-31,68,C,no,0,no,2025-08-31,N/A,graph theory;ramsey theory,"A32,A33,A01,A02,A05,A15,A21,A26,A34",Open source page; verify exact current statement/status and nearest prior; identify finite frontier or weakest sufficient lemma; run statement audit before compute.
917,https://www.erdosproblems.com/917,open,2025-08-31,68,C,no,0,no,2025-08-31,N/A,graph theory;chromatic number,"A32,A33,A01,A02,A05,A15,A21,A26,A34",Open source page; verify exact current statement/status and nearest prior; identify finite frontier or weakest sufficient lemma; run statement audit before compute.
919,https://www.erdosproblems.com/919,open,2025-08-31,68,C,no,0,no,2025-08-31,N/A,graph theory;chromatic number,"A32,A33,A01,A02,A05,A15,A21,A26,A34",Open source page; verify exact current statement/status and nearest prior; identify finite frontier or weakest sufficient lemma; run statement audit before compute.
1030,https://www.erdosproblems.com/1030,open,2025-09-13,68,C,no,0,no,2025-09-10,A000791;A059442,graph theory;ramsey theory,"A32,A33,A01,A02,A05,A15,A21,A26,A34",Open source page; verify exact current statement/status and nearest prior; identify finite frontier or weakest sufficient lemma; run statement audit before compute.
1032,https://www.erdosproblems.com/1032,open,2025-09-13,68,C,no,0,no,2025-09-10,possible,graph theory;chromatic number,"A32,A33,A01,A02,A05,A15,A21,A26,A34",Open source page; verify exact current statement/status and nearest prior; identify finite frontier or weakest sufficient lemma; run statement audit before compute.
1156,https://www.erdosproblems.com/1156,open,2026-01-23,68,C,no,0,no,2026-01-23,N/A,graph theory;chromatic number,"A32,A33,A01,A02,A05,A15,A21,A26,A34",Open source page; verify exact current statement/status and nearest prior; identify finite frontier or weakest sufficient lemma; run statement audit before compute.
1178,https://www.erdosproblems.com/1178,open,2026-01-25,68,C,no,0,no,2026-01-25,N/A,graph theory;hypergraphs,"A32,A33,A01,A02,A05,A15,A21,A26,A34",Open source page; verify exact current statement/status and nearest prior; identify finite frontier or weakest sufficient lemma; run statement audit before compute.
1182,https://www.erdosproblems.com/1182,open,2026-03-07,68,C,no,0,no,2026-03-07,possible,graph theory;ramsey theory,"A32,A33,A01,A02,A05,A15,A21,A26,A34",Open source page; verify exact current statement/status and nearest prior; identify finite frontier or weakest sufficient lemma; run statement audit before compute.
1194,https://www.erdosproblems.com/1194,open,2026-04-04,68,C,no,0,no,2026-04-04,possible,additive combinatorics;additive basis;sidon sets,"A32,A33,A09,A14,A18,A22,A23,A34",Open source page; verify exact current statement/status and nearest prior; identify finite frontier or weakest sufficient lemma; run statement audit before compute.
501,https://www.erdosproblems.com/501,open,2025-08-31,67,C,no,0,yes,2026-05-11,N/A,combinatorics;set theory,"A32,A33,A20,A25,A31,A34",Open source page; verify exact current statement/status and nearest prior; identify finite frontier or weakest sufficient lemma; run statement audit before compute.
602,https://www.erdosproblems.com/602,open,2025-08-31,67,C,no,0,yes,2026-04-16,N/A,combinatorics;set theory,"A32,A33,A20,A25,A31,A34",Open source page; verify exact current statement/status and nearest prior; identify finite frontier or weakest sufficient lemma; run statement audit before compute.
623,https://www.erdosproblems.com/623,open,2025-08-31,67,C,no,0,yes,2025-11-12,N/A,set theory,"A32,A33,A20,A25,A31,A34",Open source page; verify exact current statement/status and nearest prior; identify finite frontier or weakest sufficient lemma; run statement audit before compute.
687,https://www.erdosproblems.com/687,open,2025-08-31,67,C,$1000,1000,no,2025-08-31,A048670;A058989,number theory,"A32,A33,A10,A11,A13,A14,A19,A24,A34",Open source page; verify exact current statement/status and nearest prior; identify finite frontier or weakest sufficient lemma; run statement audit before compute.
710,https://www.erdosproblems.com/710,open,2025-08-31,67,C,₹2000,2000,no,2025-08-31,A390246,number theory,"A32,A33,A10,A11,A13,A14,A19,A24,A34",Open source page; verify exact current statement/status and nearest prior; identify finite frontier or weakest sufficient lemma; run statement audit before compute.
711,https://www.erdosproblems.com/711,open,2025-08-31,67,C,₹1000,1000,no,2025-08-31,possible,number theory,"A32,A33,A10,A11,A13,A14,A19,A24,A34",Open source page; verify exact current statement/status and nearest prior; identify finite frontier or weakest sufficient lemma; run statement audit before compute.
1167,https://www.erdosproblems.com/1167,open,2026-01-23,67,C,no,0,yes,2026-05-25,N/A,set theory;probability,"A32,A33,A20,A25,A31,A34",Open source page; verify exact current statement/status and nearest prior; identify finite frontier or weakest sufficient lemma; run statement audit before compute.
60,https://www.erdosproblems.com/60,open,2025-08-31,65,C,no,0,no,2025-08-31,A006855,graph theory;cycles,"A32,A33,A01,A02,A05,A15,A21,A26,A34",Open source page; verify exact current statement/status and nearest prior; identify finite frontier or weakest sufficient lemma; run statement audit before compute.
62,https://www.erdosproblems.com/62,open,2025-08-31,65,C,no,0,no,2025-08-31,N/A,graph theory,"A32,A33,A01,A02,A05,A15,A21,A26,A34",Open source page; verify exact current statement/status and nearest prior; identify finite frontier or weakest sufficient lemma; run statement audit before compute.
65,https://www.erdosproblems.com/65,open,2025-08-31,65,C,no,0,no,2025-08-31,N/A,graph theory;cycles,"A32,A33,A01,A02,A05,A15,A21,A26,A34",Open source page; verify exact current statement/status and nearest prior; identify finite frontier or weakest sufficient lemma; run statement audit before compute.
81,https://www.erdosproblems.com/81,open,2025-08-31,65,C,no,0,no,2025-08-31,possible,graph theory,"A32,A33,A01,A02,A05,A15,A21,A26,A34",Open source page; verify exact current statement/status and nearest prior; identify finite frontier or weakest sufficient lemma; run statement audit before compute.
84,https://www.erdosproblems.com/84,open,2025-08-31,65,C,no,0,no,2025-08-31,possible,graph theory;cycles,"A32,A33,A01,A02,A05,A15,A21,A26,A34",Open source page; verify exact current statement/status and nearest prior; identify finite frontier or weakest sufficient lemma; run statement audit before compute.
102,https://www.erdosproblems.com/102,open,2025-08-31,65,C,no,0,no,2025-08-31,N/A,geometry,"A32,A33,A12,A15,A16,A17,A23,A34",Open source page; verify exact current statement/status and nearest prior; identify finite frontier or weakest sufficient lemma; run statement audit before compute.
103,https://www.erdosproblems.com/103,open,2025-08-31,65,C,no,0,no,2025-08-31,possible,geometry;distances,"A32,A33,A12,A15,A16,A17,A23,A34",Open source page; verify exact current statement/status and nearest prior; identify finite frontier or weakest sufficient lemma; run statement audit before compute.
117,https://www.erdosproblems.com/117,open,2025-08-31,65,C,no,0,no,2025-08-31,possible,group theory,"A32,A33,A34",Open source page; verify exact current statement/status and nearest prior; identify finite frontier or weakest sufficient lemma; run statement audit before compute.
132,https://www.erdosproblems.com/132,open,2025-08-31,65,C,$100,100,no,2025-08-31,N/A,distances,"A32,A33,A12,A15,A16,A17,A23,A34",Open source page; verify exact current statement/status and nearest prior; identify finite frontier or weakest sufficient lemma; run statement audit before compute.
148,https://www.erdosproblems.com/148,open,2025-08-31,65,C,no,0,no,2025-08-31,A076393;A006585,number theory;unit fractions,"A32,A33,A10,A11,A13,A14,A19,A24,A34",Open source page; verify exact current statement/status and nearest prior; identify finite frontier or weakest sufficient lemma; run statement audit before compute.
149,https://www.erdosproblems.com/149,open,2025-08-31,65,C,no,0,no,2025-08-31,N/A,graph theory,"A32,A33,A01,A02,A05,A15,A21,A26,A34",Open source page; verify exact current statement/status and nearest prior; identify finite frontier or weakest sufficient lemma; run statement audit before compute.
151,https://www.erdosproblems.com/151,open,2025-08-31,65,C,no,0,no,2025-08-31,possible,graph theory,"A32,A33,A01,A02,A05,A15,A21,A26,A34",Open source page; verify exact current statement/status and nearest prior; identify finite frontier or weakest sufficient lemma; run statement audit before compute.
162,https://www.erdosproblems.com/162,open,2025-08-31,65,C,no,0,no,2025-08-31,N/A,combinatorics;ramsey theory;discrepancy,"A32,A33,A01,A02,A05,A15,A21,A26,A34",Open source page; verify exact current statement/status and nearest prior; identify finite frontier or weakest sufficient lemma; run statement audit before compute.
169,https://www.erdosproblems.com/169,open,2025-08-31,65,C,no,0,no,2025-08-31,A005346,additive combinatorics;arithmetic progressions,"A32,A33,A09,A14,A18,A22,A23,A34",Open source page; verify exact current statement/status and nearest prior; identify finite frontier or weakest sufficient lemma; run statement audit before compute.
176,https://www.erdosproblems.com/176,open,2025-08-31,65,C,no,0,no,2025-08-31,possible,additive combinatorics;arithmetic progressions;discrepancy,"A32,A33,A09,A14,A18,A22,A23,A34",Open source page; verify exact current statement/status and nearest prior; identify finite frontier or weakest sufficient lemma; run statement audit before compute.
180,https://www.erdosproblems.com/180,open,2025-08-31,65,C,no,0,no,2025-08-31,N/A,graph theory;turan number,"A32,A33,A01,A02,A05,A15,A21,A26,A34",Open source page; verify exact current statement/status and nearest prior; identify finite frontier or weakest sufficient lemma; run statement audit before compute.
201,https://www.erdosproblems.com/201,open,2025-08-31,65,C,no,0,no,2025-08-31,A003002;A003003;A003004;A003005;possible,additive combinatorics;arithmetic progressions,"A32,A33,A09,A14,A18,A22,A23,A34",Open source page; verify exact current statement/status and nearest prior; identify finite frontier or weakest sufficient lemma; run statement audit before compute.
217,https://www.erdosproblems.com/217,open,2025-08-31,65,C,no,0,no,2025-08-31,possible,geometry;distances,"A32,A33,A12,A15,A16,A17,A23,A34",Open source page; verify exact current statement/status and nearest prior; identify finite frontier or weakest sufficient lemma; run statement audit before compute.
271,https://www.erdosproblems.com/271,open,2025-08-31,65,C,no,0,no,2025-08-31,A005487,additive combinatorics;arithmetic progressions,"A32,A33,A09,A14,A18,A22,A23,A34",Open source page; verify exact current statement/status and nearest prior; identify finite frontier or weakest sufficient lemma; run statement audit before compute.
278,https://www.erdosproblems.com/278,open,2025-08-31,65,C,no,0,no,2025-08-31,N/A,number theory;covering systems,"A32,A33,A10,A11,A13,A14,A19,A24,A34",Open source page; verify exact current statement/status and nearest prior; identify finite frontier or weakest sufficient lemma; run statement audit before compute.
293,https://www.erdosproblems.com/293,open,2025-08-31,65,C,no,0,no,2025-08-31,possible,number theory;unit fractions,"A32,A33,A10,A11,A13,A14,A19,A24,A34",Open source page; verify exact current statement/status and nearest prior; identify finite frontier or weakest sufficient lemma; run statement audit before compute.
301,https://www.erdosproblems.com/301,open,2025-08-31,65,C,no,0,no,2025-08-31,A390394,number theory;unit fractions,"A32,A33,A10,A11,A13,A14,A19,A24,A34",Open source page; verify exact current statement/status and nearest prior; identify finite frontier or weakest sufficient lemma; run statement audit before compute.
302,https://www.erdosproblems.com/302,open,2025-08-31,65,C,no,0,no,2025-08-31,A390395,number theory;unit fractions,"A32,A33,A10,A11,A13,A14,A19,A24,A34",Open source page; verify exact current statement/status and nearest prior; identify finite frontier or weakest sufficient lemma; run statement audit before compute.
311,https://www.erdosproblems.com/311,open,2025-08-31,65,C,no,0,no,2025-08-31,N/A,number theory;unit fractions,"A32,A33,A10,A11,A13,A14,A19,A24,A34",Open source page; verify exact current statement/status and nearest prior; identify finite frontier or weakest sufficient lemma; run statement audit before compute.
327,https://www.erdosproblems.com/327,open,2025-08-31,65,C,no,0,no,2025-08-31,A384927,number theory;unit fractions,"A32,A33,A10,A11,A13,A14,A19,A24,A34",Open source page; verify exact current statement/status and nearest prior; identify finite frontier or weakest sufficient lemma; run statement audit before compute.
335,https://www.erdosproblems.com/335,open,2025-08-31,65,C,no,0,no,2025-08-31,N/A,number theory;additive combinatorics,"A32,A33,A10,A11,A13,A14,A19,A24,A09,A18,A22,A23,A34",Open source page; verify exact current statement/status and nearest prior; identify finite frontier or weakest sufficient lemma; run statement audit before compute.
393,https://www.erdosproblems.com/393,open,2025-08-31,65,C,no,0,no,2025-08-31,A388302,number theory;factorials,"A32,A33,A10,A11,A13,A14,A19,A24,A34",Open source page; verify exact current statement/status and nearest prior; identify finite frontier or weakest sufficient lemma; run statement audit before compute.
404,https://www.erdosproblems.com/404,open,2025-08-31,65,C,no,0,no,2025-08-31,N/A,number theory;factorials,"A32,A33,A10,A11,A13,A14,A19,A24,A34",Open source page; verify exact current statement/status and nearest prior; identify finite frontier or weakest sufficient lemma; run statement audit before compute.
425,https://www.erdosproblems.com/425,open,2025-08-31,65,C,no,0,no,2025-08-31,possible,number theory;sidon sets,"A32,A33,A10,A11,A13,A14,A19,A24,A09,A18,A22,A23,A34",Open source page; verify exact current statement/status and nearest prior; identify finite frontier or weakest sufficient lemma; run statement audit before compute.
478,https://www.erdosproblems.com/478,open,2025-08-31,65,C,no,0,no,2025-08-31,A210184,number theory;factorials,"A32,A33,A10,A11,A13,A14,A19,A24,A34",Open source page; verify exact current statement/status and nearest prior; identify finite frontier or weakest sufficient lemma; run statement audit before compute.
528,https://www.erdosproblems.com/528,open,2025-08-31,65,C,no,0,no,2025-08-31,A387897;A156816,geometry,"A32,A33,A12,A15,A16,A17,A23,A34",Open source page; verify exact current statement/status and nearest prior; identify finite frontier or weakest sufficient lemma; run statement audit before compute.
529,https://www.erdosproblems.com/529,open,2025-08-31,65,C,no,0,no,2025-08-31,N/A,geometry;probability,"A32,A33,A12,A15,A16,A17,A23,A34",Open source page; verify exact current statement/status and nearest prior; identify finite frontier or weakest sufficient lemma; run statement audit before compute.
530,https://www.erdosproblems.com/530,open,2025-08-31,65,C,no,0,no,2025-08-31,A143824;possible,number theory;sidon sets,"A32,A33,A10,A11,A13,A14,A19,A24,A09,A18,A22,A23,A34",Open source page; verify exact current statement/status and nearest prior; identify finite frontier or weakest sufficient lemma; run statement audit before compute.
531,https://www.erdosproblems.com/531,open,2025-08-31,65,C,no,0,no,2025-08-31,possible,number theory;ramsey theory,"A32,A33,A01,A02,A05,A15,A21,A26,A10,A11,A13,A14,A19,A24,A34",Open source page; verify exact current statement/status and nearest prior; identify finite frontier or weakest sufficient lemma; run statement audit before compute.
571,https://www.erdosproblems.com/571,open,2025-08-31,65,C,no,0,no,2025-08-31,N/A,graph theory;turan number,"A32,A33,A01,A02,A05,A15,A21,A26,A34",Open source page; verify exact current statement/status and nearest prior; identify finite frontier or weakest sufficient lemma; run statement audit before compute.
572,https://www.erdosproblems.com/572,open,2025-08-31,65,C,no,0,no,2025-08-31,possible,graph theory;turan number,"A32,A33,A01,A02,A05,A15,A21,A26,A34",Open source page; verify exact current statement/status and nearest prior; identify finite frontier or weakest sufficient lemma; run statement audit before compute.
573,https://www.erdosproblems.com/573,open,2025-08-31,65,C,no,0,no,2025-08-31,A006856,graph theory;turan number,"A32,A33,A01,A02,A05,A15,A21,A26,A34",Open source page; verify exact current statement/status and nearest prior; identify finite frontier or weakest sufficient lemma; run statement audit before compute.
575,https://www.erdosproblems.com/575,open,2025-08-31,65,C,no,0,no,2025-08-31,N/A,graph theory;turan number,"A32,A33,A01,A02,A05,A15,A21,A26,A34",Open source page; verify exact current statement/status and nearest prior; identify finite frontier or weakest sufficient lemma; run statement audit before compute.
576,https://www.erdosproblems.com/576,open,2025-08-31,65,C,no,0,no,2025-08-31,possible,graph theory;turan number,"A32,A33,A01,A02,A05,A15,A21,A26,A34",Open source page; verify exact current statement/status and nearest prior; identify finite frontier or weakest sufficient lemma; run statement audit before compute.
584,https://www.erdosproblems.com/584,open,2025-08-31,65,C,no,0,no,2025-08-31,N/A,graph theory;cycles,"A32,A33,A01,A02,A05,A15,A21,A26,A34",Open source page; verify exact current statement/status and nearest prior; identify finite frontier or weakest sufficient lemma; run statement audit before compute.
585,https://www.erdosproblems.com/585,open,2025-08-31,65,C,no,0,no,2025-08-31,possible,graph theory;cycles,"A32,A33,A01,A02,A05,A15,A21,A26,A34",Open source page; verify exact current statement/status and nearest prior; identify finite frontier or weakest sufficient lemma; run statement audit before compute.
589,https://www.erdosproblems.com/589,open,2025-08-31,65,C,no,0,no,2025-08-31,possible,geometry,"A32,A33,A12,A15,A16,A17,A23,A34",Open source page; verify exact current statement/status and nearest prior; identify finite frontier or weakest sufficient lemma; run statement audit before compute.
611,https://www.erdosproblems.com/611,open,2025-08-31,65,C,no,0,no,2025-08-31,N/A,graph theory,"A32,A33,A01,A02,A05,A15,A21,A26,A34",Open source page; verify exact current statement/status and nearest prior; identify finite frontier or weakest sufficient lemma; run statement audit before compute.
612,https://www.erdosproblems.com/612,open,2025-08-31,65,C,no,0,no,2025-08-31,N/A,graph theory,"A32,A33,A01,A02,A05,A15,A21,A26,A34",Open source page; verify exact current statement/status and nearest prior; identify finite frontier or weakest sufficient lemma; run statement audit before compute.
614,https://www.erdosproblems.com/614,open,2025-08-31,65,C,no,0,no,2025-08-31,possible,graph theory,"A32,A33,A01,A02,A05,A15,A21,A26,A34",Open source page; verify exact current statement/status and nearest prior; identify finite frontier or weakest sufficient lemma; run statement audit before compute.
616,https://www.erdosproblems.com/616,open,2025-08-31,65,C,no,0,no,2025-08-31,N/A,graph theory,"A32,A33,A01,A02,A05,A15,A21,A26,A34",Open source page; verify exact current statement/status and nearest prior; identify finite frontier or weakest sufficient lemma; run statement audit before compute.
620,https://www.erdosproblems.com/620,open,2025-08-31,65,C,no,0,no,2025-08-31,possible,graph theory,"A32,A33,A01,A02,A05,A15,A21,A26,A34",Open source page; verify exact current statement/status and nearest prior; identify finite frontier or weakest sufficient lemma; run statement audit before compute.
642,https://www.erdosproblems.com/642,open,2025-08-31,65,C,no,0,no,2025-08-31,possible,graph theory;cycles,"A32,A33,A01,A02,A05,A15,A21,A26,A34",Open source page; verify exact current statement/status and nearest prior; identify finite frontier or weakest sufficient lemma; run statement audit before compute.
654,https://www.erdosproblems.com/654,open,2025-08-31,65,C,no,0,no,2025-08-31,possible,geometry;distances,"A32,A33,A12,A15,A16,A17,A23,A34",Open source page; verify exact current statement/status and nearest prior; identify finite frontier or weakest sufficient lemma; run statement audit before compute.
657,https://www.erdosproblems.com/657,open,2025-08-31,65,C,no,0,no,2025-08-31,possible,geometry;distances,"A32,A33,A12,A15,A16,A17,A23,A34",Open source page; verify exact current statement/status and nearest prior; identify finite frontier or weakest sufficient lemma; run statement audit before compute.
660,https://www.erdosproblems.com/660,open,2025-08-31,65,C,no,0,no,2025-08-31,possible,geometry;distances;convex,"A32,A33,A12,A15,A16,A17,A23,A34",Open source page; verify exact current statement/status and nearest prior; identify finite frontier or weakest sufficient lemma; run statement audit before compute.
662,https://www.erdosproblems.com/662,open,2025-08-31,65,C,no,0,no,2025-08-31,N/A,geometry;distances,"A32,A33,A12,A15,A16,A17,A23,A34",Open source page; verify exact current statement/status and nearest prior; identify finite frontier or weakest sufficient lemma; run statement audit before compute.
668,https://www.erdosproblems.com/668,open,2025-08-31,65,C,no,0,no,2025-08-31,A385657,geometry;distances,"A32,A33,A12,A15,A16,A17,A23,A34",Open source page; verify exact current statement/status and nearest prior; identify finite frontier or weakest sufficient lemma; run statement audit before compute.
669,https://www.erdosproblems.com/669,open,2025-08-31,65,C,no,0,no,2025-08-31,A003035;A006065;A008997;possible,geometry,"A32,A33,A12,A15,A16,A17,A23,A34",Open source page; verify exact current statement/status and nearest prior; identify finite frontier or weakest sufficient lemma; run statement audit before compute.
670,https://www.erdosproblems.com/670,open,2026-04-16,65,C,no,0,no,2025-08-31,N/A,geometry;distances,"A32,A33,A12,A15,A16,A17,A23,A34",Open source page; verify exact current statement/status and nearest prior; identify finite frontier or weakest sufficient lemma; run statement audit before compute.
684,https://www.erdosproblems.com/684,open,2025-08-31,65,C,no,0,no,2025-08-31,A392019;possible,number theory;primes;binomial coefficients,"A32,A33,A10,A11,A13,A14,A19,A24,A34",Open source page; verify exact current statement/status and nearest prior; identify finite frontier or weakest sufficient lemma; run statement audit before compute.
685,https://www.erdosproblems.com/685,open,2025-08-31,65,C,no,0,no,2025-08-31,N/A,number theory;primes;binomial coefficients,"A32,A33,A10,A11,A13,A14,A19,A24,A34",Open source page; verify exact current statement/status and nearest prior; identify finite frontier or weakest sufficient lemma; run statement audit before compute.
708,https://www.erdosproblems.com/708,open,2025-08-31,65,C,$100,100,no,2025-08-31,possible,number theory,"A32,A33,A10,A11,A13,A14,A19,A24,A34",Open source page; verify exact current statement/status and nearest prior; identify finite frontier or weakest sufficient lemma; run statement audit before compute.
714,https://www.erdosproblems.com/714,open,2025-08-31,65,C,no,0,no,2025-08-31,possible,graph theory;turan number,"A32,A33,A01,A02,A05,A15,A21,A26,A34",Open source page; verify exact current statement/status and nearest prior; identify finite frontier or weakest sufficient lemma; run statement audit before compute.
731,https://www.erdosproblems.com/731,open,2025-08-31,65,C,no,0,no,2025-08-31,A006197,number theory;binomial coefficients,"A32,A33,A10,A11,A13,A14,A19,A24,A34",Open source page; verify exact current statement/status and nearest prior; identify finite frontier or weakest sufficient lemma; run statement audit before compute.
766,https://www.erdosproblems.com/766,open,2025-08-31,65,C,no,0,no,2025-08-31,possible,graph theory;turan number,"A32,A33,A01,A02,A05,A15,A21,A26,A34",Open source page; verify exact current statement/status and nearest prior; identify finite frontier or weakest sufficient lemma; run statement audit before compute.
769,https://www.erdosproblems.com/769,open,2025-08-31,65,C,no,0,no,2025-08-31,A014544;possible,number theory;geometry,"A32,A33,A10,A11,A13,A14,A19,A24,A12,A15,A16,A17,A23,A34",Open source page; verify exact current statement/status and nearest prior; identify finite frontier or weakest sufficient lemma; run statement audit before compute.
773,https://www.erdosproblems.com/773,open,2025-08-31,65,C,no,0,no,2025-08-31,A390813,number theory;sidon sets;squares,"A32,A33,A10,A11,A13,A14,A19,A24,A09,A18,A22,A23,A34",Open source page; verify exact current statement/status and nearest prior; identify finite frontier or weakest sufficient lemma; run statement audit before compute.
778,https://www.erdosproblems.com/778,open,2025-08-31,65,C,no,0,no,2025-08-31,N/A,graph theory,"A32,A33,A01,A02,A05,A15,A21,A26,A34",Open source page; verify exact current statement/status and nearest prior; identify finite frontier or weakest sufficient lemma; run statement audit before compute.
787,https://www.erdosproblems.com/787,open,2025-08-31,65,C,no,0,no,2025-08-31,possible,additive combinatorics,"A32,A33,A09,A14,A18,A22,A23,A34",Open source page; verify exact current statement/status and nearest prior; identify finite frontier or weakest sufficient lemma; run statement audit before compute.
788,https://www.erdosproblems.com/788,open,2025-08-31,65,C,no,0,no,2025-08-31,possible,additive combinatorics,"A32,A33,A09,A14,A18,A22,A23,A34",Open source page; verify exact current statement/status and nearest prior; identify finite frontier or weakest sufficient lemma; run statement audit before compute.
790,https://www.erdosproblems.com/790,open,2025-08-31,65,C,no,0,no,2025-08-31,possible,additive combinatorics,"A32,A33,A09,A14,A18,A22,A23,A34",Open source page; verify exact current statement/status and nearest prior; identify finite frontier or weakest sufficient lemma; run statement audit before compute.
791,https://www.erdosproblems.com/791,open,2025-08-31,65,C,no,0,no,2025-08-31,A066063,additive combinatorics,"A32,A33,A09,A14,A18,A22,A23,A34",Open source page; verify exact current statement/status and nearest prior; identify finite frontier or weakest sufficient lemma; run statement audit before compute.
792,https://www.erdosproblems.com/792,open,2025-08-31,65,C,no,0,no,2025-08-31,possible,additive combinatorics,"A32,A33,A09,A14,A18,A22,A23,A34",Open source page; verify exact current statement/status and nearest prior; identify finite frontier or weakest sufficient lemma; run statement audit before compute.
802,https://www.erdosproblems.com/802,open,2025-08-31,65,C,no,0,no,2025-08-31,N/A,graph theory,"A32,A33,A01,A02,A05,A15,A21,A26,A34",Open source page; verify exact current statement/status and nearest prior; identify finite frontier or weakest sufficient lemma; run statement audit before compute.
805,https://www.erdosproblems.com/805,open,2025-08-31,65,C,no,0,no,2025-08-31,possible,graph theory,"A32,A33,A01,A02,A05,A15,A21,A26,A34",Open source page; verify exact current statement/status and nearest prior; identify finite frontier or weakest sufficient lemma; run statement audit before compute.
813,https://www.erdosproblems.com/813,open,2025-08-31,65,C,no,0,no,2025-08-31,possible,graph theory,"A32,A33,A01,A02,A05,A15,A21,A26,A34",Open source page; verify exact current statement/status and nearest prior; identify finite frontier or weakest sufficient lemma; run statement audit before compute.
819,https://www.erdosproblems.com/819,open,2025-08-31,65,C,no,0,no,2025-08-31,possible,additive combinatorics,"A32,A33,A09,A14,A18,A22,A23,A34",Open source page; verify exact current statement/status and nearest prior; identify finite frontier or weakest sufficient lemma; run statement audit before compute.
827,https://www.erdosproblems.com/827,open,2025-08-31,65,C,no,0,no,2025-08-31,possible,geometry,"A32,A33,A12,A15,A16,A17,A23,A34",Open source page; verify exact current statement/status and nearest prior; identify finite frontier or weakest sufficient lemma; run statement audit before compute.
831,https://www.erdosproblems.com/831,open,2025-08-31,65,C,no,0,no,2025-08-31,possible,geometry,"A32,A33,A12,A15,A16,A17,A23,A34",Open source page; verify exact current statement/status and nearest prior; identify finite frontier or weakest sufficient lemma; run statement audit before compute.
838,https://www.erdosproblems.com/838,open,2025-08-31,65,C,no,0,no,2025-08-31,possible,geometry;convex,"A32,A33,A12,A15,A16,A17,A23,A34",Open source page; verify exact current statement/status and nearest prior; identify finite frontier or weakest sufficient lemma; run statement audit before compute.
866,https://www.erdosproblems.com/866,open,2025-08-31,65,C,no,0,no,2025-08-31,possible,number theory;additive combinatorics,"A32,A33,A10,A11,A13,A14,A19,A24,A09,A18,A22,A23,A34",Open source page; verify exact current statement/status and nearest prior; identify finite frontier or weakest sufficient lemma; run statement audit before compute.
875,https://www.erdosproblems.com/875,open,2025-08-31,65,C,no,0,no,2025-08-31,N/A,additive combinatorics,"A32,A33,A09,A14,A18,A22,A23,A34",Open source page; verify exact current statement/status and nearest prior; identify finite frontier or weakest sufficient lemma; run statement audit before compute.
876,https://www.erdosproblems.com/876,open,2025-08-31,65,C,no,0,no,2025-08-31,N/A,additive combinatorics,"A32,A33,A09,A14,A18,A22,A23,A34",Open source page; verify exact current statement/status and nearest prior; identify finite frontier or weakest sufficient lemma; run statement audit before compute.
883,https://www.erdosproblems.com/883,open,2025-08-31,65,C,no,0,no,2025-08-31,N/A,number theory;graph theory,"A32,A33,A01,A02,A05,A15,A21,A26,A10,A11,A13,A14,A19,A24,A34",Open source page; verify exact current statement/status and nearest prior; identify finite frontier or weakest sufficient lemma; run statement audit before compute.
901,https://www.erdosproblems.com/901,open,2025-08-31,65,C,no,0,no,2025-08-31,possible,combinatorics;hypergraphs,"A32,A33,A01,A02,A05,A15,A21,A26,A34",Open source page; verify exact current statement/status and nearest prior; identify finite frontier or weakest sufficient lemma; run statement audit before compute.
902,https://www.erdosproblems.com/902,open,2025-08-31,65,C,no,0,no,2025-08-31,A362137,graph theory,"A32,A33,A01,A02,A05,A15,A21,A26,A34",Open source page; verify exact current statement/status and nearest prior; identify finite frontier or weakest sufficient lemma; run statement audit before compute.
934,https://www.erdosproblems.com/934,open,2025-08-31,65,C,no,0,no,2025-08-31,possible,graph theory,"A32,A33,A01,A02,A05,A15,A21,A26,A34",Open source page; verify exact current statement/status and nearest prior; identify finite frontier or weakest sufficient lemma; run statement audit before compute.
953,https://www.erdosproblems.com/953,open,2025-08-31,65,C,no,0,no,2025-08-31,N/A,geometry;distances,"A32,A33,A12,A15,A16,A17,A23,A34",Open source page; verify exact current statement/status and nearest prior; identify finite frontier or weakest sufficient lemma; run statement audit before compute.
956,https://www.erdosproblems.com/956,open,2025-08-31,65,C,no,0,no,2025-08-31,possible,geometry;distances;convex,"A32,A33,A12,A15,A16,A17,A23,A34",Open source page; verify exact current statement/status and nearest prior; identify finite frontier or weakest sufficient lemma; run statement audit before compute.
959,https://www.erdosproblems.com/959,open,2025-08-31,65,C,no,0,no,2025-08-31,N/A,geometry;distances,"A32,A33,A12,A15,A16,A17,A23,A34",Open source page; verify exact current statement/status and nearest prior; identify finite frontier or weakest sufficient lemma; run statement audit before compute.
1011,https://www.erdosproblems.com/1011,open,2025-09-10,65,C,no,0,no,2025-09-10,possible,graph theory,"A32,A33,A01,A02,A05,A15,A21,A26,A34",Open source page; verify exact current statement/status and nearest prior; identify finite frontier or weakest sufficient lemma; run statement audit before compute.
1013,https://www.erdosproblems.com/1013,open,2025-09-10,65,C,no,0,no,2025-09-10,A292528,graph theory,"A32,A33,A01,A02,A05,A15,A21,A26,A34",Open source page; verify exact current statement/status and nearest prior; identify finite frontier or weakest sufficient lemma; run statement audit before compute.
1016,https://www.erdosproblems.com/1016,open,2025-09-10,65,C,no,0,no,2025-09-10,A105206,graph theory;cycles,"A32,A33,A01,A02,A05,A15,A21,A26,A34",Open source page; verify exact current statement/status and nearest prior; identify finite frontier or weakest sufficient lemma; run statement audit before compute.
1017,https://www.erdosproblems.com/1017,open,2025-09-12,65,C,no,0,no,2025-09-10,possible,graph theory,"A32,A33,A01,A02,A05,A15,A21,A26,A34",Open source page; verify exact current statement/status and nearest prior; identify finite frontier or weakest sufficient lemma; run statement audit before compute.
1033,https://www.erdosproblems.com/1033,open,2025-12-12,65,C,no,0,no,2025-09-10,possible,graph theory,"A32,A33,A01,A02,A05,A15,A21,A26,A34",Open source page; verify exact current statement/status and nearest prior; identify finite frontier or weakest sufficient lemma; run statement audit before compute.
1035,https://www.erdosproblems.com/1035,open,2025-12-26,65,C,no,0,no,2025-09-10,possible,graph theory,"A32,A33,A01,A02,A05,A15,A21,A26,A34",Open source page; verify exact current statement/status and nearest prior; identify finite frontier or weakest sufficient lemma; run statement audit before compute.
1066,https://www.erdosproblems.com/1066,open,2025-10-01,65,C,no,0,no,2025-09-28,possible,graph theory;planar graphs,"A32,A33,A01,A02,A05,A15,A21,A26,A34",Open source page; verify exact current statement/status and nearest prior; identify finite frontier or weakest sufficient lemma; run statement audit before compute.
1070,https://www.erdosproblems.com/1070,open,2025-10-05,65,C,no,0,no,2025-09-28,possible,geometry,"A32,A33,A12,A15,A16,A17,A23,A34",Open source page; verify exact current statement/status and nearest prior; identify finite frontier or weakest sufficient lemma; run statement audit before compute.
1075,https://www.erdosproblems.com/1075,open,2025-10-05,65,C,no,0,no,2025-09-28,N/A,hypergraphs,"A32,A33,A01,A02,A05,A15,A21,A26,A34",Open source page; verify exact current statement/status and nearest prior; identify finite frontier or weakest sufficient lemma; run statement audit before compute.
1083,https://www.erdosproblems.com/1083,open,2025-10-17,65,C,no,0,no,2025-09-28,A186704;possible,geometry;distances,"A32,A33,A12,A15,A16,A17,A23,A34",Open source page; verify exact current statement/status and nearest prior; identify finite frontier or weakest sufficient lemma; run statement audit before compute.
1086,https://www.erdosproblems.com/1086,open,2025-10-17,65,C,no,0,no,2025-09-28,possible,geometry;distances,"A32,A33,A12,A15,A16,A17,A23,A34",Open source page; verify exact current statement/status and nearest prior; identify finite frontier or weakest sufficient lemma; run statement audit before compute.
1087,https://www.erdosproblems.com/1087,open,2025-10-17,65,C,no,0,no,2025-09-28,possible,geometry;distances,"A32,A33,A12,A15,A16,A17,A23,A34",Open source page; verify exact current statement/status and nearest prior; identify finite frontier or weakest sufficient lemma; run statement audit before compute.
1088,https://www.erdosproblems.com/1088,open,2025-10-17,65,C,no,0,no,2025-09-28,possible,geometry,"A32,A33,A12,A15,A16,A17,A23,A34",Open source page; verify exact current statement/status and nearest prior; identify finite frontier or weakest sufficient lemma; run statement audit before compute.
1111,https://www.erdosproblems.com/1111,open,2025-12-07,65,C,no,0,no,2025-09-28,possible,graph theory,"A32,A33,A01,A02,A05,A15,A21,A26,A34",Open source page; verify exact current statement/status and nearest prior; identify finite frontier or weakest sufficient lemma; run statement audit before compute.
1112,https://www.erdosproblems.com/1112,open,2025-12-28,65,C,no,0,no,2025-09-28,N/A,additive combinatorics,"A32,A33,A09,A14,A18,A22,A23,A34",Open source page; verify exact current statement/status and nearest prior; identify finite frontier or weakest sufficient lemma; run statement audit before compute.
1155,https://www.erdosproblems.com/1155,open,2026-01-23,65,C,no,0,no,2026-01-23,N/A,graph theory,"A32,A33,A01,A02,A05,A15,A21,A26,A34",Open source page; verify exact current statement/status and nearest prior; identify finite frontier or weakest sufficient lemma; run statement audit before compute.
1157,https://www.erdosproblems.com/1157,open,2026-01-23,65,C,no,0,no,2026-01-23,possible,hypergraphs;turan number,"A32,A33,A01,A02,A05,A15,A21,A26,A34",Open source page; verify exact current statement/status and nearest prior; identify finite frontier or weakest sufficient lemma; run statement audit before compute.
1158,https://www.erdosproblems.com/1158,open,2026-01-23,65,C,no,0,no,2026-01-23,possible,hypergraphs;turan number,"A32,A33,A01,A02,A05,A15,A21,A26,A34",Open source page; verify exact current statement/status and nearest prior; identify finite frontier or weakest sufficient lemma; run statement audit before compute.
1160,https://www.erdosproblems.com/1160,open,2026-01-23,65,C,no,0,no,2026-01-23,A000001,group theory,"A32,A33,A34",Open source page; verify exact current statement/status and nearest prior; identify finite frontier or weakest sufficient lemma; run statement audit before compute.
1162,https://www.erdosproblems.com/1162,open,2026-01-23,65,C,no,0,no,2026-01-23,possible,group theory,"A32,A33,A34",Open source page; verify exact current statement/status and nearest prior; identify finite frontier or weakest sufficient lemma; run statement audit before compute.
1163,https://www.erdosproblems.com/1163,open,2026-01-23,65,C,no,0,no,2026-01-23,N/A,group theory,"A32,A33,A34",Open source page; verify exact current statement/status and nearest prior; identify finite frontier or weakest sufficient lemma; run statement audit before compute.
1183,https://www.erdosproblems.com/1183,open,2026-03-07,65,C,no,0,no,2026-03-07,possible,combinatorics;ramsey theory,"A32,A33,A01,A02,A05,A15,A21,A26,A34",Open source page; verify exact current statement/status and nearest prior; identify finite frontier or weakest sufficient lemma; run statement audit before compute.
1186,https://www.erdosproblems.com/1186,open,2026-04-04,65,C,no,0,no,2026-04-04,possible,additive combinatorics;arithmetic progressions,"A32,A33,A09,A14,A18,A22,A23,A34",Open source page; verify exact current statement/status and nearest prior; identify finite frontier or weakest sufficient lemma; run statement audit before compute.
1188,https://www.erdosproblems.com/1188,open,2026-04-04,65,C,no,0,no,2026-04-04,possible,number theory;covering systems,"A32,A33,A10,A11,A13,A14,A19,A24,A34",Open source page; verify exact current statement/status and nearest prior; identify finite frontier or weakest sufficient lemma; run statement audit before compute.
1189,https://www.erdosproblems.com/1189,open,2026-04-04,65,C,no,0,no,2026-04-04,possible,number theory;covering systems,"A32,A33,A10,A11,A13,A14,A19,A24,A34",Open source page; verify exact current statement/status and nearest prior; identify finite frontier or weakest sufficient lemma; run statement audit before compute.
1206,https://www.erdosproblems.com/1206,open,2026-04-04,65,C,no,0,no,2026-04-04,possible,number theory;sidon sets,"A32,A33,A10,A11,A13,A14,A19,A24,A09,A18,A22,A23,A34",Open source page; verify exact current statement/status and nearest prior; identify finite frontier or weakest sufficient lemma; run statement audit before compute.
1207,https://www.erdosproblems.com/1207,open,2026-04-04,65,C,no,0,no,2026-04-04,possible,geometry;distances,"A32,A33,A12,A15,A16,A17,A23,A34",Open source page; verify exact current statement/status and nearest prior; identify finite frontier or weakest sufficient lemma; run statement audit before compute.
1208,https://www.erdosproblems.com/1208,open,2026-04-04,65,C,no,0,no,2026-04-04,A193838;A271490;possible,geometry;distances,"A32,A33,A12,A15,A16,A17,A23,A34",Open source page; verify exact current statement/status and nearest prior; identify finite frontier or weakest sufficient lemma; run statement audit before compute.
111,https://www.erdosproblems.com/111,open,2025-08-31,64,C,no,0,no,2025-08-31,N/A,graph theory;chromatic number;set theory,"A32,A33,A01,A02,A05,A15,A21,A26,A20,A25,A34",Open source page; verify exact current statement/status and nearest prior; identify finite frontier or weakest sufficient lemma; run statement audit before compute.
597,https://www.erdosproblems.com/597,open,2025-08-31,64,C,no,0,no,2025-08-31,N/A,graph theory;ramsey theory;set theory,"A32,A33,A01,A02,A05,A15,A21,A26,A20,A25,A34",Open source page; verify exact current statement/status and nearest prior; identify finite frontier or weakest sufficient lemma; run statement audit before compute.
601,https://www.erdosproblems.com/601,open,2025-08-31,64,C,$500,500,no,2025-08-31,N/A,graph theory;set theory,"A32,A33,A01,A02,A05,A15,A21,A26,A20,A25,A34",Open source page; verify exact current statement/status and nearest prior; identify finite frontier or weakest sufficient lemma; run statement audit before compute.
1177,https://www.erdosproblems.com/1177,open,2026-01-23,64,C,no,0,no,2026-01-23,N/A,set theory;chromatic number;hypergraphs,"A32,A33,A01,A02,A05,A15,A21,A26,A20,A25,A34",Open source page; verify exact current statement/status and nearest prior; identify finite frontier or weakest sufficient lemma; run statement audit before compute.
671,https://www.erdosproblems.com/671,open,2025-08-31,63,D,$250,250,no,2025-08-31,N/A,analysis,"A32,A33,A34",Open source page; verify exact current statement/status and nearest prior; identify finite frontier or weakest sufficient lemma; run statement audit before compute.
5,https://www.erdosproblems.com/5,open,2025-08-31,62,D,no,0,no,2025-08-31,A001223,number theory;primes,"A32,A33,A10,A11,A13,A14,A19,A24,A34",Open source page; verify exact current statement/status and nearest prior; identify finite frontier or weakest sufficient lemma; run statement audit before compute.
122,https://www.erdosproblems.com/122,open,2025-08-31,62,D,no,0,no,2025-08-31,N/A,number theory,"A32,A33,A10,A11,A13,A14,A19,A24,A34",Open source page; verify exact current statement/status and nearest prior; identify finite frontier or weakest sufficient lemma; run statement audit before compute.
131,https://www.erdosproblems.com/131,open,2025-08-31,62,D,no,0,no,2025-08-31,A068063,number theory,"A32,A33,A10,A11,A13,A14,A19,A24,A34",Open source page; verify exact current statement/status and nearest prior; identify finite frontier or weakest sufficient lemma; run statement audit before compute.
177,https://www.erdosproblems.com/177,open,2025-08-31,62,D,no,0,no,2025-08-31,N/A,discrepancy;arithmetic progressions,"A32,A33,A09,A14,A18,A22,A23,A34",Open source page; verify exact current statement/status and nearest prior; identify finite frontier or weakest sufficient lemma; run statement audit before compute.
222,https://www.erdosproblems.com/222,open,2025-08-31,62,D,no,0,no,2025-08-31,A001481;A256435,number theory;squares,"A32,A33,A10,A11,A13,A14,A19,A24,A34",Open source page; verify exact current statement/status and nearest prior; identify finite frontier or weakest sufficient lemma; run statement audit before compute.
261,https://www.erdosproblems.com/261,open,2025-08-31,62,D,no,0,no,2025-08-31,N/A,number theory,"A32,A33,A10,A11,A13,A14,A19,A24,A34",Open source page; verify exact current statement/status and nearest prior; identify finite frontier or weakest sufficient lemma; run statement audit before compute.
265,https://www.erdosproblems.com/265,open,2025-08-31,62,D,no,0,no,2025-08-31,N/A,irrationality,"A32,A33,A34",Open source page; verify exact current statement/status and nearest prior; identify finite frontier or weakest sufficient lemma; run statement audit before compute.
322,https://www.erdosproblems.com/322,open,2025-08-31,62,D,no,0,no,2025-08-31,A025456;A025418,number theory;powers,"A32,A33,A10,A11,A13,A14,A19,A24,A34",Open source page; verify exact current statement/status and nearest prior; identify finite frontier or weakest sufficient lemma; run statement audit before compute.
334,https://www.erdosproblems.com/334,open,2025-08-31,62,D,no,0,no,2025-08-31,A062241;A045535,number theory,"A32,A33,A10,A11,A13,A14,A19,A24,A34",Open source page; verify exact current statement/status and nearest prior; identify finite frontier or weakest sufficient lemma; run statement audit before compute.
336,https://www.erdosproblems.com/336,open,2025-08-31,62,D,no,0,no,2025-08-31,possible,number theory;additive basis,"A32,A33,A10,A11,A13,A14,A19,A24,A09,A18,A22,A23,A34",Open source page; verify exact current statement/status and nearest prior; identify finite frontier or weakest sufficient lemma; run statement audit before compute.
338,https://www.erdosproblems.com/338,open,2025-08-31,62,D,no,0,no,2025-08-31,N/A,number theory;additive basis,"A32,A33,A10,A11,A13,A14,A19,A24,A09,A18,A22,A23,A34",Open source page; verify exact current statement/status and nearest prior; identify finite frontier or weakest sufficient lemma; run statement audit before compute.
345,https://www.erdosproblems.com/345,open,2025-08-31,62,D,no,0,no,2025-08-31,A001661,number theory;complete sequences,"A32,A33,A10,A11,A13,A14,A19,A24,A34",Open source page; verify exact current statement/status and nearest prior; identify finite frontier or weakest sufficient lemma; run statement audit before compute.
365,https://www.erdosproblems.com/365,open,2025-09-20,62,D,no,0,no,2025-08-31,A060355;A060859;A175155,number theory,"A32,A33,A10,A11,A13,A14,A19,A24,A34",Open source page; verify exact current statement/status and nearest prior; identify finite frontier or weakest sufficient lemma; run statement audit before compute.
367,https://www.erdosproblems.com/367,open,2025-08-31,62,D,no,0,no,2025-08-31,A057521,number theory,"A32,A33,A10,A11,A13,A14,A19,A24,A34",Open source page; verify exact current statement/status and nearest prior; identify finite frontier or weakest sufficient lemma; run statement audit before compute.
368,https://www.erdosproblems.com/368,open,2025-08-31,62,D,no,0,no,2025-08-31,A074399,number theory,"A32,A33,A10,A11,A13,A14,A19,A24,A34",Open source page; verify exact current statement/status and nearest prior; identify finite frontier or weakest sufficient lemma; run statement audit before compute.
374,https://www.erdosproblems.com/374,open,2025-08-31,62,D,no,0,no,2025-08-31,A388851;A387184;A389117;A389148,number theory,"A32,A33,A10,A11,A13,A14,A19,A24,A34",Open source page; verify exact current statement/status and nearest prior; identify finite frontier or weakest sufficient lemma; run statement audit before compute.
382,https://www.erdosproblems.com/382,open,2025-08-31,62,D,no,0,no,2025-08-31,A388850,number theory,"A32,A33,A10,A11,A13,A14,A19,A24,A34",Open source page; verify exact current statement/status and nearest prior; identify finite frontier or weakest sufficient lemma; run statement audit before compute.
388,https://www.erdosproblems.com/388,open,2025-08-31,62,D,no,0,no,2025-08-31,N/A,number theory,"A32,A33,A10,A11,A13,A14,A19,A24,A34",Open source page; verify exact current statement/status and nearest prior; identify finite frontier or weakest sufficient lemma; run statement audit before compute.
408,https://www.erdosproblems.com/408,open,2025-08-31,62,D,no,0,no,2025-08-31,A049108,number theory;iterated functions,"A32,A33,A10,A11,A13,A14,A19,A24,A34",Open source page; verify exact current statement/status and nearest prior; identify finite frontier or weakest sufficient lemma; run statement audit before compute.
411,https://www.erdosproblems.com/411,open,2025-08-31,62,D,no,0,no,2025-08-31,A383044;possible,number theory;iterated functions,"A32,A33,A10,A11,A13,A14,A19,A24,A34",Open source page; verify exact current statement/status and nearest prior; identify finite frontier or weakest sufficient lemma; run statement audit before compute.
415,https://www.erdosproblems.com/415,open,2025-08-31,62,D,no,0,no,2025-08-31,possible,number theory,"A32,A33,A10,A11,A13,A14,A19,A24,A34",Open source page; verify exact current statement/status and nearest prior; identify finite frontier or weakest sufficient lemma; run statement audit before compute.
420,https://www.erdosproblems.com/420,open,2025-08-31,62,D,no,0,no,2025-08-31,N/A,number theory,"A32,A33,A10,A11,A13,A14,A19,A24,A34",Open source page; verify exact current statement/status and nearest prior; identify finite frontier or weakest sufficient lemma; run statement audit before compute.
423,https://www.erdosproblems.com/423,open,2025-08-31,62,D,no,0,no,2025-08-31,A005243,number theory,"A32,A33,A10,A11,A13,A14,A19,A24,A34",Open source page; verify exact current statement/status and nearest prior; identify finite frontier or weakest sufficient lemma; run statement audit before compute.
430,https://www.erdosproblems.com/430,open,2025-08-31,62,D,no,0,no,2025-08-31,possible,number theory,"A32,A33,A10,A11,A13,A14,A19,A24,A34",Open source page; verify exact current statement/status and nearest prior; identify finite frontier or weakest sufficient lemma; run statement audit before compute.
431,https://www.erdosproblems.com/431,open,2025-08-31,62,D,no,0,no,2025-08-31,N/A,number theory;primes,"A32,A33,A10,A11,A13,A14,A19,A24,A34",Open source page; verify exact current statement/status and nearest prior; identify finite frontier or weakest sufficient lemma; run statement audit before compute.
432,https://www.erdosproblems.com/432,open,2025-08-31,62,D,no,0,no,2025-08-31,N/A,number theory,"A32,A33,A10,A11,A13,A14,A19,A24,A34",Open source page; verify exact current statement/status and nearest prior; identify finite frontier or weakest sufficient lemma; run statement audit before compute.
436,https://www.erdosproblems.com/436,open,2025-08-31,62,D,no,0,no,2025-08-31,A000445;possible,number theory,"A32,A33,A10,A11,A13,A14,A19,A24,A34",Open source page; verify exact current statement/status and nearest prior; identify finite frontier or weakest sufficient lemma; run statement audit before compute.
450,https://www.erdosproblems.com/450,open,2025-08-31,62,D,no,0,no,2025-08-31,N/A,number theory;divisors,"A32,A33,A10,A11,A13,A14,A19,A24,A34",Open source page; verify exact current statement/status and nearest prior; identify finite frontier or weakest sufficient lemma; run statement audit before compute.
451,https://www.erdosproblems.com/451,open,2025-08-31,62,D,no,0,no,2025-08-31,A386620,number theory,"A32,A33,A10,A11,A13,A14,A19,A24,A34",Open source page; verify exact current statement/status and nearest prior; identify finite frontier or weakest sufficient lemma; run statement audit before compute.
452,https://www.erdosproblems.com/452,open,2025-08-31,62,D,no,0,no,2025-08-31,possible,number theory,"A32,A33,A10,A11,A13,A14,A19,A24,A34",Open source page; verify exact current statement/status and nearest prior; identify finite frontier or weakest sufficient lemma; run statement audit before compute.
460,https://www.erdosproblems.com/460,open,2025-08-31,62,D,no,0,no,2025-08-31,N/A,number theory,"A32,A33,A10,A11,A13,A14,A19,A24,A34",Open source page; verify exact current statement/status and nearest prior; identify finite frontier or weakest sufficient lemma; run statement audit before compute.
461,https://www.erdosproblems.com/461,open,2025-08-31,62,D,no,0,no,2025-08-31,possible,number theory;primes,"A32,A33,A10,A11,A13,A14,A19,A24,A34",Open source page; verify exact current statement/status and nearest prior; identify finite frontier or weakest sufficient lemma; run statement audit before compute.
462,https://www.erdosproblems.com/462,open,2025-08-31,62,D,no,0,no,2025-08-31,A032742;possible,number theory;primes,"A32,A33,A10,A11,A13,A14,A19,A24,A34",Open source page; verify exact current statement/status and nearest prior; identify finite frontier or weakest sufficient lemma; run statement audit before compute.
467,https://www.erdosproblems.com/467,open,2025-08-31,62,D,no,0,no,2025-08-31,N/A,number theory,"A32,A33,A10,A11,A13,A14,A19,A24,A34",Open source page; verify exact current statement/status and nearest prior; identify finite frontier or weakest sufficient lemma; run statement audit before compute.
468,https://www.erdosproblems.com/468,open,2025-08-31,62,D,no,0,no,2025-08-31,A167485;A387502;A387503,number theory;divisors,"A32,A33,A10,A11,A13,A14,A19,A24,A34",Open source page; verify exact current statement/status and nearest prior; identify finite frontier or weakest sufficient lemma; run statement audit before compute.
472,https://www.erdosproblems.com/472,open,2025-08-31,62,D,no,0,no,2025-08-31,A389713;possible,number theory,"A32,A33,A10,A11,A13,A14,A19,A24,A34",Open source page; verify exact current statement/status and nearest prior; identify finite frontier or weakest sufficient lemma; run statement audit before compute.
538,https://www.erdosproblems.com/538,open,2025-08-31,62,D,no,0,no,2025-08-31,N/A,number theory,"A32,A33,A10,A11,A13,A14,A19,A24,A34",Open source page; verify exact current statement/status and nearest prior; identify finite frontier or weakest sufficient lemma; run statement audit before compute.
635,https://www.erdosproblems.com/635,open,2026-01-30,62,D,no,0,no,2025-08-31,N/A,number theory,"A32,A33,A10,A11,A13,A14,A19,A24,A34",Open source page; verify exact current statement/status and nearest prior; identify finite frontier or weakest sufficient lemma; run statement audit before compute.
644,https://www.erdosproblems.com/644,open,2025-08-31,62,D,no,0,no,2025-08-31,possible,combinatorics,"A32,A33,A34",Open source page; verify exact current statement/status and nearest prior; identify finite frontier or weakest sufficient lemma; run statement audit before compute.
663,https://www.erdosproblems.com/663,open,2025-08-31,62,D,no,0,no,2025-08-31,A391668,number theory,"A32,A33,A10,A11,A13,A14,A19,A24,A34",Open source page; verify exact current statement/status and nearest prior; identify finite frontier or weakest sufficient lemma; run statement audit before compute.
665,https://www.erdosproblems.com/665,open,2025-08-31,62,D,no,0,no,2025-08-31,N/A,combinatorics,"A32,A33,A34",Open source page; verify exact current statement/status and nearest prior; identify finite frontier or weakest sufficient lemma; run statement audit before compute.
675,https://www.erdosproblems.com/675,open,2025-08-31,62,D,no,0,no,2025-08-31,N/A,number theory,"A32,A33,A10,A11,A13,A14,A19,A24,A34",Open source page; verify exact current statement/status and nearest prior; identify finite frontier or weakest sufficient lemma; run statement audit before compute.
676,https://www.erdosproblems.com/676,open,2025-08-31,62,D,no,0,no,2025-08-31,A390181;in progress,number theory,"A32,A33,A10,A11,A13,A14,A19,A24,A34",Open source page; verify exact current statement/status and nearest prior; identify finite frontier or weakest sufficient lemma; run statement audit before compute.
679,https://www.erdosproblems.com/679,open,2025-08-31,62,D,no,0,no,2025-08-31,N/A,number theory,"A32,A33,A10,A11,A13,A14,A19,A24,A34",Open source page; verify exact current statement/status and nearest prior; identify finite frontier or weakest sufficient lemma; run statement audit before compute.
691,https://www.erdosproblems.com/691,open,2025-08-31,62,D,no,0,no,2025-08-31,N/A,number theory,"A32,A33,A10,A11,A13,A14,A19,A24,A34",Open source page; verify exact current statement/status and nearest prior; identify finite frontier or weakest sufficient lemma; run statement audit before compute.
693,https://www.erdosproblems.com/693,open,2025-08-31,62,D,no,0,no,2025-08-31,A391118;possible,number theory;divisors,"A32,A33,A10,A11,A13,A14,A19,A24,A34",Open source page; verify exact current statement/status and nearest prior; identify finite frontier or weakest sufficient lemma; run statement audit before compute.
709,https://www.erdosproblems.com/709,open,2025-08-31,62,D,no,0,no,2025-08-31,possible,number theory,"A32,A33,A10,A11,A13,A14,A19,A24,A34",Open source page; verify exact current statement/status and nearest prior; identify finite frontier or weakest sufficient lemma; run statement audit before compute.
724,https://www.erdosproblems.com/724,open,2025-08-31,62,D,no,0,no,2025-08-31,A001438,combinatorics,"A32,A33,A34",Open source page; verify exact current statement/status and nearest prior; identify finite frontier or weakest sufficient lemma; run statement audit before compute.
725,https://www.erdosproblems.com/725,open,2025-08-31,62,D,no,0,no,2025-08-31,A001009,combinatorics,"A32,A33,A34",Open source page; verify exact current statement/status and nearest prior; identify finite frontier or weakest sufficient lemma; run statement audit before compute.
734,https://www.erdosproblems.com/734,open,2025-08-31,62,D,no,0,no,2025-08-31,possible,combinatorics,"A32,A33,A34",Open source page; verify exact current statement/status and nearest prior; identify finite frontier or weakest sufficient lemma; run statement audit before compute.
768,https://www.erdosproblems.com/768,open,2025-08-31,62,D,no,0,no,2025-08-31,A001034;A352287,number theory,"A32,A33,A10,A11,A13,A14,A19,A24,A34",Open source page; verify exact current statement/status and nearest prior; identify finite frontier or weakest sufficient lemma; run statement audit before compute.
776,https://www.erdosproblems.com/776,open,2025-08-31,62,D,no,0,no,2025-08-31,possible,combinatorics,"A32,A33,A34",Open source page; verify exact current statement/status and nearest prior; identify finite frontier or weakest sufficient lemma; run statement audit before compute.
782,https://www.erdosproblems.com/782,open,2025-08-31,62,D,no,0,no,2025-08-31,N/A,number theory,"A32,A33,A10,A11,A13,A14,A19,A24,A34",Open source page; verify exact current statement/status and nearest prior; identify finite frontier or weakest sufficient lemma; run statement audit before compute.
796,https://www.erdosproblems.com/796,open,2025-08-31,62,D,no,0,no,2025-08-31,possible,number theory,"A32,A33,A10,A11,A13,A14,A19,A24,A34",Open source page; verify exact current statement/status and nearest prior; identify finite frontier or weakest sufficient lemma; run statement audit before compute.
820,https://www.erdosproblems.com/820,open,2025-08-31,62,D,no,0,no,2025-08-31,A263647,number theory,"A32,A33,A10,A11,A13,A14,A19,A24,A34",Open source page; verify exact current statement/status and nearest prior; identify finite frontier or weakest sufficient lemma; run statement audit before compute.
824,https://www.erdosproblems.com/824,open,2025-08-31,62,D,no,0,no,2025-08-31,possible,number theory,"A32,A33,A10,A11,A13,A14,A19,A24,A34",Open source page; verify exact current statement/status and nearest prior; identify finite frontier or weakest sufficient lemma; run statement audit before compute.
839,https://www.erdosproblems.com/839,open,2025-08-31,62,D,no,0,no,2025-08-31,N/A,number theory,"A32,A33,A10,A11,A13,A14,A19,A24,A34",Open source page; verify exact current statement/status and nearest prior; identify finite frontier or weakest sufficient lemma; run statement audit before compute.
852,https://www.erdosproblems.com/852,open,2025-08-31,62,D,no,0,no,2025-08-31,A001223;A053597;A078515,number theory;primes,"A32,A33,A10,A11,A13,A14,A19,A24,A34",Open source page; verify exact current statement/status and nearest prior; identify finite frontier or weakest sufficient lemma; run statement audit before compute.
854,https://www.erdosproblems.com/854,open,2025-08-31,62,D,no,0,no,2025-08-31,A389839;A048670,number theory,"A32,A33,A10,A11,A13,A14,A19,A24,A34",Open source page; verify exact current statement/status and nearest prior; identify finite frontier or weakest sufficient lemma; run statement audit before compute.
856,https://www.erdosproblems.com/856,open,2025-08-31,62,D,no,0,no,2025-08-31,possible,number theory,"A32,A33,A10,A11,A13,A14,A19,A24,A34",Open source page; verify exact current statement/status and nearest prior; identify finite frontier or weakest sufficient lemma; run statement audit before compute.
860,https://www.erdosproblems.com/860,open,2025-08-31,62,D,no,0,no,2025-08-31,A048670;A058989,number theory;primes,"A32,A33,A10,A11,A13,A14,A19,A24,A34",Open source page; verify exact current statement/status and nearest prior; identify finite frontier or weakest sufficient lemma; run statement audit before compute.
870,https://www.erdosproblems.com/870,open,2025-08-31,62,D,no,0,no,2025-08-31,N/A,number theory;additive basis,"A32,A33,A10,A11,A13,A14,A19,A24,A09,A18,A22,A23,A34",Open source page; verify exact current statement/status and nearest prior; identify finite frontier or weakest sufficient lemma; run statement audit before compute.
878,https://www.erdosproblems.com/878,open,2025-08-31,62,D,no,0,no,2025-08-31,A339378;possible,number theory,"A32,A33,A10,A11,A13,A14,A19,A24,A34",Open source page; verify exact current statement/status and nearest prior; identify finite frontier or weakest sufficient lemma; run statement audit before compute.
879,https://www.erdosproblems.com/879,open,2025-08-31,62,D,no,0,no,2025-08-31,A186736,number theory,"A32,A33,A10,A11,A13,A14,A19,A24,A34",Open source page; verify exact current statement/status and nearest prior; identify finite frontier or weakest sufficient lemma; run statement audit before compute.
892,https://www.erdosproblems.com/892,open,2025-08-31,62,D,no,0,no,2025-08-31,N/A,number theory;primitive sets,"A32,A33,A10,A11,A13,A14,A19,A24,A34",Open source page; verify exact current statement/status and nearest prior; identify finite frontier or weakest sufficient lemma; run statement audit before compute.
928,https://www.erdosproblems.com/928,open,2025-09-04,62,D,no,0,no,2025-08-31,A006530,number theory,"A32,A33,A10,A11,A13,A14,A19,A24,A34",Open source page; verify exact current statement/status and nearest prior; identify finite frontier or weakest sufficient lemma; run statement audit before compute.
929,https://www.erdosproblems.com/929,open,2025-08-31,62,D,no,0,no,2025-08-31,possible,number theory,"A32,A33,A10,A11,A13,A14,A19,A24,A34",Open source page; verify exact current statement/status and nearest prior; identify finite frontier or weakest sufficient lemma; run statement audit before compute.
935,https://www.erdosproblems.com/935,open,2025-09-04,62,D,no,0,no,2025-08-31,A057521;A389244;possible,number theory,"A32,A33,A10,A11,A13,A14,A19,A24,A34",Open source page; verify exact current statement/status and nearest prior; identify finite frontier or weakest sufficient lemma; run statement audit before compute.
954,https://www.erdosproblems.com/954,open,2025-08-31,62,D,no,0,no,2025-08-31,A390642,number theory,"A32,A33,A10,A11,A13,A14,A19,A24,A34",Open source page; verify exact current statement/status and nearest prior; identify finite frontier or weakest sufficient lemma; run statement audit before compute.
955,https://www.erdosproblems.com/955,open,2025-08-31,62,D,no,0,no,2025-08-31,possible,number theory,"A32,A33,A10,A11,A13,A14,A19,A24,A34",Open source page; verify exact current statement/status and nearest prior; identify finite frontier or weakest sufficient lemma; run statement audit before compute.
963,https://www.erdosproblems.com/963,open,2025-08-31,62,D,no,0,no,2025-08-31,possible,number theory,"A32,A33,A10,A11,A13,A14,A19,A24,A34",Open source page; verify exact current statement/status and nearest prior; identify finite frontier or weakest sufficient lemma; run statement audit before compute.
969,https://www.erdosproblems.com/969,open,2025-08-31,62,D,no,0,no,2025-08-31,A013928,number theory,"A32,A33,A10,A11,A13,A14,A19,A24,A34",Open source page; verify exact current statement/status and nearest prior; identify finite frontier or weakest sufficient lemma; run statement audit before compute.
970,https://www.erdosproblems.com/970,open,2025-08-31,62,D,no,0,no,2025-08-31,A048669,number theory,"A32,A33,A10,A11,A13,A14,A19,A24,A34",Open source page; verify exact current statement/status and nearest prior; identify finite frontier or weakest sufficient lemma; run statement audit before compute.
976,https://www.erdosproblems.com/976,open,2025-08-31,62,D,no,0,no,2025-08-31,N/A,number theory,"A32,A33,A10,A11,A13,A14,A19,A24,A34",Open source page; verify exact current statement/status and nearest prior; identify finite frontier or weakest sufficient lemma; run statement audit before compute.
983,https://www.erdosproblems.com/983,open,2025-08-31,62,D,no,0,no,2025-08-31,possible,number theory,"A32,A33,A10,A11,A13,A14,A19,A24,A34",Open source page; verify exact current statement/status and nearest prior; identify finite frontier or weakest sufficient lemma; run statement audit before compute.
1005,https://www.erdosproblems.com/1005,open,2025-09-09,62,D,no,0,no,2025-09-09,A386893,number theory,"A32,A33,A10,A11,A13,A14,A19,A24,A34",Open source page; verify exact current statement/status and nearest prior; identify finite frontier or weakest sufficient lemma; run statement audit before compute.
1053,https://www.erdosproblems.com/1053,open,2025-09-28,62,D,no,0,no,2025-09-28,A007539,number theory,"A32,A33,A10,A11,A13,A14,A19,A24,A34",Open source page; verify exact current statement/status and nearest prior; identify finite frontier or weakest sufficient lemma; run statement audit before compute.
1100,https://www.erdosproblems.com/1100,open,2025-10-19,62,D,no,0,no,2025-09-28,A325864;possible,number theory;divisors,"A32,A33,A10,A11,A13,A14,A19,A24,A34",Open source page; verify exact current statement/status and nearest prior; identify finite frontier or weakest sufficient lemma; run statement audit before compute.
1103,https://www.erdosproblems.com/1103,open,2025-10-19,62,D,no,0,no,2025-09-28,A392164,number theory,"A32,A33,A10,A11,A13,A14,A19,A24,A34",Open source page; verify exact current statement/status and nearest prior; identify finite frontier or weakest sufficient lemma; run statement audit before compute.
1109,https://www.erdosproblems.com/1109,open,2025-12-03,62,D,no,0,no,2025-09-28,A392164;A392165,number theory,"A32,A33,A10,A11,A13,A14,A19,A24,A34",Open source page; verify exact current statement/status and nearest prior; identify finite frontier or weakest sufficient lemma; run statement audit before compute.
1110,https://www.erdosproblems.com/1110,open,2025-12-07,62,D,no,0,no,2025-09-28,possible,number theory,"A32,A33,A10,A11,A13,A14,A19,A24,A34",Open source page; verify exact current statement/status and nearest prior; identify finite frontier or weakest sufficient lemma; run statement audit before compute.
1122,https://www.erdosproblems.com/1122,open,2025-12-30,62,D,no,0,no,2025-12-30,N/A,number theory,"A32,A33,A10,A11,A13,A14,A19,A24,A34",Open source page; verify exact current statement/status and nearest prior; identify finite frontier or weakest sufficient lemma; run statement audit before compute.
1143,https://www.erdosproblems.com/1143,open,2026-01-23,62,D,no,0,no,2026-01-23,N/A,number theory;primes,"A32,A33,A10,A11,A13,A14,A19,A24,A34",Open source page; verify exact current statement/status and nearest prior; identify finite frontier or weakest sufficient lemma; run statement audit before compute.
1144,https://www.erdosproblems.com/1144,open,2026-01-23,62,D,no,0,no,2026-01-23,N/A,number theory;probability,"A32,A33,A10,A11,A13,A14,A19,A24,A34",Open source page; verify exact current statement/status and nearest prior; identify finite frontier or weakest sufficient lemma; run statement audit before compute.
1159,https://www.erdosproblems.com/1159,open,2026-01-23,62,D,no,0,no,2026-01-23,N/A,combinatorics,"A32,A33,A34",Open source page; verify exact current statement/status and nearest prior; identify finite frontier or weakest sufficient lemma; run statement audit before compute.
1181,https://www.erdosproblems.com/1181,open,2026-03-07,62,D,no,0,no,2026-03-07,possible,number theory,"A32,A33,A10,A11,A13,A14,A19,A24,A34",Open source page; verify exact current statement/status and nearest prior; identify finite frontier or weakest sufficient lemma; run statement audit before compute.
1184,https://www.erdosproblems.com/1184,open,2026-04-04,62,D,no,0,no,2026-04-04,possible,number theory;primes,"A32,A33,A10,A11,A13,A14,A19,A24,A34",Open source page; verify exact current statement/status and nearest prior; identify finite frontier or weakest sufficient lemma; run statement audit before compute.
1200,https://www.erdosproblems.com/1200,open,2026-04-04,62,D,no,0,no,2026-04-04,possible,number theory;primes,"A32,A33,A10,A11,A13,A14,A19,A24,A34",Open source page; verify exact current statement/status and nearest prior; identify finite frontier or weakest sufficient lemma; run statement audit before compute.
1204,https://www.erdosproblems.com/1204,open,2026-04-04,62,D,no,0,no,2026-04-04,A008407;A023193;A135311;possible,number theory,"A32,A33,A10,A11,A13,A14,A19,A24,A34",Open source page; verify exact current statement/status and nearest prior; identify finite frontier or weakest sufficient lemma; run statement audit before compute.
1168,https://www.erdosproblems.com/1168,open,2026-01-23,61,D,no,0,no,2026-01-23,N/A,set theory;ramsey theory,"A32,A33,A01,A02,A05,A15,A21,A26,A20,A25,A34",Open source page; verify exact current statement/status and nearest prior; identify finite frontier or weakest sufficient lemma; run statement audit before compute.
1170,https://www.erdosproblems.com/1170,open,2026-01-23,61,D,no,0,no,2026-01-23,N/A,set theory;ramsey theory,"A32,A33,A01,A02,A05,A15,A21,A26,A20,A25,A34",Open source page; verify exact current statement/status and nearest prior; identify finite frontier or weakest sufficient lemma; run statement audit before compute.
1171,https://www.erdosproblems.com/1171,open,2026-01-23,61,D,no,0,no,2026-01-23,N/A,set theory;ramsey theory,"A32,A33,A01,A02,A05,A15,A21,A26,A20,A25,A34",Open source page; verify exact current statement/status and nearest prior; identify finite frontier or weakest sufficient lemma; run statement audit before compute.
1172,https://www.erdosproblems.com/1172,open,2026-01-23,61,D,no,0,no,2026-01-23,N/A,set theory;ramsey theory,"A32,A33,A01,A02,A05,A15,A21,A26,A20,A25,A34",Open source page; verify exact current statement/status and nearest prior; identify finite frontier or weakest sufficient lemma; run statement audit before compute.
256,https://www.erdosproblems.com/256,open,2025-08-31,60,D,no,0,no,2025-08-31,N/A,analysis,"A32,A33,A34",Open source page; verify exact current statement/status and nearest prior; identify finite frontier or weakest sufficient lemma; run statement audit before compute.
514,https://www.erdosproblems.com/514,open,2025-08-31,60,D,no,0,no,2025-08-31,N/A,analysis,"A32,A33,A34",Open source page; verify exact current statement/status and nearest prior; identify finite frontier or weakest sufficient lemma; run statement audit before compute.
521,https://www.erdosproblems.com/521,open,2025-08-31,60,D,no,0,no,2025-08-31,N/A,analysis;polynomials;probability,"A32,A33,A34",Open source page; verify exact current statement/status and nearest prior; identify finite frontier or weakest sufficient lemma; run statement audit before compute.
524,https://www.erdosproblems.com/524,open,2025-08-31,60,D,no,0,no,2025-08-31,N/A,analysis;probability;polynomials,"A32,A33,A34",Open source page; verify exact current statement/status and nearest prior; identify finite frontier or weakest sufficient lemma; run statement audit before compute.
995,https://www.erdosproblems.com/995,open,2025-09-07,60,D,no,0,no,2025-09-07,N/A,analysis;discrepancy,"A32,A33,A34",Open source page; verify exact current statement/status and nearest prior; identify finite frontier or weakest sufficient lemma; run statement audit before compute.
1039,https://www.erdosproblems.com/1039,open,2025-09-15,60,D,no,0,no,2025-09-10,N/A,analysis,"A32,A33,A34",Open source page; verify exact current statement/status and nearest prior; identify finite frontier or weakest sufficient lemma; run statement audit before compute.
1040,https://www.erdosproblems.com/1040,open,2025-09-15,60,D,no,0,no,2025-09-10,N/A,analysis,"A32,A33,A34",Open source page; verify exact current statement/status and nearest prior; identify finite frontier or weakest sufficient lemma; run statement audit before compute.
1045,https://www.erdosproblems.com/1045,open,2026-03-14,60,D,no,0,no,2025-09-10,N/A,analysis,"A32,A33,A34",Open source page; verify exact current statement/status and nearest prior; identify finite frontier or weakest sufficient lemma; run statement audit before compute.
1117,https://www.erdosproblems.com/1117,open,2025-12-29,60,D,no,0,no,2025-09-28,N/A,analysis,"A32,A33,A34",Open source page; verify exact current statement/status and nearest prior; identify finite frontier or weakest sufficient lemma; run statement audit before compute.
1120,https://www.erdosproblems.com/1120,open,2025-12-29,60,D,no,0,no,2025-09-28,N/A,analysis,"A32,A33,A34",Open source page; verify exact current statement/status and nearest prior; identify finite frontier or weakest sufficient lemma; run statement audit before compute.
1131,https://www.erdosproblems.com/1131,open,2026-01-01,60,D,no,0,no,2026-01-01,N/A,analysis;polynomials,"A32,A33,A34",Open source page; verify exact current statement/status and nearest prior; identify finite frontier or weakest sufficient lemma; run statement audit before compute.
1132,https://www.erdosproblems.com/1132,open,2026-01-01,60,D,no,0,no,2026-01-01,N/A,analysis;polynomials,"A32,A33,A34",Open source page; verify exact current statement/status and nearest prior; identify finite frontier or weakest sufficient lemma; run statement audit before compute.
1151,https://www.erdosproblems.com/1151,open,2026-01-23,60,D,no,0,no,2026-01-23,N/A,analysis;polynomials,"A32,A33,A34",Open source page; verify exact current statement/status and nearest prior; identify finite frontier or weakest sufficient lemma; run statement audit before compute.
1152,https://www.erdosproblems.com/1152,open,2026-01-23,60,D,no,0,no,2026-01-23,N/A,analysis;polynomials,"A32,A33,A34",Open source page; verify exact current statement/status and nearest prior; identify finite frontier or weakest sufficient lemma; run statement audit before compute.
1173,https://www.erdosproblems.com/1173,open,2026-01-23,58,D,no,0,no,2026-01-23,N/A,set theory;combinatorics,"A32,A33,A20,A25,A34",Open source page; verify exact current statement/status and nearest prior; identify finite frontier or weakest sufficient lemma; run statement audit before compute.
