shape_id,domain,problem_shape,rank,compatibility_score,technique_id,technique,role,rationale
SHAPE-001,Multiplicative and analytic number theory,Multiplicative-semigroup covering over residue classes,1,47,T-COMMON-checker-soundness-trust-contract,Checker + soundness-theorem + sample-witness trust contract,VERIFY,"Matches signals: multiplicative subgroup; CRT; local obstruction; covering congruence; orbit quotient. Technique action: A decidable predicate proven sound with axiom footprint exactly [propext, Classical.choice, Quot.sound]; native_decide only on sample witnesses, not the soundness theorem. Separates what the TRUTH depends on from what was TRUSTED to check it."
SHAPE-001,Multiplicative and analytic number theory,Multiplicative-semigroup covering over residue classes,2,41,T-EG203-subgroup-obstruction-calculus,Subgroup obstruction calculus,STRUCTURE,"Matches signals: multiplicative subgroup; CRT; local obstruction; covering congruence; orbit quotient. Technique action: Local obstruction at modulus d = subgroup-membership in Gamma_d=<2,3> subset (Z/d)*; exact densities + Fourier via character annihilator."
SHAPE-001,Multiplicative and analytic number theory,Multiplicative-semigroup covering over residue classes,3,39,T-GRAHAM-independent-multi-checker-crosscheck,Independent multi-checker cross-check (Go / Python / EPCE),VERIFY,"Matches signals: multiplicative subgroup; CRT; local obstruction; covering congruence; orbit quotient. Technique action: Every witness re-verified by two methodologically-distinct checkers (Go recompute + Python orbit-accounting) plus a third EPCE checker (H01/H06 verifyDistinctPartialSums); 1.64M witnesses, 0 disagreements."
SHAPE-001,Multiplicative and analytic number theory,Multiplicative-semigroup covering over residue classes,4,38,T-GRAHAM-packed-certificate-generic-checker,Packed-certificate + one generic checker,VERIFY,"Matches signals: multiplicative subgroup; CRT; local obstruction; covering congruence; orbit quotient. Technique action: Encode each witness as packed data; prove ONE soundness theorem (checkWitness_sound); each concrete witness then costs one native_decide, not a new proof (theorem count stayed 1 across 60K-765K witnesses)."
SHAPE-001,Multiplicative and analytic number theory,Multiplicative-semigroup covering over residue classes,5,36,T-EG411-from-scratch-hostile-reenumeration,From-scratch hostile re-enumeration,VERIFY,"Matches signals: multiplicative subgroup; CRT; local obstruction; covering congruence; orbit quotient. Technique action: Independent sieve + Brent-rho, NO chain filtering (strictly more permissive), 17.96B candidates; reproduced the exact omega=7 census, 0 solutions."
SHAPE-001,Multiplicative and analytic number theory,Multiplicative-semigroup covering over residue classes,6,34,T-EG203-density-zero-kummer-obstruction-schema,Density-zero Kummer obstruction schema,ANALYSIS,Matches signals: multiplicative subgroup; CRT; local obstruction; covering congruence; orbit quotient. Technique action: 2nd-moment sieve + Pappalardi order bounds => obstruction-dominant m are density-zero.
SHAPE-001,Multiplicative and analytic number theory,Multiplicative-semigroup covering over residue classes,7,30,T-EG203-crt-coherence-brute-force,CRT coherence brute-force,ANALYSIS,Matches signals: multiplicative subgroup; CRT; local obstruction; covering congruence; orbit quotient. Technique action: Compute coherence invariant C_b(P)=max_m covered-cell fraction; a cover iff =1.
SHAPE-001,Multiplicative and analytic number theory,Multiplicative-semigroup covering over residue classes,8,28,T-EG203-rank-r-synchronization-kummer-geometry,Rank-r synchronization + projective Kummer geometry,STRUCTURE,Matches signals: multiplicative subgroup; CRT; local obstruction; covering congruence; orbit quotient. Technique action: Rank-r generalization of the slope-collision defect + prime-power Hensel lifting.
SHAPE-001,Multiplicative and analytic number theory,Multiplicative-semigroup covering over residue classes,9,28,T-EG203-crt-synchronization-projective-slopes,CRT synchronization / projective Kummer slopes,STRUCTURE,Matches signals: multiplicative subgroup; CRT; local obstruction; covering congruence; orbit quotient. Technique action: Two-prime ell-primary defect = rank defect = collision of [log_q2:log_q3] in P^1(F_ell).
SHAPE-001,Multiplicative and analytic number theory,Multiplicative-semigroup covering over residue classes,10,26,T-GRAHAM-jigsaw-cost-density-predictor,JIGSAW cost-density predictor,SEARCH,"Matches signals: multiplicative subgroup; CRT; local obstruction; covering congruence; orbit quotient. Technique action: Fits cost-per-orbit-representative as a power law in subset density (ms_per_orbit=a*density^b), re-reading real evidence on every invocation so the fit self-recalibrates; self-reports its own error band."
SHAPE-001,Multiplicative and analytic number theory,Multiplicative-semigroup covering over residue classes,11,23,T-EG203-gamma-fiber-local-density,Gamma-fiber local density companion,ANALYSIS,Matches signals: multiplicative subgroup; CRT; local obstruction; covering congruence; orbit quotient. Technique action: Exact Gamma-fiber local density + prime-power Hensel companion computation.
SHAPE-001,Multiplicative and analytic number theory,Multiplicative-semigroup covering over residue classes,12,22,T-EG203-prime-witness-scale-ladder,Prime-witness scale ladder + adversarial checking,SEARCH,"Matches signals: multiplicative subgroup; CRT; local obstruction; covering congruence; orbit quotient. Technique action: Kernel-verified prime witnesses continuously 10^0 -> 10^19 (max 20-digit prime); evidence, not universal."
SHAPE-002,Multiplicative and analytic number theory,Simultaneous multiplicative-order constraints,1,52,T-EG203-density-zero-kummer-obstruction-schema,Density-zero Kummer obstruction schema,ANALYSIS,Matches signals: discrete logs; projective slope collisions; Kummer extensions; Chebotarev conditions. Technique action: 2nd-moment sieve + Pappalardi order bounds => obstruction-dominant m are density-zero.
SHAPE-002,Multiplicative and analytic number theory,Simultaneous multiplicative-order constraints,2,47,T-COMMON-checker-soundness-trust-contract,Checker + soundness-theorem + sample-witness trust contract,VERIFY,"Matches signals: discrete logs; projective slope collisions; Kummer extensions; Chebotarev conditions. Technique action: A decidable predicate proven sound with axiom footprint exactly [propext, Classical.choice, Quot.sound]; native_decide only on sample witnesses, not the soundness theorem. Separates what the TRUTH depends on from what was TRUSTED to check it."
SHAPE-002,Multiplicative and analytic number theory,Simultaneous multiplicative-order constraints,3,43,T-EG203-crt-synchronization-projective-slopes,CRT synchronization / projective Kummer slopes,STRUCTURE,Matches signals: discrete logs; projective slope collisions; Kummer extensions; Chebotarev conditions. Technique action: Two-prime ell-primary defect = rank defect = collision of [log_q2:log_q3] in P^1(F_ell).
SHAPE-002,Multiplicative and analytic number theory,Simultaneous multiplicative-order constraints,4,41,T-EG203-rank-r-synchronization-kummer-geometry,Rank-r synchronization + projective Kummer geometry,STRUCTURE,Matches signals: discrete logs; projective slope collisions; Kummer extensions; Chebotarev conditions. Technique action: Rank-r generalization of the slope-collision defect + prime-power Hensel lifting.
SHAPE-002,Multiplicative and analytic number theory,Simultaneous multiplicative-order constraints,5,39,T-GRAHAM-independent-multi-checker-crosscheck,Independent multi-checker cross-check (Go / Python / EPCE),VERIFY,"Matches signals: discrete logs; projective slope collisions; Kummer extensions; Chebotarev conditions. Technique action: Every witness re-verified by two methodologically-distinct checkers (Go recompute + Python orbit-accounting) plus a third EPCE checker (H01/H06 verifyDistinctPartialSums); 1.64M witnesses, 0 disagreements."
SHAPE-002,Multiplicative and analytic number theory,Simultaneous multiplicative-order constraints,6,38,T-GRAHAM-packed-certificate-generic-checker,Packed-certificate + one generic checker,VERIFY,"Matches signals: discrete logs; projective slope collisions; Kummer extensions; Chebotarev conditions. Technique action: Encode each witness as packed data; prove ONE soundness theorem (checkWitness_sound); each concrete witness then costs one native_decide, not a new proof (theorem count stayed 1 across 60K-765K witnesses)."
SHAPE-002,Multiplicative and analytic number theory,Simultaneous multiplicative-order constraints,7,34,T-EG411-from-scratch-hostile-reenumeration,From-scratch hostile re-enumeration,VERIFY,"Matches signals: discrete logs; projective slope collisions; Kummer extensions; Chebotarev conditions. Technique action: Independent sieve + Brent-rho, NO chain filtering (strictly more permissive), 17.96B candidates; reproduced the exact omega=7 census, 0 solutions."
SHAPE-002,Multiplicative and analytic number theory,Simultaneous multiplicative-order constraints,8,33,T-EG203-kummer-cut-gap-bounds,Kummer cut-gap bounds,ANALYSIS,Matches signals: discrete logs; projective slope collisions; Kummer extensions; Chebotarev conditions. Technique action: Collision excess controlled by the minimum weighted cocircuit Lambda_* of the Kummer matroid.
SHAPE-002,Multiplicative and analytic number theory,Simultaneous multiplicative-order constraints,9,31,T-EG203-matroid-lifting-poisson-binomial,Matroid lifting + Poisson-binomial exact distribution,ANALYSIS,Matches signals: discrete logs; projective slope collisions; Kummer extensions; Chebotarev conditions. Technique action: Local obstruction indicators = independent Bernoullis (Poisson-binomial); Kummer log rows = representable matroid over F_ell; prime-power lift = Wieferich map.
SHAPE-002,Multiplicative and analytic number theory,Simultaneous multiplicative-order constraints,10,30,T-EG203-kummer-distribution-criterion-phnc,Kummer distribution criterion (PHNC),ANALYSIS,Matches signals: discrete logs; projective slope collisions; Kummer extensions; Chebotarev conditions. Technique action: Prime-Hecke-Non-Concentration: fixed-radical Kummer characters don't concentrate at identity -- the load-bearing conditional criterion for a negative EG#203.
SHAPE-002,Multiplicative and analytic number theory,Simultaneous multiplicative-order constraints,11,29,T-EG203-discriminant-barrier-bilinear-kummer,Discriminant barrier + Bilinear-Kummer equivalence,ANALYSIS,Matches signals: discrete logs; projective slope collisions; Kummer extensions; Chebotarev conditions. Technique action: Log-free ZDE over cyclotomic Kummer family capped at ell << logQ/loglogQ by disc |d_{K_ell}|=ell^{ell-2}; PHNC <=> TKB_ell bilinear estimate.
SHAPE-002,Multiplicative and analytic number theory,Simultaneous multiplicative-order constraints,12,29,T-EG203-subgroup-obstruction-calculus,Subgroup obstruction calculus,STRUCTURE,"Matches signals: discrete logs; projective slope collisions; Kummer extensions; Chebotarev conditions. Technique action: Local obstruction at modulus d = subgroup-membership in Gamma_d=<2,3> subset (Z/d)*; exact densities + Fourier via character annihilator."
SHAPE-003,Multiplicative and analytic number theory,Rank-r Kummer synchronization defects,1,50,T-EG203-rank-r-synchronization-kummer-geometry,Rank-r synchronization + projective Kummer geometry,STRUCTURE,Matches signals: representable matroid; projective geometry over finite fields; Hensel lift; character annihilator. Technique action: Rank-r generalization of the slope-collision defect + prime-power Hensel lifting.
SHAPE-003,Multiplicative and analytic number theory,Rank-r Kummer synchronization defects,2,46,T-COMMON-checker-soundness-trust-contract,Checker + soundness-theorem + sample-witness trust contract,VERIFY,"Matches signals: representable matroid; projective geometry over finite fields; Hensel lift; character annihilator. Technique action: A decidable predicate proven sound with axiom footprint exactly [propext, Classical.choice, Quot.sound]; native_decide only on sample witnesses, not the soundness theorem. Separates what the TRUTH depends on from what was TRUSTED to check it."
SHAPE-003,Multiplicative and analytic number theory,Rank-r Kummer synchronization defects,3,46,T-EG203-density-zero-kummer-obstruction-schema,Density-zero Kummer obstruction schema,ANALYSIS,Matches signals: representable matroid; projective geometry over finite fields; Hensel lift; character annihilator. Technique action: 2nd-moment sieve + Pappalardi order bounds => obstruction-dominant m are density-zero.
SHAPE-003,Multiplicative and analytic number theory,Rank-r Kummer synchronization defects,4,43,T-EG203-crt-synchronization-projective-slopes,CRT synchronization / projective Kummer slopes,STRUCTURE,Matches signals: representable matroid; projective geometry over finite fields; Hensel lift; character annihilator. Technique action: Two-prime ell-primary defect = rank defect = collision of [log_q2:log_q3] in P^1(F_ell).
SHAPE-003,Multiplicative and analytic number theory,Rank-r Kummer synchronization defects,5,41,T-GRAHAM-independent-multi-checker-crosscheck,Independent multi-checker cross-check (Go / Python / EPCE),VERIFY,"Matches signals: representable matroid; projective geometry over finite fields; Hensel lift; character annihilator. Technique action: Every witness re-verified by two methodologically-distinct checkers (Go recompute + Python orbit-accounting) plus a third EPCE checker (H01/H06 verifyDistinctPartialSums); 1.64M witnesses, 0 disagreements."
SHAPE-003,Multiplicative and analytic number theory,Rank-r Kummer synchronization defects,6,40,T-EG203-matroid-lifting-poisson-binomial,Matroid lifting + Poisson-binomial exact distribution,ANALYSIS,Matches signals: representable matroid; projective geometry over finite fields; Hensel lift; character annihilator. Technique action: Local obstruction indicators = independent Bernoullis (Poisson-binomial); Kummer log rows = representable matroid over F_ell; prime-power lift = Wieferich map.
SHAPE-003,Multiplicative and analytic number theory,Rank-r Kummer synchronization defects,7,39,T-EG203-subgroup-obstruction-calculus,Subgroup obstruction calculus,STRUCTURE,"Matches signals: representable matroid; projective geometry over finite fields; Hensel lift; character annihilator. Technique action: Local obstruction at modulus d = subgroup-membership in Gamma_d=<2,3> subset (Z/d)*; exact densities + Fourier via character annihilator."
SHAPE-003,Multiplicative and analytic number theory,Rank-r Kummer synchronization defects,8,37,T-GRAHAM-packed-certificate-generic-checker,Packed-certificate + one generic checker,VERIFY,"Matches signals: representable matroid; projective geometry over finite fields; Hensel lift; character annihilator. Technique action: Encode each witness as packed data; prove ONE soundness theorem (checkWitness_sound); each concrete witness then costs one native_decide, not a new proof (theorem count stayed 1 across 60K-765K witnesses)."
SHAPE-003,Multiplicative and analytic number theory,Rank-r Kummer synchronization defects,9,35,T-EG411-from-scratch-hostile-reenumeration,From-scratch hostile re-enumeration,VERIFY,"Matches signals: representable matroid; projective geometry over finite fields; Hensel lift; character annihilator. Technique action: Independent sieve + Brent-rho, NO chain filtering (strictly more permissive), 17.96B candidates; reproduced the exact omega=7 census, 0 solutions."
SHAPE-003,Multiplicative and analytic number theory,Rank-r Kummer synchronization defects,10,34,T-EG203-kummer-distribution-criterion-phnc,Kummer distribution criterion (PHNC),ANALYSIS,Matches signals: representable matroid; projective geometry over finite fields; Hensel lift; character annihilator. Technique action: Prime-Hecke-Non-Concentration: fixed-radical Kummer characters don't concentrate at identity -- the load-bearing conditional criterion for a negative EG#203.
SHAPE-003,Multiplicative and analytic number theory,Rank-r Kummer synchronization defects,11,30,T-EG203-kummer-cut-gap-bounds,Kummer cut-gap bounds,ANALYSIS,Matches signals: representable matroid; projective geometry over finite fields; Hensel lift; character annihilator. Technique action: Collision excess controlled by the minimum weighted cocircuit Lambda_* of the Kummer matroid.
SHAPE-003,Multiplicative and analytic number theory,Rank-r Kummer synchronization defects,12,28,T-GRAHAM-jigsaw-cost-density-predictor,JIGSAW cost-density predictor,SEARCH,"Matches signals: representable matroid; projective geometry over finite fields; Hensel lift; character annihilator. Technique action: Fits cost-per-orbit-representative as a power law in subset density (ms_per_orbit=a*density^b), re-reading real evidence on every invocation so the fit self-recalibrates; self-reports its own error band."
SHAPE-004,Multiplicative and analytic number theory,Prime values in sparse exponential families,1,52,T-EG203-density-zero-kummer-obstruction-schema,Density-zero Kummer obstruction schema,ANALYSIS,Matches signals: sparse two-parameter family; singular series; large sieve; conductor growth. Technique action: 2nd-moment sieve + Pappalardi order bounds => obstruction-dominant m are density-zero.
SHAPE-004,Multiplicative and analytic number theory,Prime values in sparse exponential families,2,50,T-COMMON-checker-soundness-trust-contract,Checker + soundness-theorem + sample-witness trust contract,VERIFY,"Matches signals: sparse two-parameter family; singular series; large sieve; conductor growth. Technique action: A decidable predicate proven sound with axiom footprint exactly [propext, Classical.choice, Quot.sound]; native_decide only on sample witnesses, not the soundness theorem. Separates what the TRUTH depends on from what was TRUSTED to check it."
SHAPE-004,Multiplicative and analytic number theory,Prime values in sparse exponential families,3,41,T-GRAHAM-packed-certificate-generic-checker,Packed-certificate + one generic checker,VERIFY,"Matches signals: sparse two-parameter family; singular series; large sieve; conductor growth. Technique action: Encode each witness as packed data; prove ONE soundness theorem (checkWitness_sound); each concrete witness then costs one native_decide, not a new proof (theorem count stayed 1 across 60K-765K witnesses)."
SHAPE-004,Multiplicative and analytic number theory,Prime values in sparse exponential families,4,39,T-GRAHAM-independent-multi-checker-crosscheck,Independent multi-checker cross-check (Go / Python / EPCE),VERIFY,"Matches signals: sparse two-parameter family; singular series; large sieve; conductor growth. Technique action: Every witness re-verified by two methodologically-distinct checkers (Go recompute + Python orbit-accounting) plus a third EPCE checker (H01/H06 verifyDistinctPartialSums); 1.64M witnesses, 0 disagreements."
SHAPE-004,Multiplicative and analytic number theory,Prime values in sparse exponential families,5,38,T-EG411-from-scratch-hostile-reenumeration,From-scratch hostile re-enumeration,VERIFY,"Matches signals: sparse two-parameter family; singular series; large sieve; conductor growth. Technique action: Independent sieve + Brent-rho, NO chain filtering (strictly more permissive), 17.96B candidates; reproduced the exact omega=7 census, 0 solutions."
SHAPE-004,Multiplicative and analytic number theory,Prime values in sparse exponential families,6,34,T-EG203-bateman-horn-singular-series,Analytic Bateman-Horn singular series,ANALYSIS,"Matches signals: sparse two-parameter family; singular series; large sieve; conductor growth. Technique action: Compute S(m)=prod(1-omega_p(m)p/(p-1)); empirical pi_V(m,D) ~ 22*S(m)*D, min S=0.0967."
SHAPE-004,Multiplicative and analytic number theory,Prime values in sparse exponential families,7,33,T-EG203-discriminant-barrier-bilinear-kummer,Discriminant barrier + Bilinear-Kummer equivalence,ANALYSIS,Matches signals: sparse two-parameter family; singular series; large sieve; conductor growth. Technique action: Log-free ZDE over cyclotomic Kummer family capped at ell << logQ/loglogQ by disc |d_{K_ell}|=ell^{ell-2}; PHNC <=> TKB_ell bilinear estimate.
SHAPE-004,Multiplicative and analytic number theory,Prime values in sparse exponential families,8,30,T-EG203-bounded-witness-certificate-machinery,Bounded witness / certificate machinery (m<=1e6 kernel closure),SEARCH,"Matches signals: sparse two-parameter family; singular series; large sieve; conductor growth. Technique action: Every ordinary m<=1e6 has a kernel-checked prime witness V(m,k,l), k+l<=13, in Lean (lake build exit 0)."
SHAPE-004,Multiplicative and analytic number theory,Prime values in sparse exponential families,9,29,T-EG203-expected-coverage-theorem-mertens,Expected-coverage theorem (Mertens),ANALYSIS,"Matches signals: sparse two-parameter family; singular series; large sieve; conductor growth. Technique action: Along M=n!, S(n!) >= sum_{p<=n+1} 1/p >= loglog n -> infinity (Mertens) => E[coverage] -> 1."
SHAPE-004,Multiplicative and analytic number theory,Prime values in sparse exponential families,10,29,T-EG203-prime-witness-scale-ladder,Prime-witness scale ladder + adversarial checking,SEARCH,"Matches signals: sparse two-parameter family; singular series; large sieve; conductor growth. Technique action: Kernel-verified prime witnesses continuously 10^0 -> 10^19 (max 20-digit prime); evidence, not universal."
SHAPE-004,Multiplicative and analytic number theory,Prime values in sparse exponential families,11,28,T-GRAHAM-jigsaw-cost-density-predictor,JIGSAW cost-density predictor,SEARCH,"Matches signals: sparse two-parameter family; singular series; large sieve; conductor growth. Technique action: Fits cost-per-orbit-representative as a power law in subset density (ms_per_orbit=a*density^b), re-reading real evidence on every invocation so the fit self-recalibrates; self-reports its own error band."
SHAPE-004,Multiplicative and analytic number theory,Prime values in sparse exponential families,12,25,T-EG203-rank-r-synchronization-kummer-geometry,Rank-r synchronization + projective Kummer geometry,STRUCTURE,Matches signals: sparse two-parameter family; singular series; large sieve; conductor growth. Technique action: Rank-r generalization of the slope-collision defect + prime-power Hensel lifting.
SHAPE-005,Multiplicative and analytic number theory,Character non-concentration in growing field families,1,48,T-COMMON-checker-soundness-trust-contract,Checker + soundness-theorem + sample-witness trust contract,VERIFY,"Matches signals: Fourier smoothing; total variation; log-free zero density; discriminant explosion. Technique action: A decidable predicate proven sound with axiom footprint exactly [propext, Classical.choice, Quot.sound]; native_decide only on sample witnesses, not the soundness theorem. Separates what the TRUTH depends on from what was TRUSTED to check it."
SHAPE-005,Multiplicative and analytic number theory,Character non-concentration in growing field families,2,42,T-EG203-density-zero-kummer-obstruction-schema,Density-zero Kummer obstruction schema,ANALYSIS,Matches signals: Fourier smoothing; total variation; log-free zero density; discriminant explosion. Technique action: 2nd-moment sieve + Pappalardi order bounds => obstruction-dominant m are density-zero.
SHAPE-005,Multiplicative and analytic number theory,Character non-concentration in growing field families,3,40,T-GRAHAM-independent-multi-checker-crosscheck,Independent multi-checker cross-check (Go / Python / EPCE),VERIFY,"Matches signals: Fourier smoothing; total variation; log-free zero density; discriminant explosion. Technique action: Every witness re-verified by two methodologically-distinct checkers (Go recompute + Python orbit-accounting) plus a third EPCE checker (H01/H06 verifyDistinctPartialSums); 1.64M witnesses, 0 disagreements."
SHAPE-005,Multiplicative and analytic number theory,Character non-concentration in growing field families,4,39,T-GRAHAM-packed-certificate-generic-checker,Packed-certificate + one generic checker,VERIFY,"Matches signals: Fourier smoothing; total variation; log-free zero density; discriminant explosion. Technique action: Encode each witness as packed data; prove ONE soundness theorem (checkWitness_sound); each concrete witness then costs one native_decide, not a new proof (theorem count stayed 1 across 60K-765K witnesses)."
SHAPE-005,Multiplicative and analytic number theory,Character non-concentration in growing field families,5,36,T-EG411-from-scratch-hostile-reenumeration,From-scratch hostile re-enumeration,VERIFY,"Matches signals: Fourier smoothing; total variation; log-free zero density; discriminant explosion. Technique action: Independent sieve + Brent-rho, NO chain filtering (strictly more permissive), 17.96B candidates; reproduced the exact omega=7 census, 0 solutions."
SHAPE-005,Multiplicative and analytic number theory,Character non-concentration in growing field families,6,36,T-EG203-kummer-distribution-criterion-phnc,Kummer distribution criterion (PHNC),ANALYSIS,Matches signals: Fourier smoothing; total variation; log-free zero density; discriminant explosion. Technique action: Prime-Hecke-Non-Concentration: fixed-radical Kummer characters don't concentrate at identity -- the load-bearing conditional criterion for a negative EG#203.
SHAPE-005,Multiplicative and analytic number theory,Character non-concentration in growing field families,7,34,T-EG203-discriminant-barrier-bilinear-kummer,Discriminant barrier + Bilinear-Kummer equivalence,ANALYSIS,Matches signals: Fourier smoothing; total variation; log-free zero density; discriminant explosion. Technique action: Log-free ZDE over cyclotomic Kummer family capped at ell << logQ/loglogQ by disc |d_{K_ell}|=ell^{ell-2}; PHNC <=> TKB_ell bilinear estimate.
SHAPE-005,Multiplicative and analytic number theory,Character non-concentration in growing field families,8,31,T-EG203-rank-r-synchronization-kummer-geometry,Rank-r synchronization + projective Kummer geometry,STRUCTURE,Matches signals: Fourier smoothing; total variation; log-free zero density; discriminant explosion. Technique action: Rank-r generalization of the slope-collision defect + prime-power Hensel lifting.
SHAPE-005,Multiplicative and analytic number theory,Character non-concentration in growing field families,9,31,T-EG203-subgroup-obstruction-calculus,Subgroup obstruction calculus,STRUCTURE,"Matches signals: Fourier smoothing; total variation; log-free zero density; discriminant explosion. Technique action: Local obstruction at modulus d = subgroup-membership in Gamma_d=<2,3> subset (Z/d)*; exact densities + Fourier via character annihilator."
SHAPE-005,Multiplicative and analytic number theory,Character non-concentration in growing field families,10,28,T-GRAHAM-jigsaw-cost-density-predictor,JIGSAW cost-density predictor,SEARCH,"Matches signals: Fourier smoothing; total variation; log-free zero density; discriminant explosion. Technique action: Fits cost-per-orbit-representative as a power law in subset density (ms_per_orbit=a*density^b), re-reading real evidence on every invocation so the fit self-recalibrates; self-reports its own error band."
SHAPE-005,Multiplicative and analytic number theory,Character non-concentration in growing field families,11,28,T-EG203-crt-synchronization-projective-slopes,CRT synchronization / projective Kummer slopes,STRUCTURE,Matches signals: Fourier smoothing; total variation; log-free zero density; discriminant explosion. Technique action: Two-prime ell-primary defect = rank defect = collision of [log_q2:log_q3] in P^1(F_ell).
SHAPE-005,Multiplicative and analytic number theory,Character non-concentration in growing field families,12,26,T-EG203-sharp-dichotomy-thorner-zaman,Sharp dichotomy at ell log ell ~ log Q (APEX / headline),ANALYSIS,Matches signals: Fourier smoothing; total variation; log-free zero density; discriminant explosion. Technique action: Unconditional PHNC for ell <= logQ/loglogQ via Thorner-Zaman 2019 log-free ZDE; blocked above by cross-field conductor explosion (Bushnell-Henniart).
SHAPE-006,Multiplicative and analytic number theory,Well-factorable weighted discrepancy problems,1,45,T-COMMON-checker-soundness-trust-contract,Checker + soundness-theorem + sample-witness trust contract,VERIFY,"Matches signals: large sieve; well-factorable weights; bilinear forms; bad-character sparsity. Technique action: A decidable predicate proven sound with axiom footprint exactly [propext, Classical.choice, Quot.sound]; native_decide only on sample witnesses, not the soundness theorem. Separates what the TRUTH depends on from what was TRUSTED to check it."
SHAPE-006,Multiplicative and analytic number theory,Well-factorable weighted discrepancy problems,2,42,T-EG203-density-zero-kummer-obstruction-schema,Density-zero Kummer obstruction schema,ANALYSIS,Matches signals: large sieve; well-factorable weights; bilinear forms; bad-character sparsity. Technique action: 2nd-moment sieve + Pappalardi order bounds => obstruction-dominant m are density-zero.
SHAPE-006,Multiplicative and analytic number theory,Well-factorable weighted discrepancy problems,3,40,T-EG203-discriminant-barrier-bilinear-kummer,Discriminant barrier + Bilinear-Kummer equivalence,ANALYSIS,Matches signals: large sieve; well-factorable weights; bilinear forms; bad-character sparsity. Technique action: Log-free ZDE over cyclotomic Kummer family capped at ell << logQ/loglogQ by disc |d_{K_ell}|=ell^{ell-2}; PHNC <=> TKB_ell bilinear estimate.
SHAPE-006,Multiplicative and analytic number theory,Well-factorable weighted discrepancy problems,4,40,T-GRAHAM-independent-multi-checker-crosscheck,Independent multi-checker cross-check (Go / Python / EPCE),VERIFY,"Matches signals: large sieve; well-factorable weights; bilinear forms; bad-character sparsity. Technique action: Every witness re-verified by two methodologically-distinct checkers (Go recompute + Python orbit-accounting) plus a third EPCE checker (H01/H06 verifyDistinctPartialSums); 1.64M witnesses, 0 disagreements."
SHAPE-006,Multiplicative and analytic number theory,Well-factorable weighted discrepancy problems,5,39,T-EG411-from-scratch-hostile-reenumeration,From-scratch hostile re-enumeration,VERIFY,"Matches signals: large sieve; well-factorable weights; bilinear forms; bad-character sparsity. Technique action: Independent sieve + Brent-rho, NO chain filtering (strictly more permissive), 17.96B candidates; reproduced the exact omega=7 census, 0 solutions."
SHAPE-006,Multiplicative and analytic number theory,Well-factorable weighted discrepancy problems,6,37,T-GRAHAM-packed-certificate-generic-checker,Packed-certificate + one generic checker,VERIFY,"Matches signals: large sieve; well-factorable weights; bilinear forms; bad-character sparsity. Technique action: Encode each witness as packed data; prove ONE soundness theorem (checkWitness_sound); each concrete witness then costs one native_decide, not a new proof (theorem count stayed 1 across 60K-765K witnesses)."
SHAPE-006,Multiplicative and analytic number theory,Well-factorable weighted discrepancy problems,7,27,T-EG203-kummer-cut-gap-bounds,Kummer cut-gap bounds,ANALYSIS,Matches signals: large sieve; well-factorable weights; bilinear forms; bad-character sparsity. Technique action: Collision excess controlled by the minimum weighted cocircuit Lambda_* of the Kummer matroid.
SHAPE-006,Multiplicative and analytic number theory,Well-factorable weighted discrepancy problems,8,26,T-GRAHAM-jigsaw-cost-density-predictor,JIGSAW cost-density predictor,SEARCH,"Matches signals: large sieve; well-factorable weights; bilinear forms; bad-character sparsity. Technique action: Fits cost-per-orbit-representative as a power law in subset density (ms_per_orbit=a*density^b), re-reading real evidence on every invocation so the fit self-recalibrates; self-reports its own error band."
SHAPE-006,Multiplicative and analytic number theory,Well-factorable weighted discrepancy problems,9,25,T-EG203-kummer-distribution-criterion-phnc,Kummer distribution criterion (PHNC),ANALYSIS,Matches signals: large sieve; well-factorable weights; bilinear forms; bad-character sparsity. Technique action: Prime-Hecke-Non-Concentration: fixed-radical Kummer characters don't concentrate at identity -- the load-bearing conditional criterion for a negative EG#203.
SHAPE-006,Multiplicative and analytic number theory,Well-factorable weighted discrepancy problems,10,25,T-EG203-rank-r-synchronization-kummer-geometry,Rank-r synchronization + projective Kummer geometry,STRUCTURE,Matches signals: large sieve; well-factorable weights; bilinear forms; bad-character sparsity. Technique action: Rank-r generalization of the slope-collision defect + prime-power Hensel lifting.
SHAPE-006,Multiplicative and analytic number theory,Well-factorable weighted discrepancy problems,11,25,T-EG203-crt-synchronization-projective-slopes,CRT synchronization / projective Kummer slopes,STRUCTURE,Matches signals: large sieve; well-factorable weights; bilinear forms; bad-character sparsity. Technique action: Two-prime ell-primary defect = rank defect = collision of [log_q2:log_q3] in P^1(F_ell).
SHAPE-006,Multiplicative and analytic number theory,Well-factorable weighted discrepancy problems,12,23,T-EG203-subgroup-obstruction-calculus,Subgroup obstruction calculus,STRUCTURE,"Matches signals: large sieve; well-factorable weights; bilinear forms; bad-character sparsity. Technique action: Local obstruction at modulus d = subgroup-membership in Gamma_d=<2,3> subset (Z/d)*; exact densities + Fourier via character annihilator."
SHAPE-007,Multiplicative and analytic number theory,Exact singular-series optimization,1,46,T-COMMON-checker-soundness-trust-contract,Checker + soundness-theorem + sample-witness trust contract,VERIFY,"Matches signals: local factors; CRT; exact optimizer; admissible residue sets; symmetry. Technique action: A decidable predicate proven sound with axiom footprint exactly [propext, Classical.choice, Quot.sound]; native_decide only on sample witnesses, not the soundness theorem. Separates what the TRUTH depends on from what was TRUSTED to check it."
SHAPE-007,Multiplicative and analytic number theory,Exact singular-series optimization,2,41,T-EG203-density-zero-kummer-obstruction-schema,Density-zero Kummer obstruction schema,ANALYSIS,Matches signals: local factors; CRT; exact optimizer; admissible residue sets; symmetry. Technique action: 2nd-moment sieve + Pappalardi order bounds => obstruction-dominant m are density-zero.
SHAPE-007,Multiplicative and analytic number theory,Exact singular-series optimization,3,39,T-GRAHAM-independent-multi-checker-crosscheck,Independent multi-checker cross-check (Go / Python / EPCE),VERIFY,"Matches signals: local factors; CRT; exact optimizer; admissible residue sets; symmetry. Technique action: Every witness re-verified by two methodologically-distinct checkers (Go recompute + Python orbit-accounting) plus a third EPCE checker (H01/H06 verifyDistinctPartialSums); 1.64M witnesses, 0 disagreements."
SHAPE-007,Multiplicative and analytic number theory,Exact singular-series optimization,4,38,T-GRAHAM-packed-certificate-generic-checker,Packed-certificate + one generic checker,VERIFY,"Matches signals: local factors; CRT; exact optimizer; admissible residue sets; symmetry. Technique action: Encode each witness as packed data; prove ONE soundness theorem (checkWitness_sound); each concrete witness then costs one native_decide, not a new proof (theorem count stayed 1 across 60K-765K witnesses)."
SHAPE-007,Multiplicative and analytic number theory,Exact singular-series optimization,5,38,T-EG411-from-scratch-hostile-reenumeration,From-scratch hostile re-enumeration,VERIFY,"Matches signals: local factors; CRT; exact optimizer; admissible residue sets; symmetry. Technique action: Independent sieve + Brent-rho, NO chain filtering (strictly more permissive), 17.96B candidates; reproduced the exact omega=7 census, 0 solutions."
SHAPE-007,Multiplicative and analytic number theory,Exact singular-series optimization,6,34,T-PRIMEGAP-hardy-littlewood-admissibility-closed-form,Hardy-Littlewood admissibility closed forms (Lean),ANALYSIS,"Matches signals: local factors; CRT; exact optimizer; admissible residue sets; symmetry. Technique action: Closed-form HL admissibility fractions for prime k-constellations (k=3:7/36, k=4:5/72, k=5:18631/810000); 59 Lean theorems, 0 sorry."
SHAPE-007,Multiplicative and analytic number theory,Exact singular-series optimization,7,28,T-EG203-bateman-horn-singular-series,Analytic Bateman-Horn singular series,ANALYSIS,"Matches signals: local factors; CRT; exact optimizer; admissible residue sets; symmetry. Technique action: Compute S(m)=prod(1-omega_p(m)p/(p-1)); empirical pi_V(m,D) ~ 22*S(m)*D, min S=0.0967."
SHAPE-007,Multiplicative and analytic number theory,Exact singular-series optimization,8,27,T-EG203-rank-r-synchronization-kummer-geometry,Rank-r synchronization + projective Kummer geometry,STRUCTURE,Matches signals: local factors; CRT; exact optimizer; admissible residue sets; symmetry. Technique action: Rank-r generalization of the slope-collision defect + prime-power Hensel lifting.
SHAPE-007,Multiplicative and analytic number theory,Exact singular-series optimization,9,26,T-GRAHAM-jigsaw-cost-density-predictor,JIGSAW cost-density predictor,SEARCH,"Matches signals: local factors; CRT; exact optimizer; admissible residue sets; symmetry. Technique action: Fits cost-per-orbit-representative as a power law in subset density (ms_per_orbit=a*density^b), re-reading real evidence on every invocation so the fit self-recalibrates; self-reports its own error band."
SHAPE-007,Multiplicative and analytic number theory,Exact singular-series optimization,10,26,T-950-fft-convolution-sieve-fn,FFT-convolution sieve for f(n),SEARCH,Matches signals: local factors; CRT; exact optimizer; admissible residue sets; symmetry. Technique action: FFT-convolution sieve computes f(n)=sum 1/(n-p) to N=2e7; backtracking admissible k-tuple search cross-validated vs OEIS A008407 (28/28 exact).
SHAPE-007,Multiplicative and analytic number theory,Exact singular-series optimization,11,26,T-EG203-crt-synchronization-projective-slopes,CRT synchronization / projective Kummer slopes,STRUCTURE,Matches signals: local factors; CRT; exact optimizer; admissible residue sets; symmetry. Technique action: Two-prime ell-primary defect = rank defect = collision of [log_q2:log_q3] in P^1(F_ell).
SHAPE-007,Multiplicative and analytic number theory,Exact singular-series optimization,12,25,T-EG203-subgroup-obstruction-calculus,Subgroup obstruction calculus,STRUCTURE,"Matches signals: local factors; CRT; exact optimizer; admissible residue sets; symmetry. Technique action: Local obstruction at modulus d = subgroup-membership in Gamma_d=<2,3> subset (Z/d)*; exact densities + Fourier via character annihilator."
SHAPE-008,Multiplicative and analytic number theory,Wieferich and prime-power lifting anomalies,1,53,T-EG203-rank-r-synchronization-kummer-geometry,Rank-r synchronization + projective Kummer geometry,STRUCTURE,Matches signals: p-adic lift; discrete-log rows; valuation tree; prime-power congruence. Technique action: Rank-r generalization of the slope-collision defect + prime-power Hensel lifting.
SHAPE-008,Multiplicative and analytic number theory,Wieferich and prime-power lifting anomalies,2,48,T-COMMON-checker-soundness-trust-contract,Checker + soundness-theorem + sample-witness trust contract,VERIFY,"Matches signals: p-adic lift; discrete-log rows; valuation tree; prime-power congruence. Technique action: A decidable predicate proven sound with axiom footprint exactly [propext, Classical.choice, Quot.sound]; native_decide only on sample witnesses, not the soundness theorem. Separates what the TRUTH depends on from what was TRUSTED to check it."
SHAPE-008,Multiplicative and analytic number theory,Wieferich and prime-power lifting anomalies,3,39,T-GRAHAM-packed-certificate-generic-checker,Packed-certificate + one generic checker,VERIFY,"Matches signals: p-adic lift; discrete-log rows; valuation tree; prime-power congruence. Technique action: Encode each witness as packed data; prove ONE soundness theorem (checkWitness_sound); each concrete witness then costs one native_decide, not a new proof (theorem count stayed 1 across 60K-765K witnesses)."
SHAPE-008,Multiplicative and analytic number theory,Wieferich and prime-power lifting anomalies,4,39,T-GRAHAM-independent-multi-checker-crosscheck,Independent multi-checker cross-check (Go / Python / EPCE),VERIFY,"Matches signals: p-adic lift; discrete-log rows; valuation tree; prime-power congruence. Technique action: Every witness re-verified by two methodologically-distinct checkers (Go recompute + Python orbit-accounting) plus a third EPCE checker (H01/H06 verifyDistinctPartialSums); 1.64M witnesses, 0 disagreements."
SHAPE-008,Multiplicative and analytic number theory,Wieferich and prime-power lifting anomalies,5,38,T-EG203-matroid-lifting-poisson-binomial,Matroid lifting + Poisson-binomial exact distribution,ANALYSIS,Matches signals: p-adic lift; discrete-log rows; valuation tree; prime-power congruence. Technique action: Local obstruction indicators = independent Bernoullis (Poisson-binomial); Kummer log rows = representable matroid over F_ell; prime-power lift = Wieferich map.
SHAPE-008,Multiplicative and analytic number theory,Wieferich and prime-power lifting anomalies,6,37,T-EG203-density-zero-kummer-obstruction-schema,Density-zero Kummer obstruction schema,ANALYSIS,Matches signals: p-adic lift; discrete-log rows; valuation tree; prime-power congruence. Technique action: 2nd-moment sieve + Pappalardi order bounds => obstruction-dominant m are density-zero.
SHAPE-008,Multiplicative and analytic number theory,Wieferich and prime-power lifting anomalies,7,36,T-EG411-from-scratch-hostile-reenumeration,From-scratch hostile re-enumeration,VERIFY,"Matches signals: p-adic lift; discrete-log rows; valuation tree; prime-power congruence. Technique action: Independent sieve + Brent-rho, NO chain filtering (strictly more permissive), 17.96B candidates; reproduced the exact omega=7 census, 0 solutions."
SHAPE-008,Multiplicative and analytic number theory,Wieferich and prime-power lifting anomalies,8,31,T-GRAHAM-jigsaw-cost-density-predictor,JIGSAW cost-density predictor,SEARCH,"Matches signals: p-adic lift; discrete-log rows; valuation tree; prime-power congruence. Technique action: Fits cost-per-orbit-representative as a power law in subset density (ms_per_orbit=a*density^b), re-reading real evidence on every invocation so the fit self-recalibrates; self-reports its own error band."
SHAPE-008,Multiplicative and analytic number theory,Wieferich and prime-power lifting anomalies,9,29,T-EG203-gamma-fiber-local-density,Gamma-fiber local density companion,ANALYSIS,Matches signals: p-adic lift; discrete-log rows; valuation tree; prime-power congruence. Technique action: Exact Gamma-fiber local density + prime-power Hensel companion computation.
SHAPE-008,Multiplicative and analytic number theory,Wieferich and prime-power lifting anomalies,10,27,T-EG203-crt-synchronization-projective-slopes,CRT synchronization / projective Kummer slopes,STRUCTURE,Matches signals: p-adic lift; discrete-log rows; valuation tree; prime-power congruence. Technique action: Two-prime ell-primary defect = rank defect = collision of [log_q2:log_q3] in P^1(F_ell).
SHAPE-008,Multiplicative and analytic number theory,Wieferich and prime-power lifting anomalies,11,24,T-EG203-prime-witness-scale-ladder,Prime-witness scale ladder + adversarial checking,SEARCH,"Matches signals: p-adic lift; discrete-log rows; valuation tree; prime-power congruence. Technique action: Kernel-verified prime witnesses continuously 10^0 -> 10^19 (max 20-digit prime); evidence, not universal."
SHAPE-008,Multiplicative and analytic number theory,Wieferich and prime-power lifting anomalies,12,24,T-EG203-subgroup-obstruction-calculus,Subgroup obstruction calculus,STRUCTURE,"Matches signals: p-adic lift; discrete-log rows; valuation tree; prime-power congruence. Technique action: Local obstruction at modulus d = subgroup-membership in Gamma_d=<2,3> subset (Z/d)*; exact densities + Fourier via character annihilator."
SHAPE-009,Multiplicative and analytic number theory,Exceptional-set density via local indicators,1,60,T-EG203-density-zero-kummer-obstruction-schema,Density-zero Kummer obstruction schema,ANALYSIS,Matches signals: Poisson-binomial law; moment identities; local densities; second-moment sieve. Technique action: 2nd-moment sieve + Pappalardi order bounds => obstruction-dominant m are density-zero.
SHAPE-009,Multiplicative and analytic number theory,Exceptional-set density via local indicators,2,50,T-COMMON-checker-soundness-trust-contract,Checker + soundness-theorem + sample-witness trust contract,VERIFY,"Matches signals: Poisson-binomial law; moment identities; local densities; second-moment sieve. Technique action: A decidable predicate proven sound with axiom footprint exactly [propext, Classical.choice, Quot.sound]; native_decide only on sample witnesses, not the soundness theorem. Separates what the TRUTH depends on from what was TRUSTED to check it."
SHAPE-009,Multiplicative and analytic number theory,Exceptional-set density via local indicators,3,46,T-EG203-moment-laws,Moment laws (Lean-verified),ANALYSIS,"Matches signals: Poisson-binomial law; moment identities; local densities; second-moment sieve. Technique action: Exact k-th moment / mean-zero / second-moment identities for the local obstruction (sum_delta_eq_zero, third_moment_vanishes_iff_half_cover, ...)."
SHAPE-009,Multiplicative and analytic number theory,Exceptional-set density via local indicators,4,42,T-GRAHAM-independent-multi-checker-crosscheck,Independent multi-checker cross-check (Go / Python / EPCE),VERIFY,"Matches signals: Poisson-binomial law; moment identities; local densities; second-moment sieve. Technique action: Every witness re-verified by two methodologically-distinct checkers (Go recompute + Python orbit-accounting) plus a third EPCE checker (H01/H06 verifyDistinctPartialSums); 1.64M witnesses, 0 disagreements."
SHAPE-009,Multiplicative and analytic number theory,Exceptional-set density via local indicators,5,42,T-EG411-from-scratch-hostile-reenumeration,From-scratch hostile re-enumeration,VERIFY,"Matches signals: Poisson-binomial law; moment identities; local densities; second-moment sieve. Technique action: Independent sieve + Brent-rho, NO chain filtering (strictly more permissive), 17.96B candidates; reproduced the exact omega=7 census, 0 solutions."
SHAPE-009,Multiplicative and analytic number theory,Exceptional-set density via local indicators,6,42,T-GRAHAM-packed-certificate-generic-checker,Packed-certificate + one generic checker,VERIFY,"Matches signals: Poisson-binomial law; moment identities; local densities; second-moment sieve. Technique action: Encode each witness as packed data; prove ONE soundness theorem (checkWitness_sound); each concrete witness then costs one native_decide, not a new proof (theorem count stayed 1 across 60K-765K witnesses)."
SHAPE-009,Multiplicative and analytic number theory,Exceptional-set density via local indicators,7,38,T-EG203-matroid-lifting-poisson-binomial,Matroid lifting + Poisson-binomial exact distribution,ANALYSIS,Matches signals: Poisson-binomial law; moment identities; local densities; second-moment sieve. Technique action: Local obstruction indicators = independent Bernoullis (Poisson-binomial); Kummer log rows = representable matroid over F_ell; prime-power lift = Wieferich map.
SHAPE-009,Multiplicative and analytic number theory,Exceptional-set density via local indicators,8,30,T-GRAHAM-jigsaw-cost-density-predictor,JIGSAW cost-density predictor,SEARCH,"Matches signals: Poisson-binomial law; moment identities; local densities; second-moment sieve. Technique action: Fits cost-per-orbit-representative as a power law in subset density (ms_per_orbit=a*density^b), re-reading real evidence on every invocation so the fit self-recalibrates; self-reports its own error band."
SHAPE-009,Multiplicative and analytic number theory,Exceptional-set density via local indicators,9,30,T-EG203-subgroup-obstruction-calculus,Subgroup obstruction calculus,STRUCTURE,"Matches signals: Poisson-binomial law; moment identities; local densities; second-moment sieve. Technique action: Local obstruction at modulus d = subgroup-membership in Gamma_d=<2,3> subset (Z/d)*; exact densities + Fourier via character annihilator."
SHAPE-009,Multiplicative and analytic number theory,Exceptional-set density via local indicators,10,26,T-EG203-fourier-collision-variance,Kummer Fourier collision variance (self-correction),ANALYSIS,Matches signals: Poisson-binomial law; moment identities; local densities; second-moment sieve. Technique action: Corrects a FALSE linear product formula into an exact Plancherel / hyperplane-arrangement sum for collision variance.
SHAPE-009,Multiplicative and analytic number theory,Exceptional-set density via local indicators,11,26,T-EG203-gamma-fiber-local-density,Gamma-fiber local density companion,ANALYSIS,Matches signals: Poisson-binomial law; moment identities; local densities; second-moment sieve. Technique action: Exact Gamma-fiber local density + prime-power Hensel companion computation.
SHAPE-009,Multiplicative and analytic number theory,Exceptional-set density via local indicators,12,25,T-EG203-rank-r-synchronization-kummer-geometry,Rank-r synchronization + projective Kummer geometry,STRUCTURE,Matches signals: Poisson-binomial law; moment identities; local densities; second-moment sieve. Technique action: Rank-r generalization of the slope-collision defect + prime-power Hensel lifting.
SHAPE-010,Multiplicative and analytic number theory,Fourier collision and hyperplane-arrangement counts,1,57,T-EG203-fourier-collision-variance,Kummer Fourier collision variance (self-correction),ANALYSIS,Matches signals: finite Fourier transform; hyperplane arrangement; matroid cocircuit; collision variance. Technique action: Corrects a FALSE linear product formula into an exact Plancherel / hyperplane-arrangement sum for collision variance.
SHAPE-010,Multiplicative and analytic number theory,Fourier collision and hyperplane-arrangement counts,2,48,T-COMMON-checker-soundness-trust-contract,Checker + soundness-theorem + sample-witness trust contract,VERIFY,"Matches signals: finite Fourier transform; hyperplane arrangement; matroid cocircuit; collision variance. Technique action: A decidable predicate proven sound with axiom footprint exactly [propext, Classical.choice, Quot.sound]; native_decide only on sample witnesses, not the soundness theorem. Separates what the TRUTH depends on from what was TRUSTED to check it."
SHAPE-010,Multiplicative and analytic number theory,Fourier collision and hyperplane-arrangement counts,3,40,T-GRAHAM-independent-multi-checker-crosscheck,Independent multi-checker cross-check (Go / Python / EPCE),VERIFY,"Matches signals: finite Fourier transform; hyperplane arrangement; matroid cocircuit; collision variance. Technique action: Every witness re-verified by two methodologically-distinct checkers (Go recompute + Python orbit-accounting) plus a third EPCE checker (H01/H06 verifyDistinctPartialSums); 1.64M witnesses, 0 disagreements."
SHAPE-010,Multiplicative and analytic number theory,Fourier collision and hyperplane-arrangement counts,4,38,T-GRAHAM-packed-certificate-generic-checker,Packed-certificate + one generic checker,VERIFY,"Matches signals: finite Fourier transform; hyperplane arrangement; matroid cocircuit; collision variance. Technique action: Encode each witness as packed data; prove ONE soundness theorem (checkWitness_sound); each concrete witness then costs one native_decide, not a new proof (theorem count stayed 1 across 60K-765K witnesses)."
SHAPE-010,Multiplicative and analytic number theory,Fourier collision and hyperplane-arrangement counts,5,35,T-EG411-from-scratch-hostile-reenumeration,From-scratch hostile re-enumeration,VERIFY,"Matches signals: finite Fourier transform; hyperplane arrangement; matroid cocircuit; collision variance. Technique action: Independent sieve + Brent-rho, NO chain filtering (strictly more permissive), 17.96B candidates; reproduced the exact omega=7 census, 0 solutions."
SHAPE-010,Multiplicative and analytic number theory,Fourier collision and hyperplane-arrangement counts,6,34,T-EG203-density-zero-kummer-obstruction-schema,Density-zero Kummer obstruction schema,ANALYSIS,Matches signals: finite Fourier transform; hyperplane arrangement; matroid cocircuit; collision variance. Technique action: 2nd-moment sieve + Pappalardi order bounds => obstruction-dominant m are density-zero.
SHAPE-010,Multiplicative and analytic number theory,Fourier collision and hyperplane-arrangement counts,7,34,T-EG203-subgroup-obstruction-calculus,Subgroup obstruction calculus,STRUCTURE,"Matches signals: finite Fourier transform; hyperplane arrangement; matroid cocircuit; collision variance. Technique action: Local obstruction at modulus d = subgroup-membership in Gamma_d=<2,3> subset (Z/d)*; exact densities + Fourier via character annihilator."
SHAPE-010,Multiplicative and analytic number theory,Fourier collision and hyperplane-arrangement counts,8,33,T-EG203-kummer-cut-gap-bounds,Kummer cut-gap bounds,ANALYSIS,Matches signals: finite Fourier transform; hyperplane arrangement; matroid cocircuit; collision variance. Technique action: Collision excess controlled by the minimum weighted cocircuit Lambda_* of the Kummer matroid.
SHAPE-010,Multiplicative and analytic number theory,Fourier collision and hyperplane-arrangement counts,9,29,T-EG203-matroid-lifting-poisson-binomial,Matroid lifting + Poisson-binomial exact distribution,ANALYSIS,Matches signals: finite Fourier transform; hyperplane arrangement; matroid cocircuit; collision variance. Technique action: Local obstruction indicators = independent Bernoullis (Poisson-binomial); Kummer log rows = representable matroid over F_ell; prime-power lift = Wieferich map.
SHAPE-010,Multiplicative and analytic number theory,Fourier collision and hyperplane-arrangement counts,10,28,T-EG203-rank-r-synchronization-kummer-geometry,Rank-r synchronization + projective Kummer geometry,STRUCTURE,Matches signals: finite Fourier transform; hyperplane arrangement; matroid cocircuit; collision variance. Technique action: Rank-r generalization of the slope-collision defect + prime-power Hensel lifting.
SHAPE-010,Multiplicative and analytic number theory,Fourier collision and hyperplane-arrangement counts,11,28,T-GRAHAM-jigsaw-cost-density-predictor,JIGSAW cost-density predictor,SEARCH,"Matches signals: finite Fourier transform; hyperplane arrangement; matroid cocircuit; collision variance. Technique action: Fits cost-per-orbit-representative as a power law in subset density (ms_per_orbit=a*density^b), re-reading real evidence on every invocation so the fit self-recalibrates; self-reports its own error band."
SHAPE-010,Multiplicative and analytic number theory,Fourier collision and hyperplane-arrangement counts,12,27,T-EG203-crt-synchronization-projective-slopes,CRT synchronization / projective Kummer slopes,STRUCTURE,Matches signals: finite Fourier transform; hyperplane arrangement; matroid cocircuit; collision variance. Technique action: Two-prime ell-primary defect = rank defect = collision of [log_q2:log_q3] in P^1(F_ell).
SHAPE-011,Multiplicative and analytic number theory,Prime-gap transition and residue-class bias,1,48,T-COMMON-checker-soundness-trust-contract,Checker + soundness-theorem + sample-witness trust contract,VERIFY,"Matches signals: cross-validation; Markov order; residue classes; bootstrap; sham processes. Technique action: A decidable predicate proven sound with axiom footprint exactly [propext, Classical.choice, Quot.sound]; native_decide only on sample witnesses, not the soundness theorem. Separates what the TRUTH depends on from what was TRUSTED to check it."
SHAPE-011,Multiplicative and analytic number theory,Prime-gap transition and residue-class bias,2,43,T-PRIMEGAP-cv-markov-order-with-sham-controls,CV-Markov order test with sham controls,ANALYSIS,"Matches signals: cross-validation; Markov order; residue classes; bootstrap; sham processes. Technique action: 5-fold CV-Markov order test + BIC/likelihood-ratio on prime-gap transitions, with 4 sham controls (Poisson, Cramer-sieved, shuffled-real, lag-k); curve_fit + 5000-resample bootstrap CI."
SHAPE-011,Multiplicative and analytic number theory,Prime-gap transition and residue-class bias,3,39,T-GRAHAM-jigsaw-cost-density-predictor,JIGSAW cost-density predictor,SEARCH,"Matches signals: cross-validation; Markov order; residue classes; bootstrap; sham processes. Technique action: Fits cost-per-orbit-representative as a power law in subset density (ms_per_orbit=a*density^b), re-reading real evidence on every invocation so the fit self-recalibrates; self-reports its own error band."
SHAPE-011,Multiplicative and analytic number theory,Prime-gap transition and residue-class bias,4,39,T-GRAHAM-independent-multi-checker-crosscheck,Independent multi-checker cross-check (Go / Python / EPCE),VERIFY,"Matches signals: cross-validation; Markov order; residue classes; bootstrap; sham processes. Technique action: Every witness re-verified by two methodologically-distinct checkers (Go recompute + Python orbit-accounting) plus a third EPCE checker (H01/H06 verifyDistinctPartialSums); 1.64M witnesses, 0 disagreements."
SHAPE-011,Multiplicative and analytic number theory,Prime-gap transition and residue-class bias,5,39,T-GRAHAM-packed-certificate-generic-checker,Packed-certificate + one generic checker,VERIFY,"Matches signals: cross-validation; Markov order; residue classes; bootstrap; sham processes. Technique action: Encode each witness as packed data; prove ONE soundness theorem (checkWitness_sound); each concrete witness then costs one native_decide, not a new proof (theorem count stayed 1 across 60K-765K witnesses)."
SHAPE-011,Multiplicative and analytic number theory,Prime-gap transition and residue-class bias,6,38,T-EG411-from-scratch-hostile-reenumeration,From-scratch hostile re-enumeration,VERIFY,"Matches signals: cross-validation; Markov order; residue classes; bootstrap; sham processes. Technique action: Independent sieve + Brent-rho, NO chain filtering (strictly more permissive), 17.96B candidates; reproduced the exact omega=7 census, 0 solutions."
SHAPE-011,Multiplicative and analytic number theory,Prime-gap transition and residue-class bias,7,37,T-EG203-density-zero-kummer-obstruction-schema,Density-zero Kummer obstruction schema,ANALYSIS,Matches signals: cross-validation; Markov order; residue classes; bootstrap; sham processes. Technique action: 2nd-moment sieve + Pappalardi order bounds => obstruction-dominant m are density-zero.
SHAPE-011,Multiplicative and analytic number theory,Prime-gap transition and residue-class bias,8,27,T-EG203-rank-r-synchronization-kummer-geometry,Rank-r synchronization + projective Kummer geometry,STRUCTURE,Matches signals: cross-validation; Markov order; residue classes; bootstrap; sham processes. Technique action: Rank-r generalization of the slope-collision defect + prime-power Hensel lifting.
SHAPE-011,Multiplicative and analytic number theory,Prime-gap transition and residue-class bias,9,26,T-EG203-crt-synchronization-projective-slopes,CRT synchronization / projective Kummer slopes,STRUCTURE,Matches signals: cross-validation; Markov order; residue classes; bootstrap; sham processes. Technique action: Two-prime ell-primary defect = rank defect = collision of [log_q2:log_q3] in P^1(F_ell).
SHAPE-011,Multiplicative and analytic number theory,Prime-gap transition and residue-class bias,10,25,T-EG203-subgroup-obstruction-calculus,Subgroup obstruction calculus,STRUCTURE,"Matches signals: cross-validation; Markov order; residue classes; bootstrap; sham processes. Technique action: Local obstruction at modulus d = subgroup-membership in Gamma_d=<2,3> subset (Z/d)*; exact densities + Fourier via character annihilator."
SHAPE-011,Multiplicative and analytic number theory,Prime-gap transition and residue-class bias,11,25,T-EG203-crt-coherence-brute-force,CRT coherence brute-force,ANALYSIS,Matches signals: cross-validation; Markov order; residue classes; bootstrap; sham processes. Technique action: Compute coherence invariant C_b(P)=max_m covered-cell fraction; a cover iff =1.
SHAPE-011,Multiplicative and analytic number theory,Prime-gap transition and residue-class bias,12,24,T-EG203-bounded-witness-certificate-machinery,Bounded witness / certificate machinery (m<=1e6 kernel closure),SEARCH,"Matches signals: cross-validation; Markov order; residue classes; bootstrap; sham processes. Technique action: Every ordinary m<=1e6 has a kernel-checked prime witness V(m,k,l), k+l<=13, in Lean (lake build exit 0)."
SHAPE-012,Multiplicative and analytic number theory,Finite verification of analytic conjecture side conditions,1,48,T-COMMON-checker-soundness-trust-contract,Checker + soundness-theorem + sample-witness trust contract,VERIFY,"Matches signals: interval arithmetic; exact rational bounds; monotonicity; certified prime tables. Technique action: A decidable predicate proven sound with axiom footprint exactly [propext, Classical.choice, Quot.sound]; native_decide only on sample witnesses, not the soundness theorem. Separates what the TRUTH depends on from what was TRUSTED to check it."
SHAPE-012,Multiplicative and analytic number theory,Finite verification of analytic conjecture side conditions,2,43,T-EG203-density-zero-kummer-obstruction-schema,Density-zero Kummer obstruction schema,ANALYSIS,Matches signals: interval arithmetic; exact rational bounds; monotonicity; certified prime tables. Technique action: 2nd-moment sieve + Pappalardi order bounds => obstruction-dominant m are density-zero.
SHAPE-012,Multiplicative and analytic number theory,Finite verification of analytic conjecture side conditions,3,40,T-GRAHAM-independent-multi-checker-crosscheck,Independent multi-checker cross-check (Go / Python / EPCE),VERIFY,"Matches signals: interval arithmetic; exact rational bounds; monotonicity; certified prime tables. Technique action: Every witness re-verified by two methodologically-distinct checkers (Go recompute + Python orbit-accounting) plus a third EPCE checker (H01/H06 verifyDistinctPartialSums); 1.64M witnesses, 0 disagreements."
SHAPE-012,Multiplicative and analytic number theory,Finite verification of analytic conjecture side conditions,4,40,T-EG411-from-scratch-hostile-reenumeration,From-scratch hostile re-enumeration,VERIFY,"Matches signals: interval arithmetic; exact rational bounds; monotonicity; certified prime tables. Technique action: Independent sieve + Brent-rho, NO chain filtering (strictly more permissive), 17.96B candidates; reproduced the exact omega=7 census, 0 solutions."
SHAPE-012,Multiplicative and analytic number theory,Finite verification of analytic conjecture side conditions,5,40,T-GRAHAM-packed-certificate-generic-checker,Packed-certificate + one generic checker,VERIFY,"Matches signals: interval arithmetic; exact rational bounds; monotonicity; certified prime tables. Technique action: Encode each witness as packed data; prove ONE soundness theorem (checkWitness_sound); each concrete witness then costs one native_decide, not a new proof (theorem count stayed 1 across 60K-765K witnesses)."
SHAPE-012,Multiplicative and analytic number theory,Finite verification of analytic conjecture side conditions,6,27,T-EG203-expected-coverage-theorem-mertens,Expected-coverage theorem (Mertens),ANALYSIS,"Matches signals: interval arithmetic; exact rational bounds; monotonicity; certified prime tables. Technique action: Along M=n!, S(n!) >= sum_{p<=n+1} 1/p >= loglog n -> infinity (Mertens) => E[coverage] -> 1."
SHAPE-012,Multiplicative and analytic number theory,Finite verification of analytic conjecture side conditions,7,26,T-GRAHAM-jigsaw-cost-density-predictor,JIGSAW cost-density predictor,SEARCH,"Matches signals: interval arithmetic; exact rational bounds; monotonicity; certified prime tables. Technique action: Fits cost-per-orbit-representative as a power law in subset density (ms_per_orbit=a*density^b), re-reading real evidence on every invocation so the fit self-recalibrates; self-reports its own error band."
SHAPE-012,Multiplicative and analytic number theory,Finite verification of analytic conjecture side conditions,8,26,T-EG411-omega-ladder-pruning-rules,"Omega-ladder pruning rules (A<=B dead check, cap bound, chain-free filter)",SEARCH,"Matches signals: interval arithmetic; exact rational bounds; monotonicity; certified prime tables. Technique action: A<=B dead check (3*phi-product < 2*n-product forever); intermediate cap bound A*(x-1)^j > B*x^j+2; chain-free filter (skip x if x=1 mod p for any p in prefix, Hercher H2)."
SHAPE-012,Multiplicative and analytic number theory,Finite verification of analytic conjecture side conditions,9,24,T-EG203-rank-r-synchronization-kummer-geometry,Rank-r synchronization + projective Kummer geometry,STRUCTURE,Matches signals: interval arithmetic; exact rational bounds; monotonicity; certified prime tables. Technique action: Rank-r generalization of the slope-collision defect + prime-power Hensel lifting.
SHAPE-012,Multiplicative and analytic number theory,Finite verification of analytic conjecture side conditions,10,24,T-EG203-crt-synchronization-projective-slopes,CRT synchronization / projective Kummer slopes,STRUCTURE,Matches signals: interval arithmetic; exact rational bounds; monotonicity; certified prime tables. Technique action: Two-prime ell-primary defect = rank defect = collision of [log_q2:log_q3] in P^1(F_ell).
SHAPE-012,Multiplicative and analytic number theory,Finite verification of analytic conjecture side conditions,11,24,T-EG203-subgroup-obstruction-calculus,Subgroup obstruction calculus,STRUCTURE,"Matches signals: interval arithmetic; exact rational bounds; monotonicity; certified prime tables. Technique action: Local obstruction at modulus d = subgroup-membership in Gamma_d=<2,3> subset (Z/d)*; exact densities + Fourier via character annihilator."
SHAPE-012,Multiplicative and analytic number theory,Finite verification of analytic conjecture side conditions,12,23,T-950-fft-convolution-sieve-fn,FFT-convolution sieve for f(n),SEARCH,Matches signals: interval arithmetic; exact rational bounds; monotonicity; certified prime tables. Technique action: FFT-convolution sieve computes f(n)=sum 1/(n-p) to N=2e7; backtracking admissible k-tuple search cross-validated vs OEIS A008407 (28/28 exact).
SHAPE-013,"Totients, divisors, and Diophantine equations",Fixed-ratio totient equations by omega,1,55,T-COMMON-checker-soundness-trust-contract,Checker + soundness-theorem + sample-witness trust contract,VERIFY,"Matches signals: squarefree reduction; omega ladder; factor configuration; cap bound. Technique action: A decidable predicate proven sound with axiom footprint exactly [propext, Classical.choice, Quot.sound]; native_decide only on sample witnesses, not the soundness theorem. Separates what the TRUTH depends on from what was TRUSTED to check it."
SHAPE-013,"Totients, divisors, and Diophantine equations",Fixed-ratio totient equations by omega,2,45,T-GRAHAM-packed-certificate-generic-checker,Packed-certificate + one generic checker,VERIFY,"Matches signals: squarefree reduction; omega ladder; factor configuration; cap bound. Technique action: Encode each witness as packed data; prove ONE soundness theorem (checkWitness_sound); each concrete witness then costs one native_decide, not a new proof (theorem count stayed 1 across 60K-765K witnesses)."
SHAPE-013,"Totients, divisors, and Diophantine equations",Fixed-ratio totient equations by omega,3,42,T-EG411-omega-ladder-case-exhaustion,Omega-ladder case-exhaustion (kill-trees),SEARCH,"Matches signals: squarefree reduction; omega ladder; factor configuration; cap bound. Technique action: Enumerate all squarefree factor-configs at fixed omega via node algebra A=3*prod(p-1), B=2*prod p; solve terminal j=2 pairs; omega=5/6/7 config spaces all EMPTY."
SHAPE-013,"Totients, divisors, and Diophantine equations",Fixed-ratio totient equations by omega,4,39,T-GRAHAM-independent-multi-checker-crosscheck,Independent multi-checker cross-check (Go / Python / EPCE),VERIFY,"Matches signals: squarefree reduction; omega ladder; factor configuration; cap bound. Technique action: Every witness re-verified by two methodologically-distinct checkers (Go recompute + Python orbit-accounting) plus a third EPCE checker (H01/H06 verifyDistinctPartialSums); 1.64M witnesses, 0 disagreements."
SHAPE-013,"Totients, divisors, and Diophantine equations",Fixed-ratio totient equations by omega,5,37,T-EG411-totient-equation-reduction-hercher-bridge,Totient-equation reduction + Hercher bridge,STRUCTURE,Matches signals: squarefree reduction; omega ladder; factor configuration; cap bound. Technique action: Maps EG#411 r=2 to 3*phi(N)=2N+2 (N=(3p-1)/4); connects to Hercher's structure theory; master identity p=2*phi(N)-1.
SHAPE-013,"Totients, divisors, and Diophantine equations",Fixed-ratio totient equations by omega,6,37,T-EG411-omega-ladder-pruning-rules,"Omega-ladder pruning rules (A<=B dead check, cap bound, chain-free filter)",SEARCH,"Matches signals: squarefree reduction; omega ladder; factor configuration; cap bound. Technique action: A<=B dead check (3*phi-product < 2*n-product forever); intermediate cap bound A*(x-1)^j > B*x^j+2; chain-free filter (skip x if x=1 mod p for any p in prefix, Hercher H2)."
SHAPE-013,"Totients, divisors, and Diophantine equations",Fixed-ratio totient equations by omega,7,36,T-EG411-from-scratch-hostile-reenumeration,From-scratch hostile re-enumeration,VERIFY,"Matches signals: squarefree reduction; omega ladder; factor configuration; cap bound. Technique action: Independent sieve + Brent-rho, NO chain filtering (strictly more permissive), 17.96B candidates; reproduced the exact omega=7 census, 0 solutions."
SHAPE-013,"Totients, divisors, and Diophantine equations",Fixed-ratio totient equations by omega,8,34,T-EG203-bounded-witness-certificate-machinery,Bounded witness / certificate machinery (m<=1e6 kernel closure),SEARCH,"Matches signals: squarefree reduction; omega ladder; factor configuration; cap bound. Technique action: Every ordinary m<=1e6 has a kernel-checked prime witness V(m,k,l), k+l<=13, in Lean (lake build exit 0)."
SHAPE-013,"Totients, divisors, and Diophantine equations",Fixed-ratio totient equations by omega,9,26,T-EG203-prime-witness-scale-ladder,Prime-witness scale ladder + adversarial checking,SEARCH,"Matches signals: squarefree reduction; omega ladder; factor configuration; cap bound. Technique action: Kernel-verified prime witnesses continuously 10^0 -> 10^19 (max 20-digit prime); evidence, not universal."
SHAPE-013,"Totients, divisors, and Diophantine equations",Fixed-ratio totient equations by omega,10,26,T-GRAHAM-jigsaw-cost-density-predictor,JIGSAW cost-density predictor,SEARCH,"Matches signals: squarefree reduction; omega ladder; factor configuration; cap bound. Technique action: Fits cost-per-orbit-representative as a power law in subset density (ms_per_orbit=a*density^b), re-reading real evidence on every invocation so the fit self-recalibrates; self-reports its own error band."
SHAPE-013,"Totients, divisors, and Diophantine equations",Fixed-ratio totient equations by omega,11,23,T-EG203-gamma-fiber-local-density,Gamma-fiber local density companion,ANALYSIS,Matches signals: squarefree reduction; omega ladder; factor configuration; cap bound. Technique action: Exact Gamma-fiber local density + prime-power Hensel companion computation.
SHAPE-013,"Totients, divisors, and Diophantine equations",Fixed-ratio totient equations by omega,12,22,T-GRAHAM-arbitrary-parameter-generalization,Arbitrary-parameter generalization,VERIFY,Matches signals: squarefree reduction; omega ladder; factor configuration; cap bound. Technique action: Parameterize over the index (p:Nat with [Fact p.Prime]) instead of one hardcoded instance; MUST re-verify each specialization reproduces its original axiom signature.
SHAPE-014,"Totients, divisors, and Diophantine equations",Iterated arithmetic-function equations,1,51,T-COMMON-checker-soundness-trust-contract,Checker + soundness-theorem + sample-witness trust contract,VERIFY,"Matches signals: reduction bridge; dependency graph; finite-rung decomposition; primality sieve. Technique action: A decidable predicate proven sound with axiom footprint exactly [propext, Classical.choice, Quot.sound]; native_decide only on sample witnesses, not the soundness theorem. Separates what the TRUTH depends on from what was TRUSTED to check it."
SHAPE-014,"Totients, divisors, and Diophantine equations",Iterated arithmetic-function equations,2,44,T-EG411-totient-equation-reduction-hercher-bridge,Totient-equation reduction + Hercher bridge,STRUCTURE,Matches signals: reduction bridge; dependency graph; finite-rung decomposition; primality sieve. Technique action: Maps EG#411 r=2 to 3*phi(N)=2N+2 (N=(3p-1)/4); connects to Hercher's structure theory; master identity p=2*phi(N)-1.
SHAPE-014,"Totients, divisors, and Diophantine equations",Iterated arithmetic-function equations,3,41,T-GRAHAM-packed-certificate-generic-checker,Packed-certificate + one generic checker,VERIFY,"Matches signals: reduction bridge; dependency graph; finite-rung decomposition; primality sieve. Technique action: Encode each witness as packed data; prove ONE soundness theorem (checkWitness_sound); each concrete witness then costs one native_decide, not a new proof (theorem count stayed 1 across 60K-765K witnesses)."
SHAPE-014,"Totients, divisors, and Diophantine equations",Iterated arithmetic-function equations,4,40,T-GRAHAM-independent-multi-checker-crosscheck,Independent multi-checker cross-check (Go / Python / EPCE),VERIFY,"Matches signals: reduction bridge; dependency graph; finite-rung decomposition; primality sieve. Technique action: Every witness re-verified by two methodologically-distinct checkers (Go recompute + Python orbit-accounting) plus a third EPCE checker (H01/H06 verifyDistinctPartialSums); 1.64M witnesses, 0 disagreements."
SHAPE-014,"Totients, divisors, and Diophantine equations",Iterated arithmetic-function equations,5,36,T-EG411-from-scratch-hostile-reenumeration,From-scratch hostile re-enumeration,VERIFY,"Matches signals: reduction bridge; dependency graph; finite-rung decomposition; primality sieve. Technique action: Independent sieve + Brent-rho, NO chain filtering (strictly more permissive), 17.96B candidates; reproduced the exact omega=7 census, 0 solutions."
SHAPE-014,"Totients, divisors, and Diophantine equations",Iterated arithmetic-function equations,6,32,T-EG203-bounded-witness-certificate-machinery,Bounded witness / certificate machinery (m<=1e6 kernel closure),SEARCH,"Matches signals: reduction bridge; dependency graph; finite-rung decomposition; primality sieve. Technique action: Every ordinary m<=1e6 has a kernel-checked prime witness V(m,k,l), k+l<=13, in Lean (lake build exit 0)."
SHAPE-014,"Totients, divisors, and Diophantine equations",Iterated arithmetic-function equations,7,28,T-EG411-omega-ladder-pruning-rules,"Omega-ladder pruning rules (A<=B dead check, cap bound, chain-free filter)",SEARCH,"Matches signals: reduction bridge; dependency graph; finite-rung decomposition; primality sieve. Technique action: A<=B dead check (3*phi-product < 2*n-product forever); intermediate cap bound A*(x-1)^j > B*x^j+2; chain-free filter (skip x if x=1 mod p for any p in prefix, Hercher H2)."
SHAPE-014,"Totients, divisors, and Diophantine equations",Iterated arithmetic-function equations,8,26,T-GRAHAM-jigsaw-cost-density-predictor,JIGSAW cost-density predictor,SEARCH,"Matches signals: reduction bridge; dependency graph; finite-rung decomposition; primality sieve. Technique action: Fits cost-per-orbit-representative as a power law in subset density (ms_per_orbit=a*density^b), re-reading real evidence on every invocation so the fit self-recalibrates; self-reports its own error band."
SHAPE-014,"Totients, divisors, and Diophantine equations",Iterated arithmetic-function equations,9,25,T-EG411-omega-ladder-case-exhaustion,Omega-ladder case-exhaustion (kill-trees),SEARCH,"Matches signals: reduction bridge; dependency graph; finite-rung decomposition; primality sieve. Technique action: Enumerate all squarefree factor-configs at fixed omega via node algebra A=3*prod(p-1), B=2*prod p; solve terminal j=2 pairs; omega=5/6/7 config spaces all EMPTY."
SHAPE-014,"Totients, divisors, and Diophantine equations",Iterated arithmetic-function equations,10,23,T-EG203-prime-witness-scale-ladder,Prime-witness scale ladder + adversarial checking,SEARCH,"Matches signals: reduction bridge; dependency graph; finite-rung decomposition; primality sieve. Technique action: Kernel-verified prime witnesses continuously 10^0 -> 10^19 (max 20-digit prime); evidence, not universal."
SHAPE-014,"Totients, divisors, and Diophantine equations",Iterated arithmetic-function equations,11,23,T-EG203-density-zero-kummer-obstruction-schema,Density-zero Kummer obstruction schema,ANALYSIS,Matches signals: reduction bridge; dependency graph; finite-rung decomposition; primality sieve. Technique action: 2nd-moment sieve + Pappalardi order bounds => obstruction-dominant m are density-zero.
SHAPE-014,"Totients, divisors, and Diophantine equations",Iterated arithmetic-function equations,12,22,T-EG203-gamma-fiber-local-density,Gamma-fiber local density companion,ANALYSIS,Matches signals: reduction bridge; dependency graph; finite-rung decomposition; primality sieve. Technique action: Exact Gamma-fiber local density + prime-power Hensel companion computation.
SHAPE-015,"Totients, divisors, and Diophantine equations",Carmichael and pseudoprime factor configurations,1,54,T-COMMON-checker-soundness-trust-contract,Checker + soundness-theorem + sample-witness trust contract,VERIFY,"Matches signals: Korselt-style constraints; chain-free sieve; product bounds; hostile re-enumeration. Technique action: A decidable predicate proven sound with axiom footprint exactly [propext, Classical.choice, Quot.sound]; native_decide only on sample witnesses, not the soundness theorem. Separates what the TRUTH depends on from what was TRUSTED to check it."
SHAPE-015,"Totients, divisors, and Diophantine equations",Carmichael and pseudoprime factor configurations,2,45,T-EG411-omega-ladder-pruning-rules,"Omega-ladder pruning rules (A<=B dead check, cap bound, chain-free filter)",SEARCH,"Matches signals: Korselt-style constraints; chain-free sieve; product bounds; hostile re-enumeration. Technique action: A<=B dead check (3*phi-product < 2*n-product forever); intermediate cap bound A*(x-1)^j > B*x^j+2; chain-free filter (skip x if x=1 mod p for any p in prefix, Hercher H2)."
SHAPE-015,"Totients, divisors, and Diophantine equations",Carmichael and pseudoprime factor configurations,3,45,T-GRAHAM-packed-certificate-generic-checker,Packed-certificate + one generic checker,VERIFY,"Matches signals: Korselt-style constraints; chain-free sieve; product bounds; hostile re-enumeration. Technique action: Encode each witness as packed data; prove ONE soundness theorem (checkWitness_sound); each concrete witness then costs one native_decide, not a new proof (theorem count stayed 1 across 60K-765K witnesses)."
SHAPE-015,"Totients, divisors, and Diophantine equations",Carmichael and pseudoprime factor configurations,4,44,T-EG411-from-scratch-hostile-reenumeration,From-scratch hostile re-enumeration,VERIFY,"Matches signals: Korselt-style constraints; chain-free sieve; product bounds; hostile re-enumeration. Technique action: Independent sieve + Brent-rho, NO chain filtering (strictly more permissive), 17.96B candidates; reproduced the exact omega=7 census, 0 solutions."
SHAPE-015,"Totients, divisors, and Diophantine equations",Carmichael and pseudoprime factor configurations,5,41,T-GRAHAM-independent-multi-checker-crosscheck,Independent multi-checker cross-check (Go / Python / EPCE),VERIFY,"Matches signals: Korselt-style constraints; chain-free sieve; product bounds; hostile re-enumeration. Technique action: Every witness re-verified by two methodologically-distinct checkers (Go recompute + Python orbit-accounting) plus a third EPCE checker (H01/H06 verifyDistinctPartialSums); 1.64M witnesses, 0 disagreements."
SHAPE-015,"Totients, divisors, and Diophantine equations",Carmichael and pseudoprime factor configurations,6,37,T-EG411-omega-ladder-case-exhaustion,Omega-ladder case-exhaustion (kill-trees),SEARCH,"Matches signals: Korselt-style constraints; chain-free sieve; product bounds; hostile re-enumeration. Technique action: Enumerate all squarefree factor-configs at fixed omega via node algebra A=3*prod(p-1), B=2*prod p; solve terminal j=2 pairs; omega=5/6/7 config spaces all EMPTY."
SHAPE-015,"Totients, divisors, and Diophantine equations",Carmichael and pseudoprime factor configurations,7,34,T-EG203-bounded-witness-certificate-machinery,Bounded witness / certificate machinery (m<=1e6 kernel closure),SEARCH,"Matches signals: Korselt-style constraints; chain-free sieve; product bounds; hostile re-enumeration. Technique action: Every ordinary m<=1e6 has a kernel-checked prime witness V(m,k,l), k+l<=13, in Lean (lake build exit 0)."
SHAPE-015,"Totients, divisors, and Diophantine equations",Carmichael and pseudoprime factor configurations,8,27,T-EG203-prime-witness-scale-ladder,Prime-witness scale ladder + adversarial checking,SEARCH,"Matches signals: Korselt-style constraints; chain-free sieve; product bounds; hostile re-enumeration. Technique action: Kernel-verified prime witnesses continuously 10^0 -> 10^19 (max 20-digit prime); evidence, not universal."
SHAPE-015,"Totients, divisors, and Diophantine equations",Carmichael and pseudoprime factor configurations,9,26,T-GRAHAM-jigsaw-cost-density-predictor,JIGSAW cost-density predictor,SEARCH,"Matches signals: Korselt-style constraints; chain-free sieve; product bounds; hostile re-enumeration. Technique action: Fits cost-per-orbit-representative as a power law in subset density (ms_per_orbit=a*density^b), re-reading real evidence on every invocation so the fit self-recalibrates; self-reports its own error band."
SHAPE-015,"Totients, divisors, and Diophantine equations",Carmichael and pseudoprime factor configurations,10,23,T-EG203-gamma-fiber-local-density,Gamma-fiber local density companion,ANALYSIS,Matches signals: Korselt-style constraints; chain-free sieve; product bounds; hostile re-enumeration. Technique action: Exact Gamma-fiber local density + prime-power Hensel companion computation.
SHAPE-015,"Totients, divisors, and Diophantine equations",Carmichael and pseudoprime factor configurations,11,23,T-EG203-density-zero-kummer-obstruction-schema,Density-zero Kummer obstruction schema,ANALYSIS,Matches signals: Korselt-style constraints; chain-free sieve; product bounds; hostile re-enumeration. Technique action: 2nd-moment sieve + Pappalardi order bounds => obstruction-dominant m are density-zero.
SHAPE-015,"Totients, divisors, and Diophantine equations",Carmichael and pseudoprime factor configurations,12,22,T-EG411-totient-equation-reduction-hercher-bridge,Totient-equation reduction + Hercher bridge,STRUCTURE,Matches signals: Korselt-style constraints; chain-free sieve; product bounds; hostile re-enumeration. Technique action: Maps EG#411 r=2 to 3*phi(N)=2N+2 (N=(3p-1)/4); connects to Hercher's structure theory; master identity p=2*phi(N)-1.
SHAPE-016,"Totients, divisors, and Diophantine equations",Multiplicative perfectness equations,1,52,T-COMMON-checker-soundness-trust-contract,Checker + soundness-theorem + sample-witness trust contract,VERIFY,"Matches signals: valuation tree; product inequalities; local obstruction; SAT over exponent patterns. Technique action: A decidable predicate proven sound with axiom footprint exactly [propext, Classical.choice, Quot.sound]; native_decide only on sample witnesses, not the soundness theorem. Separates what the TRUTH depends on from what was TRUSTED to check it."
SHAPE-016,"Totients, divisors, and Diophantine equations",Multiplicative perfectness equations,2,42,T-GRAHAM-packed-certificate-generic-checker,Packed-certificate + one generic checker,VERIFY,"Matches signals: valuation tree; product inequalities; local obstruction; SAT over exponent patterns. Technique action: Encode each witness as packed data; prove ONE soundness theorem (checkWitness_sound); each concrete witness then costs one native_decide, not a new proof (theorem count stayed 1 across 60K-765K witnesses)."
SHAPE-016,"Totients, divisors, and Diophantine equations",Multiplicative perfectness equations,3,39,T-GRAHAM-independent-multi-checker-crosscheck,Independent multi-checker cross-check (Go / Python / EPCE),VERIFY,"Matches signals: valuation tree; product inequalities; local obstruction; SAT over exponent patterns. Technique action: Every witness re-verified by two methodologically-distinct checkers (Go recompute + Python orbit-accounting) plus a third EPCE checker (H01/H06 verifyDistinctPartialSums); 1.64M witnesses, 0 disagreements."
SHAPE-016,"Totients, divisors, and Diophantine equations",Multiplicative perfectness equations,4,35,T-EG411-from-scratch-hostile-reenumeration,From-scratch hostile re-enumeration,VERIFY,"Matches signals: valuation tree; product inequalities; local obstruction; SAT over exponent patterns. Technique action: Independent sieve + Brent-rho, NO chain filtering (strictly more permissive), 17.96B candidates; reproduced the exact omega=7 census, 0 solutions."
SHAPE-016,"Totients, divisors, and Diophantine equations",Multiplicative perfectness equations,5,29,T-EG203-bounded-witness-certificate-machinery,Bounded witness / certificate machinery (m<=1e6 kernel closure),SEARCH,"Matches signals: valuation tree; product inequalities; local obstruction; SAT over exponent patterns. Technique action: Every ordinary m<=1e6 has a kernel-checked prime witness V(m,k,l), k+l<=13, in Lean (lake build exit 0)."
SHAPE-016,"Totients, divisors, and Diophantine equations",Multiplicative perfectness equations,6,28,T-EG411-omega-ladder-pruning-rules,"Omega-ladder pruning rules (A<=B dead check, cap bound, chain-free filter)",SEARCH,"Matches signals: valuation tree; product inequalities; local obstruction; SAT over exponent patterns. Technique action: A<=B dead check (3*phi-product < 2*n-product forever); intermediate cap bound A*(x-1)^j > B*x^j+2; chain-free filter (skip x if x=1 mod p for any p in prefix, Hercher H2)."
SHAPE-016,"Totients, divisors, and Diophantine equations",Multiplicative perfectness equations,7,27,T-EG411-omega-ladder-case-exhaustion,Omega-ladder case-exhaustion (kill-trees),SEARCH,"Matches signals: valuation tree; product inequalities; local obstruction; SAT over exponent patterns. Technique action: Enumerate all squarefree factor-configs at fixed omega via node algebra A=3*prod(p-1), B=2*prod p; solve terminal j=2 pairs; omega=5/6/7 config spaces all EMPTY."
SHAPE-016,"Totients, divisors, and Diophantine equations",Multiplicative perfectness equations,8,26,T-GRAHAM-jigsaw-cost-density-predictor,JIGSAW cost-density predictor,SEARCH,"Matches signals: valuation tree; product inequalities; local obstruction; SAT over exponent patterns. Technique action: Fits cost-per-orbit-representative as a power law in subset density (ms_per_orbit=a*density^b), re-reading real evidence on every invocation so the fit self-recalibrates; self-reports its own error band."
SHAPE-016,"Totients, divisors, and Diophantine equations",Multiplicative perfectness equations,9,25,T-EG203-gamma-fiber-local-density,Gamma-fiber local density companion,ANALYSIS,Matches signals: valuation tree; product inequalities; local obstruction; SAT over exponent patterns. Technique action: Exact Gamma-fiber local density + prime-power Hensel companion computation.
SHAPE-016,"Totients, divisors, and Diophantine equations",Multiplicative perfectness equations,10,23,T-GRAHAM-arbitrary-parameter-generalization,Arbitrary-parameter generalization,VERIFY,Matches signals: valuation tree; product inequalities; local obstruction; SAT over exponent patterns. Technique action: Parameterize over the index (p:Nat with [Fact p.Prime]) instead of one hardcoded instance; MUST re-verify each specialization reproduces its original axiom signature.
SHAPE-016,"Totients, divisors, and Diophantine equations",Multiplicative perfectness equations,11,21,T-EG411-totient-equation-reduction-hercher-bridge,Totient-equation reduction + Hercher bridge,STRUCTURE,Matches signals: valuation tree; product inequalities; local obstruction; SAT over exponent patterns. Technique action: Maps EG#411 r=2 to 3*phi(N)=2N+2 (N=(3p-1)/4); connects to Hercher's structure theory; master identity p=2*phi(N)-1.
SHAPE-016,"Totients, divisors, and Diophantine equations",Multiplicative perfectness equations,12,21,T-EG203-subgroup-obstruction-calculus,Subgroup obstruction calculus,STRUCTURE,"Matches signals: valuation tree; product inequalities; local obstruction; SAT over exponent patterns. Technique action: Local obstruction at modulus d = subgroup-membership in Gamma_d=<2,3> subset (Z/d)*; exact densities + Fourier via character annihilator."
SHAPE-017,"Totients, divisors, and Diophantine equations",Exponential Diophantine equations with sparse factorization,1,54,T-COMMON-checker-soundness-trust-contract,Checker + soundness-theorem + sample-witness trust contract,VERIFY,"Matches signals: local congruences; p-adic valuations; LLL; finite certificate. Technique action: A decidable predicate proven sound with axiom footprint exactly [propext, Classical.choice, Quot.sound]; native_decide only on sample witnesses, not the soundness theorem. Separates what the TRUTH depends on from what was TRUSTED to check it."
SHAPE-017,"Totients, divisors, and Diophantine equations",Exponential Diophantine equations with sparse factorization,2,45,T-GRAHAM-packed-certificate-generic-checker,Packed-certificate + one generic checker,VERIFY,"Matches signals: local congruences; p-adic valuations; LLL; finite certificate. Technique action: Encode each witness as packed data; prove ONE soundness theorem (checkWitness_sound); each concrete witness then costs one native_decide, not a new proof (theorem count stayed 1 across 60K-765K witnesses)."
SHAPE-017,"Totients, divisors, and Diophantine equations",Exponential Diophantine equations with sparse factorization,3,39,T-GRAHAM-independent-multi-checker-crosscheck,Independent multi-checker cross-check (Go / Python / EPCE),VERIFY,"Matches signals: local congruences; p-adic valuations; LLL; finite certificate. Technique action: Every witness re-verified by two methodologically-distinct checkers (Go recompute + Python orbit-accounting) plus a third EPCE checker (H01/H06 verifyDistinctPartialSums); 1.64M witnesses, 0 disagreements."
SHAPE-017,"Totients, divisors, and Diophantine equations",Exponential Diophantine equations with sparse factorization,4,37,T-EG411-from-scratch-hostile-reenumeration,From-scratch hostile re-enumeration,VERIFY,"Matches signals: local congruences; p-adic valuations; LLL; finite certificate. Technique action: Independent sieve + Brent-rho, NO chain filtering (strictly more permissive), 17.96B candidates; reproduced the exact omega=7 census, 0 solutions."
SHAPE-017,"Totients, divisors, and Diophantine equations",Exponential Diophantine equations with sparse factorization,5,32,T-EG203-bounded-witness-certificate-machinery,Bounded witness / certificate machinery (m<=1e6 kernel closure),SEARCH,"Matches signals: local congruences; p-adic valuations; LLL; finite certificate. Technique action: Every ordinary m<=1e6 has a kernel-checked prime witness V(m,k,l), k+l<=13, in Lean (lake build exit 0)."
SHAPE-017,"Totients, divisors, and Diophantine equations",Exponential Diophantine equations with sparse factorization,6,29,T-EG203-gamma-fiber-local-density,Gamma-fiber local density companion,ANALYSIS,Matches signals: local congruences; p-adic valuations; LLL; finite certificate. Technique action: Exact Gamma-fiber local density + prime-power Hensel companion computation.
SHAPE-017,"Totients, divisors, and Diophantine equations",Exponential Diophantine equations with sparse factorization,7,29,T-EG411-omega-ladder-pruning-rules,"Omega-ladder pruning rules (A<=B dead check, cap bound, chain-free filter)",SEARCH,"Matches signals: local congruences; p-adic valuations; LLL; finite certificate. Technique action: A<=B dead check (3*phi-product < 2*n-product forever); intermediate cap bound A*(x-1)^j > B*x^j+2; chain-free filter (skip x if x=1 mod p for any p in prefix, Hercher H2)."
SHAPE-017,"Totients, divisors, and Diophantine equations",Exponential Diophantine equations with sparse factorization,8,27,T-EG411-omega-ladder-case-exhaustion,Omega-ladder case-exhaustion (kill-trees),SEARCH,"Matches signals: local congruences; p-adic valuations; LLL; finite certificate. Technique action: Enumerate all squarefree factor-configs at fixed omega via node algebra A=3*prod(p-1), B=2*prod p; solve terminal j=2 pairs; omega=5/6/7 config spaces all EMPTY."
SHAPE-017,"Totients, divisors, and Diophantine equations",Exponential Diophantine equations with sparse factorization,9,26,T-GRAHAM-jigsaw-cost-density-predictor,JIGSAW cost-density predictor,SEARCH,"Matches signals: local congruences; p-adic valuations; LLL; finite certificate. Technique action: Fits cost-per-orbit-representative as a power law in subset density (ms_per_orbit=a*density^b), re-reading real evidence on every invocation so the fit self-recalibrates; self-reports its own error band."
SHAPE-017,"Totients, divisors, and Diophantine equations",Exponential Diophantine equations with sparse factorization,10,25,T-EG203-prime-witness-scale-ladder,Prime-witness scale ladder + adversarial checking,SEARCH,"Matches signals: local congruences; p-adic valuations; LLL; finite certificate. Technique action: Kernel-verified prime witnesses continuously 10^0 -> 10^19 (max 20-digit prime); evidence, not universal."
SHAPE-017,"Totients, divisors, and Diophantine equations",Exponential Diophantine equations with sparse factorization,11,23,T-EG203-density-zero-kummer-obstruction-schema,Density-zero Kummer obstruction schema,ANALYSIS,Matches signals: local congruences; p-adic valuations; LLL; finite certificate. Technique action: 2nd-moment sieve + Pappalardi order bounds => obstruction-dominant m are density-zero.
SHAPE-017,"Totients, divisors, and Diophantine equations",Exponential Diophantine equations with sparse factorization,12,22,T-EG411-totient-equation-reduction-hercher-bridge,Totient-equation reduction + Hercher bridge,STRUCTURE,Matches signals: local congruences; p-adic valuations; LLL; finite certificate. Technique action: Maps EG#411 r=2 to 3*phi(N)=2N+2 (N=(3p-1)/4); connects to Hercher's structure theory; master identity p=2*phi(N)-1.
SHAPE-018,"Totients, divisors, and Diophantine equations",S-unit and norm-form equation frontiers,1,55,T-COMMON-checker-soundness-trust-contract,Checker + soundness-theorem + sample-witness trust contract,VERIFY,"Matches signals: local-global sieve; lattice reduction; p-adic lifting; algebraic number fields. Technique action: A decidable predicate proven sound with axiom footprint exactly [propext, Classical.choice, Quot.sound]; native_decide only on sample witnesses, not the soundness theorem. Separates what the TRUTH depends on from what was TRUSTED to check it."
SHAPE-018,"Totients, divisors, and Diophantine equations",S-unit and norm-form equation frontiers,2,45,T-GRAHAM-packed-certificate-generic-checker,Packed-certificate + one generic checker,VERIFY,"Matches signals: local-global sieve; lattice reduction; p-adic lifting; algebraic number fields. Technique action: Encode each witness as packed data; prove ONE soundness theorem (checkWitness_sound); each concrete witness then costs one native_decide, not a new proof (theorem count stayed 1 across 60K-765K witnesses)."
SHAPE-018,"Totients, divisors, and Diophantine equations",S-unit and norm-form equation frontiers,3,40,T-GRAHAM-independent-multi-checker-crosscheck,Independent multi-checker cross-check (Go / Python / EPCE),VERIFY,"Matches signals: local-global sieve; lattice reduction; p-adic lifting; algebraic number fields. Technique action: Every witness re-verified by two methodologically-distinct checkers (Go recompute + Python orbit-accounting) plus a third EPCE checker (H01/H06 verifyDistinctPartialSums); 1.64M witnesses, 0 disagreements."
SHAPE-018,"Totients, divisors, and Diophantine equations",S-unit and norm-form equation frontiers,4,37,T-EG411-from-scratch-hostile-reenumeration,From-scratch hostile re-enumeration,VERIFY,"Matches signals: local-global sieve; lattice reduction; p-adic lifting; algebraic number fields. Technique action: Independent sieve + Brent-rho, NO chain filtering (strictly more permissive), 17.96B candidates; reproduced the exact omega=7 census, 0 solutions."
SHAPE-018,"Totients, divisors, and Diophantine equations",S-unit and norm-form equation frontiers,5,33,T-EG203-bounded-witness-certificate-machinery,Bounded witness / certificate machinery (m<=1e6 kernel closure),SEARCH,"Matches signals: local-global sieve; lattice reduction; p-adic lifting; algebraic number fields. Technique action: Every ordinary m<=1e6 has a kernel-checked prime witness V(m,k,l), k+l<=13, in Lean (lake build exit 0)."
SHAPE-018,"Totients, divisors, and Diophantine equations",S-unit and norm-form equation frontiers,6,31,T-EG203-gamma-fiber-local-density,Gamma-fiber local density companion,ANALYSIS,Matches signals: local-global sieve; lattice reduction; p-adic lifting; algebraic number fields. Technique action: Exact Gamma-fiber local density + prime-power Hensel companion computation.
SHAPE-018,"Totients, divisors, and Diophantine equations",S-unit and norm-form equation frontiers,7,26,T-GRAHAM-jigsaw-cost-density-predictor,JIGSAW cost-density predictor,SEARCH,"Matches signals: local-global sieve; lattice reduction; p-adic lifting; algebraic number fields. Technique action: Fits cost-per-orbit-representative as a power law in subset density (ms_per_orbit=a*density^b), re-reading real evidence on every invocation so the fit self-recalibrates; self-reports its own error band."
SHAPE-018,"Totients, divisors, and Diophantine equations",S-unit and norm-form equation frontiers,8,26,T-EG411-omega-ladder-pruning-rules,"Omega-ladder pruning rules (A<=B dead check, cap bound, chain-free filter)",SEARCH,"Matches signals: local-global sieve; lattice reduction; p-adic lifting; algebraic number fields. Technique action: A<=B dead check (3*phi-product < 2*n-product forever); intermediate cap bound A*(x-1)^j > B*x^j+2; chain-free filter (skip x if x=1 mod p for any p in prefix, Hercher H2)."
SHAPE-018,"Totients, divisors, and Diophantine equations",S-unit and norm-form equation frontiers,9,25,T-EG203-rank-r-synchronization-kummer-geometry,Rank-r synchronization + projective Kummer geometry,STRUCTURE,Matches signals: local-global sieve; lattice reduction; p-adic lifting; algebraic number fields. Technique action: Rank-r generalization of the slope-collision defect + prime-power Hensel lifting.
SHAPE-018,"Totients, divisors, and Diophantine equations",S-unit and norm-form equation frontiers,10,25,T-EG411-totient-equation-reduction-hercher-bridge,Totient-equation reduction + Hercher bridge,STRUCTURE,Matches signals: local-global sieve; lattice reduction; p-adic lifting; algebraic number fields. Technique action: Maps EG#411 r=2 to 3*phi(N)=2N+2 (N=(3p-1)/4); connects to Hercher's structure theory; master identity p=2*phi(N)-1.
SHAPE-018,"Totients, divisors, and Diophantine equations",S-unit and norm-form equation frontiers,11,24,T-EG203-density-zero-kummer-obstruction-schema,Density-zero Kummer obstruction schema,ANALYSIS,Matches signals: local-global sieve; lattice reduction; p-adic lifting; algebraic number fields. Technique action: 2nd-moment sieve + Pappalardi order bounds => obstruction-dominant m are density-zero.
SHAPE-018,"Totients, divisors, and Diophantine equations",S-unit and norm-form equation frontiers,12,24,T-EG203-subgroup-obstruction-calculus,Subgroup obstruction calculus,STRUCTURE,"Matches signals: local-global sieve; lattice reduction; p-adic lifting; algebraic number fields. Technique action: Local obstruction at modulus d = subgroup-membership in Gamma_d=<2,3> subset (Z/d)*; exact densities + Fourier via character annihilator."
SHAPE-019,"Totients, divisors, and Diophantine equations",Egyptian fraction equations with arithmetic restrictions,1,53,T-COMMON-checker-soundness-trust-contract,Checker + soundness-theorem + sample-witness trust contract,VERIFY,"Matches signals: covering congruence; CRT; exact optimizer; symbolic identity synthesis. Technique action: A decidable predicate proven sound with axiom footprint exactly [propext, Classical.choice, Quot.sound]; native_decide only on sample witnesses, not the soundness theorem. Separates what the TRUTH depends on from what was TRUSTED to check it."
SHAPE-019,"Totients, divisors, and Diophantine equations",Egyptian fraction equations with arithmetic restrictions,2,43,T-GRAHAM-packed-certificate-generic-checker,Packed-certificate + one generic checker,VERIFY,"Matches signals: covering congruence; CRT; exact optimizer; symbolic identity synthesis. Technique action: Encode each witness as packed data; prove ONE soundness theorem (checkWitness_sound); each concrete witness then costs one native_decide, not a new proof (theorem count stayed 1 across 60K-765K witnesses)."
SHAPE-019,"Totients, divisors, and Diophantine equations",Egyptian fraction equations with arithmetic restrictions,3,42,T-GRAHAM-independent-multi-checker-crosscheck,Independent multi-checker cross-check (Go / Python / EPCE),VERIFY,"Matches signals: covering congruence; CRT; exact optimizer; symbolic identity synthesis. Technique action: Every witness re-verified by two methodologically-distinct checkers (Go recompute + Python orbit-accounting) plus a third EPCE checker (H01/H06 verifyDistinctPartialSums); 1.64M witnesses, 0 disagreements."
SHAPE-019,"Totients, divisors, and Diophantine equations",Egyptian fraction equations with arithmetic restrictions,4,36,T-EG411-from-scratch-hostile-reenumeration,From-scratch hostile re-enumeration,VERIFY,"Matches signals: covering congruence; CRT; exact optimizer; symbolic identity synthesis. Technique action: Independent sieve + Brent-rho, NO chain filtering (strictly more permissive), 17.96B candidates; reproduced the exact omega=7 census, 0 solutions."
SHAPE-019,"Totients, divisors, and Diophantine equations",Egyptian fraction equations with arithmetic restrictions,5,34,T-EG203-bounded-witness-certificate-machinery,Bounded witness / certificate machinery (m<=1e6 kernel closure),SEARCH,"Matches signals: covering congruence; CRT; exact optimizer; symbolic identity synthesis. Technique action: Every ordinary m<=1e6 has a kernel-checked prime witness V(m,k,l), k+l<=13, in Lean (lake build exit 0)."
SHAPE-019,"Totients, divisors, and Diophantine equations",Egyptian fraction equations with arithmetic restrictions,6,31,T-EG203-crt-coherence-brute-force,CRT coherence brute-force,ANALYSIS,Matches signals: covering congruence; CRT; exact optimizer; symbolic identity synthesis. Technique action: Compute coherence invariant C_b(P)=max_m covered-cell fraction; a cover iff =1.
SHAPE-019,"Totients, divisors, and Diophantine equations",Egyptian fraction equations with arithmetic restrictions,7,27,T-EG203-prime-witness-scale-ladder,Prime-witness scale ladder + adversarial checking,SEARCH,"Matches signals: covering congruence; CRT; exact optimizer; symbolic identity synthesis. Technique action: Kernel-verified prime witnesses continuously 10^0 -> 10^19 (max 20-digit prime); evidence, not universal."
SHAPE-019,"Totients, divisors, and Diophantine equations",Egyptian fraction equations with arithmetic restrictions,8,26,T-GRAHAM-jigsaw-cost-density-predictor,JIGSAW cost-density predictor,SEARCH,"Matches signals: covering congruence; CRT; exact optimizer; symbolic identity synthesis. Technique action: Fits cost-per-orbit-representative as a power law in subset density (ms_per_orbit=a*density^b), re-reading real evidence on every invocation so the fit self-recalibrates; self-reports its own error band."
SHAPE-019,"Totients, divisors, and Diophantine equations",Egyptian fraction equations with arithmetic restrictions,9,26,T-EG203-gamma-fiber-local-density,Gamma-fiber local density companion,ANALYSIS,Matches signals: covering congruence; CRT; exact optimizer; symbolic identity synthesis. Technique action: Exact Gamma-fiber local density + prime-power Hensel companion computation.
SHAPE-019,"Totients, divisors, and Diophantine equations",Egyptian fraction equations with arithmetic restrictions,10,24,T-EG411-omega-ladder-pruning-rules,"Omega-ladder pruning rules (A<=B dead check, cap bound, chain-free filter)",SEARCH,"Matches signals: covering congruence; CRT; exact optimizer; symbolic identity synthesis. Technique action: A<=B dead check (3*phi-product < 2*n-product forever); intermediate cap bound A*(x-1)^j > B*x^j+2; chain-free filter (skip x if x=1 mod p for any p in prefix, Hercher H2)."
SHAPE-019,"Totients, divisors, and Diophantine equations",Egyptian fraction equations with arithmetic restrictions,11,23,T-EG411-omega-ladder-case-exhaustion,Omega-ladder case-exhaustion (kill-trees),SEARCH,"Matches signals: covering congruence; CRT; exact optimizer; symbolic identity synthesis. Technique action: Enumerate all squarefree factor-configs at fixed omega via node algebra A=3*prod(p-1), B=2*prod p; solve terminal j=2 pairs; omega=5/6/7 config spaces all EMPTY."
SHAPE-019,"Totients, divisors, and Diophantine equations",Egyptian fraction equations with arithmetic restrictions,12,22,T-EG411-totient-equation-reduction-hercher-bridge,Totient-equation reduction + Hercher bridge,STRUCTURE,Matches signals: covering congruence; CRT; exact optimizer; symbolic identity synthesis. Technique action: Maps EG#411 r=2 to 3*phi(N)=2N+2 (N=(3p-1)/4); connects to Hercher's structure theory; master identity p=2*phi(N)-1.
SHAPE-020,"Totients, divisors, and Diophantine equations",Divisibility of combinatorial and harmonic quantities,1,54,T-COMMON-checker-soundness-trust-contract,Checker + soundness-theorem + sample-witness trust contract,VERIFY,"Matches signals: p-adic valuation; automata; digit carries; finite-state proof. Technique action: A decidable predicate proven sound with axiom footprint exactly [propext, Classical.choice, Quot.sound]; native_decide only on sample witnesses, not the soundness theorem. Separates what the TRUTH depends on from what was TRUSTED to check it."
SHAPE-020,"Totients, divisors, and Diophantine equations",Divisibility of combinatorial and harmonic quantities,2,44,T-GRAHAM-packed-certificate-generic-checker,Packed-certificate + one generic checker,VERIFY,"Matches signals: p-adic valuation; automata; digit carries; finite-state proof. Technique action: Encode each witness as packed data; prove ONE soundness theorem (checkWitness_sound); each concrete witness then costs one native_decide, not a new proof (theorem count stayed 1 across 60K-765K witnesses)."
SHAPE-020,"Totients, divisors, and Diophantine equations",Divisibility of combinatorial and harmonic quantities,3,40,T-GRAHAM-independent-multi-checker-crosscheck,Independent multi-checker cross-check (Go / Python / EPCE),VERIFY,"Matches signals: p-adic valuation; automata; digit carries; finite-state proof. Technique action: Every witness re-verified by two methodologically-distinct checkers (Go recompute + Python orbit-accounting) plus a third EPCE checker (H01/H06 verifyDistinctPartialSums); 1.64M witnesses, 0 disagreements."
SHAPE-020,"Totients, divisors, and Diophantine equations",Divisibility of combinatorial and harmonic quantities,4,34,T-EG203-bounded-witness-certificate-machinery,Bounded witness / certificate machinery (m<=1e6 kernel closure),SEARCH,"Matches signals: p-adic valuation; automata; digit carries; finite-state proof. Technique action: Every ordinary m<=1e6 has a kernel-checked prime witness V(m,k,l), k+l<=13, in Lean (lake build exit 0)."
SHAPE-020,"Totients, divisors, and Diophantine equations",Divisibility of combinatorial and harmonic quantities,5,34,T-EG411-from-scratch-hostile-reenumeration,From-scratch hostile re-enumeration,VERIFY,"Matches signals: p-adic valuation; automata; digit carries; finite-state proof. Technique action: Independent sieve + Brent-rho, NO chain filtering (strictly more permissive), 17.96B candidates; reproduced the exact omega=7 census, 0 solutions."
SHAPE-020,"Totients, divisors, and Diophantine equations",Divisibility of combinatorial and harmonic quantities,6,28,T-EG203-gamma-fiber-local-density,Gamma-fiber local density companion,ANALYSIS,Matches signals: p-adic valuation; automata; digit carries; finite-state proof. Technique action: Exact Gamma-fiber local density + prime-power Hensel companion computation.
SHAPE-020,"Totients, divisors, and Diophantine equations",Divisibility of combinatorial and harmonic quantities,7,26,T-GRAHAM-jigsaw-cost-density-predictor,JIGSAW cost-density predictor,SEARCH,"Matches signals: p-adic valuation; automata; digit carries; finite-state proof. Technique action: Fits cost-per-orbit-representative as a power law in subset density (ms_per_orbit=a*density^b), re-reading real evidence on every invocation so the fit self-recalibrates; self-reports its own error band."
SHAPE-020,"Totients, divisors, and Diophantine equations",Divisibility of combinatorial and harmonic quantities,8,25,T-EG203-prime-witness-scale-ladder,Prime-witness scale ladder + adversarial checking,SEARCH,"Matches signals: p-adic valuation; automata; digit carries; finite-state proof. Technique action: Kernel-verified prime witnesses continuously 10^0 -> 10^19 (max 20-digit prime); evidence, not universal."
SHAPE-020,"Totients, divisors, and Diophantine equations",Divisibility of combinatorial and harmonic quantities,9,25,T-EG411-omega-ladder-case-exhaustion,Omega-ladder case-exhaustion (kill-trees),SEARCH,"Matches signals: p-adic valuation; automata; digit carries; finite-state proof. Technique action: Enumerate all squarefree factor-configs at fixed omega via node algebra A=3*prod(p-1), B=2*prod p; solve terminal j=2 pairs; omega=5/6/7 config spaces all EMPTY."
SHAPE-020,"Totients, divisors, and Diophantine equations",Divisibility of combinatorial and harmonic quantities,10,23,T-EG411-omega-ladder-pruning-rules,"Omega-ladder pruning rules (A<=B dead check, cap bound, chain-free filter)",SEARCH,"Matches signals: p-adic valuation; automata; digit carries; finite-state proof. Technique action: A<=B dead check (3*phi-product < 2*n-product forever); intermediate cap bound A*(x-1)^j > B*x^j+2; chain-free filter (skip x if x=1 mod p for any p in prefix, Hercher H2)."
SHAPE-020,"Totients, divisors, and Diophantine equations",Divisibility of combinatorial and harmonic quantities,11,22,T-EG203-subgroup-obstruction-calculus,Subgroup obstruction calculus,STRUCTURE,"Matches signals: p-adic valuation; automata; digit carries; finite-state proof. Technique action: Local obstruction at modulus d = subgroup-membership in Gamma_d=<2,3> subset (Z/d)*; exact densities + Fourier via character annihilator."
SHAPE-020,"Totients, divisors, and Diophantine equations",Divisibility of combinatorial and harmonic quantities,12,22,T-EG203-rank-r-synchronization-kummer-geometry,Rank-r synchronization + projective Kummer geometry,STRUCTURE,Matches signals: p-adic valuation; automata; digit carries; finite-state proof. Technique action: Rank-r generalization of the slope-collision defect + prime-power Hensel lifting.
SHAPE-021,"Totients, divisors, and Diophantine equations",Factorial and primorial Diophantine equations,1,53,T-COMMON-checker-soundness-trust-contract,Checker + soundness-theorem + sample-witness trust contract,VERIFY,"Matches signals: prime-witness ladder; modular sieve; omega ladder; interval bound. Technique action: A decidable predicate proven sound with axiom footprint exactly [propext, Classical.choice, Quot.sound]; native_decide only on sample witnesses, not the soundness theorem. Separates what the TRUTH depends on from what was TRUSTED to check it."
SHAPE-021,"Totients, divisors, and Diophantine equations",Factorial and primorial Diophantine equations,2,43,T-GRAHAM-packed-certificate-generic-checker,Packed-certificate + one generic checker,VERIFY,"Matches signals: prime-witness ladder; modular sieve; omega ladder; interval bound. Technique action: Encode each witness as packed data; prove ONE soundness theorem (checkWitness_sound); each concrete witness then costs one native_decide, not a new proof (theorem count stayed 1 across 60K-765K witnesses)."
SHAPE-021,"Totients, divisors, and Diophantine equations",Factorial and primorial Diophantine equations,3,40,T-GRAHAM-independent-multi-checker-crosscheck,Independent multi-checker cross-check (Go / Python / EPCE),VERIFY,"Matches signals: prime-witness ladder; modular sieve; omega ladder; interval bound. Technique action: Every witness re-verified by two methodologically-distinct checkers (Go recompute + Python orbit-accounting) plus a third EPCE checker (H01/H06 verifyDistinctPartialSums); 1.64M witnesses, 0 disagreements."
SHAPE-021,"Totients, divisors, and Diophantine equations",Factorial and primorial Diophantine equations,4,39,T-EG411-from-scratch-hostile-reenumeration,From-scratch hostile re-enumeration,VERIFY,"Matches signals: prime-witness ladder; modular sieve; omega ladder; interval bound. Technique action: Independent sieve + Brent-rho, NO chain filtering (strictly more permissive), 17.96B candidates; reproduced the exact omega=7 census, 0 solutions."
SHAPE-021,"Totients, divisors, and Diophantine equations",Factorial and primorial Diophantine equations,5,37,T-EG411-omega-ladder-pruning-rules,"Omega-ladder pruning rules (A<=B dead check, cap bound, chain-free filter)",SEARCH,"Matches signals: prime-witness ladder; modular sieve; omega ladder; interval bound. Technique action: A<=B dead check (3*phi-product < 2*n-product forever); intermediate cap bound A*(x-1)^j > B*x^j+2; chain-free filter (skip x if x=1 mod p for any p in prefix, Hercher H2)."
SHAPE-021,"Totients, divisors, and Diophantine equations",Factorial and primorial Diophantine equations,6,37,T-EG203-bounded-witness-certificate-machinery,Bounded witness / certificate machinery (m<=1e6 kernel closure),SEARCH,"Matches signals: prime-witness ladder; modular sieve; omega ladder; interval bound. Technique action: Every ordinary m<=1e6 has a kernel-checked prime witness V(m,k,l), k+l<=13, in Lean (lake build exit 0)."
SHAPE-021,"Totients, divisors, and Diophantine equations",Factorial and primorial Diophantine equations,7,33,T-EG411-omega-ladder-case-exhaustion,Omega-ladder case-exhaustion (kill-trees),SEARCH,"Matches signals: prime-witness ladder; modular sieve; omega ladder; interval bound. Technique action: Enumerate all squarefree factor-configs at fixed omega via node algebra A=3*prod(p-1), B=2*prod p; solve terminal j=2 pairs; omega=5/6/7 config spaces all EMPTY."
SHAPE-021,"Totients, divisors, and Diophantine equations",Factorial and primorial Diophantine equations,8,30,T-EG203-prime-witness-scale-ladder,Prime-witness scale ladder + adversarial checking,SEARCH,"Matches signals: prime-witness ladder; modular sieve; omega ladder; interval bound. Technique action: Kernel-verified prime witnesses continuously 10^0 -> 10^19 (max 20-digit prime); evidence, not universal."
SHAPE-021,"Totients, divisors, and Diophantine equations",Factorial and primorial Diophantine equations,9,26,T-GRAHAM-jigsaw-cost-density-predictor,JIGSAW cost-density predictor,SEARCH,"Matches signals: prime-witness ladder; modular sieve; omega ladder; interval bound. Technique action: Fits cost-per-orbit-representative as a power law in subset density (ms_per_orbit=a*density^b), re-reading real evidence on every invocation so the fit self-recalibrates; self-reports its own error band."
SHAPE-021,"Totients, divisors, and Diophantine equations",Factorial and primorial Diophantine equations,10,25,T-EG203-density-zero-kummer-obstruction-schema,Density-zero Kummer obstruction schema,ANALYSIS,Matches signals: prime-witness ladder; modular sieve; omega ladder; interval bound. Technique action: 2nd-moment sieve + Pappalardi order bounds => obstruction-dominant m are density-zero.
SHAPE-021,"Totients, divisors, and Diophantine equations",Factorial and primorial Diophantine equations,11,24,T-EG203-gamma-fiber-local-density,Gamma-fiber local density companion,ANALYSIS,Matches signals: prime-witness ladder; modular sieve; omega ladder; interval bound. Technique action: Exact Gamma-fiber local density + prime-power Hensel companion computation.
SHAPE-021,"Totients, divisors, and Diophantine equations",Factorial and primorial Diophantine equations,12,23,T-950-fft-convolution-sieve-fn,FFT-convolution sieve for f(n),SEARCH,Matches signals: prime-witness ladder; modular sieve; omega ladder; interval bound. Technique action: FFT-convolution sieve computes f(n)=sum 1/(n-p) to N=2e7; backtracking admissible k-tuple search cross-validated vs OEIS A008407 (28/28 exact).
SHAPE-022,"Totients, divisors, and Diophantine equations",Integer points on low-genus parameter families,1,53,T-COMMON-checker-soundness-trust-contract,Checker + soundness-theorem + sample-witness trust contract,VERIFY,"Matches signals: local obstruction; p-adic lift; lattice reduction; exact algebraic certificate. Technique action: A decidable predicate proven sound with axiom footprint exactly [propext, Classical.choice, Quot.sound]; native_decide only on sample witnesses, not the soundness theorem. Separates what the TRUTH depends on from what was TRUSTED to check it."
SHAPE-022,"Totients, divisors, and Diophantine equations",Integer points on low-genus parameter families,2,45,T-GRAHAM-packed-certificate-generic-checker,Packed-certificate + one generic checker,VERIFY,"Matches signals: local obstruction; p-adic lift; lattice reduction; exact algebraic certificate. Technique action: Encode each witness as packed data; prove ONE soundness theorem (checkWitness_sound); each concrete witness then costs one native_decide, not a new proof (theorem count stayed 1 across 60K-765K witnesses)."
SHAPE-022,"Totients, divisors, and Diophantine equations",Integer points on low-genus parameter families,3,40,T-GRAHAM-independent-multi-checker-crosscheck,Independent multi-checker cross-check (Go / Python / EPCE),VERIFY,"Matches signals: local obstruction; p-adic lift; lattice reduction; exact algebraic certificate. Technique action: Every witness re-verified by two methodologically-distinct checkers (Go recompute + Python orbit-accounting) plus a third EPCE checker (H01/H06 verifyDistinctPartialSums); 1.64M witnesses, 0 disagreements."
SHAPE-022,"Totients, divisors, and Diophantine equations",Integer points on low-genus parameter families,4,36,T-EG411-from-scratch-hostile-reenumeration,From-scratch hostile re-enumeration,VERIFY,"Matches signals: local obstruction; p-adic lift; lattice reduction; exact algebraic certificate. Technique action: Independent sieve + Brent-rho, NO chain filtering (strictly more permissive), 17.96B candidates; reproduced the exact omega=7 census, 0 solutions."
SHAPE-022,"Totients, divisors, and Diophantine equations",Integer points on low-genus parameter families,5,30,T-EG203-bounded-witness-certificate-machinery,Bounded witness / certificate machinery (m<=1e6 kernel closure),SEARCH,"Matches signals: local obstruction; p-adic lift; lattice reduction; exact algebraic certificate. Technique action: Every ordinary m<=1e6 has a kernel-checked prime witness V(m,k,l), k+l<=13, in Lean (lake build exit 0)."
SHAPE-022,"Totients, divisors, and Diophantine equations",Integer points on low-genus parameter families,6,30,T-EG203-gamma-fiber-local-density,Gamma-fiber local density companion,ANALYSIS,Matches signals: local obstruction; p-adic lift; lattice reduction; exact algebraic certificate. Technique action: Exact Gamma-fiber local density + prime-power Hensel companion computation.
SHAPE-022,"Totients, divisors, and Diophantine equations",Integer points on low-genus parameter families,7,28,T-GRAHAM-jigsaw-cost-density-predictor,JIGSAW cost-density predictor,SEARCH,"Matches signals: local obstruction; p-adic lift; lattice reduction; exact algebraic certificate. Technique action: Fits cost-per-orbit-representative as a power law in subset density (ms_per_orbit=a*density^b), re-reading real evidence on every invocation so the fit self-recalibrates; self-reports its own error band."
SHAPE-022,"Totients, divisors, and Diophantine equations",Integer points on low-genus parameter families,8,27,T-EG411-omega-ladder-pruning-rules,"Omega-ladder pruning rules (A<=B dead check, cap bound, chain-free filter)",SEARCH,"Matches signals: local obstruction; p-adic lift; lattice reduction; exact algebraic certificate. Technique action: A<=B dead check (3*phi-product < 2*n-product forever); intermediate cap bound A*(x-1)^j > B*x^j+2; chain-free filter (skip x if x=1 mod p for any p in prefix, Hercher H2)."
SHAPE-022,"Totients, divisors, and Diophantine equations",Integer points on low-genus parameter families,9,25,T-EG411-omega-ladder-case-exhaustion,Omega-ladder case-exhaustion (kill-trees),SEARCH,"Matches signals: local obstruction; p-adic lift; lattice reduction; exact algebraic certificate. Technique action: Enumerate all squarefree factor-configs at fixed omega via node algebra A=3*prod(p-1), B=2*prod p; solve terminal j=2 pairs; omega=5/6/7 config spaces all EMPTY."
SHAPE-022,"Totients, divisors, and Diophantine equations",Integer points on low-genus parameter families,10,24,T-EG203-rank-r-synchronization-kummer-geometry,Rank-r synchronization + projective Kummer geometry,STRUCTURE,Matches signals: local obstruction; p-adic lift; lattice reduction; exact algebraic certificate. Technique action: Rank-r generalization of the slope-collision defect + prime-power Hensel lifting.
SHAPE-022,"Totients, divisors, and Diophantine equations",Integer points on low-genus parameter families,11,24,T-EG203-prime-witness-scale-ladder,Prime-witness scale ladder + adversarial checking,SEARCH,"Matches signals: local obstruction; p-adic lift; lattice reduction; exact algebraic certificate. Technique action: Kernel-verified prime witnesses continuously 10^0 -> 10^19 (max 20-digit prime); evidence, not universal."
SHAPE-022,"Totients, divisors, and Diophantine equations",Integer points on low-genus parameter families,12,23,T-EG203-subgroup-obstruction-calculus,Subgroup obstruction calculus,STRUCTURE,"Matches signals: local obstruction; p-adic lift; lattice reduction; exact algebraic certificate. Technique action: Local obstruction at modulus d = subgroup-membership in Gamma_d=<2,3> subset (Z/d)*; exact densities + Fourier via character annihilator."
SHAPE-023,"Totients, divisors, and Diophantine equations",Recurrence divisibility and primitive divisors,1,58,T-COMMON-checker-soundness-trust-contract,Checker + soundness-theorem + sample-witness trust contract,VERIFY,"Matches signals: finite-state recurrence; order constraints; prime certificate; hostile re-enumeration. Technique action: A decidable predicate proven sound with axiom footprint exactly [propext, Classical.choice, Quot.sound]; native_decide only on sample witnesses, not the soundness theorem. Separates what the TRUTH depends on from what was TRUSTED to check it."
SHAPE-023,"Totients, divisors, and Diophantine equations",Recurrence divisibility and primitive divisors,2,48,T-GRAHAM-packed-certificate-generic-checker,Packed-certificate + one generic checker,VERIFY,"Matches signals: finite-state recurrence; order constraints; prime certificate; hostile re-enumeration. Technique action: Encode each witness as packed data; prove ONE soundness theorem (checkWitness_sound); each concrete witness then costs one native_decide, not a new proof (theorem count stayed 1 across 60K-765K witnesses)."
SHAPE-023,"Totients, divisors, and Diophantine equations",Recurrence divisibility and primitive divisors,3,42,T-GRAHAM-independent-multi-checker-crosscheck,Independent multi-checker cross-check (Go / Python / EPCE),VERIFY,"Matches signals: finite-state recurrence; order constraints; prime certificate; hostile re-enumeration. Technique action: Every witness re-verified by two methodologically-distinct checkers (Go recompute + Python orbit-accounting) plus a third EPCE checker (H01/H06 verifyDistinctPartialSums); 1.64M witnesses, 0 disagreements."
SHAPE-023,"Totients, divisors, and Diophantine equations",Recurrence divisibility and primitive divisors,4,39,T-EG203-bounded-witness-certificate-machinery,Bounded witness / certificate machinery (m<=1e6 kernel closure),SEARCH,"Matches signals: finite-state recurrence; order constraints; prime certificate; hostile re-enumeration. Technique action: Every ordinary m<=1e6 has a kernel-checked prime witness V(m,k,l), k+l<=13, in Lean (lake build exit 0)."
SHAPE-023,"Totients, divisors, and Diophantine equations",Recurrence divisibility and primitive divisors,5,38,T-EG411-from-scratch-hostile-reenumeration,From-scratch hostile re-enumeration,VERIFY,"Matches signals: finite-state recurrence; order constraints; prime certificate; hostile re-enumeration. Technique action: Independent sieve + Brent-rho, NO chain filtering (strictly more permissive), 17.96B candidates; reproduced the exact omega=7 census, 0 solutions."
SHAPE-023,"Totients, divisors, and Diophantine equations",Recurrence divisibility and primitive divisors,6,29,T-EG411-omega-ladder-case-exhaustion,Omega-ladder case-exhaustion (kill-trees),SEARCH,"Matches signals: finite-state recurrence; order constraints; prime certificate; hostile re-enumeration. Technique action: Enumerate all squarefree factor-configs at fixed omega via node algebra A=3*prod(p-1), B=2*prod p; solve terminal j=2 pairs; omega=5/6/7 config spaces all EMPTY."
SHAPE-023,"Totients, divisors, and Diophantine equations",Recurrence divisibility and primitive divisors,7,29,T-EG203-prime-witness-scale-ladder,Prime-witness scale ladder + adversarial checking,SEARCH,"Matches signals: finite-state recurrence; order constraints; prime certificate; hostile re-enumeration. Technique action: Kernel-verified prime witnesses continuously 10^0 -> 10^19 (max 20-digit prime); evidence, not universal."
SHAPE-023,"Totients, divisors, and Diophantine equations",Recurrence divisibility and primitive divisors,8,27,T-GRAHAM-jigsaw-cost-density-predictor,JIGSAW cost-density predictor,SEARCH,"Matches signals: finite-state recurrence; order constraints; prime certificate; hostile re-enumeration. Technique action: Fits cost-per-orbit-representative as a power law in subset density (ms_per_orbit=a*density^b), re-reading real evidence on every invocation so the fit self-recalibrates; self-reports its own error band."
SHAPE-023,"Totients, divisors, and Diophantine equations",Recurrence divisibility and primitive divisors,9,26,T-EG203-gamma-fiber-local-density,Gamma-fiber local density companion,ANALYSIS,Matches signals: finite-state recurrence; order constraints; prime certificate; hostile re-enumeration. Technique action: Exact Gamma-fiber local density + prime-power Hensel companion computation.
SHAPE-023,"Totients, divisors, and Diophantine equations",Recurrence divisibility and primitive divisors,10,25,T-EG411-omega-ladder-pruning-rules,"Omega-ladder pruning rules (A<=B dead check, cap bound, chain-free filter)",SEARCH,"Matches signals: finite-state recurrence; order constraints; prime certificate; hostile re-enumeration. Technique action: A<=B dead check (3*phi-product < 2*n-product forever); intermediate cap bound A*(x-1)^j > B*x^j+2; chain-free filter (skip x if x=1 mod p for any p in prefix, Hercher H2)."
SHAPE-023,"Totients, divisors, and Diophantine equations",Recurrence divisibility and primitive divisors,11,24,T-GRAHAM-arbitrary-parameter-generalization,Arbitrary-parameter generalization,VERIFY,Matches signals: finite-state recurrence; order constraints; prime certificate; hostile re-enumeration. Technique action: Parameterize over the index (p:Nat with [Fact p.Prime]) instead of one hardcoded instance; MUST re-verify each specialization reproduces its original axiom signature.
SHAPE-023,"Totients, divisors, and Diophantine equations",Recurrence divisibility and primitive divisors,12,23,T-EG411-totient-equation-reduction-hercher-bridge,Totient-equation reduction + Hercher bridge,STRUCTURE,Matches signals: finite-state recurrence; order constraints; prime certificate; hostile re-enumeration. Technique action: Maps EG#411 r=2 to 3*phi(N)=2N+2 (N=(3p-1)/4); connects to Hercher's structure theory; master identity p=2*phi(N)-1.
SHAPE-024,"Totients, divisors, and Diophantine equations",Integer-relation discovery with proof reconstruction,1,58,T-COMMON-checker-soundness-trust-contract,Checker + soundness-theorem + sample-witness trust contract,VERIFY,"Matches signals: PSLQ; interval arithmetic; symbolic reduction; formal checker. Technique action: A decidable predicate proven sound with axiom footprint exactly [propext, Classical.choice, Quot.sound]; native_decide only on sample witnesses, not the soundness theorem. Separates what the TRUTH depends on from what was TRUSTED to check it."
SHAPE-024,"Totients, divisors, and Diophantine equations",Integer-relation discovery with proof reconstruction,2,48,T-GRAHAM-packed-certificate-generic-checker,Packed-certificate + one generic checker,VERIFY,"Matches signals: PSLQ; interval arithmetic; symbolic reduction; formal checker. Technique action: Encode each witness as packed data; prove ONE soundness theorem (checkWitness_sound); each concrete witness then costs one native_decide, not a new proof (theorem count stayed 1 across 60K-765K witnesses)."
SHAPE-024,"Totients, divisors, and Diophantine equations",Integer-relation discovery with proof reconstruction,3,39,T-GRAHAM-independent-multi-checker-crosscheck,Independent multi-checker cross-check (Go / Python / EPCE),VERIFY,"Matches signals: PSLQ; interval arithmetic; symbolic reduction; formal checker. Technique action: Every witness re-verified by two methodologically-distinct checkers (Go recompute + Python orbit-accounting) plus a third EPCE checker (H01/H06 verifyDistinctPartialSums); 1.64M witnesses, 0 disagreements."
SHAPE-024,"Totients, divisors, and Diophantine equations",Integer-relation discovery with proof reconstruction,4,34,T-EG203-bounded-witness-certificate-machinery,Bounded witness / certificate machinery (m<=1e6 kernel closure),SEARCH,"Matches signals: PSLQ; interval arithmetic; symbolic reduction; formal checker. Technique action: Every ordinary m<=1e6 has a kernel-checked prime witness V(m,k,l), k+l<=13, in Lean (lake build exit 0)."
SHAPE-024,"Totients, divisors, and Diophantine equations",Integer-relation discovery with proof reconstruction,5,31,T-EG411-from-scratch-hostile-reenumeration,From-scratch hostile re-enumeration,VERIFY,"Matches signals: PSLQ; interval arithmetic; symbolic reduction; formal checker. Technique action: Independent sieve + Brent-rho, NO chain filtering (strictly more permissive), 17.96B candidates; reproduced the exact omega=7 census, 0 solutions."
SHAPE-024,"Totients, divisors, and Diophantine equations",Integer-relation discovery with proof reconstruction,6,27,T-EG411-omega-ladder-case-exhaustion,Omega-ladder case-exhaustion (kill-trees),SEARCH,"Matches signals: PSLQ; interval arithmetic; symbolic reduction; formal checker. Technique action: Enumerate all squarefree factor-configs at fixed omega via node algebra A=3*prod(p-1), B=2*prod p; solve terminal j=2 pairs; omega=5/6/7 config spaces all EMPTY."
SHAPE-024,"Totients, divisors, and Diophantine equations",Integer-relation discovery with proof reconstruction,7,26,T-GRAHAM-jigsaw-cost-density-predictor,JIGSAW cost-density predictor,SEARCH,"Matches signals: PSLQ; interval arithmetic; symbolic reduction; formal checker. Technique action: Fits cost-per-orbit-representative as a power law in subset density (ms_per_orbit=a*density^b), re-reading real evidence on every invocation so the fit self-recalibrates; self-reports its own error band."
SHAPE-024,"Totients, divisors, and Diophantine equations",Integer-relation discovery with proof reconstruction,8,25,T-EG203-prime-witness-scale-ladder,Prime-witness scale ladder + adversarial checking,SEARCH,"Matches signals: PSLQ; interval arithmetic; symbolic reduction; formal checker. Technique action: Kernel-verified prime witnesses continuously 10^0 -> 10^19 (max 20-digit prime); evidence, not universal."
SHAPE-024,"Totients, divisors, and Diophantine equations",Integer-relation discovery with proof reconstruction,9,24,T-EG203-gamma-fiber-local-density,Gamma-fiber local density companion,ANALYSIS,Matches signals: PSLQ; interval arithmetic; symbolic reduction; formal checker. Technique action: Exact Gamma-fiber local density + prime-power Hensel companion computation.
SHAPE-024,"Totients, divisors, and Diophantine equations",Integer-relation discovery with proof reconstruction,10,24,T-EG203-moment-laws,Moment laws (Lean-verified),ANALYSIS,"Matches signals: PSLQ; interval arithmetic; symbolic reduction; formal checker. Technique action: Exact k-th moment / mean-zero / second-moment identities for the local obstruction (sum_delta_eq_zero, third_moment_vanishes_iff_half_cover, ...)."
SHAPE-024,"Totients, divisors, and Diophantine equations",Integer-relation discovery with proof reconstruction,11,24,T-PRIMEGAP-hardy-littlewood-admissibility-closed-form,Hardy-Littlewood admissibility closed forms (Lean),ANALYSIS,"Matches signals: PSLQ; interval arithmetic; symbolic reduction; formal checker. Technique action: Closed-form HL admissibility fractions for prime k-constellations (k=3:7/36, k=4:5/72, k=5:18631/810000); 59 Lean theorems, 0 sorry."
SHAPE-024,"Totients, divisors, and Diophantine equations",Integer-relation discovery with proof reconstruction,12,23,T-EG203-size5-density-union-bound,Size5 density / union bound,ANALYSIS,"Matches signals: PSLQ; interval arithmetic; symbolic reduction; formal checker. Technique action: Any prime set covering the k=0 row needs |P|>=5; a 4-prime cover has sum 1/ord_p(3) <= 19/20 < 1 (Lean, axiom-clean)."
SHAPE-025,Additive and combinatorial number theory,Admissible tuple optimization under reciprocal weights,1,54,T-COMMON-checker-soundness-trust-contract,Checker + soundness-theorem + sample-witness trust contract,VERIFY,"Matches signals: SMT/OMT; adaptive residue selection; k-rough sieve; exact verifier. Technique action: A decidable predicate proven sound with axiom footprint exactly [propext, Classical.choice, Quot.sound]; native_decide only on sample witnesses, not the soundness theorem. Separates what the TRUTH depends on from what was TRUSTED to check it."
SHAPE-025,Additive and combinatorial number theory,Admissible tuple optimization under reciprocal weights,2,44,T-GRAHAM-packed-certificate-generic-checker,Packed-certificate + one generic checker,VERIFY,"Matches signals: SMT/OMT; adaptive residue selection; k-rough sieve; exact verifier. Technique action: Encode each witness as packed data; prove ONE soundness theorem (checkWitness_sound); each concrete witness then costs one native_decide, not a new proof (theorem count stayed 1 across 60K-765K witnesses)."
SHAPE-025,Additive and combinatorial number theory,Admissible tuple optimization under reciprocal weights,3,40,T-GRAHAM-independent-multi-checker-crosscheck,Independent multi-checker cross-check (Go / Python / EPCE),VERIFY,"Matches signals: SMT/OMT; adaptive residue selection; k-rough sieve; exact verifier. Technique action: Every witness re-verified by two methodologically-distinct checkers (Go recompute + Python orbit-accounting) plus a third EPCE checker (H01/H06 verifyDistinctPartialSums); 1.64M witnesses, 0 disagreements."
SHAPE-025,Additive and combinatorial number theory,Admissible tuple optimization under reciprocal weights,4,33,T-EG411-from-scratch-hostile-reenumeration,From-scratch hostile re-enumeration,VERIFY,"Matches signals: SMT/OMT; adaptive residue selection; k-rough sieve; exact verifier. Technique action: Independent sieve + Brent-rho, NO chain filtering (strictly more permissive), 17.96B candidates; reproduced the exact omega=7 census, 0 solutions."
SHAPE-025,Additive and combinatorial number theory,Admissible tuple optimization under reciprocal weights,5,30,T-950-fft-convolution-sieve-fn,FFT-convolution sieve for f(n),SEARCH,Matches signals: SMT/OMT; adaptive residue selection; k-rough sieve; exact verifier. Technique action: FFT-convolution sieve computes f(n)=sum 1/(n-p) to N=2e7; backtracking admissible k-tuple search cross-validated vs OEIS A008407 (28/28 exact).
SHAPE-025,Additive and combinatorial number theory,Admissible tuple optimization under reciprocal weights,6,26,T-GRAHAM-jigsaw-cost-density-predictor,JIGSAW cost-density predictor,SEARCH,"Matches signals: SMT/OMT; adaptive residue selection; k-rough sieve; exact verifier. Technique action: Fits cost-per-orbit-representative as a power law in subset density (ms_per_orbit=a*density^b), re-reading real evidence on every invocation so the fit self-recalibrates; self-reports its own error band."
SHAPE-025,Additive and combinatorial number theory,Admissible tuple optimization under reciprocal weights,7,25,T-EG203-moment-laws,Moment laws (Lean-verified),ANALYSIS,"Matches signals: SMT/OMT; adaptive residue selection; k-rough sieve; exact verifier. Technique action: Exact k-th moment / mean-zero / second-moment identities for the local obstruction (sum_delta_eq_zero, third_moment_vanishes_iff_half_cover, ...)."
SHAPE-025,Additive and combinatorial number theory,Admissible tuple optimization under reciprocal weights,8,24,T-COMMON-z3-omt-exact-optimizer,Z3 SMT/OMT exact optimizer,SEARCH,"Matches signals: SMT/OMT; adaptive residue selection; k-rough sieve; exact verifier. Technique action: Model a decision as booleans + linear pseudo-boolean constraints with a rational-weighted objective; Optimize().maximize() returns a certified bound, not a heuristic guess."
SHAPE-025,Additive and combinatorial number theory,Admissible tuple optimization under reciprocal weights,9,24,T-835-steiner-exact-cover-sat-solver,"Steiner system S(t,k,v) exact-cover/SAT solver",SEARCH,"Matches signals: SMT/OMT; adaptive residue selection; k-rough sieve; exact verifier. Technique action: From-scratch exact-cover/SAT for S(t,k,v) existence (pysat CardEnc + Z3 dual backends, independent brute-force verifier, cyclic-automorphism reduction)."
SHAPE-025,Additive and combinatorial number theory,Admissible tuple optimization under reciprocal weights,10,24,T-EG203-matroid-lifting-poisson-binomial,Matroid lifting + Poisson-binomial exact distribution,ANALYSIS,Matches signals: SMT/OMT; adaptive residue selection; k-rough sieve; exact verifier. Technique action: Local obstruction indicators = independent Bernoullis (Poisson-binomial); Kummer log rows = representable matroid over F_ell; prime-power lift = Wieferich map.
SHAPE-025,Additive and combinatorial number theory,Admissible tuple optimization under reciprocal weights,11,24,T-PRIMEGAP-hardy-littlewood-admissibility-closed-form,Hardy-Littlewood admissibility closed forms (Lean),ANALYSIS,"Matches signals: SMT/OMT; adaptive residue selection; k-rough sieve; exact verifier. Technique action: Closed-form HL admissibility fractions for prime k-constellations (k=3:7/36, k=4:5/72, k=5:18631/810000); 59 Lean theorems, 0 sorry."
SHAPE-025,Additive and combinatorial number theory,Admissible tuple optimization under reciprocal weights,12,23,T-EG203-prime-witness-scale-ladder,Prime-witness scale ladder + adversarial checking,SEARCH,"Matches signals: SMT/OMT; adaptive residue selection; k-rough sieve; exact verifier. Technique action: Kernel-verified prime witnesses continuously 10^0 -> 10^19 (max 20-digit prime); evidence, not universal."
SHAPE-026,Additive and combinatorial number theory,Additive basis completeness thresholds,1,53,T-COMMON-checker-soundness-trust-contract,Checker + soundness-theorem + sample-witness trust contract,VERIFY,"Matches signals: bit-parallel subset-sum DP; state compression; meet-in-the-middle; certificate. Technique action: A decidable predicate proven sound with axiom footprint exactly [propext, Classical.choice, Quot.sound]; native_decide only on sample witnesses, not the soundness theorem. Separates what the TRUTH depends on from what was TRUSTED to check it."
SHAPE-026,Additive and combinatorial number theory,Additive basis completeness thresholds,2,45,T-345-bit-parallel-subset-sum-dp,Bit-parallel subset-sum DP,SEARCH,Matches signals: bit-parallel subset-sum DP; state compression; meet-in-the-middle; certificate. Technique action: Bigint bitset DP (dp |= dp << base^k) with truncation-masking for the completeness threshold T(n^k); validated vs published A001661 k=2..6.
SHAPE-026,Additive and combinatorial number theory,Additive basis completeness thresholds,3,44,T-GRAHAM-packed-certificate-generic-checker,Packed-certificate + one generic checker,VERIFY,"Matches signals: bit-parallel subset-sum DP; state compression; meet-in-the-middle; certificate. Technique action: Encode each witness as packed data; prove ONE soundness theorem (checkWitness_sound); each concrete witness then costs one native_decide, not a new proof (theorem count stayed 1 across 60K-765K witnesses)."
SHAPE-026,Additive and combinatorial number theory,Additive basis completeness thresholds,4,40,T-GRAHAM-independent-multi-checker-crosscheck,Independent multi-checker cross-check (Go / Python / EPCE),VERIFY,"Matches signals: bit-parallel subset-sum DP; state compression; meet-in-the-middle; certificate. Technique action: Every witness re-verified by two methodologically-distinct checkers (Go recompute + Python orbit-accounting) plus a third EPCE checker (H01/H06 verifyDistinctPartialSums); 1.64M witnesses, 0 disagreements."
SHAPE-026,Additive and combinatorial number theory,Additive basis completeness thresholds,5,29,T-GRAHAM-jigsaw-cost-density-predictor,JIGSAW cost-density predictor,SEARCH,"Matches signals: bit-parallel subset-sum DP; state compression; meet-in-the-middle; certificate. Technique action: Fits cost-per-orbit-representative as a power law in subset density (ms_per_orbit=a*density^b), re-reading real evidence on every invocation so the fit self-recalibrates; self-reports its own error band."
SHAPE-026,Additive and combinatorial number theory,Additive basis completeness thresholds,6,27,T-EG411-from-scratch-hostile-reenumeration,From-scratch hostile re-enumeration,VERIFY,"Matches signals: bit-parallel subset-sum DP; state compression; meet-in-the-middle; certificate. Technique action: Independent sieve + Brent-rho, NO chain filtering (strictly more permissive), 17.96B candidates; reproduced the exact omega=7 census, 0 solutions."
SHAPE-026,Additive and combinatorial number theory,Additive basis completeness thresholds,7,25,T-EG203-matroid-lifting-poisson-binomial,Matroid lifting + Poisson-binomial exact distribution,ANALYSIS,Matches signals: bit-parallel subset-sum DP; state compression; meet-in-the-middle; certificate. Technique action: Local obstruction indicators = independent Bernoullis (Poisson-binomial); Kummer log rows = representable matroid over F_ell; prime-power lift = Wieferich map.
SHAPE-026,Additive and combinatorial number theory,Additive basis completeness thresholds,8,24,T-EG203-moment-laws,Moment laws (Lean-verified),ANALYSIS,"Matches signals: bit-parallel subset-sum DP; state compression; meet-in-the-middle; certificate. Technique action: Exact k-th moment / mean-zero / second-moment identities for the local obstruction (sum_delta_eq_zero, third_moment_vanishes_iff_half_cover, ...)."
SHAPE-026,Additive and combinatorial number theory,Additive basis completeness thresholds,9,23,T-EG203-bounded-witness-certificate-machinery,Bounded witness / certificate machinery (m<=1e6 kernel closure),SEARCH,"Matches signals: bit-parallel subset-sum DP; state compression; meet-in-the-middle; certificate. Technique action: Every ordinary m<=1e6 has a kernel-checked prime witness V(m,k,l), k+l<=13, in Lean (lake build exit 0)."
SHAPE-026,Additive and combinatorial number theory,Additive basis completeness thresholds,10,22,T-EG203-fourier-collision-variance,Kummer Fourier collision variance (self-correction),ANALYSIS,Matches signals: bit-parallel subset-sum DP; state compression; meet-in-the-middle; certificate. Technique action: Corrects a FALSE linear product formula into an exact Plancherel / hyperplane-arrangement sum for collision variance.
SHAPE-026,Additive and combinatorial number theory,Additive basis completeness thresholds,11,19,T-EG203-gamma-fiber-local-density,Gamma-fiber local density companion,ANALYSIS,Matches signals: bit-parallel subset-sum DP; state compression; meet-in-the-middle; certificate. Technique action: Exact Gamma-fiber local density + prime-power Hensel companion computation.
SHAPE-026,Additive and combinatorial number theory,Additive basis completeness thresholds,12,19,T-GRAHAM-arbitrary-parameter-generalization,Arbitrary-parameter generalization,VERIFY,Matches signals: bit-parallel subset-sum DP; state compression; meet-in-the-middle; certificate. Technique action: Parameterize over the index (p:Nat with [Fact p.Prime]) instead of one hardcoded instance; MUST re-verify each specialization reproduces its original axiom signature.
SHAPE-027,Additive and combinatorial number theory,Sidon and B_h extremal sets,1,52,T-COMMON-checker-soundness-trust-contract,Checker + soundness-theorem + sample-witness trust contract,VERIFY,"Matches signals: group-action quotient; SAT/SMT; Fourier energy; construction synthesis. Technique action: A decidable predicate proven sound with axiom footprint exactly [propext, Classical.choice, Quot.sound]; native_decide only on sample witnesses, not the soundness theorem. Separates what the TRUTH depends on from what was TRUSTED to check it."
SHAPE-027,Additive and combinatorial number theory,Sidon and B_h extremal sets,2,42,T-GRAHAM-packed-certificate-generic-checker,Packed-certificate + one generic checker,VERIFY,"Matches signals: group-action quotient; SAT/SMT; Fourier energy; construction synthesis. Technique action: Encode each witness as packed data; prove ONE soundness theorem (checkWitness_sound); each concrete witness then costs one native_decide, not a new proof (theorem count stayed 1 across 60K-765K witnesses)."
SHAPE-027,Additive and combinatorial number theory,Sidon and B_h extremal sets,3,39,T-GRAHAM-independent-multi-checker-crosscheck,Independent multi-checker cross-check (Go / Python / EPCE),VERIFY,"Matches signals: group-action quotient; SAT/SMT; Fourier energy; construction synthesis. Technique action: Every witness re-verified by two methodologically-distinct checkers (Go recompute + Python orbit-accounting) plus a third EPCE checker (H01/H06 verifyDistinctPartialSums); 1.64M witnesses, 0 disagreements."
SHAPE-027,Additive and combinatorial number theory,Sidon and B_h extremal sets,4,27,T-GRAHAM-jigsaw-cost-density-predictor,JIGSAW cost-density predictor,SEARCH,"Matches signals: group-action quotient; SAT/SMT; Fourier energy; construction synthesis. Technique action: Fits cost-per-orbit-representative as a power law in subset density (ms_per_orbit=a*density^b), re-reading real evidence on every invocation so the fit self-recalibrates; self-reports its own error band."
SHAPE-027,Additive and combinatorial number theory,Sidon and B_h extremal sets,5,27,T-EG203-fourier-collision-variance,Kummer Fourier collision variance (self-correction),ANALYSIS,Matches signals: group-action quotient; SAT/SMT; Fourier energy; construction synthesis. Technique action: Corrects a FALSE linear product formula into an exact Plancherel / hyperplane-arrangement sum for collision variance.
SHAPE-027,Additive and combinatorial number theory,Sidon and B_h extremal sets,6,27,T-EG411-from-scratch-hostile-reenumeration,From-scratch hostile re-enumeration,VERIFY,"Matches signals: group-action quotient; SAT/SMT; Fourier energy; construction synthesis. Technique action: Independent sieve + Brent-rho, NO chain filtering (strictly more permissive), 17.96B candidates; reproduced the exact omega=7 census, 0 solutions."
SHAPE-027,Additive and combinatorial number theory,Sidon and B_h extremal sets,7,26,T-EG203-moment-laws,Moment laws (Lean-verified),ANALYSIS,"Matches signals: group-action quotient; SAT/SMT; Fourier energy; construction synthesis. Technique action: Exact k-th moment / mean-zero / second-moment identities for the local obstruction (sum_delta_eq_zero, third_moment_vanishes_iff_half_cover, ...)."
SHAPE-027,Additive and combinatorial number theory,Sidon and B_h extremal sets,8,25,T-EG203-matroid-lifting-poisson-binomial,Matroid lifting + Poisson-binomial exact distribution,ANALYSIS,Matches signals: group-action quotient; SAT/SMT; Fourier energy; construction synthesis. Technique action: Local obstruction indicators = independent Bernoullis (Poisson-binomial); Kummer log rows = representable matroid over F_ell; prime-power lift = Wieferich map.
SHAPE-027,Additive and combinatorial number theory,Sidon and B_h extremal sets,9,23,T-EG203-subgroup-obstruction-calculus,Subgroup obstruction calculus,STRUCTURE,"Matches signals: group-action quotient; SAT/SMT; Fourier energy; construction synthesis. Technique action: Local obstruction at modulus d = subgroup-membership in Gamma_d=<2,3> subset (Z/d)*; exact densities + Fourier via character annihilator."
SHAPE-027,Additive and combinatorial number theory,Sidon and B_h extremal sets,10,23,T-GRAHAM-multiplicative-orbit-reduction,Multiplicative-orbit reduction,STRUCTURE,Matches signals: group-action quotient; SAT/SMT; Fourier energy; construction synthesis. Technique action: Quotient the search space by the group's multiplicative action on itself; solve once per canonical orbit representative (Z_43: 6.2M raw subsets -> 148K representatives).
SHAPE-027,Additive and combinatorial number theory,Sidon and B_h extremal sets,11,21,T-835-steiner-exact-cover-sat-solver,"Steiner system S(t,k,v) exact-cover/SAT solver",SEARCH,"Matches signals: group-action quotient; SAT/SMT; Fourier energy; construction synthesis. Technique action: From-scratch exact-cover/SAT for S(t,k,v) existence (pysat CardEnc + Z3 dual backends, independent brute-force verifier, cyclic-automorphism reduction)."
SHAPE-027,Additive and combinatorial number theory,Sidon and B_h extremal sets,12,19,T-GRAHAM-arbitrary-parameter-generalization,Arbitrary-parameter generalization,VERIFY,Matches signals: group-action quotient; SAT/SMT; Fourier energy; construction synthesis. Technique action: Parameterize over the index (p:Nat with [Fact p.Prime]) instead of one hardcoded instance; MUST re-verify each specialization reproduces its original axiom signature.
SHAPE-028,Additive and combinatorial number theory,Zero-sum and distinct-partial-sum sequences,1,56,T-COMMON-checker-soundness-trust-contract,Checker + soundness-theorem + sample-witness trust contract,VERIFY,"Matches signals: multiplicative orbit reduction; exact search; group automorphisms; checker. Technique action: A decidable predicate proven sound with axiom footprint exactly [propext, Classical.choice, Quot.sound]; native_decide only on sample witnesses, not the soundness theorem. Separates what the TRUTH depends on from what was TRUSTED to check it."
SHAPE-028,Additive and combinatorial number theory,Zero-sum and distinct-partial-sum sequences,2,48,T-GRAHAM-packed-certificate-generic-checker,Packed-certificate + one generic checker,VERIFY,"Matches signals: multiplicative orbit reduction; exact search; group automorphisms; checker. Technique action: Encode each witness as packed data; prove ONE soundness theorem (checkWitness_sound); each concrete witness then costs one native_decide, not a new proof (theorem count stayed 1 across 60K-765K witnesses)."
SHAPE-028,Additive and combinatorial number theory,Zero-sum and distinct-partial-sum sequences,3,40,T-GRAHAM-independent-multi-checker-crosscheck,Independent multi-checker cross-check (Go / Python / EPCE),VERIFY,"Matches signals: multiplicative orbit reduction; exact search; group automorphisms; checker. Technique action: Every witness re-verified by two methodologically-distinct checkers (Go recompute + Python orbit-accounting) plus a third EPCE checker (H01/H06 verifyDistinctPartialSums); 1.64M witnesses, 0 disagreements."
SHAPE-028,Additive and combinatorial number theory,Zero-sum and distinct-partial-sum sequences,4,30,T-GRAHAM-multiplicative-orbit-reduction,Multiplicative-orbit reduction,STRUCTURE,Matches signals: multiplicative orbit reduction; exact search; group automorphisms; checker. Technique action: Quotient the search space by the group's multiplicative action on itself; solve once per canonical orbit representative (Z_43: 6.2M raw subsets -> 148K representatives).
SHAPE-028,Additive and combinatorial number theory,Zero-sum and distinct-partial-sum sequences,5,28,T-EG203-moment-laws,Moment laws (Lean-verified),ANALYSIS,"Matches signals: multiplicative orbit reduction; exact search; group automorphisms; checker. Technique action: Exact k-th moment / mean-zero / second-moment identities for the local obstruction (sum_delta_eq_zero, third_moment_vanishes_iff_half_cover, ...)."
SHAPE-028,Additive and combinatorial number theory,Zero-sum and distinct-partial-sum sequences,6,27,T-GRAHAM-jigsaw-cost-density-predictor,JIGSAW cost-density predictor,SEARCH,"Matches signals: multiplicative orbit reduction; exact search; group automorphisms; checker. Technique action: Fits cost-per-orbit-representative as a power law in subset density (ms_per_orbit=a*density^b), re-reading real evidence on every invocation so the fit self-recalibrates; self-reports its own error band."
SHAPE-028,Additive and combinatorial number theory,Zero-sum and distinct-partial-sum sequences,7,26,T-EG411-from-scratch-hostile-reenumeration,From-scratch hostile re-enumeration,VERIFY,"Matches signals: multiplicative orbit reduction; exact search; group automorphisms; checker. Technique action: Independent sieve + Brent-rho, NO chain filtering (strictly more permissive), 17.96B candidates; reproduced the exact omega=7 census, 0 solutions."
SHAPE-028,Additive and combinatorial number theory,Zero-sum and distinct-partial-sum sequences,8,25,T-EG203-matroid-lifting-poisson-binomial,Matroid lifting + Poisson-binomial exact distribution,ANALYSIS,Matches signals: multiplicative orbit reduction; exact search; group automorphisms; checker. Technique action: Local obstruction indicators = independent Bernoullis (Poisson-binomial); Kummer log rows = representable matroid over F_ell; prime-power lift = Wieferich map.
SHAPE-028,Additive and combinatorial number theory,Zero-sum and distinct-partial-sum sequences,9,25,T-345-bit-parallel-subset-sum-dp,Bit-parallel subset-sum DP,SEARCH,Matches signals: multiplicative orbit reduction; exact search; group automorphisms; checker. Technique action: Bigint bitset DP (dp |= dp << base^k) with truncation-masking for the completeness threshold T(n^k); validated vs published A001661 k=2..6.
SHAPE-028,Additive and combinatorial number theory,Zero-sum and distinct-partial-sum sequences,10,25,T-EG203-bounded-witness-certificate-machinery,Bounded witness / certificate machinery (m<=1e6 kernel closure),SEARCH,"Matches signals: multiplicative orbit reduction; exact search; group automorphisms; checker. Technique action: Every ordinary m<=1e6 has a kernel-checked prime witness V(m,k,l), k+l<=13, in Lean (lake build exit 0)."
SHAPE-028,Additive and combinatorial number theory,Zero-sum and distinct-partial-sum sequences,11,25,T-EG203-fourier-collision-variance,Kummer Fourier collision variance (self-correction),ANALYSIS,Matches signals: multiplicative orbit reduction; exact search; group automorphisms; checker. Technique action: Corrects a FALSE linear product formula into an exact Plancherel / hyperplane-arrangement sum for collision variance.
SHAPE-028,Additive and combinatorial number theory,Zero-sum and distinct-partial-sum sequences,12,24,T-EG203-size5-density-union-bound,Size5 density / union bound,ANALYSIS,"Matches signals: multiplicative orbit reduction; exact search; group automorphisms; checker. Technique action: Any prime set covering the k=0 row needs |P|>=5; a 4-prime cover has sum 1/ord_p(3) <= 19/20 < 1 (Lean, axiom-clean)."
SHAPE-029,Additive and combinatorial number theory,Sum-free and progression-free finite sets,1,57,T-COMMON-checker-soundness-trust-contract,Checker + soundness-theorem + sample-witness trust contract,VERIFY,"Matches signals: affine group quotient; SAT; polynomial/Fourier invariants; independent checker. Technique action: A decidable predicate proven sound with axiom footprint exactly [propext, Classical.choice, Quot.sound]; native_decide only on sample witnesses, not the soundness theorem. Separates what the TRUTH depends on from what was TRUSTED to check it."
SHAPE-029,Additive and combinatorial number theory,Sum-free and progression-free finite sets,2,47,T-GRAHAM-packed-certificate-generic-checker,Packed-certificate + one generic checker,VERIFY,"Matches signals: affine group quotient; SAT; polynomial/Fourier invariants; independent checker. Technique action: Encode each witness as packed data; prove ONE soundness theorem (checkWitness_sound); each concrete witness then costs one native_decide, not a new proof (theorem count stayed 1 across 60K-765K witnesses)."
SHAPE-029,Additive and combinatorial number theory,Sum-free and progression-free finite sets,3,42,T-GRAHAM-independent-multi-checker-crosscheck,Independent multi-checker cross-check (Go / Python / EPCE),VERIFY,"Matches signals: affine group quotient; SAT; polynomial/Fourier invariants; independent checker. Technique action: Every witness re-verified by two methodologically-distinct checkers (Go recompute + Python orbit-accounting) plus a third EPCE checker (H01/H06 verifyDistinctPartialSums); 1.64M witnesses, 0 disagreements."
SHAPE-029,Additive and combinatorial number theory,Sum-free and progression-free finite sets,4,28,T-GRAHAM-multiplicative-orbit-reduction,Multiplicative-orbit reduction,STRUCTURE,Matches signals: affine group quotient; SAT; polynomial/Fourier invariants; independent checker. Technique action: Quotient the search space by the group's multiplicative action on itself; solve once per canonical orbit representative (Z_43: 6.2M raw subsets -> 148K representatives).
SHAPE-029,Additive and combinatorial number theory,Sum-free and progression-free finite sets,5,28,T-EG411-from-scratch-hostile-reenumeration,From-scratch hostile re-enumeration,VERIFY,"Matches signals: affine group quotient; SAT; polynomial/Fourier invariants; independent checker. Technique action: Independent sieve + Brent-rho, NO chain filtering (strictly more permissive), 17.96B candidates; reproduced the exact omega=7 census, 0 solutions."
SHAPE-029,Additive and combinatorial number theory,Sum-free and progression-free finite sets,6,27,T-EG203-matroid-lifting-poisson-binomial,Matroid lifting + Poisson-binomial exact distribution,ANALYSIS,Matches signals: affine group quotient; SAT; polynomial/Fourier invariants; independent checker. Technique action: Local obstruction indicators = independent Bernoullis (Poisson-binomial); Kummer log rows = representable matroid over F_ell; prime-power lift = Wieferich map.
SHAPE-029,Additive and combinatorial number theory,Sum-free and progression-free finite sets,7,27,T-EG203-moment-laws,Moment laws (Lean-verified),ANALYSIS,"Matches signals: affine group quotient; SAT; polynomial/Fourier invariants; independent checker. Technique action: Exact k-th moment / mean-zero / second-moment identities for the local obstruction (sum_delta_eq_zero, third_moment_vanishes_iff_half_cover, ...)."
SHAPE-029,Additive and combinatorial number theory,Sum-free and progression-free finite sets,8,27,T-EG203-fourier-collision-variance,Kummer Fourier collision variance (self-correction),ANALYSIS,Matches signals: affine group quotient; SAT; polynomial/Fourier invariants; independent checker. Technique action: Corrects a FALSE linear product formula into an exact Plancherel / hyperplane-arrangement sum for collision variance.
SHAPE-029,Additive and combinatorial number theory,Sum-free and progression-free finite sets,9,26,T-GRAHAM-jigsaw-cost-density-predictor,JIGSAW cost-density predictor,SEARCH,"Matches signals: affine group quotient; SAT; polynomial/Fourier invariants; independent checker. Technique action: Fits cost-per-orbit-representative as a power law in subset density (ms_per_orbit=a*density^b), re-reading real evidence on every invocation so the fit self-recalibrates; self-reports its own error band."
SHAPE-029,Additive and combinatorial number theory,Sum-free and progression-free finite sets,10,24,T-345-bit-parallel-subset-sum-dp,Bit-parallel subset-sum DP,SEARCH,Matches signals: affine group quotient; SAT; polynomial/Fourier invariants; independent checker. Technique action: Bigint bitset DP (dp |= dp << base^k) with truncation-masking for the completeness threshold T(n^k); validated vs published A001661 k=2..6.
SHAPE-029,Additive and combinatorial number theory,Sum-free and progression-free finite sets,11,23,T-EG203-subgroup-obstruction-calculus,Subgroup obstruction calculus,STRUCTURE,"Matches signals: affine group quotient; SAT; polynomial/Fourier invariants; independent checker. Technique action: Local obstruction at modulus d = subgroup-membership in Gamma_d=<2,3> subset (Z/d)*; exact densities + Fourier via character annihilator."
SHAPE-029,Additive and combinatorial number theory,Sum-free and progression-free finite sets,12,23,T-EG203-size5-density-union-bound,Size5 density / union bound,ANALYSIS,"Matches signals: affine group quotient; SAT; polynomial/Fourier invariants; independent checker. Technique action: Any prime set covering the k=0 row needs |P|>=5; a 4-prime cover has sum 1/ord_p(3) <= 19/20 < 1 (Lean, axiom-clean)."
SHAPE-030,Additive and combinatorial number theory,Representation-function extremals,1,54,T-COMMON-checker-soundness-trust-contract,Checker + soundness-theorem + sample-witness trust contract,VERIFY,"Matches signals: FFT convolution; OMT; moment laws; adversarial controls. Technique action: A decidable predicate proven sound with axiom footprint exactly [propext, Classical.choice, Quot.sound]; native_decide only on sample witnesses, not the soundness theorem. Separates what the TRUTH depends on from what was TRUSTED to check it."
SHAPE-030,Additive and combinatorial number theory,Representation-function extremals,2,44,T-GRAHAM-packed-certificate-generic-checker,Packed-certificate + one generic checker,VERIFY,"Matches signals: FFT convolution; OMT; moment laws; adversarial controls. Technique action: Encode each witness as packed data; prove ONE soundness theorem (checkWitness_sound); each concrete witness then costs one native_decide, not a new proof (theorem count stayed 1 across 60K-765K witnesses)."
SHAPE-030,Additive and combinatorial number theory,Representation-function extremals,3,42,T-GRAHAM-independent-multi-checker-crosscheck,Independent multi-checker cross-check (Go / Python / EPCE),VERIFY,"Matches signals: FFT convolution; OMT; moment laws; adversarial controls. Technique action: Every witness re-verified by two methodologically-distinct checkers (Go recompute + Python orbit-accounting) plus a third EPCE checker (H01/H06 verifyDistinctPartialSums); 1.64M witnesses, 0 disagreements."
SHAPE-030,Additive and combinatorial number theory,Representation-function extremals,4,35,T-EG203-moment-laws,Moment laws (Lean-verified),ANALYSIS,"Matches signals: FFT convolution; OMT; moment laws; adversarial controls. Technique action: Exact k-th moment / mean-zero / second-moment identities for the local obstruction (sum_delta_eq_zero, third_moment_vanishes_iff_half_cover, ...)."
SHAPE-030,Additive and combinatorial number theory,Representation-function extremals,5,30,T-EG411-from-scratch-hostile-reenumeration,From-scratch hostile re-enumeration,VERIFY,"Matches signals: FFT convolution; OMT; moment laws; adversarial controls. Technique action: Independent sieve + Brent-rho, NO chain filtering (strictly more permissive), 17.96B candidates; reproduced the exact omega=7 census, 0 solutions."
SHAPE-030,Additive and combinatorial number theory,Representation-function extremals,6,28,T-GRAHAM-jigsaw-cost-density-predictor,JIGSAW cost-density predictor,SEARCH,"Matches signals: FFT convolution; OMT; moment laws; adversarial controls. Technique action: Fits cost-per-orbit-representative as a power law in subset density (ms_per_orbit=a*density^b), re-reading real evidence on every invocation so the fit self-recalibrates; self-reports its own error band."
SHAPE-030,Additive and combinatorial number theory,Representation-function extremals,7,26,T-EG203-matroid-lifting-poisson-binomial,Matroid lifting + Poisson-binomial exact distribution,ANALYSIS,Matches signals: FFT convolution; OMT; moment laws; adversarial controls. Technique action: Local obstruction indicators = independent Bernoullis (Poisson-binomial); Kummer log rows = representable matroid over F_ell; prime-power lift = Wieferich map.
SHAPE-030,Additive and combinatorial number theory,Representation-function extremals,8,25,T-EG203-fourier-collision-variance,Kummer Fourier collision variance (self-correction),ANALYSIS,Matches signals: FFT convolution; OMT; moment laws; adversarial controls. Technique action: Corrects a FALSE linear product formula into an exact Plancherel / hyperplane-arrangement sum for collision variance.
SHAPE-030,Additive and combinatorial number theory,Representation-function extremals,9,20,T-GRAHAM-arbitrary-parameter-generalization,Arbitrary-parameter generalization,VERIFY,Matches signals: FFT convolution; OMT; moment laws; adversarial controls. Technique action: Parameterize over the index (p:Nat with [Fact p.Prime]) instead of one hardcoded instance; MUST re-verify each specialization reproduces its original axiom signature.
SHAPE-030,Additive and combinatorial number theory,Representation-function extremals,10,20,T-EG203-prime-witness-scale-ladder,Prime-witness scale ladder + adversarial checking,SEARCH,"Matches signals: FFT convolution; OMT; moment laws; adversarial controls. Technique action: Kernel-verified prime witnesses continuously 10^0 -> 10^19 (max 20-digit prime); evidence, not universal."
SHAPE-030,Additive and combinatorial number theory,Representation-function extremals,11,19,T-EG203-bounded-witness-certificate-machinery,Bounded witness / certificate machinery (m<=1e6 kernel closure),SEARCH,"Matches signals: FFT convolution; OMT; moment laws; adversarial controls. Technique action: Every ordinary m<=1e6 has a kernel-checked prime witness V(m,k,l), k+l<=13, in Lean (lake build exit 0)."
SHAPE-030,Additive and combinatorial number theory,Representation-function extremals,12,19,T-835-steiner-exact-cover-sat-solver,"Steiner system S(t,k,v) exact-cover/SAT solver",SEARCH,"Matches signals: FFT convolution; OMT; moment laws; adversarial controls. Technique action: From-scratch exact-cover/SAT for S(t,k,v) existence (pysat CardEnc + Z3 dual backends, independent brute-force verifier, cyclic-automorphism reduction)."
SHAPE-031,Additive and combinatorial number theory,Subset-sum coverage and gaps,1,53,T-COMMON-checker-soundness-trust-contract,Checker + soundness-theorem + sample-witness trust contract,VERIFY,"Matches signals: bitsets; meet-in-the-middle; generating functions; packed certificates. Technique action: A decidable predicate proven sound with axiom footprint exactly [propext, Classical.choice, Quot.sound]; native_decide only on sample witnesses, not the soundness theorem. Separates what the TRUTH depends on from what was TRUSTED to check it."
SHAPE-031,Additive and combinatorial number theory,Subset-sum coverage and gaps,2,46,T-GRAHAM-packed-certificate-generic-checker,Packed-certificate + one generic checker,VERIFY,"Matches signals: bitsets; meet-in-the-middle; generating functions; packed certificates. Technique action: Encode each witness as packed data; prove ONE soundness theorem (checkWitness_sound); each concrete witness then costs one native_decide, not a new proof (theorem count stayed 1 across 60K-765K witnesses)."
SHAPE-031,Additive and combinatorial number theory,Subset-sum coverage and gaps,3,41,T-345-bit-parallel-subset-sum-dp,Bit-parallel subset-sum DP,SEARCH,Matches signals: bitsets; meet-in-the-middle; generating functions; packed certificates. Technique action: Bigint bitset DP (dp |= dp << base^k) with truncation-masking for the completeness threshold T(n^k); validated vs published A001661 k=2..6.
SHAPE-031,Additive and combinatorial number theory,Subset-sum coverage and gaps,4,39,T-GRAHAM-independent-multi-checker-crosscheck,Independent multi-checker cross-check (Go / Python / EPCE),VERIFY,"Matches signals: bitsets; meet-in-the-middle; generating functions; packed certificates. Technique action: Every witness re-verified by two methodologically-distinct checkers (Go recompute + Python orbit-accounting) plus a third EPCE checker (H01/H06 verifyDistinctPartialSums); 1.64M witnesses, 0 disagreements."
SHAPE-031,Additive and combinatorial number theory,Subset-sum coverage and gaps,5,28,T-GRAHAM-jigsaw-cost-density-predictor,JIGSAW cost-density predictor,SEARCH,"Matches signals: bitsets; meet-in-the-middle; generating functions; packed certificates. Technique action: Fits cost-per-orbit-representative as a power law in subset density (ms_per_orbit=a*density^b), re-reading real evidence on every invocation so the fit self-recalibrates; self-reports its own error band."
SHAPE-031,Additive and combinatorial number theory,Subset-sum coverage and gaps,6,26,T-EG411-from-scratch-hostile-reenumeration,From-scratch hostile re-enumeration,VERIFY,"Matches signals: bitsets; meet-in-the-middle; generating functions; packed certificates. Technique action: Independent sieve + Brent-rho, NO chain filtering (strictly more permissive), 17.96B candidates; reproduced the exact omega=7 census, 0 solutions."
SHAPE-031,Additive and combinatorial number theory,Subset-sum coverage and gaps,7,25,T-EG203-expected-coverage-theorem-mertens,Expected-coverage theorem (Mertens),ANALYSIS,"Matches signals: bitsets; meet-in-the-middle; generating functions; packed certificates. Technique action: Along M=n!, S(n!) >= sum_{p<=n+1} 1/p >= loglog n -> infinity (Mertens) => E[coverage] -> 1."
SHAPE-031,Additive and combinatorial number theory,Subset-sum coverage and gaps,8,25,T-EG203-fourier-collision-variance,Kummer Fourier collision variance (self-correction),ANALYSIS,Matches signals: bitsets; meet-in-the-middle; generating functions; packed certificates. Technique action: Corrects a FALSE linear product formula into an exact Plancherel / hyperplane-arrangement sum for collision variance.
SHAPE-031,Additive and combinatorial number theory,Subset-sum coverage and gaps,9,23,T-EG203-moment-laws,Moment laws (Lean-verified),ANALYSIS,"Matches signals: bitsets; meet-in-the-middle; generating functions; packed certificates. Technique action: Exact k-th moment / mean-zero / second-moment identities for the local obstruction (sum_delta_eq_zero, third_moment_vanishes_iff_half_cover, ...)."
SHAPE-031,Additive and combinatorial number theory,Subset-sum coverage and gaps,10,23,T-EG203-matroid-lifting-poisson-binomial,Matroid lifting + Poisson-binomial exact distribution,ANALYSIS,Matches signals: bitsets; meet-in-the-middle; generating functions; packed certificates. Technique action: Local obstruction indicators = independent Bernoullis (Poisson-binomial); Kummer log rows = representable matroid over F_ell; prime-power lift = Wieferich map.
SHAPE-031,Additive and combinatorial number theory,Subset-sum coverage and gaps,11,21,T-EG203-size5-density-union-bound,Size5 density / union bound,ANALYSIS,"Matches signals: bitsets; meet-in-the-middle; generating functions; packed certificates. Technique action: Any prime set covering the k=0 row needs |P|>=5; a 4-prime cover has sum 1/ord_p(3) <= 19/20 < 1 (Lean, axiom-clean)."
SHAPE-031,Additive and combinatorial number theory,Subset-sum coverage and gaps,12,19,T-GRAHAM-arbitrary-parameter-generalization,Arbitrary-parameter generalization,VERIFY,Matches signals: bitsets; meet-in-the-middle; generating functions; packed certificates. Technique action: Parameterize over the index (p:Nat with [Fact p.Prime]) instead of one hardcoded instance; MUST re-verify each specialization reproduces its original axiom signature.
SHAPE-032,Additive and combinatorial number theory,Integer sequence recurrence and congruence mining,1,59,T-COMMON-checker-soundness-trust-contract,Checker + soundness-theorem + sample-witness trust contract,VERIFY,"Matches signals: exact computation; automata; creative telescoping; Lean checker. Technique action: A decidable predicate proven sound with axiom footprint exactly [propext, Classical.choice, Quot.sound]; native_decide only on sample witnesses, not the soundness theorem. Separates what the TRUTH depends on from what was TRUSTED to check it."
SHAPE-032,Additive and combinatorial number theory,Integer sequence recurrence and congruence mining,2,50,T-GRAHAM-packed-certificate-generic-checker,Packed-certificate + one generic checker,VERIFY,"Matches signals: exact computation; automata; creative telescoping; Lean checker. Technique action: Encode each witness as packed data; prove ONE soundness theorem (checkWitness_sound); each concrete witness then costs one native_decide, not a new proof (theorem count stayed 1 across 60K-765K witnesses)."
SHAPE-032,Additive and combinatorial number theory,Integer sequence recurrence and congruence mining,3,40,T-GRAHAM-independent-multi-checker-crosscheck,Independent multi-checker cross-check (Go / Python / EPCE),VERIFY,"Matches signals: exact computation; automata; creative telescoping; Lean checker. Technique action: Every witness re-verified by two methodologically-distinct checkers (Go recompute + Python orbit-accounting) plus a third EPCE checker (H01/H06 verifyDistinctPartialSums); 1.64M witnesses, 0 disagreements."
SHAPE-032,Additive and combinatorial number theory,Integer sequence recurrence and congruence mining,4,30,T-EG203-moment-laws,Moment laws (Lean-verified),ANALYSIS,"Matches signals: exact computation; automata; creative telescoping; Lean checker. Technique action: Exact k-th moment / mean-zero / second-moment identities for the local obstruction (sum_delta_eq_zero, third_moment_vanishes_iff_half_cover, ...)."
SHAPE-032,Additive and combinatorial number theory,Integer sequence recurrence and congruence mining,5,29,T-PRIMEGAP-hardy-littlewood-admissibility-closed-form,Hardy-Littlewood admissibility closed forms (Lean),ANALYSIS,"Matches signals: exact computation; automata; creative telescoping; Lean checker. Technique action: Closed-form HL admissibility fractions for prime k-constellations (k=3:7/36, k=4:5/72, k=5:18631/810000); 59 Lean theorems, 0 sorry."
SHAPE-032,Additive and combinatorial number theory,Integer sequence recurrence and congruence mining,6,29,T-EG411-from-scratch-hostile-reenumeration,From-scratch hostile re-enumeration,VERIFY,"Matches signals: exact computation; automata; creative telescoping; Lean checker. Technique action: Independent sieve + Brent-rho, NO chain filtering (strictly more permissive), 17.96B candidates; reproduced the exact omega=7 census, 0 solutions."
SHAPE-032,Additive and combinatorial number theory,Integer sequence recurrence and congruence mining,7,27,T-GRAHAM-jigsaw-cost-density-predictor,JIGSAW cost-density predictor,SEARCH,"Matches signals: exact computation; automata; creative telescoping; Lean checker. Technique action: Fits cost-per-orbit-representative as a power law in subset density (ms_per_orbit=a*density^b), re-reading real evidence on every invocation so the fit self-recalibrates; self-reports its own error band."
SHAPE-032,Additive and combinatorial number theory,Integer sequence recurrence and congruence mining,8,25,T-EG203-size5-density-union-bound,Size5 density / union bound,ANALYSIS,"Matches signals: exact computation; automata; creative telescoping; Lean checker. Technique action: Any prime set covering the k=0 row needs |P|>=5; a 4-prime cover has sum 1/ord_p(3) <= 19/20 < 1 (Lean, axiom-clean)."
SHAPE-032,Additive and combinatorial number theory,Integer sequence recurrence and congruence mining,9,25,T-EG203-bounded-witness-certificate-machinery,Bounded witness / certificate machinery (m<=1e6 kernel closure),SEARCH,"Matches signals: exact computation; automata; creative telescoping; Lean checker. Technique action: Every ordinary m<=1e6 has a kernel-checked prime witness V(m,k,l), k+l<=13, in Lean (lake build exit 0)."
SHAPE-032,Additive and combinatorial number theory,Integer sequence recurrence and congruence mining,10,24,T-GRAHAM-minimal-lean-imports,Minimal Lean imports,VERIFY,"Matches signals: exact computation; automata; creative telescoping; Lean checker. Technique action: Audit real tactic usage against actual Mathlib/Lean-core source; replace blanket import Mathlib.Tactic with only used tactic files (45.7% smaller closure, ~6% when a heavy import already dominates)."
SHAPE-032,Additive and combinatorial number theory,Integer sequence recurrence and congruence mining,11,24,T-GRAHAM-arbitrary-parameter-generalization,Arbitrary-parameter generalization,VERIFY,Matches signals: exact computation; automata; creative telescoping; Lean checker. Technique action: Parameterize over the index (p:Nat with [Fact p.Prime]) instead of one hardcoded instance; MUST re-verify each specialization reproduces its original axiom signature.
SHAPE-032,Additive and combinatorial number theory,Integer sequence recurrence and congruence mining,12,24,T-EG203-matroid-lifting-poisson-binomial,Matroid lifting + Poisson-binomial exact distribution,ANALYSIS,Matches signals: exact computation; automata; creative telescoping; Lean checker. Technique action: Local obstruction indicators = independent Bernoullis (Poisson-binomial); Kummer log rows = representable matroid over F_ell; prime-power lift = Wieferich map.
SHAPE-033,Additive and combinatorial number theory,Partition congruence frontiers,1,53,T-COMMON-checker-soundness-trust-contract,Checker + soundness-theorem + sample-witness trust contract,VERIFY,"Matches signals: FFT/NTT; automata; modular arithmetic; symbolic q-series. Technique action: A decidable predicate proven sound with axiom footprint exactly [propext, Classical.choice, Quot.sound]; native_decide only on sample witnesses, not the soundness theorem. Separates what the TRUTH depends on from what was TRUSTED to check it."
SHAPE-033,Additive and combinatorial number theory,Partition congruence frontiers,2,44,T-GRAHAM-packed-certificate-generic-checker,Packed-certificate + one generic checker,VERIFY,"Matches signals: FFT/NTT; automata; modular arithmetic; symbolic q-series. Technique action: Encode each witness as packed data; prove ONE soundness theorem (checkWitness_sound); each concrete witness then costs one native_decide, not a new proof (theorem count stayed 1 across 60K-765K witnesses)."
SHAPE-033,Additive and combinatorial number theory,Partition congruence frontiers,3,40,T-GRAHAM-independent-multi-checker-crosscheck,Independent multi-checker cross-check (Go / Python / EPCE),VERIFY,"Matches signals: FFT/NTT; automata; modular arithmetic; symbolic q-series. Technique action: Every witness re-verified by two methodologically-distinct checkers (Go recompute + Python orbit-accounting) plus a third EPCE checker (H01/H06 verifyDistinctPartialSums); 1.64M witnesses, 0 disagreements."
SHAPE-033,Additive and combinatorial number theory,Partition congruence frontiers,4,28,T-EG411-from-scratch-hostile-reenumeration,From-scratch hostile re-enumeration,VERIFY,"Matches signals: FFT/NTT; automata; modular arithmetic; symbolic q-series. Technique action: Independent sieve + Brent-rho, NO chain filtering (strictly more permissive), 17.96B candidates; reproduced the exact omega=7 census, 0 solutions."
SHAPE-033,Additive and combinatorial number theory,Partition congruence frontiers,5,26,T-GRAHAM-jigsaw-cost-density-predictor,JIGSAW cost-density predictor,SEARCH,"Matches signals: FFT/NTT; automata; modular arithmetic; symbolic q-series. Technique action: Fits cost-per-orbit-representative as a power law in subset density (ms_per_orbit=a*density^b), re-reading real evidence on every invocation so the fit self-recalibrates; self-reports its own error band."
SHAPE-033,Additive and combinatorial number theory,Partition congruence frontiers,6,24,T-EG203-moment-laws,Moment laws (Lean-verified),ANALYSIS,"Matches signals: FFT/NTT; automata; modular arithmetic; symbolic q-series. Technique action: Exact k-th moment / mean-zero / second-moment identities for the local obstruction (sum_delta_eq_zero, third_moment_vanishes_iff_half_cover, ...)."
SHAPE-033,Additive and combinatorial number theory,Partition congruence frontiers,7,23,T-EG203-matroid-lifting-poisson-binomial,Matroid lifting + Poisson-binomial exact distribution,ANALYSIS,Matches signals: FFT/NTT; automata; modular arithmetic; symbolic q-series. Technique action: Local obstruction indicators = independent Bernoullis (Poisson-binomial); Kummer log rows = representable matroid over F_ell; prime-power lift = Wieferich map.
SHAPE-033,Additive and combinatorial number theory,Partition congruence frontiers,8,22,T-EG203-bounded-witness-certificate-machinery,Bounded witness / certificate machinery (m<=1e6 kernel closure),SEARCH,"Matches signals: FFT/NTT; automata; modular arithmetic; symbolic q-series. Technique action: Every ordinary m<=1e6 has a kernel-checked prime witness V(m,k,l), k+l<=13, in Lean (lake build exit 0)."
SHAPE-033,Additive and combinatorial number theory,Partition congruence frontiers,9,21,T-EG203-fourier-collision-variance,Kummer Fourier collision variance (self-correction),ANALYSIS,Matches signals: FFT/NTT; automata; modular arithmetic; symbolic q-series. Technique action: Corrects a FALSE linear product formula into an exact Plancherel / hyperplane-arrangement sum for collision variance.
SHAPE-033,Additive and combinatorial number theory,Partition congruence frontiers,10,20,T-GRAHAM-arbitrary-parameter-generalization,Arbitrary-parameter generalization,VERIFY,Matches signals: FFT/NTT; automata; modular arithmetic; symbolic q-series. Technique action: Parameterize over the index (p:Nat with [Fact p.Prime]) instead of one hardcoded instance; MUST re-verify each specialization reproduces its original axiom signature.
SHAPE-033,Additive and combinatorial number theory,Partition congruence frontiers,11,20,T-EG203-subgroup-obstruction-calculus,Subgroup obstruction calculus,STRUCTURE,"Matches signals: FFT/NTT; automata; modular arithmetic; symbolic q-series. Technique action: Local obstruction at modulus d = subgroup-membership in Gamma_d=<2,3> subset (Z/d)*; exact densities + Fourier via character annihilator."
SHAPE-033,Additive and combinatorial number theory,Partition congruence frontiers,12,20,T-345-bit-parallel-subset-sum-dp,Bit-parallel subset-sum DP,SEARCH,Matches signals: FFT/NTT; automata; modular arithmetic; symbolic q-series. Technique action: Bigint bitset DP (dp |= dp << base^k) with truncation-masking for the completeness threshold T(n^k); validated vs published A001661 k=2..6.
SHAPE-034,Additive and combinatorial number theory,Combinatorial matrix determinant/permanent identities,1,54,T-COMMON-checker-soundness-trust-contract,Checker + soundness-theorem + sample-witness trust contract,VERIFY,"Matches signals: exact algebra; row/column operations; symbolic factorization; checker. Technique action: A decidable predicate proven sound with axiom footprint exactly [propext, Classical.choice, Quot.sound]; native_decide only on sample witnesses, not the soundness theorem. Separates what the TRUTH depends on from what was TRUSTED to check it."
SHAPE-034,Additive and combinatorial number theory,Combinatorial matrix determinant/permanent identities,2,45,T-GRAHAM-packed-certificate-generic-checker,Packed-certificate + one generic checker,VERIFY,"Matches signals: exact algebra; row/column operations; symbolic factorization; checker. Technique action: Encode each witness as packed data; prove ONE soundness theorem (checkWitness_sound); each concrete witness then costs one native_decide, not a new proof (theorem count stayed 1 across 60K-765K witnesses)."
SHAPE-034,Additive and combinatorial number theory,Combinatorial matrix determinant/permanent identities,3,39,T-GRAHAM-independent-multi-checker-crosscheck,Independent multi-checker cross-check (Go / Python / EPCE),VERIFY,"Matches signals: exact algebra; row/column operations; symbolic factorization; checker. Technique action: Every witness re-verified by two methodologically-distinct checkers (Go recompute + Python orbit-accounting) plus a third EPCE checker (H01/H06 verifyDistinctPartialSums); 1.64M witnesses, 0 disagreements."
SHAPE-034,Additive and combinatorial number theory,Combinatorial matrix determinant/permanent identities,4,29,T-EG203-moment-laws,Moment laws (Lean-verified),ANALYSIS,"Matches signals: exact algebra; row/column operations; symbolic factorization; checker. Technique action: Exact k-th moment / mean-zero / second-moment identities for the local obstruction (sum_delta_eq_zero, third_moment_vanishes_iff_half_cover, ...)."
SHAPE-034,Additive and combinatorial number theory,Combinatorial matrix determinant/permanent identities,5,28,T-GRAHAM-jigsaw-cost-density-predictor,JIGSAW cost-density predictor,SEARCH,"Matches signals: exact algebra; row/column operations; symbolic factorization; checker. Technique action: Fits cost-per-orbit-representative as a power law in subset density (ms_per_orbit=a*density^b), re-reading real evidence on every invocation so the fit self-recalibrates; self-reports its own error band."
SHAPE-034,Additive and combinatorial number theory,Combinatorial matrix determinant/permanent identities,6,26,T-EG411-from-scratch-hostile-reenumeration,From-scratch hostile re-enumeration,VERIFY,"Matches signals: exact algebra; row/column operations; symbolic factorization; checker. Technique action: Independent sieve + Brent-rho, NO chain filtering (strictly more permissive), 17.96B candidates; reproduced the exact omega=7 census, 0 solutions."
SHAPE-034,Additive and combinatorial number theory,Combinatorial matrix determinant/permanent identities,7,24,T-EG203-matroid-lifting-poisson-binomial,Matroid lifting + Poisson-binomial exact distribution,ANALYSIS,Matches signals: exact algebra; row/column operations; symbolic factorization; checker. Technique action: Local obstruction indicators = independent Bernoullis (Poisson-binomial); Kummer log rows = representable matroid over F_ell; prime-power lift = Wieferich map.
SHAPE-034,Additive and combinatorial number theory,Combinatorial matrix determinant/permanent identities,8,22,T-PRIMEGAP-hardy-littlewood-admissibility-closed-form,Hardy-Littlewood admissibility closed forms (Lean),ANALYSIS,"Matches signals: exact algebra; row/column operations; symbolic factorization; checker. Technique action: Closed-form HL admissibility fractions for prime k-constellations (k=3:7/36, k=4:5/72, k=5:18631/810000); 59 Lean theorems, 0 sorry."
SHAPE-034,Additive and combinatorial number theory,Combinatorial matrix determinant/permanent identities,9,21,T-EG203-fourier-collision-variance,Kummer Fourier collision variance (self-correction),ANALYSIS,Matches signals: exact algebra; row/column operations; symbolic factorization; checker. Technique action: Corrects a FALSE linear product formula into an exact Plancherel / hyperplane-arrangement sum for collision variance.
SHAPE-034,Additive and combinatorial number theory,Combinatorial matrix determinant/permanent identities,10,20,T-GRAHAM-arbitrary-parameter-generalization,Arbitrary-parameter generalization,VERIFY,Matches signals: exact algebra; row/column operations; symbolic factorization; checker. Technique action: Parameterize over the index (p:Nat with [Fact p.Prime]) instead of one hardcoded instance; MUST re-verify each specialization reproduces its original axiom signature.
SHAPE-034,Additive and combinatorial number theory,Combinatorial matrix determinant/permanent identities,11,20,T-EG203-size5-density-union-bound,Size5 density / union bound,ANALYSIS,"Matches signals: exact algebra; row/column operations; symbolic factorization; checker. Technique action: Any prime set covering the k=0 row needs |P|>=5; a 4-prime cover has sum 1/ord_p(3) <= 19/20 < 1 (Lean, axiom-clean)."
SHAPE-034,Additive and combinatorial number theory,Combinatorial matrix determinant/permanent identities,12,19,T-EG203-gamma-fiber-local-density,Gamma-fiber local density companion,ANALYSIS,Matches signals: exact algebra; row/column operations; symbolic factorization; checker. Technique action: Exact Gamma-fiber local density + prime-power Hensel companion computation.
SHAPE-035,Additive and combinatorial number theory,Combinatorial game value sequences,1,55,T-COMMON-checker-soundness-trust-contract,Checker + soundness-theorem + sample-witness trust contract,VERIFY,"Matches signals: bitset DP; automata; periodicity certificate; adversarial search. Technique action: A decidable predicate proven sound with axiom footprint exactly [propext, Classical.choice, Quot.sound]; native_decide only on sample witnesses, not the soundness theorem. Separates what the TRUTH depends on from what was TRUSTED to check it."
SHAPE-035,Additive and combinatorial number theory,Combinatorial game value sequences,2,46,T-GRAHAM-packed-certificate-generic-checker,Packed-certificate + one generic checker,VERIFY,"Matches signals: bitset DP; automata; periodicity certificate; adversarial search. Technique action: Encode each witness as packed data; prove ONE soundness theorem (checkWitness_sound); each concrete witness then costs one native_decide, not a new proof (theorem count stayed 1 across 60K-765K witnesses)."
SHAPE-035,Additive and combinatorial number theory,Combinatorial game value sequences,3,41,T-GRAHAM-independent-multi-checker-crosscheck,Independent multi-checker cross-check (Go / Python / EPCE),VERIFY,"Matches signals: bitset DP; automata; periodicity certificate; adversarial search. Technique action: Every witness re-verified by two methodologically-distinct checkers (Go recompute + Python orbit-accounting) plus a third EPCE checker (H01/H06 verifyDistinctPartialSums); 1.64M witnesses, 0 disagreements."
SHAPE-035,Additive and combinatorial number theory,Combinatorial game value sequences,4,28,T-EG411-from-scratch-hostile-reenumeration,From-scratch hostile re-enumeration,VERIFY,"Matches signals: bitset DP; automata; periodicity certificate; adversarial search. Technique action: Independent sieve + Brent-rho, NO chain filtering (strictly more permissive), 17.96B candidates; reproduced the exact omega=7 census, 0 solutions."
SHAPE-035,Additive and combinatorial number theory,Combinatorial game value sequences,5,27,T-GRAHAM-jigsaw-cost-density-predictor,JIGSAW cost-density predictor,SEARCH,"Matches signals: bitset DP; automata; periodicity certificate; adversarial search. Technique action: Fits cost-per-orbit-representative as a power law in subset density (ms_per_orbit=a*density^b), re-reading real evidence on every invocation so the fit self-recalibrates; self-reports its own error band."
SHAPE-035,Additive and combinatorial number theory,Combinatorial game value sequences,6,26,T-EG203-moment-laws,Moment laws (Lean-verified),ANALYSIS,"Matches signals: bitset DP; automata; periodicity certificate; adversarial search. Technique action: Exact k-th moment / mean-zero / second-moment identities for the local obstruction (sum_delta_eq_zero, third_moment_vanishes_iff_half_cover, ...)."
SHAPE-035,Additive and combinatorial number theory,Combinatorial game value sequences,7,26,T-EG203-matroid-lifting-poisson-binomial,Matroid lifting + Poisson-binomial exact distribution,ANALYSIS,Matches signals: bitset DP; automata; periodicity certificate; adversarial search. Technique action: Local obstruction indicators = independent Bernoullis (Poisson-binomial); Kummer log rows = representable matroid over F_ell; prime-power lift = Wieferich map.
SHAPE-035,Additive and combinatorial number theory,Combinatorial game value sequences,8,22,T-EG203-bounded-witness-certificate-machinery,Bounded witness / certificate machinery (m<=1e6 kernel closure),SEARCH,"Matches signals: bitset DP; automata; periodicity certificate; adversarial search. Technique action: Every ordinary m<=1e6 has a kernel-checked prime witness V(m,k,l), k+l<=13, in Lean (lake build exit 0)."
SHAPE-035,Additive and combinatorial number theory,Combinatorial game value sequences,9,21,T-EG203-gamma-fiber-local-density,Gamma-fiber local density companion,ANALYSIS,Matches signals: bitset DP; automata; periodicity certificate; adversarial search. Technique action: Exact Gamma-fiber local density + prime-power Hensel companion computation.
SHAPE-035,Additive and combinatorial number theory,Combinatorial game value sequences,10,21,T-EG203-fourier-collision-variance,Kummer Fourier collision variance (self-correction),ANALYSIS,Matches signals: bitset DP; automata; periodicity certificate; adversarial search. Technique action: Corrects a FALSE linear product formula into an exact Plancherel / hyperplane-arrangement sum for collision variance.
SHAPE-035,Additive and combinatorial number theory,Combinatorial game value sequences,11,21,T-GRAHAM-multiplicative-orbit-reduction,Multiplicative-orbit reduction,STRUCTURE,Matches signals: bitset DP; automata; periodicity certificate; adversarial search. Technique action: Quotient the search space by the group's multiplicative action on itself; solve once per canonical orbit representative (Z_43: 6.2M raw subsets -> 148K representatives).
SHAPE-035,Additive and combinatorial number theory,Combinatorial game value sequences,12,21,T-345-bit-parallel-subset-sum-dp,Bit-parallel subset-sum DP,SEARCH,Matches signals: bitset DP; automata; periodicity certificate; adversarial search. Technique action: Bigint bitset DP (dp |= dp << base^k) with truncation-masking for the completeness threshold T(n^k); validated vs published A001661 k=2..6.
SHAPE-036,Additive and combinatorial number theory,Discrete probability extremals,1,55,T-COMMON-checker-soundness-trust-contract,Checker + soundness-theorem + sample-witness trust contract,VERIFY,"Matches signals: moment methods; exact optimizer; concentration audit; SOS/SDP certificates. Technique action: A decidable predicate proven sound with axiom footprint exactly [propext, Classical.choice, Quot.sound]; native_decide only on sample witnesses, not the soundness theorem. Separates what the TRUTH depends on from what was TRUSTED to check it."
SHAPE-036,Additive and combinatorial number theory,Discrete probability extremals,2,46,T-GRAHAM-packed-certificate-generic-checker,Packed-certificate + one generic checker,VERIFY,"Matches signals: moment methods; exact optimizer; concentration audit; SOS/SDP certificates. Technique action: Encode each witness as packed data; prove ONE soundness theorem (checkWitness_sound); each concrete witness then costs one native_decide, not a new proof (theorem count stayed 1 across 60K-765K witnesses)."
SHAPE-036,Additive and combinatorial number theory,Discrete probability extremals,3,41,T-GRAHAM-independent-multi-checker-crosscheck,Independent multi-checker cross-check (Go / Python / EPCE),VERIFY,"Matches signals: moment methods; exact optimizer; concentration audit; SOS/SDP certificates. Technique action: Every witness re-verified by two methodologically-distinct checkers (Go recompute + Python orbit-accounting) plus a third EPCE checker (H01/H06 verifyDistinctPartialSums); 1.64M witnesses, 0 disagreements."
SHAPE-036,Additive and combinatorial number theory,Discrete probability extremals,4,31,T-EG203-moment-laws,Moment laws (Lean-verified),ANALYSIS,"Matches signals: moment methods; exact optimizer; concentration audit; SOS/SDP certificates. Technique action: Exact k-th moment / mean-zero / second-moment identities for the local obstruction (sum_delta_eq_zero, third_moment_vanishes_iff_half_cover, ...)."
SHAPE-036,Additive and combinatorial number theory,Discrete probability extremals,5,28,T-EG411-from-scratch-hostile-reenumeration,From-scratch hostile re-enumeration,VERIFY,"Matches signals: moment methods; exact optimizer; concentration audit; SOS/SDP certificates. Technique action: Independent sieve + Brent-rho, NO chain filtering (strictly more permissive), 17.96B candidates; reproduced the exact omega=7 census, 0 solutions."
SHAPE-036,Additive and combinatorial number theory,Discrete probability extremals,6,27,T-EG203-fourier-collision-variance,Kummer Fourier collision variance (self-correction),ANALYSIS,Matches signals: moment methods; exact optimizer; concentration audit; SOS/SDP certificates. Technique action: Corrects a FALSE linear product formula into an exact Plancherel / hyperplane-arrangement sum for collision variance.
SHAPE-036,Additive and combinatorial number theory,Discrete probability extremals,7,27,T-EG203-matroid-lifting-poisson-binomial,Matroid lifting + Poisson-binomial exact distribution,ANALYSIS,Matches signals: moment methods; exact optimizer; concentration audit; SOS/SDP certificates. Technique action: Local obstruction indicators = independent Bernoullis (Poisson-binomial); Kummer log rows = representable matroid over F_ell; prime-power lift = Wieferich map.
SHAPE-036,Additive and combinatorial number theory,Discrete probability extremals,8,26,T-GRAHAM-jigsaw-cost-density-predictor,JIGSAW cost-density predictor,SEARCH,"Matches signals: moment methods; exact optimizer; concentration audit; SOS/SDP certificates. Technique action: Fits cost-per-orbit-representative as a power law in subset density (ms_per_orbit=a*density^b), re-reading real evidence on every invocation so the fit self-recalibrates; self-reports its own error band."
SHAPE-036,Additive and combinatorial number theory,Discrete probability extremals,9,21,T-COMMON-z3-omt-exact-optimizer,Z3 SMT/OMT exact optimizer,SEARCH,"Matches signals: moment methods; exact optimizer; concentration audit; SOS/SDP certificates. Technique action: Model a decision as booleans + linear pseudo-boolean constraints with a rational-weighted objective; Optimize().maximize() returns a certified bound, not a heuristic guess."
SHAPE-036,Additive and combinatorial number theory,Discrete probability extremals,10,21,T-PRIMEGAP-hardy-littlewood-admissibility-closed-form,Hardy-Littlewood admissibility closed forms (Lean),ANALYSIS,"Matches signals: moment methods; exact optimizer; concentration audit; SOS/SDP certificates. Technique action: Closed-form HL admissibility fractions for prime k-constellations (k=3:7/36, k=4:5/72, k=5:18631/810000); 59 Lean theorems, 0 sorry."
SHAPE-036,Additive and combinatorial number theory,Discrete probability extremals,11,20,T-EG411-omega-ladder-case-exhaustion,Omega-ladder case-exhaustion (kill-trees),SEARCH,"Matches signals: moment methods; exact optimizer; concentration audit; SOS/SDP certificates. Technique action: Enumerate all squarefree factor-configs at fixed omega via node algebra A=3*prod(p-1), B=2*prod p; solve terminal j=2 pairs; omega=5/6/7 config spaces all EMPTY."
SHAPE-036,Additive and combinatorial number theory,Discrete probability extremals,12,20,T-GRAHAM-arbitrary-parameter-generalization,Arbitrary-parameter generalization,VERIFY,Matches signals: moment methods; exact optimizer; concentration audit; SOS/SDP certificates. Technique action: Parameterize over the index (p:Nat with [Fact p.Prime]) instead of one hardcoded instance; MUST re-verify each specialization reproduces its original axiom signature.
SHAPE-037,Design theory and finite geometry,Steiner system existence at the first unknown parameters,1,62,T-COMMON-checker-soundness-trust-contract,Checker + soundness-theorem + sample-witness trust contract,VERIFY,"Matches signals: exact cover; cyclic orbits; SAT proof; independent verifier. Technique action: A decidable predicate proven sound with axiom footprint exactly [propext, Classical.choice, Quot.sound]; native_decide only on sample witnesses, not the soundness theorem. Separates what the TRUTH depends on from what was TRUSTED to check it."
SHAPE-037,Design theory and finite geometry,Steiner system existence at the first unknown parameters,2,54,T-GRAHAM-packed-certificate-generic-checker,Packed-certificate + one generic checker,VERIFY,"Matches signals: exact cover; cyclic orbits; SAT proof; independent verifier. Technique action: Encode each witness as packed data; prove ONE soundness theorem (checkWitness_sound); each concrete witness then costs one native_decide, not a new proof (theorem count stayed 1 across 60K-765K witnesses)."
SHAPE-037,Design theory and finite geometry,Steiner system existence at the first unknown parameters,3,53,T-835-steiner-exact-cover-sat-solver,"Steiner system S(t,k,v) exact-cover/SAT solver",SEARCH,"Matches signals: exact cover; cyclic orbits; SAT proof; independent verifier. Technique action: From-scratch exact-cover/SAT for S(t,k,v) existence (pysat CardEnc + Z3 dual backends, independent brute-force verifier, cyclic-automorphism reduction)."
SHAPE-037,Design theory and finite geometry,Steiner system existence at the first unknown parameters,4,48,T-GRAHAM-independent-multi-checker-crosscheck,Independent multi-checker cross-check (Go / Python / EPCE),VERIFY,"Matches signals: exact cover; cyclic orbits; SAT proof; independent verifier. Technique action: Every witness re-verified by two methodologically-distinct checkers (Go recompute + Python orbit-accounting) plus a third EPCE checker (H01/H06 verifyDistinctPartialSums); 1.64M witnesses, 0 disagreements."
SHAPE-037,Design theory and finite geometry,Steiner system existence at the first unknown parameters,5,34,T-EG411-from-scratch-hostile-reenumeration,From-scratch hostile re-enumeration,VERIFY,"Matches signals: exact cover; cyclic orbits; SAT proof; independent verifier. Technique action: Independent sieve + Brent-rho, NO chain filtering (strictly more permissive), 17.96B candidates; reproduced the exact omega=7 census, 0 solutions."
SHAPE-037,Design theory and finite geometry,Steiner system existence at the first unknown parameters,6,28,T-GRAHAM-multiplicative-orbit-reduction,Multiplicative-orbit reduction,STRUCTURE,Matches signals: exact cover; cyclic orbits; SAT proof; independent verifier. Technique action: Quotient the search space by the group's multiplicative action on itself; solve once per canonical orbit representative (Z_43: 6.2M raw subsets -> 148K representatives).
SHAPE-037,Design theory and finite geometry,Steiner system existence at the first unknown parameters,7,27,T-EG203-prime-witness-scale-ladder,Prime-witness scale ladder + adversarial checking,SEARCH,"Matches signals: exact cover; cyclic orbits; SAT proof; independent verifier. Technique action: Kernel-verified prime witnesses continuously 10^0 -> 10^19 (max 20-digit prime); evidence, not universal."
SHAPE-037,Design theory and finite geometry,Steiner system existence at the first unknown parameters,8,26,T-GRAHAM-jigsaw-cost-density-predictor,JIGSAW cost-density predictor,SEARCH,"Matches signals: exact cover; cyclic orbits; SAT proof; independent verifier. Technique action: Fits cost-per-orbit-representative as a power law in subset density (ms_per_orbit=a*density^b), re-reading real evidence on every invocation so the fit self-recalibrates; self-reports its own error band."
SHAPE-037,Design theory and finite geometry,Steiner system existence at the first unknown parameters,9,24,T-EG203-bounded-witness-certificate-machinery,Bounded witness / certificate machinery (m<=1e6 kernel closure),SEARCH,"Matches signals: exact cover; cyclic orbits; SAT proof; independent verifier. Technique action: Every ordinary m<=1e6 has a kernel-checked prime witness V(m,k,l), k+l<=13, in Lean (lake build exit 0)."
SHAPE-037,Design theory and finite geometry,Steiner system existence at the first unknown parameters,10,21,T-EG203-subgroup-obstruction-calculus,Subgroup obstruction calculus,STRUCTURE,"Matches signals: exact cover; cyclic orbits; SAT proof; independent verifier. Technique action: Local obstruction at modulus d = subgroup-membership in Gamma_d=<2,3> subset (Z/d)*; exact densities + Fourier via character annihilator."
SHAPE-037,Design theory and finite geometry,Steiner system existence at the first unknown parameters,11,21,T-GRAHAM-arbitrary-parameter-generalization,Arbitrary-parameter generalization,VERIFY,Matches signals: exact cover; cyclic orbits; SAT proof; independent verifier. Technique action: Parameterize over the index (p:Nat with [Fact p.Prime]) instead of one hardcoded instance; MUST re-verify each specialization reproduces its original axiom signature.
SHAPE-037,Design theory and finite geometry,Steiner system existence at the first unknown parameters,12,21,T-EG411-omega-ladder-case-exhaustion,Omega-ladder case-exhaustion (kill-trees),SEARCH,"Matches signals: exact cover; cyclic orbits; SAT proof; independent verifier. Technique action: Enumerate all squarefree factor-configs at fixed omega via node algebra A=3*prod(p-1), B=2*prod p; solve terminal j=2 pairs; omega=5/6/7 config spaces all EMPTY."
SHAPE-038,Design theory and finite geometry,Covering and packing design numbers,1,63,T-COMMON-checker-soundness-trust-contract,Checker + soundness-theorem + sample-witness trust contract,VERIFY,"Matches signals: MILP/SAT; symmetry; LP dual certificate; exact checker. Technique action: A decidable predicate proven sound with axiom footprint exactly [propext, Classical.choice, Quot.sound]; native_decide only on sample witnesses, not the soundness theorem. Separates what the TRUTH depends on from what was TRUSTED to check it."
SHAPE-038,Design theory and finite geometry,Covering and packing design numbers,2,53,T-GRAHAM-packed-certificate-generic-checker,Packed-certificate + one generic checker,VERIFY,"Matches signals: MILP/SAT; symmetry; LP dual certificate; exact checker. Technique action: Encode each witness as packed data; prove ONE soundness theorem (checkWitness_sound); each concrete witness then costs one native_decide, not a new proof (theorem count stayed 1 across 60K-765K witnesses)."
SHAPE-038,Design theory and finite geometry,Covering and packing design numbers,3,46,T-GRAHAM-independent-multi-checker-crosscheck,Independent multi-checker cross-check (Go / Python / EPCE),VERIFY,"Matches signals: MILP/SAT; symmetry; LP dual certificate; exact checker. Technique action: Every witness re-verified by two methodologically-distinct checkers (Go recompute + Python orbit-accounting) plus a third EPCE checker (H01/H06 verifyDistinctPartialSums); 1.64M witnesses, 0 disagreements."
SHAPE-038,Design theory and finite geometry,Covering and packing design numbers,4,35,T-835-steiner-exact-cover-sat-solver,"Steiner system S(t,k,v) exact-cover/SAT solver",SEARCH,"Matches signals: MILP/SAT; symmetry; LP dual certificate; exact checker. Technique action: From-scratch exact-cover/SAT for S(t,k,v) existence (pysat CardEnc + Z3 dual backends, independent brute-force verifier, cyclic-automorphism reduction)."
SHAPE-038,Design theory and finite geometry,Covering and packing design numbers,5,33,T-EG411-from-scratch-hostile-reenumeration,From-scratch hostile re-enumeration,VERIFY,"Matches signals: MILP/SAT; symmetry; LP dual certificate; exact checker. Technique action: Independent sieve + Brent-rho, NO chain filtering (strictly more permissive), 17.96B candidates; reproduced the exact omega=7 census, 0 solutions."
SHAPE-038,Design theory and finite geometry,Covering and packing design numbers,6,30,T-GRAHAM-multiplicative-orbit-reduction,Multiplicative-orbit reduction,STRUCTURE,Matches signals: MILP/SAT; symmetry; LP dual certificate; exact checker. Technique action: Quotient the search space by the group's multiplicative action on itself; solve once per canonical orbit representative (Z_43: 6.2M raw subsets -> 148K representatives).
SHAPE-038,Design theory and finite geometry,Covering and packing design numbers,7,27,T-EG203-prime-witness-scale-ladder,Prime-witness scale ladder + adversarial checking,SEARCH,"Matches signals: MILP/SAT; symmetry; LP dual certificate; exact checker. Technique action: Kernel-verified prime witnesses continuously 10^0 -> 10^19 (max 20-digit prime); evidence, not universal."
SHAPE-038,Design theory and finite geometry,Covering and packing design numbers,8,26,T-GRAHAM-jigsaw-cost-density-predictor,JIGSAW cost-density predictor,SEARCH,"Matches signals: MILP/SAT; symmetry; LP dual certificate; exact checker. Technique action: Fits cost-per-orbit-representative as a power law in subset density (ms_per_orbit=a*density^b), re-reading real evidence on every invocation so the fit self-recalibrates; self-reports its own error band."
SHAPE-038,Design theory and finite geometry,Covering and packing design numbers,9,23,T-EG203-size5-density-union-bound,Size5 density / union bound,ANALYSIS,"Matches signals: MILP/SAT; symmetry; LP dual certificate; exact checker. Technique action: Any prime set covering the k=0 row needs |P|>=5; a 4-prime cover has sum 1/ord_p(3) <= 19/20 < 1 (Lean, axiom-clean)."
SHAPE-038,Design theory and finite geometry,Covering and packing design numbers,10,23,T-EG203-bounded-witness-certificate-machinery,Bounded witness / certificate machinery (m<=1e6 kernel closure),SEARCH,"Matches signals: MILP/SAT; symmetry; LP dual certificate; exact checker. Technique action: Every ordinary m<=1e6 has a kernel-checked prime witness V(m,k,l), k+l<=13, in Lean (lake build exit 0)."
SHAPE-038,Design theory and finite geometry,Covering and packing design numbers,11,21,T-EG203-subgroup-obstruction-calculus,Subgroup obstruction calculus,STRUCTURE,"Matches signals: MILP/SAT; symmetry; LP dual certificate; exact checker. Technique action: Local obstruction at modulus d = subgroup-membership in Gamma_d=<2,3> subset (Z/d)*; exact densities + Fourier via character annihilator."
SHAPE-038,Design theory and finite geometry,Covering and packing design numbers,12,21,T-EG203-kummer-cut-gap-bounds,Kummer cut-gap bounds,ANALYSIS,Matches signals: MILP/SAT; symmetry; LP dual certificate; exact checker. Technique action: Collision excess controlled by the minimum weighted cocircuit Lambda_* of the Kummer matroid.
SHAPE-039,Design theory and finite geometry,Difference sets and difference families,1,60,T-COMMON-checker-soundness-trust-contract,Checker + soundness-theorem + sample-witness trust contract,VERIFY,"Matches signals: group-action quotient; character sums; SAT; projective slope conditions. Technique action: A decidable predicate proven sound with axiom footprint exactly [propext, Classical.choice, Quot.sound]; native_decide only on sample witnesses, not the soundness theorem. Separates what the TRUTH depends on from what was TRUSTED to check it."
SHAPE-039,Design theory and finite geometry,Difference sets and difference families,2,50,T-GRAHAM-packed-certificate-generic-checker,Packed-certificate + one generic checker,VERIFY,"Matches signals: group-action quotient; character sums; SAT; projective slope conditions. Technique action: Encode each witness as packed data; prove ONE soundness theorem (checkWitness_sound); each concrete witness then costs one native_decide, not a new proof (theorem count stayed 1 across 60K-765K witnesses)."
SHAPE-039,Design theory and finite geometry,Difference sets and difference families,3,44,T-GRAHAM-independent-multi-checker-crosscheck,Independent multi-checker cross-check (Go / Python / EPCE),VERIFY,"Matches signals: group-action quotient; character sums; SAT; projective slope conditions. Technique action: Every witness re-verified by two methodologically-distinct checkers (Go recompute + Python orbit-accounting) plus a third EPCE checker (H01/H06 verifyDistinctPartialSums); 1.64M witnesses, 0 disagreements."
SHAPE-039,Design theory and finite geometry,Difference sets and difference families,4,33,T-EG411-from-scratch-hostile-reenumeration,From-scratch hostile re-enumeration,VERIFY,"Matches signals: group-action quotient; character sums; SAT; projective slope conditions. Technique action: Independent sieve + Brent-rho, NO chain filtering (strictly more permissive), 17.96B candidates; reproduced the exact omega=7 census, 0 solutions."
SHAPE-039,Design theory and finite geometry,Difference sets and difference families,5,31,T-GRAHAM-multiplicative-orbit-reduction,Multiplicative-orbit reduction,STRUCTURE,Matches signals: group-action quotient; character sums; SAT; projective slope conditions. Technique action: Quotient the search space by the group's multiplicative action on itself; solve once per canonical orbit representative (Z_43: 6.2M raw subsets -> 148K representatives).
SHAPE-039,Design theory and finite geometry,Difference sets and difference families,6,30,T-835-steiner-exact-cover-sat-solver,"Steiner system S(t,k,v) exact-cover/SAT solver",SEARCH,"Matches signals: group-action quotient; character sums; SAT; projective slope conditions. Technique action: From-scratch exact-cover/SAT for S(t,k,v) existence (pysat CardEnc + Z3 dual backends, independent brute-force verifier, cyclic-automorphism reduction)."
SHAPE-039,Design theory and finite geometry,Difference sets and difference families,7,26,T-GRAHAM-jigsaw-cost-density-predictor,JIGSAW cost-density predictor,SEARCH,"Matches signals: group-action quotient; character sums; SAT; projective slope conditions. Technique action: Fits cost-per-orbit-representative as a power law in subset density (ms_per_orbit=a*density^b), re-reading real evidence on every invocation so the fit self-recalibrates; self-reports its own error band."
SHAPE-039,Design theory and finite geometry,Difference sets and difference families,8,24,T-EG203-prime-witness-scale-ladder,Prime-witness scale ladder + adversarial checking,SEARCH,"Matches signals: group-action quotient; character sums; SAT; projective slope conditions. Technique action: Kernel-verified prime witnesses continuously 10^0 -> 10^19 (max 20-digit prime); evidence, not universal."
SHAPE-039,Design theory and finite geometry,Difference sets and difference families,9,24,T-EG203-subgroup-obstruction-calculus,Subgroup obstruction calculus,STRUCTURE,"Matches signals: group-action quotient; character sums; SAT; projective slope conditions. Technique action: Local obstruction at modulus d = subgroup-membership in Gamma_d=<2,3> subset (Z/d)*; exact densities + Fourier via character annihilator."
SHAPE-039,Design theory and finite geometry,Difference sets and difference families,10,22,T-EG203-bounded-witness-certificate-machinery,Bounded witness / certificate machinery (m<=1e6 kernel closure),SEARCH,"Matches signals: group-action quotient; character sums; SAT; projective slope conditions. Technique action: Every ordinary m<=1e6 has a kernel-checked prime witness V(m,k,l), k+l<=13, in Lean (lake build exit 0)."
SHAPE-039,Design theory and finite geometry,Difference sets and difference families,11,21,T-EG203-kummer-cut-gap-bounds,Kummer cut-gap bounds,ANALYSIS,Matches signals: group-action quotient; character sums; SAT; projective slope conditions. Technique action: Collision excess controlled by the minimum weighted cocircuit Lambda_* of the Kummer matroid.
SHAPE-039,Design theory and finite geometry,Difference sets and difference families,12,20,T-GRAHAM-arbitrary-parameter-generalization,Arbitrary-parameter generalization,VERIFY,Matches signals: group-action quotient; character sums; SAT; projective slope conditions. Technique action: Parameterize over the index (p:Nat with [Fact p.Prime]) instead of one hardcoded instance; MUST re-verify each specialization reproduces its original axiom signature.
SHAPE-040,Design theory and finite geometry,Heffter arrays and globally simple variants,1,60,T-COMMON-checker-soundness-trust-contract,Checker + soundness-theorem + sample-witness trust contract,VERIFY,"Matches signals: exact cover; sequencing checker; automorphism quotient; construction grammar. Technique action: A decidable predicate proven sound with axiom footprint exactly [propext, Classical.choice, Quot.sound]; native_decide only on sample witnesses, not the soundness theorem. Separates what the TRUTH depends on from what was TRUSTED to check it."
SHAPE-040,Design theory and finite geometry,Heffter arrays and globally simple variants,2,50,T-GRAHAM-packed-certificate-generic-checker,Packed-certificate + one generic checker,VERIFY,"Matches signals: exact cover; sequencing checker; automorphism quotient; construction grammar. Technique action: Encode each witness as packed data; prove ONE soundness theorem (checkWitness_sound); each concrete witness then costs one native_decide, not a new proof (theorem count stayed 1 across 60K-765K witnesses)."
SHAPE-040,Design theory and finite geometry,Heffter arrays and globally simple variants,3,45,T-GRAHAM-independent-multi-checker-crosscheck,Independent multi-checker cross-check (Go / Python / EPCE),VERIFY,"Matches signals: exact cover; sequencing checker; automorphism quotient; construction grammar. Technique action: Every witness re-verified by two methodologically-distinct checkers (Go recompute + Python orbit-accounting) plus a third EPCE checker (H01/H06 verifyDistinctPartialSums); 1.64M witnesses, 0 disagreements."
SHAPE-040,Design theory and finite geometry,Heffter arrays and globally simple variants,4,42,T-GRAHAM-multiplicative-orbit-reduction,Multiplicative-orbit reduction,STRUCTURE,Matches signals: exact cover; sequencing checker; automorphism quotient; construction grammar. Technique action: Quotient the search space by the group's multiplicative action on itself; solve once per canonical orbit representative (Z_43: 6.2M raw subsets -> 148K representatives).
SHAPE-040,Design theory and finite geometry,Heffter arrays and globally simple variants,5,33,T-835-steiner-exact-cover-sat-solver,"Steiner system S(t,k,v) exact-cover/SAT solver",SEARCH,"Matches signals: exact cover; sequencing checker; automorphism quotient; construction grammar. Technique action: From-scratch exact-cover/SAT for S(t,k,v) existence (pysat CardEnc + Z3 dual backends, independent brute-force verifier, cyclic-automorphism reduction)."
SHAPE-040,Design theory and finite geometry,Heffter arrays and globally simple variants,6,31,T-EG411-from-scratch-hostile-reenumeration,From-scratch hostile re-enumeration,VERIFY,"Matches signals: exact cover; sequencing checker; automorphism quotient; construction grammar. Technique action: Independent sieve + Brent-rho, NO chain filtering (strictly more permissive), 17.96B candidates; reproduced the exact omega=7 census, 0 solutions."
SHAPE-040,Design theory and finite geometry,Heffter arrays and globally simple variants,7,27,T-GRAHAM-jigsaw-cost-density-predictor,JIGSAW cost-density predictor,SEARCH,"Matches signals: exact cover; sequencing checker; automorphism quotient; construction grammar. Technique action: Fits cost-per-orbit-representative as a power law in subset density (ms_per_orbit=a*density^b), re-reading real evidence on every invocation so the fit self-recalibrates; self-reports its own error band."
SHAPE-040,Design theory and finite geometry,Heffter arrays and globally simple variants,8,23,T-EG203-prime-witness-scale-ladder,Prime-witness scale ladder + adversarial checking,SEARCH,"Matches signals: exact cover; sequencing checker; automorphism quotient; construction grammar. Technique action: Kernel-verified prime witnesses continuously 10^0 -> 10^19 (max 20-digit prime); evidence, not universal."
SHAPE-040,Design theory and finite geometry,Heffter arrays and globally simple variants,9,23,T-EG411-omega-ladder-case-exhaustion,Omega-ladder case-exhaustion (kill-trees),SEARCH,"Matches signals: exact cover; sequencing checker; automorphism quotient; construction grammar. Technique action: Enumerate all squarefree factor-configs at fixed omega via node algebra A=3*prod(p-1), B=2*prod p; solve terminal j=2 pairs; omega=5/6/7 config spaces all EMPTY."
SHAPE-040,Design theory and finite geometry,Heffter arrays and globally simple variants,10,21,T-EG203-bounded-witness-certificate-machinery,Bounded witness / certificate machinery (m<=1e6 kernel closure),SEARCH,"Matches signals: exact cover; sequencing checker; automorphism quotient; construction grammar. Technique action: Every ordinary m<=1e6 has a kernel-checked prime witness V(m,k,l), k+l<=13, in Lean (lake build exit 0)."
SHAPE-040,Design theory and finite geometry,Heffter arrays and globally simple variants,11,20,T-GRAHAM-arbitrary-parameter-generalization,Arbitrary-parameter generalization,VERIFY,Matches signals: exact cover; sequencing checker; automorphism quotient; construction grammar. Technique action: Parameterize over the index (p:Nat with [Fact p.Prime]) instead of one hardcoded instance; MUST re-verify each specialization reproduces its original axiom signature.
SHAPE-040,Design theory and finite geometry,Heffter arrays and globally simple variants,12,20,T-EG203-subgroup-obstruction-calculus,Subgroup obstruction calculus,STRUCTURE,"Matches signals: exact cover; sequencing checker; automorphism quotient; construction grammar. Technique action: Local obstruction at modulus d = subgroup-membership in Gamma_d=<2,3> subset (Z/d)*; exact densities + Fourier via character annihilator."
SHAPE-041,Design theory and finite geometry,Latin squares and orthogonality frontiers,1,60,T-COMMON-checker-soundness-trust-contract,Checker + soundness-theorem + sample-witness trust contract,VERIFY,"Matches signals: SAT/CP-SAT; paratopy quotient; exact cover; checker. Technique action: A decidable predicate proven sound with axiom footprint exactly [propext, Classical.choice, Quot.sound]; native_decide only on sample witnesses, not the soundness theorem. Separates what the TRUTH depends on from what was TRUSTED to check it."
SHAPE-041,Design theory and finite geometry,Latin squares and orthogonality frontiers,2,51,T-GRAHAM-packed-certificate-generic-checker,Packed-certificate + one generic checker,VERIFY,"Matches signals: SAT/CP-SAT; paratopy quotient; exact cover; checker. Technique action: Encode each witness as packed data; prove ONE soundness theorem (checkWitness_sound); each concrete witness then costs one native_decide, not a new proof (theorem count stayed 1 across 60K-765K witnesses)."
SHAPE-041,Design theory and finite geometry,Latin squares and orthogonality frontiers,3,45,T-GRAHAM-independent-multi-checker-crosscheck,Independent multi-checker cross-check (Go / Python / EPCE),VERIFY,"Matches signals: SAT/CP-SAT; paratopy quotient; exact cover; checker. Technique action: Every witness re-verified by two methodologically-distinct checkers (Go recompute + Python orbit-accounting) plus a third EPCE checker (H01/H06 verifyDistinctPartialSums); 1.64M witnesses, 0 disagreements."
SHAPE-041,Design theory and finite geometry,Latin squares and orthogonality frontiers,4,40,T-835-steiner-exact-cover-sat-solver,"Steiner system S(t,k,v) exact-cover/SAT solver",SEARCH,"Matches signals: SAT/CP-SAT; paratopy quotient; exact cover; checker. Technique action: From-scratch exact-cover/SAT for S(t,k,v) existence (pysat CardEnc + Z3 dual backends, independent brute-force verifier, cyclic-automorphism reduction)."
SHAPE-041,Design theory and finite geometry,Latin squares and orthogonality frontiers,5,31,T-EG411-from-scratch-hostile-reenumeration,From-scratch hostile re-enumeration,VERIFY,"Matches signals: SAT/CP-SAT; paratopy quotient; exact cover; checker. Technique action: Independent sieve + Brent-rho, NO chain filtering (strictly more permissive), 17.96B candidates; reproduced the exact omega=7 census, 0 solutions."
SHAPE-041,Design theory and finite geometry,Latin squares and orthogonality frontiers,6,27,T-GRAHAM-multiplicative-orbit-reduction,Multiplicative-orbit reduction,STRUCTURE,Matches signals: SAT/CP-SAT; paratopy quotient; exact cover; checker. Technique action: Quotient the search space by the group's multiplicative action on itself; solve once per canonical orbit representative (Z_43: 6.2M raw subsets -> 148K representatives).
SHAPE-041,Design theory and finite geometry,Latin squares and orthogonality frontiers,7,26,T-GRAHAM-jigsaw-cost-density-predictor,JIGSAW cost-density predictor,SEARCH,"Matches signals: SAT/CP-SAT; paratopy quotient; exact cover; checker. Technique action: Fits cost-per-orbit-representative as a power law in subset density (ms_per_orbit=a*density^b), re-reading real evidence on every invocation so the fit self-recalibrates; self-reports its own error band."
SHAPE-041,Design theory and finite geometry,Latin squares and orthogonality frontiers,8,23,T-EG203-prime-witness-scale-ladder,Prime-witness scale ladder + adversarial checking,SEARCH,"Matches signals: SAT/CP-SAT; paratopy quotient; exact cover; checker. Technique action: Kernel-verified prime witnesses continuously 10^0 -> 10^19 (max 20-digit prime); evidence, not universal."
SHAPE-041,Design theory and finite geometry,Latin squares and orthogonality frontiers,9,22,T-EG411-omega-ladder-case-exhaustion,Omega-ladder case-exhaustion (kill-trees),SEARCH,"Matches signals: SAT/CP-SAT; paratopy quotient; exact cover; checker. Technique action: Enumerate all squarefree factor-configs at fixed omega via node algebra A=3*prod(p-1), B=2*prod p; solve terminal j=2 pairs; omega=5/6/7 config spaces all EMPTY."
SHAPE-041,Design theory and finite geometry,Latin squares and orthogonality frontiers,10,20,T-GRAHAM-arbitrary-parameter-generalization,Arbitrary-parameter generalization,VERIFY,Matches signals: SAT/CP-SAT; paratopy quotient; exact cover; checker. Technique action: Parameterize over the index (p:Nat with [Fact p.Prime]) instead of one hardcoded instance; MUST re-verify each specialization reproduces its original axiom signature.
SHAPE-041,Design theory and finite geometry,Latin squares and orthogonality frontiers,11,20,T-EG203-size5-density-union-bound,Size5 density / union bound,ANALYSIS,"Matches signals: SAT/CP-SAT; paratopy quotient; exact cover; checker. Technique action: Any prime set covering the k=0 row needs |P|>=5; a 4-prime cover has sum 1/ord_p(3) <= 19/20 < 1 (Lean, axiom-clean)."
SHAPE-041,Design theory and finite geometry,Latin squares and orthogonality frontiers,12,20,T-EG203-subgroup-obstruction-calculus,Subgroup obstruction calculus,STRUCTURE,"Matches signals: SAT/CP-SAT; paratopy quotient; exact cover; checker. Technique action: Local obstruction at modulus d = subgroup-membership in Gamma_d=<2,3> subset (Z/d)*; exact densities + Fourier via character annihilator."
SHAPE-042,Design theory and finite geometry,Orthogonal arrays and covering arrays,1,58,T-COMMON-checker-soundness-trust-contract,Checker + soundness-theorem + sample-witness trust contract,VERIFY,"Matches signals: exact cover; linear-code correspondence; symmetry; OMT. Technique action: A decidable predicate proven sound with axiom footprint exactly [propext, Classical.choice, Quot.sound]; native_decide only on sample witnesses, not the soundness theorem. Separates what the TRUTH depends on from what was TRUSTED to check it."
SHAPE-042,Design theory and finite geometry,Orthogonal arrays and covering arrays,2,48,T-GRAHAM-packed-certificate-generic-checker,Packed-certificate + one generic checker,VERIFY,"Matches signals: exact cover; linear-code correspondence; symmetry; OMT. Technique action: Encode each witness as packed data; prove ONE soundness theorem (checkWitness_sound); each concrete witness then costs one native_decide, not a new proof (theorem count stayed 1 across 60K-765K witnesses)."
SHAPE-042,Design theory and finite geometry,Orthogonal arrays and covering arrays,3,44,T-GRAHAM-independent-multi-checker-crosscheck,Independent multi-checker cross-check (Go / Python / EPCE),VERIFY,"Matches signals: exact cover; linear-code correspondence; symmetry; OMT. Technique action: Every witness re-verified by two methodologically-distinct checkers (Go recompute + Python orbit-accounting) plus a third EPCE checker (H01/H06 verifyDistinctPartialSums); 1.64M witnesses, 0 disagreements."
SHAPE-042,Design theory and finite geometry,Orthogonal arrays and covering arrays,4,34,T-835-steiner-exact-cover-sat-solver,"Steiner system S(t,k,v) exact-cover/SAT solver",SEARCH,"Matches signals: exact cover; linear-code correspondence; symmetry; OMT. Technique action: From-scratch exact-cover/SAT for S(t,k,v) existence (pysat CardEnc + Z3 dual backends, independent brute-force verifier, cyclic-automorphism reduction)."
SHAPE-042,Design theory and finite geometry,Orthogonal arrays and covering arrays,5,34,T-GRAHAM-multiplicative-orbit-reduction,Multiplicative-orbit reduction,STRUCTURE,Matches signals: exact cover; linear-code correspondence; symmetry; OMT. Technique action: Quotient the search space by the group's multiplicative action on itself; solve once per canonical orbit representative (Z_43: 6.2M raw subsets -> 148K representatives).
SHAPE-042,Design theory and finite geometry,Orthogonal arrays and covering arrays,6,32,T-EG411-from-scratch-hostile-reenumeration,From-scratch hostile re-enumeration,VERIFY,"Matches signals: exact cover; linear-code correspondence; symmetry; OMT. Technique action: Independent sieve + Brent-rho, NO chain filtering (strictly more permissive), 17.96B candidates; reproduced the exact omega=7 census, 0 solutions."
SHAPE-042,Design theory and finite geometry,Orthogonal arrays and covering arrays,7,26,T-GRAHAM-jigsaw-cost-density-predictor,JIGSAW cost-density predictor,SEARCH,"Matches signals: exact cover; linear-code correspondence; symmetry; OMT. Technique action: Fits cost-per-orbit-representative as a power law in subset density (ms_per_orbit=a*density^b), re-reading real evidence on every invocation so the fit self-recalibrates; self-reports its own error band."
SHAPE-042,Design theory and finite geometry,Orthogonal arrays and covering arrays,8,23,T-EG203-prime-witness-scale-ladder,Prime-witness scale ladder + adversarial checking,SEARCH,"Matches signals: exact cover; linear-code correspondence; symmetry; OMT. Technique action: Kernel-verified prime witnesses continuously 10^0 -> 10^19 (max 20-digit prime); evidence, not universal."
SHAPE-042,Design theory and finite geometry,Orthogonal arrays and covering arrays,9,20,T-EG203-subgroup-obstruction-calculus,Subgroup obstruction calculus,STRUCTURE,"Matches signals: exact cover; linear-code correspondence; symmetry; OMT. Technique action: Local obstruction at modulus d = subgroup-membership in Gamma_d=<2,3> subset (Z/d)*; exact densities + Fourier via character annihilator."
SHAPE-042,Design theory and finite geometry,Orthogonal arrays and covering arrays,10,19,T-GRAHAM-arbitrary-parameter-generalization,Arbitrary-parameter generalization,VERIFY,Matches signals: exact cover; linear-code correspondence; symmetry; OMT. Technique action: Parameterize over the index (p:Nat with [Fact p.Prime]) instead of one hardcoded instance; MUST re-verify each specialization reproduces its original axiom signature.
SHAPE-042,Design theory and finite geometry,Orthogonal arrays and covering arrays,11,19,T-COMMON-z3-omt-exact-optimizer,Z3 SMT/OMT exact optimizer,SEARCH,"Matches signals: exact cover; linear-code correspondence; symmetry; OMT. Technique action: Model a decision as booleans + linear pseudo-boolean constraints with a rational-weighted objective; Optimize().maximize() returns a certified bound, not a heuristic guess."
SHAPE-042,Design theory and finite geometry,Orthogonal arrays and covering arrays,12,19,T-EG203-crt-coherence-brute-force,CRT coherence brute-force,ANALYSIS,Matches signals: exact cover; linear-code correspondence; symmetry; OMT. Technique action: Compute coherence invariant C_b(P)=max_m covered-cell fraction; a cover iff =1.
SHAPE-043,Design theory and finite geometry,Finite projective-plane substructures,1,59,T-COMMON-checker-soundness-trust-contract,Checker + soundness-theorem + sample-witness trust contract,VERIFY,"Matches signals: projective group quotient; SAT; finite-field algebra; packed certificates. Technique action: A decidable predicate proven sound with axiom footprint exactly [propext, Classical.choice, Quot.sound]; native_decide only on sample witnesses, not the soundness theorem. Separates what the TRUTH depends on from what was TRUSTED to check it."
SHAPE-043,Design theory and finite geometry,Finite projective-plane substructures,2,52,T-GRAHAM-packed-certificate-generic-checker,Packed-certificate + one generic checker,VERIFY,"Matches signals: projective group quotient; SAT; finite-field algebra; packed certificates. Technique action: Encode each witness as packed data; prove ONE soundness theorem (checkWitness_sound); each concrete witness then costs one native_decide, not a new proof (theorem count stayed 1 across 60K-765K witnesses)."
SHAPE-043,Design theory and finite geometry,Finite projective-plane substructures,3,45,T-GRAHAM-independent-multi-checker-crosscheck,Independent multi-checker cross-check (Go / Python / EPCE),VERIFY,"Matches signals: projective group quotient; SAT; finite-field algebra; packed certificates. Technique action: Every witness re-verified by two methodologically-distinct checkers (Go recompute + Python orbit-accounting) plus a third EPCE checker (H01/H06 verifyDistinctPartialSums); 1.64M witnesses, 0 disagreements."
SHAPE-043,Design theory and finite geometry,Finite projective-plane substructures,4,32,T-EG411-from-scratch-hostile-reenumeration,From-scratch hostile re-enumeration,VERIFY,"Matches signals: projective group quotient; SAT; finite-field algebra; packed certificates. Technique action: Independent sieve + Brent-rho, NO chain filtering (strictly more permissive), 17.96B candidates; reproduced the exact omega=7 census, 0 solutions."
SHAPE-043,Design theory and finite geometry,Finite projective-plane substructures,5,31,T-835-steiner-exact-cover-sat-solver,"Steiner system S(t,k,v) exact-cover/SAT solver",SEARCH,"Matches signals: projective group quotient; SAT; finite-field algebra; packed certificates. Technique action: From-scratch exact-cover/SAT for S(t,k,v) existence (pysat CardEnc + Z3 dual backends, independent brute-force verifier, cyclic-automorphism reduction)."
SHAPE-043,Design theory and finite geometry,Finite projective-plane substructures,6,29,T-GRAHAM-multiplicative-orbit-reduction,Multiplicative-orbit reduction,STRUCTURE,Matches signals: projective group quotient; SAT; finite-field algebra; packed certificates. Technique action: Quotient the search space by the group's multiplicative action on itself; solve once per canonical orbit representative (Z_43: 6.2M raw subsets -> 148K representatives).
SHAPE-043,Design theory and finite geometry,Finite projective-plane substructures,7,26,T-GRAHAM-jigsaw-cost-density-predictor,JIGSAW cost-density predictor,SEARCH,"Matches signals: projective group quotient; SAT; finite-field algebra; packed certificates. Technique action: Fits cost-per-orbit-representative as a power law in subset density (ms_per_orbit=a*density^b), re-reading real evidence on every invocation so the fit self-recalibrates; self-reports its own error band."
SHAPE-043,Design theory and finite geometry,Finite projective-plane substructures,8,23,T-EG203-prime-witness-scale-ladder,Prime-witness scale ladder + adversarial checking,SEARCH,"Matches signals: projective group quotient; SAT; finite-field algebra; packed certificates. Technique action: Kernel-verified prime witnesses continuously 10^0 -> 10^19 (max 20-digit prime); evidence, not universal."
SHAPE-043,Design theory and finite geometry,Finite projective-plane substructures,9,23,T-EG203-kummer-cut-gap-bounds,Kummer cut-gap bounds,ANALYSIS,Matches signals: projective group quotient; SAT; finite-field algebra; packed certificates. Technique action: Collision excess controlled by the minimum weighted cocircuit Lambda_* of the Kummer matroid.
SHAPE-043,Design theory and finite geometry,Finite projective-plane substructures,10,23,T-EG203-subgroup-obstruction-calculus,Subgroup obstruction calculus,STRUCTURE,"Matches signals: projective group quotient; SAT; finite-field algebra; packed certificates. Technique action: Local obstruction at modulus d = subgroup-membership in Gamma_d=<2,3> subset (Z/d)*; exact densities + Fourier via character annihilator."
SHAPE-043,Design theory and finite geometry,Finite projective-plane substructures,11,22,T-EG203-matroid-lifting-poisson-binomial,Matroid lifting + Poisson-binomial exact distribution,ANALYSIS,Matches signals: projective group quotient; SAT; finite-field algebra; packed certificates. Technique action: Local obstruction indicators = independent Bernoullis (Poisson-binomial); Kummer log rows = representable matroid over F_ell; prime-power lift = Wieferich map.
SHAPE-043,Design theory and finite geometry,Finite projective-plane substructures,12,21,T-EG411-omega-ladder-case-exhaustion,Omega-ladder case-exhaustion (kill-trees),SEARCH,"Matches signals: projective group quotient; SAT; finite-field algebra; packed certificates. Technique action: Enumerate all squarefree factor-configs at fixed omega via node algebra A=3*prod(p-1), B=2*prod p; solve terminal j=2 pairs; omega=5/6/7 config spaces all EMPTY."
SHAPE-044,Design theory and finite geometry,Finite geometry coloring and partition problems,1,59,T-COMMON-checker-soundness-trust-contract,Checker + soundness-theorem + sample-witness trust contract,VERIFY,"Matches signals: group actions; SAT; spectral bound; exact verifier. Technique action: A decidable predicate proven sound with axiom footprint exactly [propext, Classical.choice, Quot.sound]; native_decide only on sample witnesses, not the soundness theorem. Separates what the TRUTH depends on from what was TRUSTED to check it."
SHAPE-044,Design theory and finite geometry,Finite geometry coloring and partition problems,2,49,T-GRAHAM-packed-certificate-generic-checker,Packed-certificate + one generic checker,VERIFY,"Matches signals: group actions; SAT; spectral bound; exact verifier. Technique action: Encode each witness as packed data; prove ONE soundness theorem (checkWitness_sound); each concrete witness then costs one native_decide, not a new proof (theorem count stayed 1 across 60K-765K witnesses)."
SHAPE-044,Design theory and finite geometry,Finite geometry coloring and partition problems,3,45,T-GRAHAM-independent-multi-checker-crosscheck,Independent multi-checker cross-check (Go / Python / EPCE),VERIFY,"Matches signals: group actions; SAT; spectral bound; exact verifier. Technique action: Every witness re-verified by two methodologically-distinct checkers (Go recompute + Python orbit-accounting) plus a third EPCE checker (H01/H06 verifyDistinctPartialSums); 1.64M witnesses, 0 disagreements."
SHAPE-044,Design theory and finite geometry,Finite geometry coloring and partition problems,4,35,T-835-steiner-exact-cover-sat-solver,"Steiner system S(t,k,v) exact-cover/SAT solver",SEARCH,"Matches signals: group actions; SAT; spectral bound; exact verifier. Technique action: From-scratch exact-cover/SAT for S(t,k,v) existence (pysat CardEnc + Z3 dual backends, independent brute-force verifier, cyclic-automorphism reduction)."
SHAPE-044,Design theory and finite geometry,Finite geometry coloring and partition problems,5,33,T-EG411-from-scratch-hostile-reenumeration,From-scratch hostile re-enumeration,VERIFY,"Matches signals: group actions; SAT; spectral bound; exact verifier. Technique action: Independent sieve + Brent-rho, NO chain filtering (strictly more permissive), 17.96B candidates; reproduced the exact omega=7 census, 0 solutions."
SHAPE-044,Design theory and finite geometry,Finite geometry coloring and partition problems,6,32,T-GRAHAM-multiplicative-orbit-reduction,Multiplicative-orbit reduction,STRUCTURE,Matches signals: group actions; SAT; spectral bound; exact verifier. Technique action: Quotient the search space by the group's multiplicative action on itself; solve once per canonical orbit representative (Z_43: 6.2M raw subsets -> 148K representatives).
SHAPE-044,Design theory and finite geometry,Finite geometry coloring and partition problems,7,26,T-GRAHAM-jigsaw-cost-density-predictor,JIGSAW cost-density predictor,SEARCH,"Matches signals: group actions; SAT; spectral bound; exact verifier. Technique action: Fits cost-per-orbit-representative as a power law in subset density (ms_per_orbit=a*density^b), re-reading real evidence on every invocation so the fit self-recalibrates; self-reports its own error band."
SHAPE-044,Design theory and finite geometry,Finite geometry coloring and partition problems,8,23,T-EG203-prime-witness-scale-ladder,Prime-witness scale ladder + adversarial checking,SEARCH,"Matches signals: group actions; SAT; spectral bound; exact verifier. Technique action: Kernel-verified prime witnesses continuously 10^0 -> 10^19 (max 20-digit prime); evidence, not universal."
SHAPE-044,Design theory and finite geometry,Finite geometry coloring and partition problems,9,23,T-EG203-subgroup-obstruction-calculus,Subgroup obstruction calculus,STRUCTURE,"Matches signals: group actions; SAT; spectral bound; exact verifier. Technique action: Local obstruction at modulus d = subgroup-membership in Gamma_d=<2,3> subset (Z/d)*; exact densities + Fourier via character annihilator."
SHAPE-044,Design theory and finite geometry,Finite geometry coloring and partition problems,10,19,T-COMMON-z3-omt-exact-optimizer,Z3 SMT/OMT exact optimizer,SEARCH,"Matches signals: group actions; SAT; spectral bound; exact verifier. Technique action: Model a decision as booleans + linear pseudo-boolean constraints with a rational-weighted objective; Optimize().maximize() returns a certified bound, not a heuristic guess."
SHAPE-044,Design theory and finite geometry,Finite geometry coloring and partition problems,11,19,T-GRAHAM-arbitrary-parameter-generalization,Arbitrary-parameter generalization,VERIFY,Matches signals: group actions; SAT; spectral bound; exact verifier. Technique action: Parameterize over the index (p:Nat with [Fact p.Prime]) instead of one hardcoded instance; MUST re-verify each specialization reproduces its original axiom signature.
SHAPE-044,Design theory and finite geometry,Finite geometry coloring and partition problems,12,19,T-EG411-omega-ladder-case-exhaustion,Omega-ladder case-exhaustion (kill-trees),SEARCH,"Matches signals: group actions; SAT; spectral bound; exact verifier. Technique action: Enumerate all squarefree factor-configs at fixed omega via node algebra A=3*prod(p-1), B=2*prod p; solve terminal j=2 pairs; omega=5/6/7 config spaces all EMPTY."
SHAPE-045,Design theory and finite geometry,Graph decompositions and Oberwolfach-type systems,1,59,T-COMMON-checker-soundness-trust-contract,Checker + soundness-theorem + sample-witness trust contract,VERIFY,"Matches signals: orbit exact cover; sequenceability; SAT; certificate. Technique action: A decidable predicate proven sound with axiom footprint exactly [propext, Classical.choice, Quot.sound]; native_decide only on sample witnesses, not the soundness theorem. Separates what the TRUTH depends on from what was TRUSTED to check it."
SHAPE-045,Design theory and finite geometry,Graph decompositions and Oberwolfach-type systems,2,50,T-GRAHAM-packed-certificate-generic-checker,Packed-certificate + one generic checker,VERIFY,"Matches signals: orbit exact cover; sequenceability; SAT; certificate. Technique action: Encode each witness as packed data; prove ONE soundness theorem (checkWitness_sound); each concrete witness then costs one native_decide, not a new proof (theorem count stayed 1 across 60K-765K witnesses)."
SHAPE-045,Design theory and finite geometry,Graph decompositions and Oberwolfach-type systems,3,45,T-GRAHAM-independent-multi-checker-crosscheck,Independent multi-checker cross-check (Go / Python / EPCE),VERIFY,"Matches signals: orbit exact cover; sequenceability; SAT; certificate. Technique action: Every witness re-verified by two methodologically-distinct checkers (Go recompute + Python orbit-accounting) plus a third EPCE checker (H01/H06 verifyDistinctPartialSums); 1.64M witnesses, 0 disagreements."
SHAPE-045,Design theory and finite geometry,Graph decompositions and Oberwolfach-type systems,4,41,T-835-steiner-exact-cover-sat-solver,"Steiner system S(t,k,v) exact-cover/SAT solver",SEARCH,"Matches signals: orbit exact cover; sequenceability; SAT; certificate. Technique action: From-scratch exact-cover/SAT for S(t,k,v) existence (pysat CardEnc + Z3 dual backends, independent brute-force verifier, cyclic-automorphism reduction)."
SHAPE-045,Design theory and finite geometry,Graph decompositions and Oberwolfach-type systems,5,31,T-EG411-from-scratch-hostile-reenumeration,From-scratch hostile re-enumeration,VERIFY,"Matches signals: orbit exact cover; sequenceability; SAT; certificate. Technique action: Independent sieve + Brent-rho, NO chain filtering (strictly more permissive), 17.96B candidates; reproduced the exact omega=7 census, 0 solutions."
SHAPE-045,Design theory and finite geometry,Graph decompositions and Oberwolfach-type systems,6,29,T-GRAHAM-multiplicative-orbit-reduction,Multiplicative-orbit reduction,STRUCTURE,Matches signals: orbit exact cover; sequenceability; SAT; certificate. Technique action: Quotient the search space by the group's multiplicative action on itself; solve once per canonical orbit representative (Z_43: 6.2M raw subsets -> 148K representatives).
SHAPE-045,Design theory and finite geometry,Graph decompositions and Oberwolfach-type systems,7,27,T-GRAHAM-jigsaw-cost-density-predictor,JIGSAW cost-density predictor,SEARCH,"Matches signals: orbit exact cover; sequenceability; SAT; certificate. Technique action: Fits cost-per-orbit-representative as a power law in subset density (ms_per_orbit=a*density^b), re-reading real evidence on every invocation so the fit self-recalibrates; self-reports its own error band."
SHAPE-045,Design theory and finite geometry,Graph decompositions and Oberwolfach-type systems,8,24,T-EG203-prime-witness-scale-ladder,Prime-witness scale ladder + adversarial checking,SEARCH,"Matches signals: orbit exact cover; sequenceability; SAT; certificate. Technique action: Kernel-verified prime witnesses continuously 10^0 -> 10^19 (max 20-digit prime); evidence, not universal."
SHAPE-045,Design theory and finite geometry,Graph decompositions and Oberwolfach-type systems,9,21,T-EG203-subgroup-obstruction-calculus,Subgroup obstruction calculus,STRUCTURE,"Matches signals: orbit exact cover; sequenceability; SAT; certificate. Technique action: Local obstruction at modulus d = subgroup-membership in Gamma_d=<2,3> subset (Z/d)*; exact densities + Fourier via character annihilator."
SHAPE-045,Design theory and finite geometry,Graph decompositions and Oberwolfach-type systems,10,21,T-EG411-omega-ladder-case-exhaustion,Omega-ladder case-exhaustion (kill-trees),SEARCH,"Matches signals: orbit exact cover; sequenceability; SAT; certificate. Technique action: Enumerate all squarefree factor-configs at fixed omega via node algebra A=3*prod(p-1), B=2*prod p; solve terminal j=2 pairs; omega=5/6/7 config spaces all EMPTY."
SHAPE-045,Design theory and finite geometry,Graph decompositions and Oberwolfach-type systems,11,20,T-EG203-bounded-witness-certificate-machinery,Bounded witness / certificate machinery (m<=1e6 kernel closure),SEARCH,"Matches signals: orbit exact cover; sequenceability; SAT; certificate. Technique action: Every ordinary m<=1e6 has a kernel-checked prime witness V(m,k,l), k+l<=13, in Lean (lake build exit 0)."
SHAPE-045,Design theory and finite geometry,Graph decompositions and Oberwolfach-type systems,12,20,T-EG203-crt-coherence-brute-force,CRT coherence brute-force,ANALYSIS,Matches signals: orbit exact cover; sequenceability; SAT; certificate. Technique action: Compute coherence invariant C_b(P)=max_m covered-cell fraction; a cover iff =1.
SHAPE-046,Design theory and finite geometry,"Graceful, harmonious, and antimagic labelings",1,60,T-COMMON-checker-soundness-trust-contract,Checker + soundness-theorem + sample-witness trust contract,VERIFY,"Matches signals: SMT/CP; automorphism quotient; beam search; checker. Technique action: A decidable predicate proven sound with axiom footprint exactly [propext, Classical.choice, Quot.sound]; native_decide only on sample witnesses, not the soundness theorem. Separates what the TRUTH depends on from what was TRUSTED to check it."
SHAPE-046,Design theory and finite geometry,"Graceful, harmonious, and antimagic labelings",2,50,T-GRAHAM-packed-certificate-generic-checker,Packed-certificate + one generic checker,VERIFY,"Matches signals: SMT/CP; automorphism quotient; beam search; checker. Technique action: Encode each witness as packed data; prove ONE soundness theorem (checkWitness_sound); each concrete witness then costs one native_decide, not a new proof (theorem count stayed 1 across 60K-765K witnesses)."
SHAPE-046,Design theory and finite geometry,"Graceful, harmonious, and antimagic labelings",3,46,T-GRAHAM-independent-multi-checker-crosscheck,Independent multi-checker cross-check (Go / Python / EPCE),VERIFY,"Matches signals: SMT/CP; automorphism quotient; beam search; checker. Technique action: Every witness re-verified by two methodologically-distinct checkers (Go recompute + Python orbit-accounting) plus a third EPCE checker (H01/H06 verifyDistinctPartialSums); 1.64M witnesses, 0 disagreements."
SHAPE-046,Design theory and finite geometry,"Graceful, harmonious, and antimagic labelings",4,33,T-EG411-from-scratch-hostile-reenumeration,From-scratch hostile re-enumeration,VERIFY,"Matches signals: SMT/CP; automorphism quotient; beam search; checker. Technique action: Independent sieve + Brent-rho, NO chain filtering (strictly more permissive), 17.96B candidates; reproduced the exact omega=7 census, 0 solutions."
SHAPE-046,Design theory and finite geometry,"Graceful, harmonious, and antimagic labelings",5,28,T-835-steiner-exact-cover-sat-solver,"Steiner system S(t,k,v) exact-cover/SAT solver",SEARCH,"Matches signals: SMT/CP; automorphism quotient; beam search; checker. Technique action: From-scratch exact-cover/SAT for S(t,k,v) existence (pysat CardEnc + Z3 dual backends, independent brute-force verifier, cyclic-automorphism reduction)."
SHAPE-046,Design theory and finite geometry,"Graceful, harmonious, and antimagic labelings",6,28,T-GRAHAM-multiplicative-orbit-reduction,Multiplicative-orbit reduction,STRUCTURE,Matches signals: SMT/CP; automorphism quotient; beam search; checker. Technique action: Quotient the search space by the group's multiplicative action on itself; solve once per canonical orbit representative (Z_43: 6.2M raw subsets -> 148K representatives).
SHAPE-046,Design theory and finite geometry,"Graceful, harmonious, and antimagic labelings",7,26,T-GRAHAM-jigsaw-cost-density-predictor,JIGSAW cost-density predictor,SEARCH,"Matches signals: SMT/CP; automorphism quotient; beam search; checker. Technique action: Fits cost-per-orbit-representative as a power law in subset density (ms_per_orbit=a*density^b), re-reading real evidence on every invocation so the fit self-recalibrates; self-reports its own error band."
SHAPE-046,Design theory and finite geometry,"Graceful, harmonious, and antimagic labelings",8,24,T-EG203-prime-witness-scale-ladder,Prime-witness scale ladder + adversarial checking,SEARCH,"Matches signals: SMT/CP; automorphism quotient; beam search; checker. Technique action: Kernel-verified prime witnesses continuously 10^0 -> 10^19 (max 20-digit prime); evidence, not universal."
SHAPE-046,Design theory and finite geometry,"Graceful, harmonious, and antimagic labelings",9,21,T-EG411-omega-ladder-case-exhaustion,Omega-ladder case-exhaustion (kill-trees),SEARCH,"Matches signals: SMT/CP; automorphism quotient; beam search; checker. Technique action: Enumerate all squarefree factor-configs at fixed omega via node algebra A=3*prod(p-1), B=2*prod p; solve terminal j=2 pairs; omega=5/6/7 config spaces all EMPTY."
SHAPE-046,Design theory and finite geometry,"Graceful, harmonious, and antimagic labelings",10,20,T-EG203-subgroup-obstruction-calculus,Subgroup obstruction calculus,STRUCTURE,"Matches signals: SMT/CP; automorphism quotient; beam search; checker. Technique action: Local obstruction at modulus d = subgroup-membership in Gamma_d=<2,3> subset (Z/d)*; exact densities + Fourier via character annihilator."
SHAPE-046,Design theory and finite geometry,"Graceful, harmonious, and antimagic labelings",11,20,T-GRAHAM-arbitrary-parameter-generalization,Arbitrary-parameter generalization,VERIFY,Matches signals: SMT/CP; automorphism quotient; beam search; checker. Technique action: Parameterize over the index (p:Nat with [Fact p.Prime]) instead of one hardcoded instance; MUST re-verify each specialization reproduces its original axiom signature.
SHAPE-046,Design theory and finite geometry,"Graceful, harmonious, and antimagic labelings",12,20,T-EG203-bounded-witness-certificate-machinery,Bounded witness / certificate machinery (m<=1e6 kernel closure),SEARCH,"Matches signals: SMT/CP; automorphism quotient; beam search; checker. Technique action: Every ordinary m<=1e6 has a kernel-checked prime witness V(m,k,l), k+l<=13, in Lean (lake build exit 0)."
SHAPE-047,Design theory and finite geometry,Combinatorial trades and defining sets,1,59,T-COMMON-checker-soundness-trust-contract,Checker + soundness-theorem + sample-witness trust contract,VERIFY,"Matches signals: canonical augmentation; exact cover; graph isomorphism; certificates. Technique action: A decidable predicate proven sound with axiom footprint exactly [propext, Classical.choice, Quot.sound]; native_decide only on sample witnesses, not the soundness theorem. Separates what the TRUTH depends on from what was TRUSTED to check it."
SHAPE-047,Design theory and finite geometry,Combinatorial trades and defining sets,2,49,T-GRAHAM-packed-certificate-generic-checker,Packed-certificate + one generic checker,VERIFY,"Matches signals: canonical augmentation; exact cover; graph isomorphism; certificates. Technique action: Encode each witness as packed data; prove ONE soundness theorem (checkWitness_sound); each concrete witness then costs one native_decide, not a new proof (theorem count stayed 1 across 60K-765K witnesses)."
SHAPE-047,Design theory and finite geometry,Combinatorial trades and defining sets,3,44,T-GRAHAM-independent-multi-checker-crosscheck,Independent multi-checker cross-check (Go / Python / EPCE),VERIFY,"Matches signals: canonical augmentation; exact cover; graph isomorphism; certificates. Technique action: Every witness re-verified by two methodologically-distinct checkers (Go recompute + Python orbit-accounting) plus a third EPCE checker (H01/H06 verifyDistinctPartialSums); 1.64M witnesses, 0 disagreements."
SHAPE-047,Design theory and finite geometry,Combinatorial trades and defining sets,4,36,T-835-steiner-exact-cover-sat-solver,"Steiner system S(t,k,v) exact-cover/SAT solver",SEARCH,"Matches signals: canonical augmentation; exact cover; graph isomorphism; certificates. Technique action: From-scratch exact-cover/SAT for S(t,k,v) existence (pysat CardEnc + Z3 dual backends, independent brute-force verifier, cyclic-automorphism reduction)."
SHAPE-047,Design theory and finite geometry,Combinatorial trades and defining sets,5,32,T-EG411-from-scratch-hostile-reenumeration,From-scratch hostile re-enumeration,VERIFY,"Matches signals: canonical augmentation; exact cover; graph isomorphism; certificates. Technique action: Independent sieve + Brent-rho, NO chain filtering (strictly more permissive), 17.96B candidates; reproduced the exact omega=7 census, 0 solutions."
SHAPE-047,Design theory and finite geometry,Combinatorial trades and defining sets,6,27,T-GRAHAM-multiplicative-orbit-reduction,Multiplicative-orbit reduction,STRUCTURE,Matches signals: canonical augmentation; exact cover; graph isomorphism; certificates. Technique action: Quotient the search space by the group's multiplicative action on itself; solve once per canonical orbit representative (Z_43: 6.2M raw subsets -> 148K representatives).
SHAPE-047,Design theory and finite geometry,Combinatorial trades and defining sets,7,26,T-GRAHAM-jigsaw-cost-density-predictor,JIGSAW cost-density predictor,SEARCH,"Matches signals: canonical augmentation; exact cover; graph isomorphism; certificates. Technique action: Fits cost-per-orbit-representative as a power law in subset density (ms_per_orbit=a*density^b), re-reading real evidence on every invocation so the fit self-recalibrates; self-reports its own error band."
SHAPE-047,Design theory and finite geometry,Combinatorial trades and defining sets,8,23,T-EG203-prime-witness-scale-ladder,Prime-witness scale ladder + adversarial checking,SEARCH,"Matches signals: canonical augmentation; exact cover; graph isomorphism; certificates. Technique action: Kernel-verified prime witnesses continuously 10^0 -> 10^19 (max 20-digit prime); evidence, not universal."
SHAPE-047,Design theory and finite geometry,Combinatorial trades and defining sets,9,20,T-EG411-omega-ladder-case-exhaustion,Omega-ladder case-exhaustion (kill-trees),SEARCH,"Matches signals: canonical augmentation; exact cover; graph isomorphism; certificates. Technique action: Enumerate all squarefree factor-configs at fixed omega via node algebra A=3*prod(p-1), B=2*prod p; solve terminal j=2 pairs; omega=5/6/7 config spaces all EMPTY."
SHAPE-047,Design theory and finite geometry,Combinatorial trades and defining sets,10,20,T-EG203-subgroup-obstruction-calculus,Subgroup obstruction calculus,STRUCTURE,"Matches signals: canonical augmentation; exact cover; graph isomorphism; certificates. Technique action: Local obstruction at modulus d = subgroup-membership in Gamma_d=<2,3> subset (Z/d)*; exact densities + Fourier via character annihilator."
SHAPE-047,Design theory and finite geometry,Combinatorial trades and defining sets,11,20,T-EG203-kummer-cut-gap-bounds,Kummer cut-gap bounds,ANALYSIS,Matches signals: canonical augmentation; exact cover; graph isomorphism; certificates. Technique action: Collision excess controlled by the minimum weighted cocircuit Lambda_* of the Kummer matroid.
SHAPE-047,Design theory and finite geometry,Combinatorial trades and defining sets,12,19,T-GRAHAM-arbitrary-parameter-generalization,Arbitrary-parameter generalization,VERIFY,Matches signals: canonical augmentation; exact cover; graph isomorphism; certificates. Technique action: Parameterize over the index (p:Nat with [Fact p.Prime]) instead of one hardcoded instance; MUST re-verify each specialization reproduces its original axiom signature.
SHAPE-048,Design theory and finite geometry,Hadamard and weighing matrix frontiers,1,60,T-COMMON-checker-soundness-trust-contract,Checker + soundness-theorem + sample-witness trust contract,VERIFY,"Matches signals: row/column symmetry; SAT; determinant bounds; exact checker. Technique action: A decidable predicate proven sound with axiom footprint exactly [propext, Classical.choice, Quot.sound]; native_decide only on sample witnesses, not the soundness theorem. Separates what the TRUTH depends on from what was TRUSTED to check it."
SHAPE-048,Design theory and finite geometry,Hadamard and weighing matrix frontiers,2,50,T-GRAHAM-packed-certificate-generic-checker,Packed-certificate + one generic checker,VERIFY,"Matches signals: row/column symmetry; SAT; determinant bounds; exact checker. Technique action: Encode each witness as packed data; prove ONE soundness theorem (checkWitness_sound); each concrete witness then costs one native_decide, not a new proof (theorem count stayed 1 across 60K-765K witnesses)."
SHAPE-048,Design theory and finite geometry,Hadamard and weighing matrix frontiers,3,45,T-GRAHAM-independent-multi-checker-crosscheck,Independent multi-checker cross-check (Go / Python / EPCE),VERIFY,"Matches signals: row/column symmetry; SAT; determinant bounds; exact checker. Technique action: Every witness re-verified by two methodologically-distinct checkers (Go recompute + Python orbit-accounting) plus a third EPCE checker (H01/H06 verifyDistinctPartialSums); 1.64M witnesses, 0 disagreements."
SHAPE-048,Design theory and finite geometry,Hadamard and weighing matrix frontiers,4,31,T-EG411-from-scratch-hostile-reenumeration,From-scratch hostile re-enumeration,VERIFY,"Matches signals: row/column symmetry; SAT; determinant bounds; exact checker. Technique action: Independent sieve + Brent-rho, NO chain filtering (strictly more permissive), 17.96B candidates; reproduced the exact omega=7 census, 0 solutions."
SHAPE-048,Design theory and finite geometry,Hadamard and weighing matrix frontiers,5,30,T-835-steiner-exact-cover-sat-solver,"Steiner system S(t,k,v) exact-cover/SAT solver",SEARCH,"Matches signals: row/column symmetry; SAT; determinant bounds; exact checker. Technique action: From-scratch exact-cover/SAT for S(t,k,v) existence (pysat CardEnc + Z3 dual backends, independent brute-force verifier, cyclic-automorphism reduction)."
SHAPE-048,Design theory and finite geometry,Hadamard and weighing matrix frontiers,6,26,T-GRAHAM-multiplicative-orbit-reduction,Multiplicative-orbit reduction,STRUCTURE,Matches signals: row/column symmetry; SAT; determinant bounds; exact checker. Technique action: Quotient the search space by the group's multiplicative action on itself; solve once per canonical orbit representative (Z_43: 6.2M raw subsets -> 148K representatives).
SHAPE-048,Design theory and finite geometry,Hadamard and weighing matrix frontiers,7,26,T-GRAHAM-jigsaw-cost-density-predictor,JIGSAW cost-density predictor,SEARCH,"Matches signals: row/column symmetry; SAT; determinant bounds; exact checker. Technique action: Fits cost-per-orbit-representative as a power law in subset density (ms_per_orbit=a*density^b), re-reading real evidence on every invocation so the fit self-recalibrates; self-reports its own error band."
SHAPE-048,Design theory and finite geometry,Hadamard and weighing matrix frontiers,8,23,T-EG203-prime-witness-scale-ladder,Prime-witness scale ladder + adversarial checking,SEARCH,"Matches signals: row/column symmetry; SAT; determinant bounds; exact checker. Technique action: Kernel-verified prime witnesses continuously 10^0 -> 10^19 (max 20-digit prime); evidence, not universal."
SHAPE-048,Design theory and finite geometry,Hadamard and weighing matrix frontiers,9,22,T-EG411-omega-ladder-case-exhaustion,Omega-ladder case-exhaustion (kill-trees),SEARCH,"Matches signals: row/column symmetry; SAT; determinant bounds; exact checker. Technique action: Enumerate all squarefree factor-configs at fixed omega via node algebra A=3*prod(p-1), B=2*prod p; solve terminal j=2 pairs; omega=5/6/7 config spaces all EMPTY."
SHAPE-048,Design theory and finite geometry,Hadamard and weighing matrix frontiers,10,22,T-EG203-bounded-witness-certificate-machinery,Bounded witness / certificate machinery (m<=1e6 kernel closure),SEARCH,"Matches signals: row/column symmetry; SAT; determinant bounds; exact checker. Technique action: Every ordinary m<=1e6 has a kernel-checked prime witness V(m,k,l), k+l<=13, in Lean (lake build exit 0)."
SHAPE-048,Design theory and finite geometry,Hadamard and weighing matrix frontiers,11,20,T-GRAHAM-arbitrary-parameter-generalization,Arbitrary-parameter generalization,VERIFY,Matches signals: row/column symmetry; SAT; determinant bounds; exact checker. Technique action: Parameterize over the index (p:Nat with [Fact p.Prime]) instead of one hardcoded instance; MUST re-verify each specialization reproduces its original axiom signature.
SHAPE-048,Design theory and finite geometry,Hadamard and weighing matrix frontiers,12,20,T-EG203-kummer-cut-gap-bounds,Kummer cut-gap bounds,ANALYSIS,Matches signals: row/column symmetry; SAT; determinant bounds; exact checker. Technique action: Collision excess controlled by the minimum weighted cocircuit Lambda_* of the Kummer matroid.
SHAPE-049,"Graph theory, Ramsey theory, and extremal combinatorics",Exact small Ramsey numbers,1,63,T-COMMON-checker-soundness-trust-contract,Checker + soundness-theorem + sample-witness trust contract,VERIFY,"Matches signals: SAT; symmetry breaking; LRAT/DRAT; independent checker. Technique action: A decidable predicate proven sound with axiom footprint exactly [propext, Classical.choice, Quot.sound]; native_decide only on sample witnesses, not the soundness theorem. Separates what the TRUTH depends on from what was TRUSTED to check it."
SHAPE-049,"Graph theory, Ramsey theory, and extremal combinatorics",Exact small Ramsey numbers,2,54,T-GRAHAM-packed-certificate-generic-checker,Packed-certificate + one generic checker,VERIFY,"Matches signals: SAT; symmetry breaking; LRAT/DRAT; independent checker. Technique action: Encode each witness as packed data; prove ONE soundness theorem (checkWitness_sound); each concrete witness then costs one native_decide, not a new proof (theorem count stayed 1 across 60K-765K witnesses)."
SHAPE-049,"Graph theory, Ramsey theory, and extremal combinatorics",Exact small Ramsey numbers,3,49,T-GRAHAM-independent-multi-checker-crosscheck,Independent multi-checker cross-check (Go / Python / EPCE),VERIFY,"Matches signals: SAT; symmetry breaking; LRAT/DRAT; independent checker. Technique action: Every witness re-verified by two methodologically-distinct checkers (Go recompute + Python orbit-accounting) plus a third EPCE checker (H01/H06 verifyDistinctPartialSums); 1.64M witnesses, 0 disagreements."
SHAPE-049,"Graph theory, Ramsey theory, and extremal combinatorics",Exact small Ramsey numbers,4,36,T-835-steiner-exact-cover-sat-solver,"Steiner system S(t,k,v) exact-cover/SAT solver",SEARCH,"Matches signals: SAT; symmetry breaking; LRAT/DRAT; independent checker. Technique action: From-scratch exact-cover/SAT for S(t,k,v) existence (pysat CardEnc + Z3 dual backends, independent brute-force verifier, cyclic-automorphism reduction)."
SHAPE-049,"Graph theory, Ramsey theory, and extremal combinatorics",Exact small Ramsey numbers,5,33,T-EG411-from-scratch-hostile-reenumeration,From-scratch hostile re-enumeration,VERIFY,"Matches signals: SAT; symmetry breaking; LRAT/DRAT; independent checker. Technique action: Independent sieve + Brent-rho, NO chain filtering (strictly more permissive), 17.96B candidates; reproduced the exact omega=7 census, 0 solutions."
SHAPE-049,"Graph theory, Ramsey theory, and extremal combinatorics",Exact small Ramsey numbers,6,27,T-EG203-prime-witness-scale-ladder,Prime-witness scale ladder + adversarial checking,SEARCH,"Matches signals: SAT; symmetry breaking; LRAT/DRAT; independent checker. Technique action: Kernel-verified prime witnesses continuously 10^0 -> 10^19 (max 20-digit prime); evidence, not universal."
SHAPE-049,"Graph theory, Ramsey theory, and extremal combinatorics",Exact small Ramsey numbers,7,26,T-GRAHAM-jigsaw-cost-density-predictor,JIGSAW cost-density predictor,SEARCH,"Matches signals: SAT; symmetry breaking; LRAT/DRAT; independent checker. Technique action: Fits cost-per-orbit-representative as a power law in subset density (ms_per_orbit=a*density^b), re-reading real evidence on every invocation so the fit self-recalibrates; self-reports its own error band."
SHAPE-049,"Graph theory, Ramsey theory, and extremal combinatorics",Exact small Ramsey numbers,8,25,T-GRAHAM-multiplicative-orbit-reduction,Multiplicative-orbit reduction,STRUCTURE,Matches signals: SAT; symmetry breaking; LRAT/DRAT; independent checker. Technique action: Quotient the search space by the group's multiplicative action on itself; solve once per canonical orbit representative (Z_43: 6.2M raw subsets -> 148K representatives).
SHAPE-049,"Graph theory, Ramsey theory, and extremal combinatorics",Exact small Ramsey numbers,9,24,T-EG203-bounded-witness-certificate-machinery,Bounded witness / certificate machinery (m<=1e6 kernel closure),SEARCH,"Matches signals: SAT; symmetry breaking; LRAT/DRAT; independent checker. Technique action: Every ordinary m<=1e6 has a kernel-checked prime witness V(m,k,l), k+l<=13, in Lean (lake build exit 0)."
SHAPE-049,"Graph theory, Ramsey theory, and extremal combinatorics",Exact small Ramsey numbers,10,22,T-EG203-moment-laws,Moment laws (Lean-verified),ANALYSIS,"Matches signals: SAT; symmetry breaking; LRAT/DRAT; independent checker. Technique action: Exact k-th moment / mean-zero / second-moment identities for the local obstruction (sum_delta_eq_zero, third_moment_vanishes_iff_half_cover, ...)."
SHAPE-049,"Graph theory, Ramsey theory, and extremal combinatorics",Exact small Ramsey numbers,11,22,T-GRAHAM-arbitrary-parameter-generalization,Arbitrary-parameter generalization,VERIFY,Matches signals: SAT; symmetry breaking; LRAT/DRAT; independent checker. Technique action: Parameterize over the index (p:Nat with [Fact p.Prime]) instead of one hardcoded instance; MUST re-verify each specialization reproduces its original axiom signature.
SHAPE-049,"Graph theory, Ramsey theory, and extremal combinatorics",Exact small Ramsey numbers,12,21,T-EG203-size5-density-union-bound,Size5 density / union bound,ANALYSIS,"Matches signals: SAT; symmetry breaking; LRAT/DRAT; independent checker. Technique action: Any prime set covering the k=0 row needs |P|>=5; a 4-prime cover has sum 1/ord_p(3) <= 19/20 < 1 (Lean, axiom-clean)."
SHAPE-050,"Graph theory, Ramsey theory, and extremal combinatorics",Folkman and induced Ramsey numbers,1,59,T-COMMON-checker-soundness-trust-contract,Checker + soundness-theorem + sample-witness trust contract,VERIFY,"Matches signals: graph census; SAT; automorphism quotient; certificate. Technique action: A decidable predicate proven sound with axiom footprint exactly [propext, Classical.choice, Quot.sound]; native_decide only on sample witnesses, not the soundness theorem. Separates what the TRUTH depends on from what was TRUSTED to check it."
SHAPE-050,"Graph theory, Ramsey theory, and extremal combinatorics",Folkman and induced Ramsey numbers,2,49,T-GRAHAM-packed-certificate-generic-checker,Packed-certificate + one generic checker,VERIFY,"Matches signals: graph census; SAT; automorphism quotient; certificate. Technique action: Encode each witness as packed data; prove ONE soundness theorem (checkWitness_sound); each concrete witness then costs one native_decide, not a new proof (theorem count stayed 1 across 60K-765K witnesses)."
SHAPE-050,"Graph theory, Ramsey theory, and extremal combinatorics",Folkman and induced Ramsey numbers,3,45,T-GRAHAM-independent-multi-checker-crosscheck,Independent multi-checker cross-check (Go / Python / EPCE),VERIFY,"Matches signals: graph census; SAT; automorphism quotient; certificate. Technique action: Every witness re-verified by two methodologically-distinct checkers (Go recompute + Python orbit-accounting) plus a third EPCE checker (H01/H06 verifyDistinctPartialSums); 1.64M witnesses, 0 disagreements."
SHAPE-050,"Graph theory, Ramsey theory, and extremal combinatorics",Folkman and induced Ramsey numbers,4,33,T-835-steiner-exact-cover-sat-solver,"Steiner system S(t,k,v) exact-cover/SAT solver",SEARCH,"Matches signals: graph census; SAT; automorphism quotient; certificate. Technique action: From-scratch exact-cover/SAT for S(t,k,v) existence (pysat CardEnc + Z3 dual backends, independent brute-force verifier, cyclic-automorphism reduction)."
SHAPE-050,"Graph theory, Ramsey theory, and extremal combinatorics",Folkman and induced Ramsey numbers,5,32,T-EG411-from-scratch-hostile-reenumeration,From-scratch hostile re-enumeration,VERIFY,"Matches signals: graph census; SAT; automorphism quotient; certificate. Technique action: Independent sieve + Brent-rho, NO chain filtering (strictly more permissive), 17.96B candidates; reproduced the exact omega=7 census, 0 solutions."
SHAPE-050,"Graph theory, Ramsey theory, and extremal combinatorics",Folkman and induced Ramsey numbers,6,26,T-GRAHAM-multiplicative-orbit-reduction,Multiplicative-orbit reduction,STRUCTURE,Matches signals: graph census; SAT; automorphism quotient; certificate. Technique action: Quotient the search space by the group's multiplicative action on itself; solve once per canonical orbit representative (Z_43: 6.2M raw subsets -> 148K representatives).
SHAPE-050,"Graph theory, Ramsey theory, and extremal combinatorics",Folkman and induced Ramsey numbers,7,26,T-GRAHAM-jigsaw-cost-density-predictor,JIGSAW cost-density predictor,SEARCH,"Matches signals: graph census; SAT; automorphism quotient; certificate. Technique action: Fits cost-per-orbit-representative as a power law in subset density (ms_per_orbit=a*density^b), re-reading real evidence on every invocation so the fit self-recalibrates; self-reports its own error band."
SHAPE-050,"Graph theory, Ramsey theory, and extremal combinatorics",Folkman and induced Ramsey numbers,8,24,T-EG203-prime-witness-scale-ladder,Prime-witness scale ladder + adversarial checking,SEARCH,"Matches signals: graph census; SAT; automorphism quotient; certificate. Technique action: Kernel-verified prime witnesses continuously 10^0 -> 10^19 (max 20-digit prime); evidence, not universal."
SHAPE-050,"Graph theory, Ramsey theory, and extremal combinatorics",Folkman and induced Ramsey numbers,9,20,T-EG203-bounded-witness-certificate-machinery,Bounded witness / certificate machinery (m<=1e6 kernel closure),SEARCH,"Matches signals: graph census; SAT; automorphism quotient; certificate. Technique action: Every ordinary m<=1e6 has a kernel-checked prime witness V(m,k,l), k+l<=13, in Lean (lake build exit 0)."
SHAPE-050,"Graph theory, Ramsey theory, and extremal combinatorics",Folkman and induced Ramsey numbers,10,19,T-GRAHAM-arbitrary-parameter-generalization,Arbitrary-parameter generalization,VERIFY,Matches signals: graph census; SAT; automorphism quotient; certificate. Technique action: Parameterize over the index (p:Nat with [Fact p.Prime]) instead of one hardcoded instance; MUST re-verify each specialization reproduces its original axiom signature.
SHAPE-050,"Graph theory, Ramsey theory, and extremal combinatorics",Folkman and induced Ramsey numbers,11,19,T-EG203-moment-laws,Moment laws (Lean-verified),ANALYSIS,"Matches signals: graph census; SAT; automorphism quotient; certificate. Technique action: Exact k-th moment / mean-zero / second-moment identities for the local obstruction (sum_delta_eq_zero, third_moment_vanishes_iff_half_cover, ...)."
SHAPE-050,"Graph theory, Ramsey theory, and extremal combinatorics",Folkman and induced Ramsey numbers,12,19,T-EG411-omega-ladder-case-exhaustion,Omega-ladder case-exhaustion (kill-trees),SEARCH,"Matches signals: graph census; SAT; automorphism quotient; certificate. Technique action: Enumerate all squarefree factor-configs at fixed omega via node algebra A=3*prod(p-1), B=2*prod p; solve terminal j=2 pairs; omega=5/6/7 config spaces all EMPTY."
SHAPE-051,"Graph theory, Ramsey theory, and extremal combinatorics",Turán numbers for small hypergraphs,1,59,T-COMMON-checker-soundness-trust-contract,Checker + soundness-theorem + sample-witness trust contract,VERIFY,"Matches signals: flag algebra; SDP/SOS; exact census; stability mining. Technique action: A decidable predicate proven sound with axiom footprint exactly [propext, Classical.choice, Quot.sound]; native_decide only on sample witnesses, not the soundness theorem. Separates what the TRUTH depends on from what was TRUSTED to check it."
SHAPE-051,"Graph theory, Ramsey theory, and extremal combinatorics",Turán numbers for small hypergraphs,2,50,T-GRAHAM-packed-certificate-generic-checker,Packed-certificate + one generic checker,VERIFY,"Matches signals: flag algebra; SDP/SOS; exact census; stability mining. Technique action: Encode each witness as packed data; prove ONE soundness theorem (checkWitness_sound); each concrete witness then costs one native_decide, not a new proof (theorem count stayed 1 across 60K-765K witnesses)."
SHAPE-051,"Graph theory, Ramsey theory, and extremal combinatorics",Turán numbers for small hypergraphs,3,45,T-GRAHAM-independent-multi-checker-crosscheck,Independent multi-checker cross-check (Go / Python / EPCE),VERIFY,"Matches signals: flag algebra; SDP/SOS; exact census; stability mining. Technique action: Every witness re-verified by two methodologically-distinct checkers (Go recompute + Python orbit-accounting) plus a third EPCE checker (H01/H06 verifyDistinctPartialSums); 1.64M witnesses, 0 disagreements."
SHAPE-051,"Graph theory, Ramsey theory, and extremal combinatorics",Turán numbers for small hypergraphs,4,32,T-EG411-from-scratch-hostile-reenumeration,From-scratch hostile re-enumeration,VERIFY,"Matches signals: flag algebra; SDP/SOS; exact census; stability mining. Technique action: Independent sieve + Brent-rho, NO chain filtering (strictly more permissive), 17.96B candidates; reproduced the exact omega=7 census, 0 solutions."
SHAPE-051,"Graph theory, Ramsey theory, and extremal combinatorics",Turán numbers for small hypergraphs,5,31,T-835-steiner-exact-cover-sat-solver,"Steiner system S(t,k,v) exact-cover/SAT solver",SEARCH,"Matches signals: flag algebra; SDP/SOS; exact census; stability mining. Technique action: From-scratch exact-cover/SAT for S(t,k,v) existence (pysat CardEnc + Z3 dual backends, independent brute-force verifier, cyclic-automorphism reduction)."
SHAPE-051,"Graph theory, Ramsey theory, and extremal combinatorics",Turán numbers for small hypergraphs,6,27,T-GRAHAM-jigsaw-cost-density-predictor,JIGSAW cost-density predictor,SEARCH,"Matches signals: flag algebra; SDP/SOS; exact census; stability mining. Technique action: Fits cost-per-orbit-representative as a power law in subset density (ms_per_orbit=a*density^b), re-reading real evidence on every invocation so the fit self-recalibrates; self-reports its own error band."
SHAPE-051,"Graph theory, Ramsey theory, and extremal combinatorics",Turán numbers for small hypergraphs,7,26,T-GRAHAM-multiplicative-orbit-reduction,Multiplicative-orbit reduction,STRUCTURE,Matches signals: flag algebra; SDP/SOS; exact census; stability mining. Technique action: Quotient the search space by the group's multiplicative action on itself; solve once per canonical orbit representative (Z_43: 6.2M raw subsets -> 148K representatives).
SHAPE-051,"Graph theory, Ramsey theory, and extremal combinatorics",Turán numbers for small hypergraphs,8,24,T-EG203-prime-witness-scale-ladder,Prime-witness scale ladder + adversarial checking,SEARCH,"Matches signals: flag algebra; SDP/SOS; exact census; stability mining. Technique action: Kernel-verified prime witnesses continuously 10^0 -> 10^19 (max 20-digit prime); evidence, not universal."
SHAPE-051,"Graph theory, Ramsey theory, and extremal combinatorics",Turán numbers for small hypergraphs,9,21,T-EG203-gamma-fiber-local-density,Gamma-fiber local density companion,ANALYSIS,Matches signals: flag algebra; SDP/SOS; exact census; stability mining. Technique action: Exact Gamma-fiber local density + prime-power Hensel companion computation.
SHAPE-051,"Graph theory, Ramsey theory, and extremal combinatorics",Turán numbers for small hypergraphs,10,20,T-EG203-size5-density-union-bound,Size5 density / union bound,ANALYSIS,"Matches signals: flag algebra; SDP/SOS; exact census; stability mining. Technique action: Any prime set covering the k=0 row needs |P|>=5; a 4-prime cover has sum 1/ord_p(3) <= 19/20 < 1 (Lean, axiom-clean)."
SHAPE-051,"Graph theory, Ramsey theory, and extremal combinatorics",Turán numbers for small hypergraphs,11,20,T-EG203-kummer-cut-gap-bounds,Kummer cut-gap bounds,ANALYSIS,Matches signals: flag algebra; SDP/SOS; exact census; stability mining. Technique action: Collision excess controlled by the minimum weighted cocircuit Lambda_* of the Kummer matroid.
SHAPE-051,"Graph theory, Ramsey theory, and extremal combinatorics",Turán numbers for small hypergraphs,12,20,T-EG203-crt-coherence-brute-force,CRT coherence brute-force,ANALYSIS,Matches signals: flag algebra; SDP/SOS; exact census; stability mining. Technique action: Compute coherence invariant C_b(P)=max_m covered-cell fraction; a cover iff =1.
SHAPE-052,"Graph theory, Ramsey theory, and extremal combinatorics",Cage and Moore-type graph problems,1,60,T-COMMON-checker-soundness-trust-contract,Checker + soundness-theorem + sample-witness trust contract,VERIFY,"Matches signals: canonical generation; SAT; spectral bounds; independent checking. Technique action: A decidable predicate proven sound with axiom footprint exactly [propext, Classical.choice, Quot.sound]; native_decide only on sample witnesses, not the soundness theorem. Separates what the TRUTH depends on from what was TRUSTED to check it."
SHAPE-052,"Graph theory, Ramsey theory, and extremal combinatorics",Cage and Moore-type graph problems,2,51,T-GRAHAM-packed-certificate-generic-checker,Packed-certificate + one generic checker,VERIFY,"Matches signals: canonical generation; SAT; spectral bounds; independent checking. Technique action: Encode each witness as packed data; prove ONE soundness theorem (checkWitness_sound); each concrete witness then costs one native_decide, not a new proof (theorem count stayed 1 across 60K-765K witnesses)."
SHAPE-052,"Graph theory, Ramsey theory, and extremal combinatorics",Cage and Moore-type graph problems,3,47,T-GRAHAM-independent-multi-checker-crosscheck,Independent multi-checker cross-check (Go / Python / EPCE),VERIFY,"Matches signals: canonical generation; SAT; spectral bounds; independent checking. Technique action: Every witness re-verified by two methodologically-distinct checkers (Go recompute + Python orbit-accounting) plus a third EPCE checker (H01/H06 verifyDistinctPartialSums); 1.64M witnesses, 0 disagreements."
SHAPE-052,"Graph theory, Ramsey theory, and extremal combinatorics",Cage and Moore-type graph problems,4,34,T-835-steiner-exact-cover-sat-solver,"Steiner system S(t,k,v) exact-cover/SAT solver",SEARCH,"Matches signals: canonical generation; SAT; spectral bounds; independent checking. Technique action: From-scratch exact-cover/SAT for S(t,k,v) existence (pysat CardEnc + Z3 dual backends, independent brute-force verifier, cyclic-automorphism reduction)."
SHAPE-052,"Graph theory, Ramsey theory, and extremal combinatorics",Cage and Moore-type graph problems,5,34,T-EG411-from-scratch-hostile-reenumeration,From-scratch hostile re-enumeration,VERIFY,"Matches signals: canonical generation; SAT; spectral bounds; independent checking. Technique action: Independent sieve + Brent-rho, NO chain filtering (strictly more permissive), 17.96B candidates; reproduced the exact omega=7 census, 0 solutions."
SHAPE-052,"Graph theory, Ramsey theory, and extremal combinatorics",Cage and Moore-type graph problems,6,30,T-EG203-prime-witness-scale-ladder,Prime-witness scale ladder + adversarial checking,SEARCH,"Matches signals: canonical generation; SAT; spectral bounds; independent checking. Technique action: Kernel-verified prime witnesses continuously 10^0 -> 10^19 (max 20-digit prime); evidence, not universal."
SHAPE-052,"Graph theory, Ramsey theory, and extremal combinatorics",Cage and Moore-type graph problems,7,26,T-GRAHAM-jigsaw-cost-density-predictor,JIGSAW cost-density predictor,SEARCH,"Matches signals: canonical generation; SAT; spectral bounds; independent checking. Technique action: Fits cost-per-orbit-representative as a power law in subset density (ms_per_orbit=a*density^b), re-reading real evidence on every invocation so the fit self-recalibrates; self-reports its own error band."
SHAPE-052,"Graph theory, Ramsey theory, and extremal combinatorics",Cage and Moore-type graph problems,8,24,T-GRAHAM-multiplicative-orbit-reduction,Multiplicative-orbit reduction,STRUCTURE,Matches signals: canonical generation; SAT; spectral bounds; independent checking. Technique action: Quotient the search space by the group's multiplicative action on itself; solve once per canonical orbit representative (Z_43: 6.2M raw subsets -> 148K representatives).
SHAPE-052,"Graph theory, Ramsey theory, and extremal combinatorics",Cage and Moore-type graph problems,9,21,T-EG411-omega-ladder-case-exhaustion,Omega-ladder case-exhaustion (kill-trees),SEARCH,"Matches signals: canonical generation; SAT; spectral bounds; independent checking. Technique action: Enumerate all squarefree factor-configs at fixed omega via node algebra A=3*prod(p-1), B=2*prod p; solve terminal j=2 pairs; omega=5/6/7 config spaces all EMPTY."
SHAPE-052,"Graph theory, Ramsey theory, and extremal combinatorics",Cage and Moore-type graph problems,10,19,T-GRAHAM-arbitrary-parameter-generalization,Arbitrary-parameter generalization,VERIFY,Matches signals: canonical generation; SAT; spectral bounds; independent checking. Technique action: Parameterize over the index (p:Nat with [Fact p.Prime]) instead of one hardcoded instance; MUST re-verify each specialization reproduces its original axiom signature.
SHAPE-052,"Graph theory, Ramsey theory, and extremal combinatorics",Cage and Moore-type graph problems,11,19,T-EG203-matroid-lifting-poisson-binomial,Matroid lifting + Poisson-binomial exact distribution,ANALYSIS,Matches signals: canonical generation; SAT; spectral bounds; independent checking. Technique action: Local obstruction indicators = independent Bernoullis (Poisson-binomial); Kummer log rows = representable matroid over F_ell; prime-power lift = Wieferich map.
SHAPE-052,"Graph theory, Ramsey theory, and extremal combinatorics",Cage and Moore-type graph problems,12,19,T-EG203-kummer-cut-gap-bounds,Kummer cut-gap bounds,ANALYSIS,Matches signals: canonical generation; SAT; spectral bounds; independent checking. Technique action: Collision excess controlled by the minimum weighted cocircuit Lambda_* of the Kummer matroid.
SHAPE-053,"Graph theory, Ramsey theory, and extremal combinatorics",Strongly regular and distance-regular graph feasibility,1,58,T-COMMON-checker-soundness-trust-contract,Checker + soundness-theorem + sample-witness trust contract,VERIFY,"Matches signals: eigenvalue feasibility; Krein conditions; SAT; orbit quotient. Technique action: A decidable predicate proven sound with axiom footprint exactly [propext, Classical.choice, Quot.sound]; native_decide only on sample witnesses, not the soundness theorem. Separates what the TRUTH depends on from what was TRUSTED to check it."
SHAPE-053,"Graph theory, Ramsey theory, and extremal combinatorics",Strongly regular and distance-regular graph feasibility,2,48,T-GRAHAM-packed-certificate-generic-checker,Packed-certificate + one generic checker,VERIFY,"Matches signals: eigenvalue feasibility; Krein conditions; SAT; orbit quotient. Technique action: Encode each witness as packed data; prove ONE soundness theorem (checkWitness_sound); each concrete witness then costs one native_decide, not a new proof (theorem count stayed 1 across 60K-765K witnesses)."
SHAPE-053,"Graph theory, Ramsey theory, and extremal combinatorics",Strongly regular and distance-regular graph feasibility,3,45,T-GRAHAM-independent-multi-checker-crosscheck,Independent multi-checker cross-check (Go / Python / EPCE),VERIFY,"Matches signals: eigenvalue feasibility; Krein conditions; SAT; orbit quotient. Technique action: Every witness re-verified by two methodologically-distinct checkers (Go recompute + Python orbit-accounting) plus a third EPCE checker (H01/H06 verifyDistinctPartialSums); 1.64M witnesses, 0 disagreements."
SHAPE-053,"Graph theory, Ramsey theory, and extremal combinatorics",Strongly regular and distance-regular graph feasibility,4,33,T-EG411-from-scratch-hostile-reenumeration,From-scratch hostile re-enumeration,VERIFY,"Matches signals: eigenvalue feasibility; Krein conditions; SAT; orbit quotient. Technique action: Independent sieve + Brent-rho, NO chain filtering (strictly more permissive), 17.96B candidates; reproduced the exact omega=7 census, 0 solutions."
SHAPE-053,"Graph theory, Ramsey theory, and extremal combinatorics",Strongly regular and distance-regular graph feasibility,5,32,T-835-steiner-exact-cover-sat-solver,"Steiner system S(t,k,v) exact-cover/SAT solver",SEARCH,"Matches signals: eigenvalue feasibility; Krein conditions; SAT; orbit quotient. Technique action: From-scratch exact-cover/SAT for S(t,k,v) existence (pysat CardEnc + Z3 dual backends, independent brute-force verifier, cyclic-automorphism reduction)."
SHAPE-053,"Graph theory, Ramsey theory, and extremal combinatorics",Strongly regular and distance-regular graph feasibility,6,27,T-GRAHAM-multiplicative-orbit-reduction,Multiplicative-orbit reduction,STRUCTURE,Matches signals: eigenvalue feasibility; Krein conditions; SAT; orbit quotient. Technique action: Quotient the search space by the group's multiplicative action on itself; solve once per canonical orbit representative (Z_43: 6.2M raw subsets -> 148K representatives).
SHAPE-053,"Graph theory, Ramsey theory, and extremal combinatorics",Strongly regular and distance-regular graph feasibility,7,26,T-GRAHAM-jigsaw-cost-density-predictor,JIGSAW cost-density predictor,SEARCH,"Matches signals: eigenvalue feasibility; Krein conditions; SAT; orbit quotient. Technique action: Fits cost-per-orbit-representative as a power law in subset density (ms_per_orbit=a*density^b), re-reading real evidence on every invocation so the fit self-recalibrates; self-reports its own error band."
SHAPE-053,"Graph theory, Ramsey theory, and extremal combinatorics",Strongly regular and distance-regular graph feasibility,8,22,T-EG203-prime-witness-scale-ladder,Prime-witness scale ladder + adversarial checking,SEARCH,"Matches signals: eigenvalue feasibility; Krein conditions; SAT; orbit quotient. Technique action: Kernel-verified prime witnesses continuously 10^0 -> 10^19 (max 20-digit prime); evidence, not universal."
SHAPE-053,"Graph theory, Ramsey theory, and extremal combinatorics",Strongly regular and distance-regular graph feasibility,9,22,T-EG203-bounded-witness-certificate-machinery,Bounded witness / certificate machinery (m<=1e6 kernel closure),SEARCH,"Matches signals: eigenvalue feasibility; Krein conditions; SAT; orbit quotient. Technique action: Every ordinary m<=1e6 has a kernel-checked prime witness V(m,k,l), k+l<=13, in Lean (lake build exit 0)."
SHAPE-053,"Graph theory, Ramsey theory, and extremal combinatorics",Strongly regular and distance-regular graph feasibility,10,20,T-GRAHAM-arbitrary-parameter-generalization,Arbitrary-parameter generalization,VERIFY,Matches signals: eigenvalue feasibility; Krein conditions; SAT; orbit quotient. Technique action: Parameterize over the index (p:Nat with [Fact p.Prime]) instead of one hardcoded instance; MUST re-verify each specialization reproduces its original axiom signature.
SHAPE-053,"Graph theory, Ramsey theory, and extremal combinatorics",Strongly regular and distance-regular graph feasibility,11,19,T-EG203-subgroup-obstruction-calculus,Subgroup obstruction calculus,STRUCTURE,"Matches signals: eigenvalue feasibility; Krein conditions; SAT; orbit quotient. Technique action: Local obstruction at modulus d = subgroup-membership in Gamma_d=<2,3> subset (Z/d)*; exact densities + Fourier via character annihilator."
SHAPE-053,"Graph theory, Ramsey theory, and extremal combinatorics",Strongly regular and distance-regular graph feasibility,12,19,T-EG411-omega-ladder-case-exhaustion,Omega-ladder case-exhaustion (kill-trees),SEARCH,"Matches signals: eigenvalue feasibility; Krein conditions; SAT; orbit quotient. Technique action: Enumerate all squarefree factor-configs at fixed omega via node algebra A=3*prod(p-1), B=2*prod p; solve terminal j=2 pairs; omega=5/6/7 config spaces all EMPTY."
SHAPE-054,"Graph theory, Ramsey theory, and extremal combinatorics",Graph coloring exact frontiers,1,60,T-COMMON-checker-soundness-trust-contract,Checker + soundness-theorem + sample-witness trust contract,VERIFY,"Matches signals: reduction bridge; exact cover; SAT; spectral bound. Technique action: A decidable predicate proven sound with axiom footprint exactly [propext, Classical.choice, Quot.sound]; native_decide only on sample witnesses, not the soundness theorem. Separates what the TRUTH depends on from what was TRUSTED to check it."
SHAPE-054,"Graph theory, Ramsey theory, and extremal combinatorics",Graph coloring exact frontiers,2,50,T-GRAHAM-packed-certificate-generic-checker,Packed-certificate + one generic checker,VERIFY,"Matches signals: reduction bridge; exact cover; SAT; spectral bound. Technique action: Encode each witness as packed data; prove ONE soundness theorem (checkWitness_sound); each concrete witness then costs one native_decide, not a new proof (theorem count stayed 1 across 60K-765K witnesses)."
SHAPE-054,"Graph theory, Ramsey theory, and extremal combinatorics",Graph coloring exact frontiers,3,45,T-835-steiner-exact-cover-sat-solver,"Steiner system S(t,k,v) exact-cover/SAT solver",SEARCH,"Matches signals: reduction bridge; exact cover; SAT; spectral bound. Technique action: From-scratch exact-cover/SAT for S(t,k,v) existence (pysat CardEnc + Z3 dual backends, independent brute-force verifier, cyclic-automorphism reduction)."
SHAPE-054,"Graph theory, Ramsey theory, and extremal combinatorics",Graph coloring exact frontiers,4,44,T-GRAHAM-independent-multi-checker-crosscheck,Independent multi-checker cross-check (Go / Python / EPCE),VERIFY,"Matches signals: reduction bridge; exact cover; SAT; spectral bound. Technique action: Every witness re-verified by two methodologically-distinct checkers (Go recompute + Python orbit-accounting) plus a third EPCE checker (H01/H06 verifyDistinctPartialSums); 1.64M witnesses, 0 disagreements."
SHAPE-054,"Graph theory, Ramsey theory, and extremal combinatorics",Graph coloring exact frontiers,5,32,T-EG411-from-scratch-hostile-reenumeration,From-scratch hostile re-enumeration,VERIFY,"Matches signals: reduction bridge; exact cover; SAT; spectral bound. Technique action: Independent sieve + Brent-rho, NO chain filtering (strictly more permissive), 17.96B candidates; reproduced the exact omega=7 census, 0 solutions."
SHAPE-054,"Graph theory, Ramsey theory, and extremal combinatorics",Graph coloring exact frontiers,6,27,T-GRAHAM-multiplicative-orbit-reduction,Multiplicative-orbit reduction,STRUCTURE,Matches signals: reduction bridge; exact cover; SAT; spectral bound. Technique action: Quotient the search space by the group's multiplicative action on itself; solve once per canonical orbit representative (Z_43: 6.2M raw subsets -> 148K representatives).
SHAPE-054,"Graph theory, Ramsey theory, and extremal combinatorics",Graph coloring exact frontiers,7,26,T-GRAHAM-jigsaw-cost-density-predictor,JIGSAW cost-density predictor,SEARCH,"Matches signals: reduction bridge; exact cover; SAT; spectral bound. Technique action: Fits cost-per-orbit-representative as a power law in subset density (ms_per_orbit=a*density^b), re-reading real evidence on every invocation so the fit self-recalibrates; self-reports its own error band."
SHAPE-054,"Graph theory, Ramsey theory, and extremal combinatorics",Graph coloring exact frontiers,8,23,T-EG203-prime-witness-scale-ladder,Prime-witness scale ladder + adversarial checking,SEARCH,"Matches signals: reduction bridge; exact cover; SAT; spectral bound. Technique action: Kernel-verified prime witnesses continuously 10^0 -> 10^19 (max 20-digit prime); evidence, not universal."
SHAPE-054,"Graph theory, Ramsey theory, and extremal combinatorics",Graph coloring exact frontiers,9,22,T-EG411-omega-ladder-case-exhaustion,Omega-ladder case-exhaustion (kill-trees),SEARCH,"Matches signals: reduction bridge; exact cover; SAT; spectral bound. Technique action: Enumerate all squarefree factor-configs at fixed omega via node algebra A=3*prod(p-1), B=2*prod p; solve terminal j=2 pairs; omega=5/6/7 config spaces all EMPTY."
SHAPE-054,"Graph theory, Ramsey theory, and extremal combinatorics",Graph coloring exact frontiers,10,21,T-EG203-subgroup-obstruction-calculus,Subgroup obstruction calculus,STRUCTURE,"Matches signals: reduction bridge; exact cover; SAT; spectral bound. Technique action: Local obstruction at modulus d = subgroup-membership in Gamma_d=<2,3> subset (Z/d)*; exact densities + Fourier via character annihilator."
SHAPE-054,"Graph theory, Ramsey theory, and extremal combinatorics",Graph coloring exact frontiers,11,21,T-EG203-bounded-witness-certificate-machinery,Bounded witness / certificate machinery (m<=1e6 kernel closure),SEARCH,"Matches signals: reduction bridge; exact cover; SAT; spectral bound. Technique action: Every ordinary m<=1e6 has a kernel-checked prime witness V(m,k,l), k+l<=13, in Lean (lake build exit 0)."
SHAPE-054,"Graph theory, Ramsey theory, and extremal combinatorics",Graph coloring exact frontiers,12,20,T-GRAHAM-arbitrary-parameter-generalization,Arbitrary-parameter generalization,VERIFY,Matches signals: reduction bridge; exact cover; SAT; spectral bound. Technique action: Parameterize over the index (p:Nat with [Fact p.Prime]) instead of one hardcoded instance; MUST re-verify each specialization reproduces its original axiom signature.
SHAPE-055,"Graph theory, Ramsey theory, and extremal combinatorics","Hadwiger, Hajós, and minor extremals in bounded classes",1,60,T-COMMON-checker-soundness-trust-contract,Checker + soundness-theorem + sample-witness trust contract,VERIFY,"Matches signals: canonical graph generation; minor testing; SAT; checker. Technique action: A decidable predicate proven sound with axiom footprint exactly [propext, Classical.choice, Quot.sound]; native_decide only on sample witnesses, not the soundness theorem. Separates what the TRUTH depends on from what was TRUSTED to check it."
SHAPE-055,"Graph theory, Ramsey theory, and extremal combinatorics","Hadwiger, Hajós, and minor extremals in bounded classes",2,50,T-GRAHAM-packed-certificate-generic-checker,Packed-certificate + one generic checker,VERIFY,"Matches signals: canonical graph generation; minor testing; SAT; checker. Technique action: Encode each witness as packed data; prove ONE soundness theorem (checkWitness_sound); each concrete witness then costs one native_decide, not a new proof (theorem count stayed 1 across 60K-765K witnesses)."
SHAPE-055,"Graph theory, Ramsey theory, and extremal combinatorics","Hadwiger, Hajós, and minor extremals in bounded classes",3,46,T-GRAHAM-independent-multi-checker-crosscheck,Independent multi-checker cross-check (Go / Python / EPCE),VERIFY,"Matches signals: canonical graph generation; minor testing; SAT; checker. Technique action: Every witness re-verified by two methodologically-distinct checkers (Go recompute + Python orbit-accounting) plus a third EPCE checker (H01/H06 verifyDistinctPartialSums); 1.64M witnesses, 0 disagreements."
SHAPE-055,"Graph theory, Ramsey theory, and extremal combinatorics","Hadwiger, Hajós, and minor extremals in bounded classes",4,33,T-EG411-from-scratch-hostile-reenumeration,From-scratch hostile re-enumeration,VERIFY,"Matches signals: canonical graph generation; minor testing; SAT; checker. Technique action: Independent sieve + Brent-rho, NO chain filtering (strictly more permissive), 17.96B candidates; reproduced the exact omega=7 census, 0 solutions."
SHAPE-055,"Graph theory, Ramsey theory, and extremal combinatorics","Hadwiger, Hajós, and minor extremals in bounded classes",5,30,T-835-steiner-exact-cover-sat-solver,"Steiner system S(t,k,v) exact-cover/SAT solver",SEARCH,"Matches signals: canonical graph generation; minor testing; SAT; checker. Technique action: From-scratch exact-cover/SAT for S(t,k,v) existence (pysat CardEnc + Z3 dual backends, independent brute-force verifier, cyclic-automorphism reduction)."
SHAPE-055,"Graph theory, Ramsey theory, and extremal combinatorics","Hadwiger, Hajós, and minor extremals in bounded classes",6,26,T-GRAHAM-multiplicative-orbit-reduction,Multiplicative-orbit reduction,STRUCTURE,Matches signals: canonical graph generation; minor testing; SAT; checker. Technique action: Quotient the search space by the group's multiplicative action on itself; solve once per canonical orbit representative (Z_43: 6.2M raw subsets -> 148K representatives).
SHAPE-055,"Graph theory, Ramsey theory, and extremal combinatorics","Hadwiger, Hajós, and minor extremals in bounded classes",7,26,T-GRAHAM-jigsaw-cost-density-predictor,JIGSAW cost-density predictor,SEARCH,"Matches signals: canonical graph generation; minor testing; SAT; checker. Technique action: Fits cost-per-orbit-representative as a power law in subset density (ms_per_orbit=a*density^b), re-reading real evidence on every invocation so the fit self-recalibrates; self-reports its own error band."
SHAPE-055,"Graph theory, Ramsey theory, and extremal combinatorics","Hadwiger, Hajós, and minor extremals in bounded classes",8,25,T-EG203-prime-witness-scale-ladder,Prime-witness scale ladder + adversarial checking,SEARCH,"Matches signals: canonical graph generation; minor testing; SAT; checker. Technique action: Kernel-verified prime witnesses continuously 10^0 -> 10^19 (max 20-digit prime); evidence, not universal."
SHAPE-055,"Graph theory, Ramsey theory, and extremal combinatorics","Hadwiger, Hajós, and minor extremals in bounded classes",9,23,T-EG203-bounded-witness-certificate-machinery,Bounded witness / certificate machinery (m<=1e6 kernel closure),SEARCH,"Matches signals: canonical graph generation; minor testing; SAT; checker. Technique action: Every ordinary m<=1e6 has a kernel-checked prime witness V(m,k,l), k+l<=13, in Lean (lake build exit 0)."
SHAPE-055,"Graph theory, Ramsey theory, and extremal combinatorics","Hadwiger, Hajós, and minor extremals in bounded classes",10,21,T-EG203-crt-coherence-brute-force,CRT coherence brute-force,ANALYSIS,Matches signals: canonical graph generation; minor testing; SAT; checker. Technique action: Compute coherence invariant C_b(P)=max_m covered-cell fraction; a cover iff =1.
SHAPE-055,"Graph theory, Ramsey theory, and extremal combinatorics","Hadwiger, Hajós, and minor extremals in bounded classes",11,20,T-GRAHAM-arbitrary-parameter-generalization,Arbitrary-parameter generalization,VERIFY,Matches signals: canonical graph generation; minor testing; SAT; checker. Technique action: Parameterize over the index (p:Nat with [Fact p.Prime]) instead of one hardcoded instance; MUST re-verify each specialization reproduces its original axiom signature.
SHAPE-055,"Graph theory, Ramsey theory, and extremal combinatorics","Hadwiger, Hajós, and minor extremals in bounded classes",12,20,T-EG203-moment-laws,Moment laws (Lean-verified),ANALYSIS,"Matches signals: canonical graph generation; minor testing; SAT; checker. Technique action: Exact k-th moment / mean-zero / second-moment identities for the local obstruction (sum_delta_eq_zero, third_moment_vanishes_iff_half_cover, ...)."
SHAPE-056,"Graph theory, Ramsey theory, and extremal combinatorics",Cycle and path decomposition frontiers,1,60,T-COMMON-checker-soundness-trust-contract,Checker + soundness-theorem + sample-witness trust contract,VERIFY,"Matches signals: group actions; exact cover; sequencing; packed certificates. Technique action: A decidable predicate proven sound with axiom footprint exactly [propext, Classical.choice, Quot.sound]; native_decide only on sample witnesses, not the soundness theorem. Separates what the TRUTH depends on from what was TRUSTED to check it."
SHAPE-056,"Graph theory, Ramsey theory, and extremal combinatorics",Cycle and path decomposition frontiers,2,54,T-GRAHAM-packed-certificate-generic-checker,Packed-certificate + one generic checker,VERIFY,"Matches signals: group actions; exact cover; sequencing; packed certificates. Technique action: Encode each witness as packed data; prove ONE soundness theorem (checkWitness_sound); each concrete witness then costs one native_decide, not a new proof (theorem count stayed 1 across 60K-765K witnesses)."
SHAPE-056,"Graph theory, Ramsey theory, and extremal combinatorics",Cycle and path decomposition frontiers,3,46,T-GRAHAM-independent-multi-checker-crosscheck,Independent multi-checker cross-check (Go / Python / EPCE),VERIFY,"Matches signals: group actions; exact cover; sequencing; packed certificates. Technique action: Every witness re-verified by two methodologically-distinct checkers (Go recompute + Python orbit-accounting) plus a third EPCE checker (H01/H06 verifyDistinctPartialSums); 1.64M witnesses, 0 disagreements."
SHAPE-056,"Graph theory, Ramsey theory, and extremal combinatorics",Cycle and path decomposition frontiers,4,38,T-835-steiner-exact-cover-sat-solver,"Steiner system S(t,k,v) exact-cover/SAT solver",SEARCH,"Matches signals: group actions; exact cover; sequencing; packed certificates. Technique action: From-scratch exact-cover/SAT for S(t,k,v) existence (pysat CardEnc + Z3 dual backends, independent brute-force verifier, cyclic-automorphism reduction)."
SHAPE-056,"Graph theory, Ramsey theory, and extremal combinatorics",Cycle and path decomposition frontiers,5,33,T-GRAHAM-multiplicative-orbit-reduction,Multiplicative-orbit reduction,STRUCTURE,Matches signals: group actions; exact cover; sequencing; packed certificates. Technique action: Quotient the search space by the group's multiplicative action on itself; solve once per canonical orbit representative (Z_43: 6.2M raw subsets -> 148K representatives).
SHAPE-056,"Graph theory, Ramsey theory, and extremal combinatorics",Cycle and path decomposition frontiers,6,32,T-EG411-from-scratch-hostile-reenumeration,From-scratch hostile re-enumeration,VERIFY,"Matches signals: group actions; exact cover; sequencing; packed certificates. Technique action: Independent sieve + Brent-rho, NO chain filtering (strictly more permissive), 17.96B candidates; reproduced the exact omega=7 census, 0 solutions."
SHAPE-056,"Graph theory, Ramsey theory, and extremal combinatorics",Cycle and path decomposition frontiers,7,28,T-GRAHAM-jigsaw-cost-density-predictor,JIGSAW cost-density predictor,SEARCH,"Matches signals: group actions; exact cover; sequencing; packed certificates. Technique action: Fits cost-per-orbit-representative as a power law in subset density (ms_per_orbit=a*density^b), re-reading real evidence on every invocation so the fit self-recalibrates; self-reports its own error band."
SHAPE-056,"Graph theory, Ramsey theory, and extremal combinatorics",Cycle and path decomposition frontiers,8,24,T-EG203-prime-witness-scale-ladder,Prime-witness scale ladder + adversarial checking,SEARCH,"Matches signals: group actions; exact cover; sequencing; packed certificates. Technique action: Kernel-verified prime witnesses continuously 10^0 -> 10^19 (max 20-digit prime); evidence, not universal."
SHAPE-056,"Graph theory, Ramsey theory, and extremal combinatorics",Cycle and path decomposition frontiers,9,22,T-EG203-crt-coherence-brute-force,CRT coherence brute-force,ANALYSIS,Matches signals: group actions; exact cover; sequencing; packed certificates. Technique action: Compute coherence invariant C_b(P)=max_m covered-cell fraction; a cover iff =1.
SHAPE-056,"Graph theory, Ramsey theory, and extremal combinatorics",Cycle and path decomposition frontiers,10,21,T-EG411-omega-ladder-case-exhaustion,Omega-ladder case-exhaustion (kill-trees),SEARCH,"Matches signals: group actions; exact cover; sequencing; packed certificates. Technique action: Enumerate all squarefree factor-configs at fixed omega via node algebra A=3*prod(p-1), B=2*prod p; solve terminal j=2 pairs; omega=5/6/7 config spaces all EMPTY."
SHAPE-056,"Graph theory, Ramsey theory, and extremal combinatorics",Cycle and path decomposition frontiers,11,21,T-GRAHAM-arbitrary-parameter-generalization,Arbitrary-parameter generalization,VERIFY,Matches signals: group actions; exact cover; sequencing; packed certificates. Technique action: Parameterize over the index (p:Nat with [Fact p.Prime]) instead of one hardcoded instance; MUST re-verify each specialization reproduces its original axiom signature.
SHAPE-056,"Graph theory, Ramsey theory, and extremal combinatorics",Cycle and path decomposition frontiers,12,20,T-EG203-size5-density-union-bound,Size5 density / union bound,ANALYSIS,"Matches signals: group actions; exact cover; sequencing; packed certificates. Technique action: Any prime set covering the k=0 row needs |P|>=5; a 4-prime cover has sum 1/ord_p(3) <= 19/20 < 1 (Lean, axiom-clean)."
SHAPE-057,"Graph theory, Ramsey theory, and extremal combinatorics","Snarks, flows, and cycle-cover conjectures",1,60,T-COMMON-checker-soundness-trust-contract,Checker + soundness-theorem + sample-witness trust contract,VERIFY,"Matches signals: graph census; SAT; matching algorithms; adversarial checker. Technique action: A decidable predicate proven sound with axiom footprint exactly [propext, Classical.choice, Quot.sound]; native_decide only on sample witnesses, not the soundness theorem. Separates what the TRUTH depends on from what was TRUSTED to check it."
SHAPE-057,"Graph theory, Ramsey theory, and extremal combinatorics","Snarks, flows, and cycle-cover conjectures",2,50,T-GRAHAM-packed-certificate-generic-checker,Packed-certificate + one generic checker,VERIFY,"Matches signals: graph census; SAT; matching algorithms; adversarial checker. Technique action: Encode each witness as packed data; prove ONE soundness theorem (checkWitness_sound); each concrete witness then costs one native_decide, not a new proof (theorem count stayed 1 across 60K-765K witnesses)."
SHAPE-057,"Graph theory, Ramsey theory, and extremal combinatorics","Snarks, flows, and cycle-cover conjectures",3,47,T-GRAHAM-independent-multi-checker-crosscheck,Independent multi-checker cross-check (Go / Python / EPCE),VERIFY,"Matches signals: graph census; SAT; matching algorithms; adversarial checker. Technique action: Every witness re-verified by two methodologically-distinct checkers (Go recompute + Python orbit-accounting) plus a third EPCE checker (H01/H06 verifyDistinctPartialSums); 1.64M witnesses, 0 disagreements."
SHAPE-057,"Graph theory, Ramsey theory, and extremal combinatorics","Snarks, flows, and cycle-cover conjectures",4,35,T-EG411-from-scratch-hostile-reenumeration,From-scratch hostile re-enumeration,VERIFY,"Matches signals: graph census; SAT; matching algorithms; adversarial checker. Technique action: Independent sieve + Brent-rho, NO chain filtering (strictly more permissive), 17.96B candidates; reproduced the exact omega=7 census, 0 solutions."
SHAPE-057,"Graph theory, Ramsey theory, and extremal combinatorics","Snarks, flows, and cycle-cover conjectures",5,35,T-835-steiner-exact-cover-sat-solver,"Steiner system S(t,k,v) exact-cover/SAT solver",SEARCH,"Matches signals: graph census; SAT; matching algorithms; adversarial checker. Technique action: From-scratch exact-cover/SAT for S(t,k,v) existence (pysat CardEnc + Z3 dual backends, independent brute-force verifier, cyclic-automorphism reduction)."
SHAPE-057,"Graph theory, Ramsey theory, and extremal combinatorics","Snarks, flows, and cycle-cover conjectures",6,26,T-GRAHAM-jigsaw-cost-density-predictor,JIGSAW cost-density predictor,SEARCH,"Matches signals: graph census; SAT; matching algorithms; adversarial checker. Technique action: Fits cost-per-orbit-representative as a power law in subset density (ms_per_orbit=a*density^b), re-reading real evidence on every invocation so the fit self-recalibrates; self-reports its own error band."
SHAPE-057,"Graph theory, Ramsey theory, and extremal combinatorics","Snarks, flows, and cycle-cover conjectures",7,25,T-EG203-prime-witness-scale-ladder,Prime-witness scale ladder + adversarial checking,SEARCH,"Matches signals: graph census; SAT; matching algorithms; adversarial checker. Technique action: Kernel-verified prime witnesses continuously 10^0 -> 10^19 (max 20-digit prime); evidence, not universal."
SHAPE-057,"Graph theory, Ramsey theory, and extremal combinatorics","Snarks, flows, and cycle-cover conjectures",8,25,T-GRAHAM-multiplicative-orbit-reduction,Multiplicative-orbit reduction,STRUCTURE,Matches signals: graph census; SAT; matching algorithms; adversarial checker. Technique action: Quotient the search space by the group's multiplicative action on itself; solve once per canonical orbit representative (Z_43: 6.2M raw subsets -> 148K representatives).
SHAPE-057,"Graph theory, Ramsey theory, and extremal combinatorics","Snarks, flows, and cycle-cover conjectures",9,23,T-EG411-omega-ladder-case-exhaustion,Omega-ladder case-exhaustion (kill-trees),SEARCH,"Matches signals: graph census; SAT; matching algorithms; adversarial checker. Technique action: Enumerate all squarefree factor-configs at fixed omega via node algebra A=3*prod(p-1), B=2*prod p; solve terminal j=2 pairs; omega=5/6/7 config spaces all EMPTY."
SHAPE-057,"Graph theory, Ramsey theory, and extremal combinatorics","Snarks, flows, and cycle-cover conjectures",10,22,T-GRAHAM-arbitrary-parameter-generalization,Arbitrary-parameter generalization,VERIFY,Matches signals: graph census; SAT; matching algorithms; adversarial checker. Technique action: Parameterize over the index (p:Nat with [Fact p.Prime]) instead of one hardcoded instance; MUST re-verify each specialization reproduces its original axiom signature.
SHAPE-057,"Graph theory, Ramsey theory, and extremal combinatorics","Snarks, flows, and cycle-cover conjectures",11,21,T-EG203-bounded-witness-certificate-machinery,Bounded witness / certificate machinery (m<=1e6 kernel closure),SEARCH,"Matches signals: graph census; SAT; matching algorithms; adversarial checker. Technique action: Every ordinary m<=1e6 has a kernel-checked prime witness V(m,k,l), k+l<=13, in Lean (lake build exit 0)."
SHAPE-057,"Graph theory, Ramsey theory, and extremal combinatorics","Snarks, flows, and cycle-cover conjectures",12,21,T-EG203-moment-laws,Moment laws (Lean-verified),ANALYSIS,"Matches signals: graph census; SAT; matching algorithms; adversarial checker. Technique action: Exact k-th moment / mean-zero / second-moment identities for the local obstruction (sum_delta_eq_zero, third_moment_vanishes_iff_half_cover, ...)."
SHAPE-058,"Graph theory, Ramsey theory, and extremal combinatorics","Domination, independence, and spectral extremals",1,61,T-COMMON-checker-soundness-trust-contract,Checker + soundness-theorem + sample-witness trust contract,VERIFY,"Matches signals: database anomaly scan; canonical generation; SDP; exact invariants. Technique action: A decidable predicate proven sound with axiom footprint exactly [propext, Classical.choice, Quot.sound]; native_decide only on sample witnesses, not the soundness theorem. Separates what the TRUTH depends on from what was TRUSTED to check it."
SHAPE-058,"Graph theory, Ramsey theory, and extremal combinatorics","Domination, independence, and spectral extremals",2,51,T-GRAHAM-packed-certificate-generic-checker,Packed-certificate + one generic checker,VERIFY,"Matches signals: database anomaly scan; canonical generation; SDP; exact invariants. Technique action: Encode each witness as packed data; prove ONE soundness theorem (checkWitness_sound); each concrete witness then costs one native_decide, not a new proof (theorem count stayed 1 across 60K-765K witnesses)."
SHAPE-058,"Graph theory, Ramsey theory, and extremal combinatorics","Domination, independence, and spectral extremals",3,45,T-GRAHAM-independent-multi-checker-crosscheck,Independent multi-checker cross-check (Go / Python / EPCE),VERIFY,"Matches signals: database anomaly scan; canonical generation; SDP; exact invariants. Technique action: Every witness re-verified by two methodologically-distinct checkers (Go recompute + Python orbit-accounting) plus a third EPCE checker (H01/H06 verifyDistinctPartialSums); 1.64M witnesses, 0 disagreements."
SHAPE-058,"Graph theory, Ramsey theory, and extremal combinatorics","Domination, independence, and spectral extremals",4,33,T-EG411-from-scratch-hostile-reenumeration,From-scratch hostile re-enumeration,VERIFY,"Matches signals: database anomaly scan; canonical generation; SDP; exact invariants. Technique action: Independent sieve + Brent-rho, NO chain filtering (strictly more permissive), 17.96B candidates; reproduced the exact omega=7 census, 0 solutions."
SHAPE-058,"Graph theory, Ramsey theory, and extremal combinatorics","Domination, independence, and spectral extremals",5,32,T-835-steiner-exact-cover-sat-solver,"Steiner system S(t,k,v) exact-cover/SAT solver",SEARCH,"Matches signals: database anomaly scan; canonical generation; SDP; exact invariants. Technique action: From-scratch exact-cover/SAT for S(t,k,v) existence (pysat CardEnc + Z3 dual backends, independent brute-force verifier, cyclic-automorphism reduction)."
SHAPE-058,"Graph theory, Ramsey theory, and extremal combinatorics","Domination, independence, and spectral extremals",6,27,T-GRAHAM-jigsaw-cost-density-predictor,JIGSAW cost-density predictor,SEARCH,"Matches signals: database anomaly scan; canonical generation; SDP; exact invariants. Technique action: Fits cost-per-orbit-representative as a power law in subset density (ms_per_orbit=a*density^b), re-reading real evidence on every invocation so the fit self-recalibrates; self-reports its own error band."
SHAPE-058,"Graph theory, Ramsey theory, and extremal combinatorics","Domination, independence, and spectral extremals",7,26,T-GRAHAM-multiplicative-orbit-reduction,Multiplicative-orbit reduction,STRUCTURE,Matches signals: database anomaly scan; canonical generation; SDP; exact invariants. Technique action: Quotient the search space by the group's multiplicative action on itself; solve once per canonical orbit representative (Z_43: 6.2M raw subsets -> 148K representatives).
SHAPE-058,"Graph theory, Ramsey theory, and extremal combinatorics","Domination, independence, and spectral extremals",8,25,T-EG203-prime-witness-scale-ladder,Prime-witness scale ladder + adversarial checking,SEARCH,"Matches signals: database anomaly scan; canonical generation; SDP; exact invariants. Technique action: Kernel-verified prime witnesses continuously 10^0 -> 10^19 (max 20-digit prime); evidence, not universal."
SHAPE-058,"Graph theory, Ramsey theory, and extremal combinatorics","Domination, independence, and spectral extremals",9,21,T-EG203-moment-laws,Moment laws (Lean-verified),ANALYSIS,"Matches signals: database anomaly scan; canonical generation; SDP; exact invariants. Technique action: Exact k-th moment / mean-zero / second-moment identities for the local obstruction (sum_delta_eq_zero, third_moment_vanishes_iff_half_cover, ...)."
SHAPE-058,"Graph theory, Ramsey theory, and extremal combinatorics","Domination, independence, and spectral extremals",10,21,T-EG203-bounded-witness-certificate-machinery,Bounded witness / certificate machinery (m<=1e6 kernel closure),SEARCH,"Matches signals: database anomaly scan; canonical generation; SDP; exact invariants. Technique action: Every ordinary m<=1e6 has a kernel-checked prime witness V(m,k,l), k+l<=13, in Lean (lake build exit 0)."
SHAPE-058,"Graph theory, Ramsey theory, and extremal combinatorics","Domination, independence, and spectral extremals",11,20,T-EG411-omega-ladder-case-exhaustion,Omega-ladder case-exhaustion (kill-trees),SEARCH,"Matches signals: database anomaly scan; canonical generation; SDP; exact invariants. Technique action: Enumerate all squarefree factor-configs at fixed omega via node algebra A=3*prod(p-1), B=2*prod p; solve terminal j=2 pairs; omega=5/6/7 config spaces all EMPTY."
SHAPE-058,"Graph theory, Ramsey theory, and extremal combinatorics","Domination, independence, and spectral extremals",12,20,T-GRAHAM-arbitrary-parameter-generalization,Arbitrary-parameter generalization,VERIFY,Matches signals: database anomaly scan; canonical generation; SDP; exact invariants. Technique action: Parameterize over the index (p:Nat with [Fact p.Prime]) instead of one hardcoded instance; MUST re-verify each specialization reproduces its original axiom signature.
SHAPE-059,"Graph theory, Ramsey theory, and extremal combinatorics",Graph polynomial conjectures,1,61,T-COMMON-checker-soundness-trust-contract,Checker + soundness-theorem + sample-witness trust contract,VERIFY,"Matches signals: exact polynomial computation; graph census; root isolation; SOS. Technique action: A decidable predicate proven sound with axiom footprint exactly [propext, Classical.choice, Quot.sound]; native_decide only on sample witnesses, not the soundness theorem. Separates what the TRUTH depends on from what was TRUSTED to check it."
SHAPE-059,"Graph theory, Ramsey theory, and extremal combinatorics",Graph polynomial conjectures,2,51,T-GRAHAM-packed-certificate-generic-checker,Packed-certificate + one generic checker,VERIFY,"Matches signals: exact polynomial computation; graph census; root isolation; SOS. Technique action: Encode each witness as packed data; prove ONE soundness theorem (checkWitness_sound); each concrete witness then costs one native_decide, not a new proof (theorem count stayed 1 across 60K-765K witnesses)."
SHAPE-059,"Graph theory, Ramsey theory, and extremal combinatorics",Graph polynomial conjectures,3,46,T-GRAHAM-independent-multi-checker-crosscheck,Independent multi-checker cross-check (Go / Python / EPCE),VERIFY,"Matches signals: exact polynomial computation; graph census; root isolation; SOS. Technique action: Every witness re-verified by two methodologically-distinct checkers (Go recompute + Python orbit-accounting) plus a third EPCE checker (H01/H06 verifyDistinctPartialSums); 1.64M witnesses, 0 disagreements."
SHAPE-059,"Graph theory, Ramsey theory, and extremal combinatorics",Graph polynomial conjectures,4,33,T-EG411-from-scratch-hostile-reenumeration,From-scratch hostile re-enumeration,VERIFY,"Matches signals: exact polynomial computation; graph census; root isolation; SOS. Technique action: Independent sieve + Brent-rho, NO chain filtering (strictly more permissive), 17.96B candidates; reproduced the exact omega=7 census, 0 solutions."
SHAPE-059,"Graph theory, Ramsey theory, and extremal combinatorics",Graph polynomial conjectures,5,31,T-835-steiner-exact-cover-sat-solver,"Steiner system S(t,k,v) exact-cover/SAT solver",SEARCH,"Matches signals: exact polynomial computation; graph census; root isolation; SOS. Technique action: From-scratch exact-cover/SAT for S(t,k,v) existence (pysat CardEnc + Z3 dual backends, independent brute-force verifier, cyclic-automorphism reduction)."
SHAPE-059,"Graph theory, Ramsey theory, and extremal combinatorics",Graph polynomial conjectures,6,26,T-GRAHAM-jigsaw-cost-density-predictor,JIGSAW cost-density predictor,SEARCH,"Matches signals: exact polynomial computation; graph census; root isolation; SOS. Technique action: Fits cost-per-orbit-representative as a power law in subset density (ms_per_orbit=a*density^b), re-reading real evidence on every invocation so the fit self-recalibrates; self-reports its own error band."
SHAPE-059,"Graph theory, Ramsey theory, and extremal combinatorics",Graph polynomial conjectures,7,25,T-EG203-prime-witness-scale-ladder,Prime-witness scale ladder + adversarial checking,SEARCH,"Matches signals: exact polynomial computation; graph census; root isolation; SOS. Technique action: Kernel-verified prime witnesses continuously 10^0 -> 10^19 (max 20-digit prime); evidence, not universal."
SHAPE-059,"Graph theory, Ramsey theory, and extremal combinatorics",Graph polynomial conjectures,8,24,T-GRAHAM-multiplicative-orbit-reduction,Multiplicative-orbit reduction,STRUCTURE,Matches signals: exact polynomial computation; graph census; root isolation; SOS. Technique action: Quotient the search space by the group's multiplicative action on itself; solve once per canonical orbit representative (Z_43: 6.2M raw subsets -> 148K representatives).
SHAPE-059,"Graph theory, Ramsey theory, and extremal combinatorics",Graph polynomial conjectures,9,24,T-EG203-bounded-witness-certificate-machinery,Bounded witness / certificate machinery (m<=1e6 kernel closure),SEARCH,"Matches signals: exact polynomial computation; graph census; root isolation; SOS. Technique action: Every ordinary m<=1e6 has a kernel-checked prime witness V(m,k,l), k+l<=13, in Lean (lake build exit 0)."
SHAPE-059,"Graph theory, Ramsey theory, and extremal combinatorics",Graph polynomial conjectures,10,22,T-EG203-matroid-lifting-poisson-binomial,Matroid lifting + Poisson-binomial exact distribution,ANALYSIS,Matches signals: exact polynomial computation; graph census; root isolation; SOS. Technique action: Local obstruction indicators = independent Bernoullis (Poisson-binomial); Kummer log rows = representable matroid over F_ell; prime-power lift = Wieferich map.
SHAPE-059,"Graph theory, Ramsey theory, and extremal combinatorics",Graph polynomial conjectures,11,21,T-EG203-kummer-cut-gap-bounds,Kummer cut-gap bounds,ANALYSIS,Matches signals: exact polynomial computation; graph census; root isolation; SOS. Technique action: Collision excess controlled by the minimum weighted cocircuit Lambda_* of the Kummer matroid.
SHAPE-059,"Graph theory, Ramsey theory, and extremal combinatorics",Graph polynomial conjectures,12,21,T-EG203-moment-laws,Moment laws (Lean-verified),ANALYSIS,"Matches signals: exact polynomial computation; graph census; root isolation; SOS. Technique action: Exact k-th moment / mean-zero / second-moment identities for the local obstruction (sum_delta_eq_zero, third_moment_vanishes_iff_half_cover, ...)."
SHAPE-060,"Graph theory, Ramsey theory, and extremal combinatorics",Extremal set systems and sunflowers,1,60,T-COMMON-checker-soundness-trust-contract,Checker + soundness-theorem + sample-witness trust contract,VERIFY,"Matches signals: SAT/ILP; symmetry; Fourier/association schemes; exact checker. Technique action: A decidable predicate proven sound with axiom footprint exactly [propext, Classical.choice, Quot.sound]; native_decide only on sample witnesses, not the soundness theorem. Separates what the TRUTH depends on from what was TRUSTED to check it."
SHAPE-060,"Graph theory, Ramsey theory, and extremal combinatorics",Extremal set systems and sunflowers,2,50,T-GRAHAM-packed-certificate-generic-checker,Packed-certificate + one generic checker,VERIFY,"Matches signals: SAT/ILP; symmetry; Fourier/association schemes; exact checker. Technique action: Encode each witness as packed data; prove ONE soundness theorem (checkWitness_sound); each concrete witness then costs one native_decide, not a new proof (theorem count stayed 1 across 60K-765K witnesses)."
SHAPE-060,"Graph theory, Ramsey theory, and extremal combinatorics",Extremal set systems and sunflowers,3,45,T-GRAHAM-independent-multi-checker-crosscheck,Independent multi-checker cross-check (Go / Python / EPCE),VERIFY,"Matches signals: SAT/ILP; symmetry; Fourier/association schemes; exact checker. Technique action: Every witness re-verified by two methodologically-distinct checkers (Go recompute + Python orbit-accounting) plus a third EPCE checker (H01/H06 verifyDistinctPartialSums); 1.64M witnesses, 0 disagreements."
SHAPE-060,"Graph theory, Ramsey theory, and extremal combinatorics",Extremal set systems and sunflowers,4,34,T-835-steiner-exact-cover-sat-solver,"Steiner system S(t,k,v) exact-cover/SAT solver",SEARCH,"Matches signals: SAT/ILP; symmetry; Fourier/association schemes; exact checker. Technique action: From-scratch exact-cover/SAT for S(t,k,v) existence (pysat CardEnc + Z3 dual backends, independent brute-force verifier, cyclic-automorphism reduction)."
SHAPE-060,"Graph theory, Ramsey theory, and extremal combinatorics",Extremal set systems and sunflowers,5,32,T-EG411-from-scratch-hostile-reenumeration,From-scratch hostile re-enumeration,VERIFY,"Matches signals: SAT/ILP; symmetry; Fourier/association schemes; exact checker. Technique action: Independent sieve + Brent-rho, NO chain filtering (strictly more permissive), 17.96B candidates; reproduced the exact omega=7 census, 0 solutions."
SHAPE-060,"Graph theory, Ramsey theory, and extremal combinatorics",Extremal set systems and sunflowers,6,26,T-GRAHAM-jigsaw-cost-density-predictor,JIGSAW cost-density predictor,SEARCH,"Matches signals: SAT/ILP; symmetry; Fourier/association schemes; exact checker. Technique action: Fits cost-per-orbit-representative as a power law in subset density (ms_per_orbit=a*density^b), re-reading real evidence on every invocation so the fit self-recalibrates; self-reports its own error band."
SHAPE-060,"Graph theory, Ramsey theory, and extremal combinatorics",Extremal set systems and sunflowers,7,25,T-GRAHAM-multiplicative-orbit-reduction,Multiplicative-orbit reduction,STRUCTURE,Matches signals: SAT/ILP; symmetry; Fourier/association schemes; exact checker. Technique action: Quotient the search space by the group's multiplicative action on itself; solve once per canonical orbit representative (Z_43: 6.2M raw subsets -> 148K representatives).
SHAPE-060,"Graph theory, Ramsey theory, and extremal combinatorics",Extremal set systems and sunflowers,8,25,T-EG203-size5-density-union-bound,Size5 density / union bound,ANALYSIS,"Matches signals: SAT/ILP; symmetry; Fourier/association schemes; exact checker. Technique action: Any prime set covering the k=0 row needs |P|>=5; a 4-prime cover has sum 1/ord_p(3) <= 19/20 < 1 (Lean, axiom-clean)."
SHAPE-060,"Graph theory, Ramsey theory, and extremal combinatorics",Extremal set systems and sunflowers,9,24,T-EG203-prime-witness-scale-ladder,Prime-witness scale ladder + adversarial checking,SEARCH,"Matches signals: SAT/ILP; symmetry; Fourier/association schemes; exact checker. Technique action: Kernel-verified prime witnesses continuously 10^0 -> 10^19 (max 20-digit prime); evidence, not universal."
SHAPE-060,"Graph theory, Ramsey theory, and extremal combinatorics",Extremal set systems and sunflowers,10,21,T-EG203-moment-laws,Moment laws (Lean-verified),ANALYSIS,"Matches signals: SAT/ILP; symmetry; Fourier/association schemes; exact checker. Technique action: Exact k-th moment / mean-zero / second-moment identities for the local obstruction (sum_delta_eq_zero, third_moment_vanishes_iff_half_cover, ...)."
SHAPE-060,"Graph theory, Ramsey theory, and extremal combinatorics",Extremal set systems and sunflowers,11,21,T-EG203-matroid-lifting-poisson-binomial,Matroid lifting + Poisson-binomial exact distribution,ANALYSIS,Matches signals: SAT/ILP; symmetry; Fourier/association schemes; exact checker. Technique action: Local obstruction indicators = independent Bernoullis (Poisson-binomial); Kummer log rows = representable matroid over F_ell; prime-power lift = Wieferich map.
SHAPE-060,"Graph theory, Ramsey theory, and extremal combinatorics",Extremal set systems and sunflowers,12,21,T-EG203-bounded-witness-certificate-machinery,Bounded witness / certificate machinery (m<=1e6 kernel closure),SEARCH,"Matches signals: SAT/ILP; symmetry; Fourier/association schemes; exact checker. Technique action: Every ordinary m<=1e6 has a kernel-checked prime witness V(m,k,l), k+l<=13, in Lean (lake build exit 0)."
SHAPE-061,"Algebra, groups, loops, and matrices",Complete mappings and orthomorphisms of finite groups,1,52,T-COMMON-checker-soundness-trust-contract,Checker + soundness-theorem + sample-witness trust contract,VERIFY,"Matches signals: group-action quotient; SAT; group library; packed certificate. Technique action: A decidable predicate proven sound with axiom footprint exactly [propext, Classical.choice, Quot.sound]; native_decide only on sample witnesses, not the soundness theorem. Separates what the TRUTH depends on from what was TRUSTED to check it."
SHAPE-061,"Algebra, groups, loops, and matrices",Complete mappings and orthomorphisms of finite groups,2,48,T-GRAHAM-packed-certificate-generic-checker,Packed-certificate + one generic checker,VERIFY,"Matches signals: group-action quotient; SAT; group library; packed certificate. Technique action: Encode each witness as packed data; prove ONE soundness theorem (checkWitness_sound); each concrete witness then costs one native_decide, not a new proof (theorem count stayed 1 across 60K-765K witnesses)."
SHAPE-061,"Algebra, groups, loops, and matrices",Complete mappings and orthomorphisms of finite groups,3,39,T-GRAHAM-independent-multi-checker-crosscheck,Independent multi-checker cross-check (Go / Python / EPCE),VERIFY,"Matches signals: group-action quotient; SAT; group library; packed certificate. Technique action: Every witness re-verified by two methodologically-distinct checkers (Go recompute + Python orbit-accounting) plus a third EPCE checker (H01/H06 verifyDistinctPartialSums); 1.64M witnesses, 0 disagreements."
SHAPE-061,"Algebra, groups, loops, and matrices",Complete mappings and orthomorphisms of finite groups,4,35,T-GRAHAM-multiplicative-orbit-reduction,Multiplicative-orbit reduction,STRUCTURE,Matches signals: group-action quotient; SAT; group library; packed certificate. Technique action: Quotient the search space by the group's multiplicative action on itself; solve once per canonical orbit representative (Z_43: 6.2M raw subsets -> 148K representatives).
SHAPE-061,"Algebra, groups, loops, and matrices",Complete mappings and orthomorphisms of finite groups,5,33,T-EG203-subgroup-obstruction-calculus,Subgroup obstruction calculus,STRUCTURE,"Matches signals: group-action quotient; SAT; group library; packed certificate. Technique action: Local obstruction at modulus d = subgroup-membership in Gamma_d=<2,3> subset (Z/d)*; exact densities + Fourier via character annihilator."
SHAPE-061,"Algebra, groups, loops, and matrices",Complete mappings and orthomorphisms of finite groups,6,27,T-GRAHAM-jigsaw-cost-density-predictor,JIGSAW cost-density predictor,SEARCH,"Matches signals: group-action quotient; SAT; group library; packed certificate. Technique action: Fits cost-per-orbit-representative as a power law in subset density (ms_per_orbit=a*density^b), re-reading real evidence on every invocation so the fit self-recalibrates; self-reports its own error band."
SHAPE-061,"Algebra, groups, loops, and matrices",Complete mappings and orthomorphisms of finite groups,7,26,T-EG411-from-scratch-hostile-reenumeration,From-scratch hostile re-enumeration,VERIFY,"Matches signals: group-action quotient; SAT; group library; packed certificate. Technique action: Independent sieve + Brent-rho, NO chain filtering (strictly more permissive), 17.96B candidates; reproduced the exact omega=7 census, 0 solutions."
SHAPE-061,"Algebra, groups, loops, and matrices",Complete mappings and orthomorphisms of finite groups,8,23,T-EG203-gamma-fiber-local-density,Gamma-fiber local density companion,ANALYSIS,Matches signals: group-action quotient; SAT; group library; packed certificate. Technique action: Exact Gamma-fiber local density + prime-power Hensel companion computation.
SHAPE-061,"Algebra, groups, loops, and matrices",Complete mappings and orthomorphisms of finite groups,9,23,T-835-steiner-exact-cover-sat-solver,"Steiner system S(t,k,v) exact-cover/SAT solver",SEARCH,"Matches signals: group-action quotient; SAT; group library; packed certificate. Technique action: From-scratch exact-cover/SAT for S(t,k,v) existence (pysat CardEnc + Z3 dual backends, independent brute-force verifier, cyclic-automorphism reduction)."
SHAPE-061,"Algebra, groups, loops, and matrices",Complete mappings and orthomorphisms of finite groups,10,20,T-EG411-omega-ladder-case-exhaustion,Omega-ladder case-exhaustion (kill-trees),SEARCH,"Matches signals: group-action quotient; SAT; group library; packed certificate. Technique action: Enumerate all squarefree factor-configs at fixed omega via node algebra A=3*prod(p-1), B=2*prod p; solve terminal j=2 pairs; omega=5/6/7 config spaces all EMPTY."
SHAPE-061,"Algebra, groups, loops, and matrices",Complete mappings and orthomorphisms of finite groups,11,19,T-GRAHAM-arbitrary-parameter-generalization,Arbitrary-parameter generalization,VERIFY,Matches signals: group-action quotient; SAT; group library; packed certificate. Technique action: Parameterize over the index (p:Nat with [Fact p.Prime]) instead of one hardcoded instance; MUST re-verify each specialization reproduces its original axiom signature.
SHAPE-061,"Algebra, groups, loops, and matrices",Complete mappings and orthomorphisms of finite groups,12,18,T-EG203-bounded-witness-certificate-machinery,Bounded witness / certificate machinery (m<=1e6 kernel closure),SEARCH,"Matches signals: group-action quotient; SAT; group library; packed certificate. Technique action: Every ordinary m<=1e6 has a kernel-checked prime witness V(m,k,l), k+l<=13, in Lean (lake build exit 0)."
SHAPE-062,"Algebra, groups, loops, and matrices",Finite group generation and presentation anomalies,1,53,T-COMMON-checker-soundness-trust-contract,Checker + soundness-theorem + sample-witness trust contract,VERIFY,"Matches signals: GAP census; automorphism quotient; exact optimizer; verifier. Technique action: A decidable predicate proven sound with axiom footprint exactly [propext, Classical.choice, Quot.sound]; native_decide only on sample witnesses, not the soundness theorem. Separates what the TRUTH depends on from what was TRUSTED to check it."
SHAPE-062,"Algebra, groups, loops, and matrices",Finite group generation and presentation anomalies,2,43,T-GRAHAM-packed-certificate-generic-checker,Packed-certificate + one generic checker,VERIFY,"Matches signals: GAP census; automorphism quotient; exact optimizer; verifier. Technique action: Encode each witness as packed data; prove ONE soundness theorem (checkWitness_sound); each concrete witness then costs one native_decide, not a new proof (theorem count stayed 1 across 60K-765K witnesses)."
SHAPE-062,"Algebra, groups, loops, and matrices",Finite group generation and presentation anomalies,3,41,T-GRAHAM-independent-multi-checker-crosscheck,Independent multi-checker cross-check (Go / Python / EPCE),VERIFY,"Matches signals: GAP census; automorphism quotient; exact optimizer; verifier. Technique action: Every witness re-verified by two methodologically-distinct checkers (Go recompute + Python orbit-accounting) plus a third EPCE checker (H01/H06 verifyDistinctPartialSums); 1.64M witnesses, 0 disagreements."
SHAPE-062,"Algebra, groups, loops, and matrices",Finite group generation and presentation anomalies,4,32,T-GRAHAM-multiplicative-orbit-reduction,Multiplicative-orbit reduction,STRUCTURE,Matches signals: GAP census; automorphism quotient; exact optimizer; verifier. Technique action: Quotient the search space by the group's multiplicative action on itself; solve once per canonical orbit representative (Z_43: 6.2M raw subsets -> 148K representatives).
SHAPE-062,"Algebra, groups, loops, and matrices",Finite group generation and presentation anomalies,5,30,T-EG203-subgroup-obstruction-calculus,Subgroup obstruction calculus,STRUCTURE,"Matches signals: GAP census; automorphism quotient; exact optimizer; verifier. Technique action: Local obstruction at modulus d = subgroup-membership in Gamma_d=<2,3> subset (Z/d)*; exact densities + Fourier via character annihilator."
SHAPE-062,"Algebra, groups, loops, and matrices",Finite group generation and presentation anomalies,6,28,T-EG411-from-scratch-hostile-reenumeration,From-scratch hostile re-enumeration,VERIFY,"Matches signals: GAP census; automorphism quotient; exact optimizer; verifier. Technique action: Independent sieve + Brent-rho, NO chain filtering (strictly more permissive), 17.96B candidates; reproduced the exact omega=7 census, 0 solutions."
SHAPE-062,"Algebra, groups, loops, and matrices",Finite group generation and presentation anomalies,7,27,T-GRAHAM-jigsaw-cost-density-predictor,JIGSAW cost-density predictor,SEARCH,"Matches signals: GAP census; automorphism quotient; exact optimizer; verifier. Technique action: Fits cost-per-orbit-representative as a power law in subset density (ms_per_orbit=a*density^b), re-reading real evidence on every invocation so the fit self-recalibrates; self-reports its own error band."
SHAPE-062,"Algebra, groups, loops, and matrices",Finite group generation and presentation anomalies,8,25,T-835-steiner-exact-cover-sat-solver,"Steiner system S(t,k,v) exact-cover/SAT solver",SEARCH,"Matches signals: GAP census; automorphism quotient; exact optimizer; verifier. Technique action: From-scratch exact-cover/SAT for S(t,k,v) existence (pysat CardEnc + Z3 dual backends, independent brute-force verifier, cyclic-automorphism reduction)."
SHAPE-062,"Algebra, groups, loops, and matrices",Finite group generation and presentation anomalies,9,24,T-EG203-gamma-fiber-local-density,Gamma-fiber local density companion,ANALYSIS,Matches signals: GAP census; automorphism quotient; exact optimizer; verifier. Technique action: Exact Gamma-fiber local density + prime-power Hensel companion computation.
SHAPE-062,"Algebra, groups, loops, and matrices",Finite group generation and presentation anomalies,10,20,T-EG203-prime-witness-scale-ladder,Prime-witness scale ladder + adversarial checking,SEARCH,"Matches signals: GAP census; automorphism quotient; exact optimizer; verifier. Technique action: Kernel-verified prime witnesses continuously 10^0 -> 10^19 (max 20-digit prime); evidence, not universal."
SHAPE-062,"Algebra, groups, loops, and matrices",Finite group generation and presentation anomalies,11,20,T-COMMON-z3-omt-exact-optimizer,Z3 SMT/OMT exact optimizer,SEARCH,"Matches signals: GAP census; automorphism quotient; exact optimizer; verifier. Technique action: Model a decision as booleans + linear pseudo-boolean constraints with a rational-weighted objective; Optimize().maximize() returns a certified bound, not a heuristic guess."
SHAPE-062,"Algebra, groups, loops, and matrices",Finite group generation and presentation anomalies,12,19,T-GRAHAM-arbitrary-parameter-generalization,Arbitrary-parameter generalization,VERIFY,Matches signals: GAP census; automorphism quotient; exact optimizer; verifier. Technique action: Parameterize over the index (p:Nat with [Fact p.Prime]) instead of one hardcoded instance; MUST re-verify each specialization reproduces its original axiom signature.
SHAPE-063,"Algebra, groups, loops, and matrices",Small finite simple and almost-simple action problems,1,53,T-COMMON-checker-soundness-trust-contract,Checker + soundness-theorem + sample-witness trust contract,VERIFY,"Matches signals: permutation-group orbits; character bounds; SAT; database scan. Technique action: A decidable predicate proven sound with axiom footprint exactly [propext, Classical.choice, Quot.sound]; native_decide only on sample witnesses, not the soundness theorem. Separates what the TRUTH depends on from what was TRUSTED to check it."
SHAPE-063,"Algebra, groups, loops, and matrices",Small finite simple and almost-simple action problems,2,43,T-GRAHAM-packed-certificate-generic-checker,Packed-certificate + one generic checker,VERIFY,"Matches signals: permutation-group orbits; character bounds; SAT; database scan. Technique action: Encode each witness as packed data; prove ONE soundness theorem (checkWitness_sound); each concrete witness then costs one native_decide, not a new proof (theorem count stayed 1 across 60K-765K witnesses)."
SHAPE-063,"Algebra, groups, loops, and matrices",Small finite simple and almost-simple action problems,3,39,T-GRAHAM-independent-multi-checker-crosscheck,Independent multi-checker cross-check (Go / Python / EPCE),VERIFY,"Matches signals: permutation-group orbits; character bounds; SAT; database scan. Technique action: Every witness re-verified by two methodologically-distinct checkers (Go recompute + Python orbit-accounting) plus a third EPCE checker (H01/H06 verifyDistinctPartialSums); 1.64M witnesses, 0 disagreements."
SHAPE-063,"Algebra, groups, loops, and matrices",Small finite simple and almost-simple action problems,4,32,T-GRAHAM-multiplicative-orbit-reduction,Multiplicative-orbit reduction,STRUCTURE,Matches signals: permutation-group orbits; character bounds; SAT; database scan. Technique action: Quotient the search space by the group's multiplicative action on itself; solve once per canonical orbit representative (Z_43: 6.2M raw subsets -> 148K representatives).
SHAPE-063,"Algebra, groups, loops, and matrices",Small finite simple and almost-simple action problems,5,31,T-EG203-subgroup-obstruction-calculus,Subgroup obstruction calculus,STRUCTURE,"Matches signals: permutation-group orbits; character bounds; SAT; database scan. Technique action: Local obstruction at modulus d = subgroup-membership in Gamma_d=<2,3> subset (Z/d)*; exact densities + Fourier via character annihilator."
SHAPE-063,"Algebra, groups, loops, and matrices",Small finite simple and almost-simple action problems,6,26,T-GRAHAM-jigsaw-cost-density-predictor,JIGSAW cost-density predictor,SEARCH,"Matches signals: permutation-group orbits; character bounds; SAT; database scan. Technique action: Fits cost-per-orbit-representative as a power law in subset density (ms_per_orbit=a*density^b), re-reading real evidence on every invocation so the fit self-recalibrates; self-reports its own error band."
SHAPE-063,"Algebra, groups, loops, and matrices",Small finite simple and almost-simple action problems,7,26,T-EG411-from-scratch-hostile-reenumeration,From-scratch hostile re-enumeration,VERIFY,"Matches signals: permutation-group orbits; character bounds; SAT; database scan. Technique action: Independent sieve + Brent-rho, NO chain filtering (strictly more permissive), 17.96B candidates; reproduced the exact omega=7 census, 0 solutions."
SHAPE-063,"Algebra, groups, loops, and matrices",Small finite simple and almost-simple action problems,8,25,T-835-steiner-exact-cover-sat-solver,"Steiner system S(t,k,v) exact-cover/SAT solver",SEARCH,"Matches signals: permutation-group orbits; character bounds; SAT; database scan. Technique action: From-scratch exact-cover/SAT for S(t,k,v) existence (pysat CardEnc + Z3 dual backends, independent brute-force verifier, cyclic-automorphism reduction)."
SHAPE-063,"Algebra, groups, loops, and matrices",Small finite simple and almost-simple action problems,9,24,T-EG203-gamma-fiber-local-density,Gamma-fiber local density companion,ANALYSIS,Matches signals: permutation-group orbits; character bounds; SAT; database scan. Technique action: Exact Gamma-fiber local density + prime-power Hensel companion computation.
SHAPE-063,"Algebra, groups, loops, and matrices",Small finite simple and almost-simple action problems,10,20,T-PRIMEGAP-hardy-littlewood-admissibility-closed-form,Hardy-Littlewood admissibility closed forms (Lean),ANALYSIS,"Matches signals: permutation-group orbits; character bounds; SAT; database scan. Technique action: Closed-form HL admissibility fractions for prime k-constellations (k=3:7/36, k=4:5/72, k=5:18631/810000); 59 Lean theorems, 0 sorry."
SHAPE-063,"Algebra, groups, loops, and matrices",Small finite simple and almost-simple action problems,11,19,T-EG203-bounded-witness-certificate-machinery,Bounded witness / certificate machinery (m<=1e6 kernel closure),SEARCH,"Matches signals: permutation-group orbits; character bounds; SAT; database scan. Technique action: Every ordinary m<=1e6 has a kernel-checked prime witness V(m,k,l), k+l<=13, in Lean (lake build exit 0)."
SHAPE-063,"Algebra, groups, loops, and matrices",Small finite simple and almost-simple action problems,12,19,T-GRAHAM-arbitrary-parameter-generalization,Arbitrary-parameter generalization,VERIFY,Matches signals: permutation-group orbits; character bounds; SAT; database scan. Technique action: Parameterize over the index (p:Nat with [Fact p.Prime]) instead of one hardcoded instance; MUST re-verify each specialization reproduces its original axiom signature.
SHAPE-064,"Algebra, groups, loops, and matrices","Finite quasigroups, loops, and Latin identities",1,53,T-COMMON-checker-soundness-trust-contract,Checker + soundness-theorem + sample-witness trust contract,VERIFY,"Matches signals: SAT/model finding; isomorph rejection; equational reasoning; checker. Technique action: A decidable predicate proven sound with axiom footprint exactly [propext, Classical.choice, Quot.sound]; native_decide only on sample witnesses, not the soundness theorem. Separates what the TRUTH depends on from what was TRUSTED to check it."
SHAPE-064,"Algebra, groups, loops, and matrices","Finite quasigroups, loops, and Latin identities",2,43,T-GRAHAM-packed-certificate-generic-checker,Packed-certificate + one generic checker,VERIFY,"Matches signals: SAT/model finding; isomorph rejection; equational reasoning; checker. Technique action: Encode each witness as packed data; prove ONE soundness theorem (checkWitness_sound); each concrete witness then costs one native_decide, not a new proof (theorem count stayed 1 across 60K-765K witnesses)."
SHAPE-064,"Algebra, groups, loops, and matrices","Finite quasigroups, loops, and Latin identities",3,40,T-GRAHAM-independent-multi-checker-crosscheck,Independent multi-checker cross-check (Go / Python / EPCE),VERIFY,"Matches signals: SAT/model finding; isomorph rejection; equational reasoning; checker. Technique action: Every witness re-verified by two methodologically-distinct checkers (Go recompute + Python orbit-accounting) plus a third EPCE checker (H01/H06 verifyDistinctPartialSums); 1.64M witnesses, 0 disagreements."
SHAPE-064,"Algebra, groups, loops, and matrices","Finite quasigroups, loops, and Latin identities",4,27,T-EG411-from-scratch-hostile-reenumeration,From-scratch hostile re-enumeration,VERIFY,"Matches signals: SAT/model finding; isomorph rejection; equational reasoning; checker. Technique action: Independent sieve + Brent-rho, NO chain filtering (strictly more permissive), 17.96B candidates; reproduced the exact omega=7 census, 0 solutions."
SHAPE-064,"Algebra, groups, loops, and matrices","Finite quasigroups, loops, and Latin identities",5,26,T-GRAHAM-jigsaw-cost-density-predictor,JIGSAW cost-density predictor,SEARCH,"Matches signals: SAT/model finding; isomorph rejection; equational reasoning; checker. Technique action: Fits cost-per-orbit-representative as a power law in subset density (ms_per_orbit=a*density^b), re-reading real evidence on every invocation so the fit self-recalibrates; self-reports its own error band."
SHAPE-064,"Algebra, groups, loops, and matrices","Finite quasigroups, loops, and Latin identities",6,26,T-GRAHAM-multiplicative-orbit-reduction,Multiplicative-orbit reduction,STRUCTURE,Matches signals: SAT/model finding; isomorph rejection; equational reasoning; checker. Technique action: Quotient the search space by the group's multiplicative action on itself; solve once per canonical orbit representative (Z_43: 6.2M raw subsets -> 148K representatives).
SHAPE-064,"Algebra, groups, loops, and matrices","Finite quasigroups, loops, and Latin identities",7,25,T-EG203-subgroup-obstruction-calculus,Subgroup obstruction calculus,STRUCTURE,"Matches signals: SAT/model finding; isomorph rejection; equational reasoning; checker. Technique action: Local obstruction at modulus d = subgroup-membership in Gamma_d=<2,3> subset (Z/d)*; exact densities + Fourier via character annihilator."
SHAPE-064,"Algebra, groups, loops, and matrices","Finite quasigroups, loops, and Latin identities",8,25,T-835-steiner-exact-cover-sat-solver,"Steiner system S(t,k,v) exact-cover/SAT solver",SEARCH,"Matches signals: SAT/model finding; isomorph rejection; equational reasoning; checker. Technique action: From-scratch exact-cover/SAT for S(t,k,v) existence (pysat CardEnc + Z3 dual backends, independent brute-force verifier, cyclic-automorphism reduction)."
SHAPE-064,"Algebra, groups, loops, and matrices","Finite quasigroups, loops, and Latin identities",9,23,T-EG203-gamma-fiber-local-density,Gamma-fiber local density companion,ANALYSIS,Matches signals: SAT/model finding; isomorph rejection; equational reasoning; checker. Technique action: Exact Gamma-fiber local density + prime-power Hensel companion computation.
SHAPE-064,"Algebra, groups, loops, and matrices","Finite quasigroups, loops, and Latin identities",10,22,T-EG203-moment-laws,Moment laws (Lean-verified),ANALYSIS,"Matches signals: SAT/model finding; isomorph rejection; equational reasoning; checker. Technique action: Exact k-th moment / mean-zero / second-moment identities for the local obstruction (sum_delta_eq_zero, third_moment_vanishes_iff_half_cover, ...)."
SHAPE-064,"Algebra, groups, loops, and matrices","Finite quasigroups, loops, and Latin identities",11,22,T-EG411-omega-ladder-case-exhaustion,Omega-ladder case-exhaustion (kill-trees),SEARCH,"Matches signals: SAT/model finding; isomorph rejection; equational reasoning; checker. Technique action: Enumerate all squarefree factor-configs at fixed omega via node algebra A=3*prod(p-1), B=2*prod p; solve terminal j=2 pairs; omega=5/6/7 config spaces all EMPTY."
SHAPE-064,"Algebra, groups, loops, and matrices","Finite quasigroups, loops, and Latin identities",12,21,T-EG203-bounded-witness-certificate-machinery,Bounded witness / certificate machinery (m<=1e6 kernel closure),SEARCH,"Matches signals: SAT/model finding; isomorph rejection; equational reasoning; checker. Technique action: Every ordinary m<=1e6 has a kernel-checked prime witness V(m,k,l), k+l<=13, in Lean (lake build exit 0)."
SHAPE-065,"Algebra, groups, loops, and matrices",Finite semigroup and monoid identity problems,1,54,T-COMMON-checker-soundness-trust-contract,Checker + soundness-theorem + sample-witness trust contract,VERIFY,"Matches signals: finite model search; automata; SAT; proof extraction. Technique action: A decidable predicate proven sound with axiom footprint exactly [propext, Classical.choice, Quot.sound]; native_decide only on sample witnesses, not the soundness theorem. Separates what the TRUTH depends on from what was TRUSTED to check it."
SHAPE-065,"Algebra, groups, loops, and matrices",Finite semigroup and monoid identity problems,2,45,T-GRAHAM-packed-certificate-generic-checker,Packed-certificate + one generic checker,VERIFY,"Matches signals: finite model search; automata; SAT; proof extraction. Technique action: Encode each witness as packed data; prove ONE soundness theorem (checkWitness_sound); each concrete witness then costs one native_decide, not a new proof (theorem count stayed 1 across 60K-765K witnesses)."
SHAPE-065,"Algebra, groups, loops, and matrices",Finite semigroup and monoid identity problems,3,41,T-GRAHAM-independent-multi-checker-crosscheck,Independent multi-checker cross-check (Go / Python / EPCE),VERIFY,"Matches signals: finite model search; automata; SAT; proof extraction. Technique action: Every witness re-verified by two methodologically-distinct checkers (Go recompute + Python orbit-accounting) plus a third EPCE checker (H01/H06 verifyDistinctPartialSums); 1.64M witnesses, 0 disagreements."
SHAPE-065,"Algebra, groups, loops, and matrices",Finite semigroup and monoid identity problems,4,28,T-EG411-from-scratch-hostile-reenumeration,From-scratch hostile re-enumeration,VERIFY,"Matches signals: finite model search; automata; SAT; proof extraction. Technique action: Independent sieve + Brent-rho, NO chain filtering (strictly more permissive), 17.96B candidates; reproduced the exact omega=7 census, 0 solutions."
SHAPE-065,"Algebra, groups, loops, and matrices",Finite semigroup and monoid identity problems,5,28,T-GRAHAM-multiplicative-orbit-reduction,Multiplicative-orbit reduction,STRUCTURE,Matches signals: finite model search; automata; SAT; proof extraction. Technique action: Quotient the search space by the group's multiplicative action on itself; solve once per canonical orbit representative (Z_43: 6.2M raw subsets -> 148K representatives).
SHAPE-065,"Algebra, groups, loops, and matrices",Finite semigroup and monoid identity problems,6,28,T-EG203-subgroup-obstruction-calculus,Subgroup obstruction calculus,STRUCTURE,"Matches signals: finite model search; automata; SAT; proof extraction. Technique action: Local obstruction at modulus d = subgroup-membership in Gamma_d=<2,3> subset (Z/d)*; exact densities + Fourier via character annihilator."
SHAPE-065,"Algebra, groups, loops, and matrices",Finite semigroup and monoid identity problems,7,26,T-GRAHAM-jigsaw-cost-density-predictor,JIGSAW cost-density predictor,SEARCH,"Matches signals: finite model search; automata; SAT; proof extraction. Technique action: Fits cost-per-orbit-representative as a power law in subset density (ms_per_orbit=a*density^b), re-reading real evidence on every invocation so the fit self-recalibrates; self-reports its own error band."
SHAPE-065,"Algebra, groups, loops, and matrices",Finite semigroup and monoid identity problems,8,25,T-835-steiner-exact-cover-sat-solver,"Steiner system S(t,k,v) exact-cover/SAT solver",SEARCH,"Matches signals: finite model search; automata; SAT; proof extraction. Technique action: From-scratch exact-cover/SAT for S(t,k,v) existence (pysat CardEnc + Z3 dual backends, independent brute-force verifier, cyclic-automorphism reduction)."
SHAPE-065,"Algebra, groups, loops, and matrices",Finite semigroup and monoid identity problems,9,25,T-EG203-gamma-fiber-local-density,Gamma-fiber local density companion,ANALYSIS,Matches signals: finite model search; automata; SAT; proof extraction. Technique action: Exact Gamma-fiber local density + prime-power Hensel companion computation.
SHAPE-065,"Algebra, groups, loops, and matrices",Finite semigroup and monoid identity problems,10,22,T-EG203-rank-r-synchronization-kummer-geometry,Rank-r synchronization + projective Kummer geometry,STRUCTURE,Matches signals: finite model search; automata; SAT; proof extraction. Technique action: Rank-r generalization of the slope-collision defect + prime-power Hensel lifting.
SHAPE-065,"Algebra, groups, loops, and matrices",Finite semigroup and monoid identity problems,11,22,T-EG203-crt-synchronization-projective-slopes,CRT synchronization / projective Kummer slopes,STRUCTURE,Matches signals: finite model search; automata; SAT; proof extraction. Technique action: Two-prime ell-primary defect = rank defect = collision of [log_q2:log_q3] in P^1(F_ell).
SHAPE-065,"Algebra, groups, loops, and matrices",Finite semigroup and monoid identity problems,12,22,T-EG203-bounded-witness-certificate-machinery,Bounded witness / certificate machinery (m<=1e6 kernel closure),SEARCH,"Matches signals: finite model search; automata; SAT; proof extraction. Technique action: Every ordinary m<=1e6 has a kernel-checked prime witness V(m,k,l), k+l<=13, in Lean (lake build exit 0)."
SHAPE-066,"Algebra, groups, loops, and matrices",Matrix sign-pattern and determinant extremals,1,53,T-COMMON-checker-soundness-trust-contract,Checker + soundness-theorem + sample-witness trust contract,VERIFY,"Matches signals: row/column quotient; determinant certificate; SAT; interval eigenvalue bounds. Technique action: A decidable predicate proven sound with axiom footprint exactly [propext, Classical.choice, Quot.sound]; native_decide only on sample witnesses, not the soundness theorem. Separates what the TRUTH depends on from what was TRUSTED to check it."
SHAPE-066,"Algebra, groups, loops, and matrices",Matrix sign-pattern and determinant extremals,2,44,T-GRAHAM-packed-certificate-generic-checker,Packed-certificate + one generic checker,VERIFY,"Matches signals: row/column quotient; determinant certificate; SAT; interval eigenvalue bounds. Technique action: Encode each witness as packed data; prove ONE soundness theorem (checkWitness_sound); each concrete witness then costs one native_decide, not a new proof (theorem count stayed 1 across 60K-765K witnesses)."
SHAPE-066,"Algebra, groups, loops, and matrices",Matrix sign-pattern and determinant extremals,3,39,T-GRAHAM-independent-multi-checker-crosscheck,Independent multi-checker cross-check (Go / Python / EPCE),VERIFY,"Matches signals: row/column quotient; determinant certificate; SAT; interval eigenvalue bounds. Technique action: Every witness re-verified by two methodologically-distinct checkers (Go recompute + Python orbit-accounting) plus a third EPCE checker (H01/H06 verifyDistinctPartialSums); 1.64M witnesses, 0 disagreements."
SHAPE-066,"Algebra, groups, loops, and matrices",Matrix sign-pattern and determinant extremals,4,27,T-GRAHAM-multiplicative-orbit-reduction,Multiplicative-orbit reduction,STRUCTURE,Matches signals: row/column quotient; determinant certificate; SAT; interval eigenvalue bounds. Technique action: Quotient the search space by the group's multiplicative action on itself; solve once per canonical orbit representative (Z_43: 6.2M raw subsets -> 148K representatives).
SHAPE-066,"Algebra, groups, loops, and matrices",Matrix sign-pattern and determinant extremals,5,26,T-EG411-from-scratch-hostile-reenumeration,From-scratch hostile re-enumeration,VERIFY,"Matches signals: row/column quotient; determinant certificate; SAT; interval eigenvalue bounds. Technique action: Independent sieve + Brent-rho, NO chain filtering (strictly more permissive), 17.96B candidates; reproduced the exact omega=7 census, 0 solutions."
SHAPE-066,"Algebra, groups, loops, and matrices",Matrix sign-pattern and determinant extremals,6,26,T-GRAHAM-jigsaw-cost-density-predictor,JIGSAW cost-density predictor,SEARCH,"Matches signals: row/column quotient; determinant certificate; SAT; interval eigenvalue bounds. Technique action: Fits cost-per-orbit-representative as a power law in subset density (ms_per_orbit=a*density^b), re-reading real evidence on every invocation so the fit self-recalibrates; self-reports its own error band."
SHAPE-066,"Algebra, groups, loops, and matrices",Matrix sign-pattern and determinant extremals,7,25,T-835-steiner-exact-cover-sat-solver,"Steiner system S(t,k,v) exact-cover/SAT solver",SEARCH,"Matches signals: row/column quotient; determinant certificate; SAT; interval eigenvalue bounds. Technique action: From-scratch exact-cover/SAT for S(t,k,v) existence (pysat CardEnc + Z3 dual backends, independent brute-force verifier, cyclic-automorphism reduction)."
SHAPE-066,"Algebra, groups, loops, and matrices",Matrix sign-pattern and determinant extremals,8,24,T-EG203-subgroup-obstruction-calculus,Subgroup obstruction calculus,STRUCTURE,"Matches signals: row/column quotient; determinant certificate; SAT; interval eigenvalue bounds. Technique action: Local obstruction at modulus d = subgroup-membership in Gamma_d=<2,3> subset (Z/d)*; exact densities + Fourier via character annihilator."
SHAPE-066,"Algebra, groups, loops, and matrices",Matrix sign-pattern and determinant extremals,9,24,T-EG203-gamma-fiber-local-density,Gamma-fiber local density companion,ANALYSIS,Matches signals: row/column quotient; determinant certificate; SAT; interval eigenvalue bounds. Technique action: Exact Gamma-fiber local density + prime-power Hensel companion computation.
SHAPE-066,"Algebra, groups, loops, and matrices",Matrix sign-pattern and determinant extremals,10,20,T-EG411-omega-ladder-case-exhaustion,Omega-ladder case-exhaustion (kill-trees),SEARCH,"Matches signals: row/column quotient; determinant certificate; SAT; interval eigenvalue bounds. Technique action: Enumerate all squarefree factor-configs at fixed omega via node algebra A=3*prod(p-1), B=2*prod p; solve terminal j=2 pairs; omega=5/6/7 config spaces all EMPTY."
SHAPE-066,"Algebra, groups, loops, and matrices",Matrix sign-pattern and determinant extremals,11,20,T-EG203-crt-coherence-brute-force,CRT coherence brute-force,ANALYSIS,Matches signals: row/column quotient; determinant certificate; SAT; interval eigenvalue bounds. Technique action: Compute coherence invariant C_b(P)=max_m covered-cell fraction; a cover iff =1.
SHAPE-066,"Algebra, groups, loops, and matrices",Matrix sign-pattern and determinant extremals,12,19,T-GRAHAM-arbitrary-parameter-generalization,Arbitrary-parameter generalization,VERIFY,Matches signals: row/column quotient; determinant certificate; SAT; interval eigenvalue bounds. Technique action: Parameterize over the index (p:Nat with [Fact p.Prime]) instead of one hardcoded instance; MUST re-verify each specialization reproduces its original axiom signature.
SHAPE-067,"Algebra, groups, loops, and matrices",Tensor rank and bilinear complexity at small dimensions,1,52,T-COMMON-checker-soundness-trust-contract,Checker + soundness-theorem + sample-witness trust contract,VERIFY,"Matches signals: SAT/SMT; polynomial ideals; symmetry; exact verification. Technique action: A decidable predicate proven sound with axiom footprint exactly [propext, Classical.choice, Quot.sound]; native_decide only on sample witnesses, not the soundness theorem. Separates what the TRUTH depends on from what was TRUSTED to check it."
SHAPE-067,"Algebra, groups, loops, and matrices",Tensor rank and bilinear complexity at small dimensions,2,43,T-GRAHAM-packed-certificate-generic-checker,Packed-certificate + one generic checker,VERIFY,"Matches signals: SAT/SMT; polynomial ideals; symmetry; exact verification. Technique action: Encode each witness as packed data; prove ONE soundness theorem (checkWitness_sound); each concrete witness then costs one native_decide, not a new proof (theorem count stayed 1 across 60K-765K witnesses)."
SHAPE-067,"Algebra, groups, loops, and matrices",Tensor rank and bilinear complexity at small dimensions,3,40,T-GRAHAM-independent-multi-checker-crosscheck,Independent multi-checker cross-check (Go / Python / EPCE),VERIFY,"Matches signals: SAT/SMT; polynomial ideals; symmetry; exact verification. Technique action: Every witness re-verified by two methodologically-distinct checkers (Go recompute + Python orbit-accounting) plus a third EPCE checker (H01/H06 verifyDistinctPartialSums); 1.64M witnesses, 0 disagreements."
SHAPE-067,"Algebra, groups, loops, and matrices",Tensor rank and bilinear complexity at small dimensions,4,29,T-EG203-subgroup-obstruction-calculus,Subgroup obstruction calculus,STRUCTURE,"Matches signals: SAT/SMT; polynomial ideals; symmetry; exact verification. Technique action: Local obstruction at modulus d = subgroup-membership in Gamma_d=<2,3> subset (Z/d)*; exact densities + Fourier via character annihilator."
SHAPE-067,"Algebra, groups, loops, and matrices",Tensor rank and bilinear complexity at small dimensions,5,28,T-GRAHAM-multiplicative-orbit-reduction,Multiplicative-orbit reduction,STRUCTURE,Matches signals: SAT/SMT; polynomial ideals; symmetry; exact verification. Technique action: Quotient the search space by the group's multiplicative action on itself; solve once per canonical orbit representative (Z_43: 6.2M raw subsets -> 148K representatives).
SHAPE-067,"Algebra, groups, loops, and matrices",Tensor rank and bilinear complexity at small dimensions,6,27,T-835-steiner-exact-cover-sat-solver,"Steiner system S(t,k,v) exact-cover/SAT solver",SEARCH,"Matches signals: SAT/SMT; polynomial ideals; symmetry; exact verification. Technique action: From-scratch exact-cover/SAT for S(t,k,v) existence (pysat CardEnc + Z3 dual backends, independent brute-force verifier, cyclic-automorphism reduction)."
SHAPE-067,"Algebra, groups, loops, and matrices",Tensor rank and bilinear complexity at small dimensions,7,26,T-EG411-from-scratch-hostile-reenumeration,From-scratch hostile re-enumeration,VERIFY,"Matches signals: SAT/SMT; polynomial ideals; symmetry; exact verification. Technique action: Independent sieve + Brent-rho, NO chain filtering (strictly more permissive), 17.96B candidates; reproduced the exact omega=7 census, 0 solutions."
SHAPE-067,"Algebra, groups, loops, and matrices",Tensor rank and bilinear complexity at small dimensions,8,26,T-GRAHAM-jigsaw-cost-density-predictor,JIGSAW cost-density predictor,SEARCH,"Matches signals: SAT/SMT; polynomial ideals; symmetry; exact verification. Technique action: Fits cost-per-orbit-representative as a power law in subset density (ms_per_orbit=a*density^b), re-reading real evidence on every invocation so the fit self-recalibrates; self-reports its own error band."
SHAPE-067,"Algebra, groups, loops, and matrices",Tensor rank and bilinear complexity at small dimensions,9,25,T-EG203-rank-r-synchronization-kummer-geometry,Rank-r synchronization + projective Kummer geometry,STRUCTURE,Matches signals: SAT/SMT; polynomial ideals; symmetry; exact verification. Technique action: Rank-r generalization of the slope-collision defect + prime-power Hensel lifting.
SHAPE-067,"Algebra, groups, loops, and matrices",Tensor rank and bilinear complexity at small dimensions,10,25,T-EG203-crt-synchronization-projective-slopes,CRT synchronization / projective Kummer slopes,STRUCTURE,Matches signals: SAT/SMT; polynomial ideals; symmetry; exact verification. Technique action: Two-prime ell-primary defect = rank defect = collision of [log_q2:log_q3] in P^1(F_ell).
SHAPE-067,"Algebra, groups, loops, and matrices",Tensor rank and bilinear complexity at small dimensions,11,24,T-EG203-gamma-fiber-local-density,Gamma-fiber local density companion,ANALYSIS,Matches signals: SAT/SMT; polynomial ideals; symmetry; exact verification. Technique action: Exact Gamma-fiber local density + prime-power Hensel companion computation.
SHAPE-067,"Algebra, groups, loops, and matrices",Tensor rank and bilinear complexity at small dimensions,12,24,T-EG411-omega-ladder-case-exhaustion,Omega-ladder case-exhaustion (kill-trees),SEARCH,"Matches signals: SAT/SMT; polynomial ideals; symmetry; exact verification. Technique action: Enumerate all squarefree factor-configs at fixed omega via node algebra A=3*prod(p-1), B=2*prod p; solve terminal j=2 pairs; omega=5/6/7 config spaces all EMPTY."
SHAPE-068,"Algebra, groups, loops, and matrices",Matroid representability and excluded-minor frontiers,1,52,T-COMMON-checker-soundness-trust-contract,Checker + soundness-theorem + sample-witness trust contract,VERIFY,"Matches signals: canonical augmentation; finite-field matrices; SAT; cocircuit bounds. Technique action: A decidable predicate proven sound with axiom footprint exactly [propext, Classical.choice, Quot.sound]; native_decide only on sample witnesses, not the soundness theorem. Separates what the TRUTH depends on from what was TRUSTED to check it."
SHAPE-068,"Algebra, groups, loops, and matrices",Matroid representability and excluded-minor frontiers,2,42,T-GRAHAM-packed-certificate-generic-checker,Packed-certificate + one generic checker,VERIFY,"Matches signals: canonical augmentation; finite-field matrices; SAT; cocircuit bounds. Technique action: Encode each witness as packed data; prove ONE soundness theorem (checkWitness_sound); each concrete witness then costs one native_decide, not a new proof (theorem count stayed 1 across 60K-765K witnesses)."
SHAPE-068,"Algebra, groups, loops, and matrices",Matroid representability and excluded-minor frontiers,3,40,T-GRAHAM-independent-multi-checker-crosscheck,Independent multi-checker cross-check (Go / Python / EPCE),VERIFY,"Matches signals: canonical augmentation; finite-field matrices; SAT; cocircuit bounds. Technique action: Every witness re-verified by two methodologically-distinct checkers (Go recompute + Python orbit-accounting) plus a third EPCE checker (H01/H06 verifyDistinctPartialSums); 1.64M witnesses, 0 disagreements."
SHAPE-068,"Algebra, groups, loops, and matrices",Matroid representability and excluded-minor frontiers,4,29,T-EG203-subgroup-obstruction-calculus,Subgroup obstruction calculus,STRUCTURE,"Matches signals: canonical augmentation; finite-field matrices; SAT; cocircuit bounds. Technique action: Local obstruction at modulus d = subgroup-membership in Gamma_d=<2,3> subset (Z/d)*; exact densities + Fourier via character annihilator."
SHAPE-068,"Algebra, groups, loops, and matrices",Matroid representability and excluded-minor frontiers,5,27,T-EG411-from-scratch-hostile-reenumeration,From-scratch hostile re-enumeration,VERIFY,"Matches signals: canonical augmentation; finite-field matrices; SAT; cocircuit bounds. Technique action: Independent sieve + Brent-rho, NO chain filtering (strictly more permissive), 17.96B candidates; reproduced the exact omega=7 census, 0 solutions."
SHAPE-068,"Algebra, groups, loops, and matrices",Matroid representability and excluded-minor frontiers,6,26,T-GRAHAM-multiplicative-orbit-reduction,Multiplicative-orbit reduction,STRUCTURE,Matches signals: canonical augmentation; finite-field matrices; SAT; cocircuit bounds. Technique action: Quotient the search space by the group's multiplicative action on itself; solve once per canonical orbit representative (Z_43: 6.2M raw subsets -> 148K representatives).
SHAPE-068,"Algebra, groups, loops, and matrices",Matroid representability and excluded-minor frontiers,7,26,T-GRAHAM-jigsaw-cost-density-predictor,JIGSAW cost-density predictor,SEARCH,"Matches signals: canonical augmentation; finite-field matrices; SAT; cocircuit bounds. Technique action: Fits cost-per-orbit-representative as a power law in subset density (ms_per_orbit=a*density^b), re-reading real evidence on every invocation so the fit self-recalibrates; self-reports its own error band."
SHAPE-068,"Algebra, groups, loops, and matrices",Matroid representability and excluded-minor frontiers,8,26,T-EG203-gamma-fiber-local-density,Gamma-fiber local density companion,ANALYSIS,Matches signals: canonical augmentation; finite-field matrices; SAT; cocircuit bounds. Technique action: Exact Gamma-fiber local density + prime-power Hensel companion computation.
SHAPE-068,"Algebra, groups, loops, and matrices",Matroid representability and excluded-minor frontiers,9,25,T-EG203-kummer-cut-gap-bounds,Kummer cut-gap bounds,ANALYSIS,Matches signals: canonical augmentation; finite-field matrices; SAT; cocircuit bounds. Technique action: Collision excess controlled by the minimum weighted cocircuit Lambda_* of the Kummer matroid.
SHAPE-068,"Algebra, groups, loops, and matrices",Matroid representability and excluded-minor frontiers,10,24,T-EG203-rank-r-synchronization-kummer-geometry,Rank-r synchronization + projective Kummer geometry,STRUCTURE,Matches signals: canonical augmentation; finite-field matrices; SAT; cocircuit bounds. Technique action: Rank-r generalization of the slope-collision defect + prime-power Hensel lifting.
SHAPE-068,"Algebra, groups, loops, and matrices",Matroid representability and excluded-minor frontiers,11,24,T-835-steiner-exact-cover-sat-solver,"Steiner system S(t,k,v) exact-cover/SAT solver",SEARCH,"Matches signals: canonical augmentation; finite-field matrices; SAT; cocircuit bounds. Technique action: From-scratch exact-cover/SAT for S(t,k,v) existence (pysat CardEnc + Z3 dual backends, independent brute-force verifier, cyclic-automorphism reduction)."
SHAPE-068,"Algebra, groups, loops, and matrices",Matroid representability and excluded-minor frontiers,12,23,T-EG203-matroid-lifting-poisson-binomial,Matroid lifting + Poisson-binomial exact distribution,ANALYSIS,Matches signals: canonical augmentation; finite-field matrices; SAT; cocircuit bounds. Technique action: Local obstruction indicators = independent Bernoullis (Poisson-binomial); Kummer log rows = representable matroid over F_ell; prime-power lift = Wieferich map.
SHAPE-069,"Algebra, groups, loops, and matrices",Finite ring and algebra structure classification,1,55,T-COMMON-checker-soundness-trust-contract,Checker + soundness-theorem + sample-witness trust contract,VERIFY,"Matches signals: structure constants; Gröbner/SAT; GL action quotient; checker. Technique action: A decidable predicate proven sound with axiom footprint exactly [propext, Classical.choice, Quot.sound]; native_decide only on sample witnesses, not the soundness theorem. Separates what the TRUTH depends on from what was TRUSTED to check it."
SHAPE-069,"Algebra, groups, loops, and matrices",Finite ring and algebra structure classification,2,46,T-GRAHAM-packed-certificate-generic-checker,Packed-certificate + one generic checker,VERIFY,"Matches signals: structure constants; Gröbner/SAT; GL action quotient; checker. Technique action: Encode each witness as packed data; prove ONE soundness theorem (checkWitness_sound); each concrete witness then costs one native_decide, not a new proof (theorem count stayed 1 across 60K-765K witnesses)."
SHAPE-069,"Algebra, groups, loops, and matrices",Finite ring and algebra structure classification,3,39,T-GRAHAM-independent-multi-checker-crosscheck,Independent multi-checker cross-check (Go / Python / EPCE),VERIFY,"Matches signals: structure constants; Gröbner/SAT; GL action quotient; checker. Technique action: Every witness re-verified by two methodologically-distinct checkers (Go recompute + Python orbit-accounting) plus a third EPCE checker (H01/H06 verifyDistinctPartialSums); 1.64M witnesses, 0 disagreements."
SHAPE-069,"Algebra, groups, loops, and matrices",Finite ring and algebra structure classification,4,32,T-GRAHAM-multiplicative-orbit-reduction,Multiplicative-orbit reduction,STRUCTURE,Matches signals: structure constants; Gröbner/SAT; GL action quotient; checker. Technique action: Quotient the search space by the group's multiplicative action on itself; solve once per canonical orbit representative (Z_43: 6.2M raw subsets -> 148K representatives).
SHAPE-069,"Algebra, groups, loops, and matrices",Finite ring and algebra structure classification,5,31,T-EG203-subgroup-obstruction-calculus,Subgroup obstruction calculus,STRUCTURE,"Matches signals: structure constants; Gröbner/SAT; GL action quotient; checker. Technique action: Local obstruction at modulus d = subgroup-membership in Gamma_d=<2,3> subset (Z/d)*; exact densities + Fourier via character annihilator."
SHAPE-069,"Algebra, groups, loops, and matrices",Finite ring and algebra structure classification,6,26,T-EG411-from-scratch-hostile-reenumeration,From-scratch hostile re-enumeration,VERIFY,"Matches signals: structure constants; Gröbner/SAT; GL action quotient; checker. Technique action: Independent sieve + Brent-rho, NO chain filtering (strictly more permissive), 17.96B candidates; reproduced the exact omega=7 census, 0 solutions."
SHAPE-069,"Algebra, groups, loops, and matrices",Finite ring and algebra structure classification,7,26,T-GRAHAM-jigsaw-cost-density-predictor,JIGSAW cost-density predictor,SEARCH,"Matches signals: structure constants; Gröbner/SAT; GL action quotient; checker. Technique action: Fits cost-per-orbit-representative as a power law in subset density (ms_per_orbit=a*density^b), re-reading real evidence on every invocation so the fit self-recalibrates; self-reports its own error band."
SHAPE-069,"Algebra, groups, loops, and matrices",Finite ring and algebra structure classification,8,25,T-EG203-gamma-fiber-local-density,Gamma-fiber local density companion,ANALYSIS,Matches signals: structure constants; Gröbner/SAT; GL action quotient; checker. Technique action: Exact Gamma-fiber local density + prime-power Hensel companion computation.
SHAPE-069,"Algebra, groups, loops, and matrices",Finite ring and algebra structure classification,9,24,T-EG411-omega-ladder-case-exhaustion,Omega-ladder case-exhaustion (kill-trees),SEARCH,"Matches signals: structure constants; Gröbner/SAT; GL action quotient; checker. Technique action: Enumerate all squarefree factor-configs at fixed omega via node algebra A=3*prod(p-1), B=2*prod p; solve terminal j=2 pairs; omega=5/6/7 config spaces all EMPTY."
SHAPE-069,"Algebra, groups, loops, and matrices",Finite ring and algebra structure classification,10,23,T-EG203-bounded-witness-certificate-machinery,Bounded witness / certificate machinery (m<=1e6 kernel closure),SEARCH,"Matches signals: structure constants; Gröbner/SAT; GL action quotient; checker. Technique action: Every ordinary m<=1e6 has a kernel-checked prime witness V(m,k,l), k+l<=13, in Lean (lake build exit 0)."
SHAPE-069,"Algebra, groups, loops, and matrices",Finite ring and algebra structure classification,11,23,T-835-steiner-exact-cover-sat-solver,"Steiner system S(t,k,v) exact-cover/SAT solver",SEARCH,"Matches signals: structure constants; Gröbner/SAT; GL action quotient; checker. Technique action: From-scratch exact-cover/SAT for S(t,k,v) existence (pysat CardEnc + Z3 dual backends, independent brute-force verifier, cyclic-automorphism reduction)."
SHAPE-069,"Algebra, groups, loops, and matrices",Finite ring and algebra structure classification,12,22,T-EG203-moment-laws,Moment laws (Lean-verified),ANALYSIS,"Matches signals: structure constants; Gröbner/SAT; GL action quotient; checker. Technique action: Exact k-th moment / mean-zero / second-moment identities for the local obstruction (sum_delta_eq_zero, third_moment_vanishes_iff_half_cover, ...)."
SHAPE-070,"Algebra, groups, loops, and matrices",Representation and character table completion,1,56,T-COMMON-checker-soundness-trust-contract,Checker + soundness-theorem + sample-witness trust contract,VERIFY,"Matches signals: integer constraints; character orthogonality; SAT/ILP; independent verification. Technique action: A decidable predicate proven sound with axiom footprint exactly [propext, Classical.choice, Quot.sound]; native_decide only on sample witnesses, not the soundness theorem. Separates what the TRUTH depends on from what was TRUSTED to check it."
SHAPE-070,"Algebra, groups, loops, and matrices",Representation and character table completion,2,46,T-GRAHAM-packed-certificate-generic-checker,Packed-certificate + one generic checker,VERIFY,"Matches signals: integer constraints; character orthogonality; SAT/ILP; independent verification. Technique action: Encode each witness as packed data; prove ONE soundness theorem (checkWitness_sound); each concrete witness then costs one native_decide, not a new proof (theorem count stayed 1 across 60K-765K witnesses)."
SHAPE-070,"Algebra, groups, loops, and matrices",Representation and character table completion,3,46,T-GRAHAM-independent-multi-checker-crosscheck,Independent multi-checker cross-check (Go / Python / EPCE),VERIFY,"Matches signals: integer constraints; character orthogonality; SAT/ILP; independent verification. Technique action: Every witness re-verified by two methodologically-distinct checkers (Go recompute + Python orbit-accounting) plus a third EPCE checker (H01/H06 verifyDistinctPartialSums); 1.64M witnesses, 0 disagreements."
SHAPE-070,"Algebra, groups, loops, and matrices",Representation and character table completion,4,33,T-EG411-from-scratch-hostile-reenumeration,From-scratch hostile re-enumeration,VERIFY,"Matches signals: integer constraints; character orthogonality; SAT/ILP; independent verification. Technique action: Independent sieve + Brent-rho, NO chain filtering (strictly more permissive), 17.96B candidates; reproduced the exact omega=7 census, 0 solutions."
SHAPE-070,"Algebra, groups, loops, and matrices",Representation and character table completion,5,32,T-835-steiner-exact-cover-sat-solver,"Steiner system S(t,k,v) exact-cover/SAT solver",SEARCH,"Matches signals: integer constraints; character orthogonality; SAT/ILP; independent verification. Technique action: From-scratch exact-cover/SAT for S(t,k,v) existence (pysat CardEnc + Z3 dual backends, independent brute-force verifier, cyclic-automorphism reduction)."
SHAPE-070,"Algebra, groups, loops, and matrices",Representation and character table completion,6,31,T-EG203-subgroup-obstruction-calculus,Subgroup obstruction calculus,STRUCTURE,"Matches signals: integer constraints; character orthogonality; SAT/ILP; independent verification. Technique action: Local obstruction at modulus d = subgroup-membership in Gamma_d=<2,3> subset (Z/d)*; exact densities + Fourier via character annihilator."
SHAPE-070,"Algebra, groups, loops, and matrices",Representation and character table completion,7,27,T-GRAHAM-multiplicative-orbit-reduction,Multiplicative-orbit reduction,STRUCTURE,Matches signals: integer constraints; character orthogonality; SAT/ILP; independent verification. Technique action: Quotient the search space by the group's multiplicative action on itself; solve once per canonical orbit representative (Z_43: 6.2M raw subsets -> 148K representatives).
SHAPE-070,"Algebra, groups, loops, and matrices",Representation and character table completion,8,26,T-GRAHAM-jigsaw-cost-density-predictor,JIGSAW cost-density predictor,SEARCH,"Matches signals: integer constraints; character orthogonality; SAT/ILP; independent verification. Technique action: Fits cost-per-orbit-representative as a power law in subset density (ms_per_orbit=a*density^b), re-reading real evidence on every invocation so the fit self-recalibrates; self-reports its own error band."
SHAPE-070,"Algebra, groups, loops, and matrices",Representation and character table completion,9,23,T-EG203-gamma-fiber-local-density,Gamma-fiber local density companion,ANALYSIS,Matches signals: integer constraints; character orthogonality; SAT/ILP; independent verification. Technique action: Exact Gamma-fiber local density + prime-power Hensel companion computation.
SHAPE-070,"Algebra, groups, loops, and matrices",Representation and character table completion,10,20,T-EG203-prime-witness-scale-ladder,Prime-witness scale ladder + adversarial checking,SEARCH,"Matches signals: integer constraints; character orthogonality; SAT/ILP; independent verification. Technique action: Kernel-verified prime witnesses continuously 10^0 -> 10^19 (max 20-digit prime); evidence, not universal."
SHAPE-070,"Algebra, groups, loops, and matrices",Representation and character table completion,11,19,T-GRAHAM-arbitrary-parameter-generalization,Arbitrary-parameter generalization,VERIFY,Matches signals: integer constraints; character orthogonality; SAT/ILP; independent verification. Technique action: Parameterize over the index (p:Nat with [Fact p.Prime]) instead of one hardcoded instance; MUST re-verify each specialization reproduces its original axiom signature.
SHAPE-070,"Algebra, groups, loops, and matrices",Representation and character table completion,12,19,T-COMMON-z3-omt-exact-optimizer,Z3 SMT/OMT exact optimizer,SEARCH,"Matches signals: integer constraints; character orthogonality; SAT/ILP; independent verification. Technique action: Model a decision as booleans + linear pseudo-boolean constraints with a rational-weighted objective; Optimize().maximize() returns a certified bound, not a heuristic guess."
SHAPE-071,"Coding theory, packing, and quantum information",Best-known linear code parameter gaps,1,53,T-COMMON-checker-soundness-trust-contract,Checker + soundness-theorem + sample-witness trust contract,VERIFY,"Matches signals: code equivalence quotient; SAT; OMT; weight enumerators. Technique action: A decidable predicate proven sound with axiom footprint exactly [propext, Classical.choice, Quot.sound]; native_decide only on sample witnesses, not the soundness theorem. Separates what the TRUTH depends on from what was TRUSTED to check it."
SHAPE-071,"Coding theory, packing, and quantum information",Best-known linear code parameter gaps,2,44,T-GRAHAM-packed-certificate-generic-checker,Packed-certificate + one generic checker,VERIFY,"Matches signals: code equivalence quotient; SAT; OMT; weight enumerators. Technique action: Encode each witness as packed data; prove ONE soundness theorem (checkWitness_sound); each concrete witness then costs one native_decide, not a new proof (theorem count stayed 1 across 60K-765K witnesses)."
SHAPE-071,"Coding theory, packing, and quantum information",Best-known linear code parameter gaps,3,39,T-GRAHAM-independent-multi-checker-crosscheck,Independent multi-checker cross-check (Go / Python / EPCE),VERIFY,"Matches signals: code equivalence quotient; SAT; OMT; weight enumerators. Technique action: Every witness re-verified by two methodologically-distinct checkers (Go recompute + Python orbit-accounting) plus a third EPCE checker (H01/H06 verifyDistinctPartialSums); 1.64M witnesses, 0 disagreements."
SHAPE-071,"Coding theory, packing, and quantum information",Best-known linear code parameter gaps,4,28,T-835-steiner-exact-cover-sat-solver,"Steiner system S(t,k,v) exact-cover/SAT solver",SEARCH,"Matches signals: code equivalence quotient; SAT; OMT; weight enumerators. Technique action: From-scratch exact-cover/SAT for S(t,k,v) existence (pysat CardEnc + Z3 dual backends, independent brute-force verifier, cyclic-automorphism reduction)."
SHAPE-071,"Coding theory, packing, and quantum information",Best-known linear code parameter gaps,5,27,T-GRAHAM-multiplicative-orbit-reduction,Multiplicative-orbit reduction,STRUCTURE,Matches signals: code equivalence quotient; SAT; OMT; weight enumerators. Technique action: Quotient the search space by the group's multiplicative action on itself; solve once per canonical orbit representative (Z_43: 6.2M raw subsets -> 148K representatives).
SHAPE-071,"Coding theory, packing, and quantum information",Best-known linear code parameter gaps,6,26,T-GRAHAM-jigsaw-cost-density-predictor,JIGSAW cost-density predictor,SEARCH,"Matches signals: code equivalence quotient; SAT; OMT; weight enumerators. Technique action: Fits cost-per-orbit-representative as a power law in subset density (ms_per_orbit=a*density^b), re-reading real evidence on every invocation so the fit self-recalibrates; self-reports its own error band."
SHAPE-071,"Coding theory, packing, and quantum information",Best-known linear code parameter gaps,7,26,T-EG411-from-scratch-hostile-reenumeration,From-scratch hostile re-enumeration,VERIFY,"Matches signals: code equivalence quotient; SAT; OMT; weight enumerators. Technique action: Independent sieve + Brent-rho, NO chain filtering (strictly more permissive), 17.96B candidates; reproduced the exact omega=7 census, 0 solutions."
SHAPE-071,"Coding theory, packing, and quantum information",Best-known linear code parameter gaps,8,24,T-EG203-subgroup-obstruction-calculus,Subgroup obstruction calculus,STRUCTURE,"Matches signals: code equivalence quotient; SAT; OMT; weight enumerators. Technique action: Local obstruction at modulus d = subgroup-membership in Gamma_d=<2,3> subset (Z/d)*; exact densities + Fourier via character annihilator."
SHAPE-071,"Coding theory, packing, and quantum information",Best-known linear code parameter gaps,9,22,T-COMMON-z3-omt-exact-optimizer,Z3 SMT/OMT exact optimizer,SEARCH,"Matches signals: code equivalence quotient; SAT; OMT; weight enumerators. Technique action: Model a decision as booleans + linear pseudo-boolean constraints with a rational-weighted objective; Optimize().maximize() returns a certified bound, not a heuristic guess."
SHAPE-071,"Coding theory, packing, and quantum information",Best-known linear code parameter gaps,10,20,T-GRAHAM-arbitrary-parameter-generalization,Arbitrary-parameter generalization,VERIFY,Matches signals: code equivalence quotient; SAT; OMT; weight enumerators. Technique action: Parameterize over the index (p:Nat with [Fact p.Prime]) instead of one hardcoded instance; MUST re-verify each specialization reproduces its original axiom signature.
SHAPE-071,"Coding theory, packing, and quantum information",Best-known linear code parameter gaps,11,19,T-EG203-moment-laws,Moment laws (Lean-verified),ANALYSIS,"Matches signals: code equivalence quotient; SAT; OMT; weight enumerators. Technique action: Exact k-th moment / mean-zero / second-moment identities for the local obstruction (sum_delta_eq_zero, third_moment_vanishes_iff_half_cover, ...)."
SHAPE-071,"Coding theory, packing, and quantum information",Best-known linear code parameter gaps,12,19,T-EG203-bounded-witness-certificate-machinery,Bounded witness / certificate machinery (m<=1e6 kernel closure),SEARCH,"Matches signals: code equivalence quotient; SAT; OMT; weight enumerators. Technique action: Every ordinary m<=1e6 has a kernel-checked prime witness V(m,k,l), k+l<=13, in Lean (lake build exit 0)."
SHAPE-072,"Coding theory, packing, and quantum information",Self-dual and divisible code classifications,1,58,T-COMMON-checker-soundness-trust-contract,Checker + soundness-theorem + sample-witness trust contract,VERIFY,"Matches signals: canonical generation; mass formula; group action; checker. Technique action: A decidable predicate proven sound with axiom footprint exactly [propext, Classical.choice, Quot.sound]; native_decide only on sample witnesses, not the soundness theorem. Separates what the TRUTH depends on from what was TRUSTED to check it."
SHAPE-072,"Coding theory, packing, and quantum information",Self-dual and divisible code classifications,2,48,T-GRAHAM-packed-certificate-generic-checker,Packed-certificate + one generic checker,VERIFY,"Matches signals: canonical generation; mass formula; group action; checker. Technique action: Encode each witness as packed data; prove ONE soundness theorem (checkWitness_sound); each concrete witness then costs one native_decide, not a new proof (theorem count stayed 1 across 60K-765K witnesses)."
SHAPE-072,"Coding theory, packing, and quantum information",Self-dual and divisible code classifications,3,41,T-GRAHAM-independent-multi-checker-crosscheck,Independent multi-checker cross-check (Go / Python / EPCE),VERIFY,"Matches signals: canonical generation; mass formula; group action; checker. Technique action: Every witness re-verified by two methodologically-distinct checkers (Go recompute + Python orbit-accounting) plus a third EPCE checker (H01/H06 verifyDistinctPartialSums); 1.64M witnesses, 0 disagreements."
SHAPE-072,"Coding theory, packing, and quantum information",Self-dual and divisible code classifications,4,35,T-GRAHAM-jigsaw-cost-density-predictor,JIGSAW cost-density predictor,SEARCH,"Matches signals: canonical generation; mass formula; group action; checker. Technique action: Fits cost-per-orbit-representative as a power law in subset density (ms_per_orbit=a*density^b), re-reading real evidence on every invocation so the fit self-recalibrates; self-reports its own error band."
SHAPE-072,"Coding theory, packing, and quantum information",Self-dual and divisible code classifications,5,30,T-GRAHAM-multiplicative-orbit-reduction,Multiplicative-orbit reduction,STRUCTURE,Matches signals: canonical generation; mass formula; group action; checker. Technique action: Quotient the search space by the group's multiplicative action on itself; solve once per canonical orbit representative (Z_43: 6.2M raw subsets -> 148K representatives).
SHAPE-072,"Coding theory, packing, and quantum information",Self-dual and divisible code classifications,6,28,T-EG203-subgroup-obstruction-calculus,Subgroup obstruction calculus,STRUCTURE,"Matches signals: canonical generation; mass formula; group action; checker. Technique action: Local obstruction at modulus d = subgroup-membership in Gamma_d=<2,3> subset (Z/d)*; exact densities + Fourier via character annihilator."
SHAPE-072,"Coding theory, packing, and quantum information",Self-dual and divisible code classifications,7,28,T-EG411-from-scratch-hostile-reenumeration,From-scratch hostile re-enumeration,VERIFY,"Matches signals: canonical generation; mass formula; group action; checker. Technique action: Independent sieve + Brent-rho, NO chain filtering (strictly more permissive), 17.96B candidates; reproduced the exact omega=7 census, 0 solutions."
SHAPE-072,"Coding theory, packing, and quantum information",Self-dual and divisible code classifications,8,24,T-835-steiner-exact-cover-sat-solver,"Steiner system S(t,k,v) exact-cover/SAT solver",SEARCH,"Matches signals: canonical generation; mass formula; group action; checker. Technique action: From-scratch exact-cover/SAT for S(t,k,v) existence (pysat CardEnc + Z3 dual backends, independent brute-force verifier, cyclic-automorphism reduction)."
SHAPE-072,"Coding theory, packing, and quantum information",Self-dual and divisible code classifications,9,24,T-EG411-omega-ladder-case-exhaustion,Omega-ladder case-exhaustion (kill-trees),SEARCH,"Matches signals: canonical generation; mass formula; group action; checker. Technique action: Enumerate all squarefree factor-configs at fixed omega via node algebra A=3*prod(p-1), B=2*prod p; solve terminal j=2 pairs; omega=5/6/7 config spaces all EMPTY."
SHAPE-072,"Coding theory, packing, and quantum information",Self-dual and divisible code classifications,10,24,T-EG203-bounded-witness-certificate-machinery,Bounded witness / certificate machinery (m<=1e6 kernel closure),SEARCH,"Matches signals: canonical generation; mass formula; group action; checker. Technique action: Every ordinary m<=1e6 has a kernel-checked prime witness V(m,k,l), k+l<=13, in Lean (lake build exit 0)."
SHAPE-072,"Coding theory, packing, and quantum information",Self-dual and divisible code classifications,11,22,T-GRAHAM-arbitrary-parameter-generalization,Arbitrary-parameter generalization,VERIFY,Matches signals: canonical generation; mass formula; group action; checker. Technique action: Parameterize over the index (p:Nat with [Fact p.Prime]) instead of one hardcoded instance; MUST re-verify each specialization reproduces its original axiom signature.
SHAPE-072,"Coding theory, packing, and quantum information",Self-dual and divisible code classifications,12,22,T-EG203-fourier-collision-variance,Kummer Fourier collision variance (self-correction),ANALYSIS,Matches signals: canonical generation; mass formula; group action; checker. Technique action: Corrects a FALSE linear product formula into an exact Plancherel / hyperplane-arrangement sum for collision variance.
SHAPE-073,"Coding theory, packing, and quantum information",Quantum stabilizer and subsystem code gaps,1,56,T-COMMON-checker-soundness-trust-contract,Checker + soundness-theorem + sample-witness trust contract,VERIFY,"Matches signals: symplectic exact search; SAT; linear algebra; independent verifier. Technique action: A decidable predicate proven sound with axiom footprint exactly [propext, Classical.choice, Quot.sound]; native_decide only on sample witnesses, not the soundness theorem. Separates what the TRUTH depends on from what was TRUSTED to check it."
SHAPE-073,"Coding theory, packing, and quantum information",Quantum stabilizer and subsystem code gaps,2,46,T-GRAHAM-packed-certificate-generic-checker,Packed-certificate + one generic checker,VERIFY,"Matches signals: symplectic exact search; SAT; linear algebra; independent verifier. Technique action: Encode each witness as packed data; prove ONE soundness theorem (checkWitness_sound); each concrete witness then costs one native_decide, not a new proof (theorem count stayed 1 across 60K-765K witnesses)."
SHAPE-073,"Coding theory, packing, and quantum information",Quantum stabilizer and subsystem code gaps,3,42,T-GRAHAM-independent-multi-checker-crosscheck,Independent multi-checker cross-check (Go / Python / EPCE),VERIFY,"Matches signals: symplectic exact search; SAT; linear algebra; independent verifier. Technique action: Every witness re-verified by two methodologically-distinct checkers (Go recompute + Python orbit-accounting) plus a third EPCE checker (H01/H06 verifyDistinctPartialSums); 1.64M witnesses, 0 disagreements."
SHAPE-073,"Coding theory, packing, and quantum information",Quantum stabilizer and subsystem code gaps,4,29,T-EG411-from-scratch-hostile-reenumeration,From-scratch hostile re-enumeration,VERIFY,"Matches signals: symplectic exact search; SAT; linear algebra; independent verifier. Technique action: Independent sieve + Brent-rho, NO chain filtering (strictly more permissive), 17.96B candidates; reproduced the exact omega=7 census, 0 solutions."
SHAPE-073,"Coding theory, packing, and quantum information",Quantum stabilizer and subsystem code gaps,5,28,T-835-steiner-exact-cover-sat-solver,"Steiner system S(t,k,v) exact-cover/SAT solver",SEARCH,"Matches signals: symplectic exact search; SAT; linear algebra; independent verifier. Technique action: From-scratch exact-cover/SAT for S(t,k,v) existence (pysat CardEnc + Z3 dual backends, independent brute-force verifier, cyclic-automorphism reduction)."
SHAPE-073,"Coding theory, packing, and quantum information",Quantum stabilizer and subsystem code gaps,6,27,T-GRAHAM-multiplicative-orbit-reduction,Multiplicative-orbit reduction,STRUCTURE,Matches signals: symplectic exact search; SAT; linear algebra; independent verifier. Technique action: Quotient the search space by the group's multiplicative action on itself; solve once per canonical orbit representative (Z_43: 6.2M raw subsets -> 148K representatives).
SHAPE-073,"Coding theory, packing, and quantum information",Quantum stabilizer and subsystem code gaps,7,26,T-GRAHAM-jigsaw-cost-density-predictor,JIGSAW cost-density predictor,SEARCH,"Matches signals: symplectic exact search; SAT; linear algebra; independent verifier. Technique action: Fits cost-per-orbit-representative as a power law in subset density (ms_per_orbit=a*density^b), re-reading real evidence on every invocation so the fit self-recalibrates; self-reports its own error band."
SHAPE-073,"Coding theory, packing, and quantum information",Quantum stabilizer and subsystem code gaps,8,24,T-EG203-subgroup-obstruction-calculus,Subgroup obstruction calculus,STRUCTURE,"Matches signals: symplectic exact search; SAT; linear algebra; independent verifier. Technique action: Local obstruction at modulus d = subgroup-membership in Gamma_d=<2,3> subset (Z/d)*; exact densities + Fourier via character annihilator."
SHAPE-073,"Coding theory, packing, and quantum information",Quantum stabilizer and subsystem code gaps,9,21,T-EG203-prime-witness-scale-ladder,Prime-witness scale ladder + adversarial checking,SEARCH,"Matches signals: symplectic exact search; SAT; linear algebra; independent verifier. Technique action: Kernel-verified prime witnesses continuously 10^0 -> 10^19 (max 20-digit prime); evidence, not universal."
SHAPE-073,"Coding theory, packing, and quantum information",Quantum stabilizer and subsystem code gaps,10,19,T-GRAHAM-arbitrary-parameter-generalization,Arbitrary-parameter generalization,VERIFY,Matches signals: symplectic exact search; SAT; linear algebra; independent verifier. Technique action: Parameterize over the index (p:Nat with [Fact p.Prime]) instead of one hardcoded instance; MUST re-verify each specialization reproduces its original axiom signature.
SHAPE-073,"Coding theory, packing, and quantum information",Quantum stabilizer and subsystem code gaps,11,19,T-EG203-bounded-witness-certificate-machinery,Bounded witness / certificate machinery (m<=1e6 kernel closure),SEARCH,"Matches signals: symplectic exact search; SAT; linear algebra; independent verifier. Technique action: Every ordinary m<=1e6 has a kernel-checked prime witness V(m,k,l), k+l<=13, in Lean (lake build exit 0)."
SHAPE-073,"Coding theory, packing, and quantum information",Quantum stabilizer and subsystem code gaps,12,18,T-EG203-matroid-lifting-poisson-binomial,Matroid lifting + Poisson-binomial exact distribution,ANALYSIS,Matches signals: symplectic exact search; SAT; linear algebra; independent verifier. Technique action: Local obstruction indicators = independent Bernoullis (Poisson-binomial); Kummer log rows = representable matroid over F_ell; prime-power lift = Wieferich map.
SHAPE-074,"Coding theory, packing, and quantum information",Locally repairable and storage code exact parameters,1,54,T-COMMON-checker-soundness-trust-contract,Checker + soundness-theorem + sample-witness trust contract,VERIFY,"Matches signals: design correspondence; ILP/SAT; matroid rank; code checker. Technique action: A decidable predicate proven sound with axiom footprint exactly [propext, Classical.choice, Quot.sound]; native_decide only on sample witnesses, not the soundness theorem. Separates what the TRUTH depends on from what was TRUSTED to check it."
SHAPE-074,"Coding theory, packing, and quantum information",Locally repairable and storage code exact parameters,2,45,T-GRAHAM-packed-certificate-generic-checker,Packed-certificate + one generic checker,VERIFY,"Matches signals: design correspondence; ILP/SAT; matroid rank; code checker. Technique action: Encode each witness as packed data; prove ONE soundness theorem (checkWitness_sound); each concrete witness then costs one native_decide, not a new proof (theorem count stayed 1 across 60K-765K witnesses)."
SHAPE-074,"Coding theory, packing, and quantum information",Locally repairable and storage code exact parameters,3,39,T-GRAHAM-independent-multi-checker-crosscheck,Independent multi-checker cross-check (Go / Python / EPCE),VERIFY,"Matches signals: design correspondence; ILP/SAT; matroid rank; code checker. Technique action: Every witness re-verified by two methodologically-distinct checkers (Go recompute + Python orbit-accounting) plus a third EPCE checker (H01/H06 verifyDistinctPartialSums); 1.64M witnesses, 0 disagreements."
SHAPE-074,"Coding theory, packing, and quantum information",Locally repairable and storage code exact parameters,4,27,T-EG411-from-scratch-hostile-reenumeration,From-scratch hostile re-enumeration,VERIFY,"Matches signals: design correspondence; ILP/SAT; matroid rank; code checker. Technique action: Independent sieve + Brent-rho, NO chain filtering (strictly more permissive), 17.96B candidates; reproduced the exact omega=7 census, 0 solutions."
SHAPE-074,"Coding theory, packing, and quantum information",Locally repairable and storage code exact parameters,5,27,T-835-steiner-exact-cover-sat-solver,"Steiner system S(t,k,v) exact-cover/SAT solver",SEARCH,"Matches signals: design correspondence; ILP/SAT; matroid rank; code checker. Technique action: From-scratch exact-cover/SAT for S(t,k,v) existence (pysat CardEnc + Z3 dual backends, independent brute-force verifier, cyclic-automorphism reduction)."
SHAPE-074,"Coding theory, packing, and quantum information",Locally repairable and storage code exact parameters,6,26,T-GRAHAM-multiplicative-orbit-reduction,Multiplicative-orbit reduction,STRUCTURE,Matches signals: design correspondence; ILP/SAT; matroid rank; code checker. Technique action: Quotient the search space by the group's multiplicative action on itself; solve once per canonical orbit representative (Z_43: 6.2M raw subsets -> 148K representatives).
SHAPE-074,"Coding theory, packing, and quantum information",Locally repairable and storage code exact parameters,7,26,T-GRAHAM-jigsaw-cost-density-predictor,JIGSAW cost-density predictor,SEARCH,"Matches signals: design correspondence; ILP/SAT; matroid rank; code checker. Technique action: Fits cost-per-orbit-representative as a power law in subset density (ms_per_orbit=a*density^b), re-reading real evidence on every invocation so the fit self-recalibrates; self-reports its own error band."
SHAPE-074,"Coding theory, packing, and quantum information",Locally repairable and storage code exact parameters,8,25,T-EG203-subgroup-obstruction-calculus,Subgroup obstruction calculus,STRUCTURE,"Matches signals: design correspondence; ILP/SAT; matroid rank; code checker. Technique action: Local obstruction at modulus d = subgroup-membership in Gamma_d=<2,3> subset (Z/d)*; exact densities + Fourier via character annihilator."
SHAPE-074,"Coding theory, packing, and quantum information",Locally repairable and storage code exact parameters,9,22,T-EG203-matroid-lifting-poisson-binomial,Matroid lifting + Poisson-binomial exact distribution,ANALYSIS,Matches signals: design correspondence; ILP/SAT; matroid rank; code checker. Technique action: Local obstruction indicators = independent Bernoullis (Poisson-binomial); Kummer log rows = representable matroid over F_ell; prime-power lift = Wieferich map.
SHAPE-074,"Coding theory, packing, and quantum information",Locally repairable and storage code exact parameters,10,21,T-GRAHAM-arbitrary-parameter-generalization,Arbitrary-parameter generalization,VERIFY,Matches signals: design correspondence; ILP/SAT; matroid rank; code checker. Technique action: Parameterize over the index (p:Nat with [Fact p.Prime]) instead of one hardcoded instance; MUST re-verify each specialization reproduces its original axiom signature.
SHAPE-074,"Coding theory, packing, and quantum information",Locally repairable and storage code exact parameters,11,20,T-EG411-omega-ladder-case-exhaustion,Omega-ladder case-exhaustion (kill-trees),SEARCH,"Matches signals: design correspondence; ILP/SAT; matroid rank; code checker. Technique action: Enumerate all squarefree factor-configs at fixed omega via node algebra A=3*prod(p-1), B=2*prod p; solve terminal j=2 pairs; omega=5/6/7 config spaces all EMPTY."
SHAPE-074,"Coding theory, packing, and quantum information",Locally repairable and storage code exact parameters,12,20,T-EG203-moment-laws,Moment laws (Lean-verified),ANALYSIS,"Matches signals: design correspondence; ILP/SAT; matroid rank; code checker. Technique action: Exact k-th moment / mean-zero / second-moment identities for the local obstruction (sum_delta_eq_zero, third_moment_vanishes_iff_half_cover, ...)."
SHAPE-075,"Coding theory, packing, and quantum information",Spherical and projective code records,1,52,T-COMMON-checker-soundness-trust-contract,Checker + soundness-theorem + sample-witness trust contract,VERIFY,"Matches signals: SDP; interval arithmetic; group symmetry; exact Gram matrix. Technique action: A decidable predicate proven sound with axiom footprint exactly [propext, Classical.choice, Quot.sound]; native_decide only on sample witnesses, not the soundness theorem. Separates what the TRUTH depends on from what was TRUSTED to check it."
SHAPE-075,"Coding theory, packing, and quantum information",Spherical and projective code records,2,44,T-GRAHAM-packed-certificate-generic-checker,Packed-certificate + one generic checker,VERIFY,"Matches signals: SDP; interval arithmetic; group symmetry; exact Gram matrix. Technique action: Encode each witness as packed data; prove ONE soundness theorem (checkWitness_sound); each concrete witness then costs one native_decide, not a new proof (theorem count stayed 1 across 60K-765K witnesses)."
SHAPE-075,"Coding theory, packing, and quantum information",Spherical and projective code records,3,39,T-GRAHAM-independent-multi-checker-crosscheck,Independent multi-checker cross-check (Go / Python / EPCE),VERIFY,"Matches signals: SDP; interval arithmetic; group symmetry; exact Gram matrix. Technique action: Every witness re-verified by two methodologically-distinct checkers (Go recompute + Python orbit-accounting) plus a third EPCE checker (H01/H06 verifyDistinctPartialSums); 1.64M witnesses, 0 disagreements."
SHAPE-075,"Coding theory, packing, and quantum information",Spherical and projective code records,4,27,T-GRAHAM-multiplicative-orbit-reduction,Multiplicative-orbit reduction,STRUCTURE,Matches signals: SDP; interval arithmetic; group symmetry; exact Gram matrix. Technique action: Quotient the search space by the group's multiplicative action on itself; solve once per canonical orbit representative (Z_43: 6.2M raw subsets -> 148K representatives).
SHAPE-075,"Coding theory, packing, and quantum information",Spherical and projective code records,5,26,T-EG411-from-scratch-hostile-reenumeration,From-scratch hostile re-enumeration,VERIFY,"Matches signals: SDP; interval arithmetic; group symmetry; exact Gram matrix. Technique action: Independent sieve + Brent-rho, NO chain filtering (strictly more permissive), 17.96B candidates; reproduced the exact omega=7 census, 0 solutions."
SHAPE-075,"Coding theory, packing, and quantum information",Spherical and projective code records,6,26,T-GRAHAM-jigsaw-cost-density-predictor,JIGSAW cost-density predictor,SEARCH,"Matches signals: SDP; interval arithmetic; group symmetry; exact Gram matrix. Technique action: Fits cost-per-orbit-representative as a power law in subset density (ms_per_orbit=a*density^b), re-reading real evidence on every invocation so the fit self-recalibrates; self-reports its own error band."
SHAPE-075,"Coding theory, packing, and quantum information",Spherical and projective code records,7,25,T-EG203-subgroup-obstruction-calculus,Subgroup obstruction calculus,STRUCTURE,"Matches signals: SDP; interval arithmetic; group symmetry; exact Gram matrix. Technique action: Local obstruction at modulus d = subgroup-membership in Gamma_d=<2,3> subset (Z/d)*; exact densities + Fourier via character annihilator."
SHAPE-075,"Coding theory, packing, and quantum information",Spherical and projective code records,8,23,T-835-steiner-exact-cover-sat-solver,"Steiner system S(t,k,v) exact-cover/SAT solver",SEARCH,"Matches signals: SDP; interval arithmetic; group symmetry; exact Gram matrix. Technique action: From-scratch exact-cover/SAT for S(t,k,v) existence (pysat CardEnc + Z3 dual backends, independent brute-force verifier, cyclic-automorphism reduction)."
SHAPE-075,"Coding theory, packing, and quantum information",Spherical and projective code records,9,19,T-GRAHAM-arbitrary-parameter-generalization,Arbitrary-parameter generalization,VERIFY,Matches signals: SDP; interval arithmetic; group symmetry; exact Gram matrix. Technique action: Parameterize over the index (p:Nat with [Fact p.Prime]) instead of one hardcoded instance; MUST re-verify each specialization reproduces its original axiom signature.
SHAPE-075,"Coding theory, packing, and quantum information",Spherical and projective code records,10,19,T-EG203-kummer-cut-gap-bounds,Kummer cut-gap bounds,ANALYSIS,Matches signals: SDP; interval arithmetic; group symmetry; exact Gram matrix. Technique action: Collision excess controlled by the minimum weighted cocircuit Lambda_* of the Kummer matroid.
SHAPE-075,"Coding theory, packing, and quantum information",Spherical and projective code records,11,19,T-EG203-moment-laws,Moment laws (Lean-verified),ANALYSIS,"Matches signals: SDP; interval arithmetic; group symmetry; exact Gram matrix. Technique action: Exact k-th moment / mean-zero / second-moment identities for the local obstruction (sum_delta_eq_zero, third_moment_vanishes_iff_half_cover, ...)."
SHAPE-075,"Coding theory, packing, and quantum information",Spherical and projective code records,12,19,T-EG411-omega-ladder-case-exhaustion,Omega-ladder case-exhaustion (kill-trees),SEARCH,"Matches signals: SDP; interval arithmetic; group symmetry; exact Gram matrix. Technique action: Enumerate all squarefree factor-configs at fixed omega via node algebra A=3*prod(p-1), B=2*prod p; solve terminal j=2 pairs; omega=5/6/7 config spaces all EMPTY."
SHAPE-076,"Coding theory, packing, and quantum information",Lattice packing and covering finite searches,1,52,T-COMMON-checker-soundness-trust-contract,Checker + soundness-theorem + sample-witness trust contract,VERIFY,"Matches signals: Voronoi enumeration; exact linear algebra; interval bounds; automorphism quotient. Technique action: A decidable predicate proven sound with axiom footprint exactly [propext, Classical.choice, Quot.sound]; native_decide only on sample witnesses, not the soundness theorem. Separates what the TRUTH depends on from what was TRUSTED to check it."
SHAPE-076,"Coding theory, packing, and quantum information",Lattice packing and covering finite searches,2,42,T-GRAHAM-packed-certificate-generic-checker,Packed-certificate + one generic checker,VERIFY,"Matches signals: Voronoi enumeration; exact linear algebra; interval bounds; automorphism quotient. Technique action: Encode each witness as packed data; prove ONE soundness theorem (checkWitness_sound); each concrete witness then costs one native_decide, not a new proof (theorem count stayed 1 across 60K-765K witnesses)."
SHAPE-076,"Coding theory, packing, and quantum information",Lattice packing and covering finite searches,3,39,T-GRAHAM-independent-multi-checker-crosscheck,Independent multi-checker cross-check (Go / Python / EPCE),VERIFY,"Matches signals: Voronoi enumeration; exact linear algebra; interval bounds; automorphism quotient. Technique action: Every witness re-verified by two methodologically-distinct checkers (Go recompute + Python orbit-accounting) plus a third EPCE checker (H01/H06 verifyDistinctPartialSums); 1.64M witnesses, 0 disagreements."
SHAPE-076,"Coding theory, packing, and quantum information",Lattice packing and covering finite searches,4,29,T-EG411-from-scratch-hostile-reenumeration,From-scratch hostile re-enumeration,VERIFY,"Matches signals: Voronoi enumeration; exact linear algebra; interval bounds; automorphism quotient. Technique action: Independent sieve + Brent-rho, NO chain filtering (strictly more permissive), 17.96B candidates; reproduced the exact omega=7 census, 0 solutions."
SHAPE-076,"Coding theory, packing, and quantum information",Lattice packing and covering finite searches,5,27,T-EG203-subgroup-obstruction-calculus,Subgroup obstruction calculus,STRUCTURE,"Matches signals: Voronoi enumeration; exact linear algebra; interval bounds; automorphism quotient. Technique action: Local obstruction at modulus d = subgroup-membership in Gamma_d=<2,3> subset (Z/d)*; exact densities + Fourier via character annihilator."
SHAPE-076,"Coding theory, packing, and quantum information",Lattice packing and covering finite searches,6,27,T-GRAHAM-jigsaw-cost-density-predictor,JIGSAW cost-density predictor,SEARCH,"Matches signals: Voronoi enumeration; exact linear algebra; interval bounds; automorphism quotient. Technique action: Fits cost-per-orbit-representative as a power law in subset density (ms_per_orbit=a*density^b), re-reading real evidence on every invocation so the fit self-recalibrates; self-reports its own error band."
SHAPE-076,"Coding theory, packing, and quantum information",Lattice packing and covering finite searches,7,26,T-GRAHAM-multiplicative-orbit-reduction,Multiplicative-orbit reduction,STRUCTURE,Matches signals: Voronoi enumeration; exact linear algebra; interval bounds; automorphism quotient. Technique action: Quotient the search space by the group's multiplicative action on itself; solve once per canonical orbit representative (Z_43: 6.2M raw subsets -> 148K representatives).
SHAPE-076,"Coding theory, packing, and quantum information",Lattice packing and covering finite searches,8,24,T-835-steiner-exact-cover-sat-solver,"Steiner system S(t,k,v) exact-cover/SAT solver",SEARCH,"Matches signals: Voronoi enumeration; exact linear algebra; interval bounds; automorphism quotient. Technique action: From-scratch exact-cover/SAT for S(t,k,v) existence (pysat CardEnc + Z3 dual backends, independent brute-force verifier, cyclic-automorphism reduction)."
SHAPE-076,"Coding theory, packing, and quantum information",Lattice packing and covering finite searches,9,20,T-EG203-gamma-fiber-local-density,Gamma-fiber local density companion,ANALYSIS,Matches signals: Voronoi enumeration; exact linear algebra; interval bounds; automorphism quotient. Technique action: Exact Gamma-fiber local density + prime-power Hensel companion computation.
SHAPE-076,"Coding theory, packing, and quantum information",Lattice packing and covering finite searches,10,20,T-EG411-omega-ladder-case-exhaustion,Omega-ladder case-exhaustion (kill-trees),SEARCH,"Matches signals: Voronoi enumeration; exact linear algebra; interval bounds; automorphism quotient. Technique action: Enumerate all squarefree factor-configs at fixed omega via node algebra A=3*prod(p-1), B=2*prod p; solve terminal j=2 pairs; omega=5/6/7 config spaces all EMPTY."
SHAPE-076,"Coding theory, packing, and quantum information",Lattice packing and covering finite searches,11,19,T-GRAHAM-arbitrary-parameter-generalization,Arbitrary-parameter generalization,VERIFY,Matches signals: Voronoi enumeration; exact linear algebra; interval bounds; automorphism quotient. Technique action: Parameterize over the index (p:Nat with [Fact p.Prime]) instead of one hardcoded instance; MUST re-verify each specialization reproduces its original axiom signature.
SHAPE-076,"Coding theory, packing, and quantum information",Lattice packing and covering finite searches,12,19,T-EG203-matroid-lifting-poisson-binomial,Matroid lifting + Poisson-binomial exact distribution,ANALYSIS,Matches signals: Voronoi enumeration; exact linear algebra; interval bounds; automorphism quotient. Technique action: Local obstruction indicators = independent Bernoullis (Poisson-binomial); Kummer log rows = representable matroid over F_ell; prime-power lift = Wieferich map.
SHAPE-077,"Coding theory, packing, and quantum information",Sequence and array correlation extremals,1,54,T-COMMON-checker-soundness-trust-contract,Checker + soundness-theorem + sample-witness trust contract,VERIFY,"Matches signals: FFT; SAT; symmetry; exact autocorrelation checker. Technique action: A decidable predicate proven sound with axiom footprint exactly [propext, Classical.choice, Quot.sound]; native_decide only on sample witnesses, not the soundness theorem. Separates what the TRUTH depends on from what was TRUSTED to check it."
SHAPE-077,"Coding theory, packing, and quantum information",Sequence and array correlation extremals,2,45,T-GRAHAM-packed-certificate-generic-checker,Packed-certificate + one generic checker,VERIFY,"Matches signals: FFT; SAT; symmetry; exact autocorrelation checker. Technique action: Encode each witness as packed data; prove ONE soundness theorem (checkWitness_sound); each concrete witness then costs one native_decide, not a new proof (theorem count stayed 1 across 60K-765K witnesses)."
SHAPE-077,"Coding theory, packing, and quantum information",Sequence and array correlation extremals,3,39,T-GRAHAM-independent-multi-checker-crosscheck,Independent multi-checker cross-check (Go / Python / EPCE),VERIFY,"Matches signals: FFT; SAT; symmetry; exact autocorrelation checker. Technique action: Every witness re-verified by two methodologically-distinct checkers (Go recompute + Python orbit-accounting) plus a third EPCE checker (H01/H06 verifyDistinctPartialSums); 1.64M witnesses, 0 disagreements."
SHAPE-077,"Coding theory, packing, and quantum information",Sequence and array correlation extremals,4,27,T-GRAHAM-jigsaw-cost-density-predictor,JIGSAW cost-density predictor,SEARCH,"Matches signals: FFT; SAT; symmetry; exact autocorrelation checker. Technique action: Fits cost-per-orbit-representative as a power law in subset density (ms_per_orbit=a*density^b), re-reading real evidence on every invocation so the fit self-recalibrates; self-reports its own error band."
SHAPE-077,"Coding theory, packing, and quantum information",Sequence and array correlation extremals,5,26,T-EG411-from-scratch-hostile-reenumeration,From-scratch hostile re-enumeration,VERIFY,"Matches signals: FFT; SAT; symmetry; exact autocorrelation checker. Technique action: Independent sieve + Brent-rho, NO chain filtering (strictly more permissive), 17.96B candidates; reproduced the exact omega=7 census, 0 solutions."
SHAPE-077,"Coding theory, packing, and quantum information",Sequence and array correlation extremals,6,26,T-GRAHAM-multiplicative-orbit-reduction,Multiplicative-orbit reduction,STRUCTURE,Matches signals: FFT; SAT; symmetry; exact autocorrelation checker. Technique action: Quotient the search space by the group's multiplicative action on itself; solve once per canonical orbit representative (Z_43: 6.2M raw subsets -> 148K representatives).
SHAPE-077,"Coding theory, packing, and quantum information",Sequence and array correlation extremals,7,25,T-835-steiner-exact-cover-sat-solver,"Steiner system S(t,k,v) exact-cover/SAT solver",SEARCH,"Matches signals: FFT; SAT; symmetry; exact autocorrelation checker. Technique action: From-scratch exact-cover/SAT for S(t,k,v) existence (pysat CardEnc + Z3 dual backends, independent brute-force verifier, cyclic-automorphism reduction)."
SHAPE-077,"Coding theory, packing, and quantum information",Sequence and array correlation extremals,8,22,T-EG203-subgroup-obstruction-calculus,Subgroup obstruction calculus,STRUCTURE,"Matches signals: FFT; SAT; symmetry; exact autocorrelation checker. Technique action: Local obstruction at modulus d = subgroup-membership in Gamma_d=<2,3> subset (Z/d)*; exact densities + Fourier via character annihilator."
SHAPE-077,"Coding theory, packing, and quantum information",Sequence and array correlation extremals,9,20,T-EG203-moment-laws,Moment laws (Lean-verified),ANALYSIS,"Matches signals: FFT; SAT; symmetry; exact autocorrelation checker. Technique action: Exact k-th moment / mean-zero / second-moment identities for the local obstruction (sum_delta_eq_zero, third_moment_vanishes_iff_half_cover, ...)."
SHAPE-077,"Coding theory, packing, and quantum information",Sequence and array correlation extremals,10,20,T-GRAHAM-arbitrary-parameter-generalization,Arbitrary-parameter generalization,VERIFY,Matches signals: FFT; SAT; symmetry; exact autocorrelation checker. Technique action: Parameterize over the index (p:Nat with [Fact p.Prime]) instead of one hardcoded instance; MUST re-verify each specialization reproduces its original axiom signature.
SHAPE-077,"Coding theory, packing, and quantum information",Sequence and array correlation extremals,11,20,T-EG411-omega-ladder-case-exhaustion,Omega-ladder case-exhaustion (kill-trees),SEARCH,"Matches signals: FFT; SAT; symmetry; exact autocorrelation checker. Technique action: Enumerate all squarefree factor-configs at fixed omega via node algebra A=3*prod(p-1), B=2*prod p; solve terminal j=2 pairs; omega=5/6/7 config spaces all EMPTY."
SHAPE-077,"Coding theory, packing, and quantum information",Sequence and array correlation extremals,12,19,T-EG203-matroid-lifting-poisson-binomial,Matroid lifting + Poisson-binomial exact distribution,ANALYSIS,Matches signals: FFT; SAT; symmetry; exact autocorrelation checker. Technique action: Local obstruction indicators = independent Bernoullis (Poisson-binomial); Kummer log rows = representable matroid over F_ell; prime-power lift = Wieferich map.
SHAPE-078,"Coding theory, packing, and quantum information",Rank-metric and network code frontiers,1,54,T-COMMON-checker-soundness-trust-contract,Checker + soundness-theorem + sample-witness trust contract,VERIFY,"Matches signals: finite-field matrices; group quotient; ILP/SAT; checker. Technique action: A decidable predicate proven sound with axiom footprint exactly [propext, Classical.choice, Quot.sound]; native_decide only on sample witnesses, not the soundness theorem. Separates what the TRUTH depends on from what was TRUSTED to check it."
SHAPE-078,"Coding theory, packing, and quantum information",Rank-metric and network code frontiers,2,44,T-GRAHAM-packed-certificate-generic-checker,Packed-certificate + one generic checker,VERIFY,"Matches signals: finite-field matrices; group quotient; ILP/SAT; checker. Technique action: Encode each witness as packed data; prove ONE soundness theorem (checkWitness_sound); each concrete witness then costs one native_decide, not a new proof (theorem count stayed 1 across 60K-765K witnesses)."
SHAPE-078,"Coding theory, packing, and quantum information",Rank-metric and network code frontiers,3,39,T-GRAHAM-independent-multi-checker-crosscheck,Independent multi-checker cross-check (Go / Python / EPCE),VERIFY,"Matches signals: finite-field matrices; group quotient; ILP/SAT; checker. Technique action: Every witness re-verified by two methodologically-distinct checkers (Go recompute + Python orbit-accounting) plus a third EPCE checker (H01/H06 verifyDistinctPartialSums); 1.64M witnesses, 0 disagreements."
SHAPE-078,"Coding theory, packing, and quantum information",Rank-metric and network code frontiers,4,30,T-GRAHAM-multiplicative-orbit-reduction,Multiplicative-orbit reduction,STRUCTURE,Matches signals: finite-field matrices; group quotient; ILP/SAT; checker. Technique action: Quotient the search space by the group's multiplicative action on itself; solve once per canonical orbit representative (Z_43: 6.2M raw subsets -> 148K representatives).
SHAPE-078,"Coding theory, packing, and quantum information",Rank-metric and network code frontiers,5,29,T-EG203-subgroup-obstruction-calculus,Subgroup obstruction calculus,STRUCTURE,"Matches signals: finite-field matrices; group quotient; ILP/SAT; checker. Technique action: Local obstruction at modulus d = subgroup-membership in Gamma_d=<2,3> subset (Z/d)*; exact densities + Fourier via character annihilator."
SHAPE-078,"Coding theory, packing, and quantum information",Rank-metric and network code frontiers,6,26,T-EG411-from-scratch-hostile-reenumeration,From-scratch hostile re-enumeration,VERIFY,"Matches signals: finite-field matrices; group quotient; ILP/SAT; checker. Technique action: Independent sieve + Brent-rho, NO chain filtering (strictly more permissive), 17.96B candidates; reproduced the exact omega=7 census, 0 solutions."
SHAPE-078,"Coding theory, packing, and quantum information",Rank-metric and network code frontiers,7,26,T-GRAHAM-jigsaw-cost-density-predictor,JIGSAW cost-density predictor,SEARCH,"Matches signals: finite-field matrices; group quotient; ILP/SAT; checker. Technique action: Fits cost-per-orbit-representative as a power law in subset density (ms_per_orbit=a*density^b), re-reading real evidence on every invocation so the fit self-recalibrates; self-reports its own error band."
SHAPE-078,"Coding theory, packing, and quantum information",Rank-metric and network code frontiers,8,25,T-835-steiner-exact-cover-sat-solver,"Steiner system S(t,k,v) exact-cover/SAT solver",SEARCH,"Matches signals: finite-field matrices; group quotient; ILP/SAT; checker. Technique action: From-scratch exact-cover/SAT for S(t,k,v) existence (pysat CardEnc + Z3 dual backends, independent brute-force verifier, cyclic-automorphism reduction)."
SHAPE-078,"Coding theory, packing, and quantum information",Rank-metric and network code frontiers,9,23,T-EG411-omega-ladder-case-exhaustion,Omega-ladder case-exhaustion (kill-trees),SEARCH,"Matches signals: finite-field matrices; group quotient; ILP/SAT; checker. Technique action: Enumerate all squarefree factor-configs at fixed omega via node algebra A=3*prod(p-1), B=2*prod p; solve terminal j=2 pairs; omega=5/6/7 config spaces all EMPTY."
SHAPE-078,"Coding theory, packing, and quantum information",Rank-metric and network code frontiers,10,21,T-EG203-bounded-witness-certificate-machinery,Bounded witness / certificate machinery (m<=1e6 kernel closure),SEARCH,"Matches signals: finite-field matrices; group quotient; ILP/SAT; checker. Technique action: Every ordinary m<=1e6 has a kernel-checked prime witness V(m,k,l), k+l<=13, in Lean (lake build exit 0)."
SHAPE-078,"Coding theory, packing, and quantum information",Rank-metric and network code frontiers,11,21,T-GRAHAM-arbitrary-parameter-generalization,Arbitrary-parameter generalization,VERIFY,Matches signals: finite-field matrices; group quotient; ILP/SAT; checker. Technique action: Parameterize over the index (p:Nat with [Fact p.Prime]) instead of one hardcoded instance; MUST re-verify each specialization reproduces its original axiom signature.
SHAPE-078,"Coding theory, packing, and quantum information",Rank-metric and network code frontiers,12,20,T-EG203-gamma-fiber-local-density,Gamma-fiber local density companion,ANALYSIS,Matches signals: finite-field matrices; group quotient; ILP/SAT; checker. Technique action: Exact Gamma-fiber local density + prime-power Hensel companion computation.
SHAPE-079,"Coding theory, packing, and quantum information",Code weight-distribution feasibility,1,54,T-COMMON-checker-soundness-trust-contract,Checker + soundness-theorem + sample-witness trust contract,VERIFY,"Matches signals: exact linear constraints; OMT; character sums; design links. Technique action: A decidable predicate proven sound with axiom footprint exactly [propext, Classical.choice, Quot.sound]; native_decide only on sample witnesses, not the soundness theorem. Separates what the TRUTH depends on from what was TRUSTED to check it."
SHAPE-079,"Coding theory, packing, and quantum information",Code weight-distribution feasibility,2,44,T-GRAHAM-packed-certificate-generic-checker,Packed-certificate + one generic checker,VERIFY,"Matches signals: exact linear constraints; OMT; character sums; design links. Technique action: Encode each witness as packed data; prove ONE soundness theorem (checkWitness_sound); each concrete witness then costs one native_decide, not a new proof (theorem count stayed 1 across 60K-765K witnesses)."
SHAPE-079,"Coding theory, packing, and quantum information",Code weight-distribution feasibility,3,39,T-GRAHAM-independent-multi-checker-crosscheck,Independent multi-checker cross-check (Go / Python / EPCE),VERIFY,"Matches signals: exact linear constraints; OMT; character sums; design links. Technique action: Every witness re-verified by two methodologically-distinct checkers (Go recompute + Python orbit-accounting) plus a third EPCE checker (H01/H06 verifyDistinctPartialSums); 1.64M witnesses, 0 disagreements."
SHAPE-079,"Coding theory, packing, and quantum information",Code weight-distribution feasibility,4,27,T-835-steiner-exact-cover-sat-solver,"Steiner system S(t,k,v) exact-cover/SAT solver",SEARCH,"Matches signals: exact linear constraints; OMT; character sums; design links. Technique action: From-scratch exact-cover/SAT for S(t,k,v) existence (pysat CardEnc + Z3 dual backends, independent brute-force verifier, cyclic-automorphism reduction)."
SHAPE-079,"Coding theory, packing, and quantum information",Code weight-distribution feasibility,5,26,T-EG411-from-scratch-hostile-reenumeration,From-scratch hostile re-enumeration,VERIFY,"Matches signals: exact linear constraints; OMT; character sums; design links. Technique action: Independent sieve + Brent-rho, NO chain filtering (strictly more permissive), 17.96B candidates; reproduced the exact omega=7 census, 0 solutions."
SHAPE-079,"Coding theory, packing, and quantum information",Code weight-distribution feasibility,6,26,T-GRAHAM-jigsaw-cost-density-predictor,JIGSAW cost-density predictor,SEARCH,"Matches signals: exact linear constraints; OMT; character sums; design links. Technique action: Fits cost-per-orbit-representative as a power law in subset density (ms_per_orbit=a*density^b), re-reading real evidence on every invocation so the fit self-recalibrates; self-reports its own error band."
SHAPE-079,"Coding theory, packing, and quantum information",Code weight-distribution feasibility,7,25,T-GRAHAM-multiplicative-orbit-reduction,Multiplicative-orbit reduction,STRUCTURE,Matches signals: exact linear constraints; OMT; character sums; design links. Technique action: Quotient the search space by the group's multiplicative action on itself; solve once per canonical orbit representative (Z_43: 6.2M raw subsets -> 148K representatives).
SHAPE-079,"Coding theory, packing, and quantum information",Code weight-distribution feasibility,8,24,T-EG203-subgroup-obstruction-calculus,Subgroup obstruction calculus,STRUCTURE,"Matches signals: exact linear constraints; OMT; character sums; design links. Technique action: Local obstruction at modulus d = subgroup-membership in Gamma_d=<2,3> subset (Z/d)*; exact densities + Fourier via character annihilator."
SHAPE-079,"Coding theory, packing, and quantum information",Code weight-distribution feasibility,9,22,T-COMMON-z3-omt-exact-optimizer,Z3 SMT/OMT exact optimizer,SEARCH,"Matches signals: exact linear constraints; OMT; character sums; design links. Technique action: Model a decision as booleans + linear pseudo-boolean constraints with a rational-weighted objective; Optimize().maximize() returns a certified bound, not a heuristic guess."
SHAPE-079,"Coding theory, packing, and quantum information",Code weight-distribution feasibility,10,20,T-GRAHAM-arbitrary-parameter-generalization,Arbitrary-parameter generalization,VERIFY,Matches signals: exact linear constraints; OMT; character sums; design links. Technique action: Parameterize over the index (p:Nat with [Fact p.Prime]) instead of one hardcoded instance; MUST re-verify each specialization reproduces its original axiom signature.
SHAPE-079,"Coding theory, packing, and quantum information",Code weight-distribution feasibility,11,20,T-EG203-bounded-witness-certificate-machinery,Bounded witness / certificate machinery (m<=1e6 kernel closure),SEARCH,"Matches signals: exact linear constraints; OMT; character sums; design links. Technique action: Every ordinary m<=1e6 has a kernel-checked prime witness V(m,k,l), k+l<=13, in Lean (lake build exit 0)."
SHAPE-079,"Coding theory, packing, and quantum information",Code weight-distribution feasibility,12,20,T-EG203-matroid-lifting-poisson-binomial,Matroid lifting + Poisson-binomial exact distribution,ANALYSIS,Matches signals: exact linear constraints; OMT; character sums; design links. Technique action: Local obstruction indicators = independent Bernoullis (Poisson-binomial); Kummer log rows = representable matroid over F_ell; prime-power lift = Wieferich map.
SHAPE-080,"Coding theory, packing, and quantum information","Frame, paving, and finite operator partition problems",1,54,T-COMMON-checker-soundness-trust-contract,Checker + soundness-theorem + sample-witness trust contract,VERIFY,"Matches signals: interlacing polynomials; SAT/SDP; spectral bounds; exact checker. Technique action: A decidable predicate proven sound with axiom footprint exactly [propext, Classical.choice, Quot.sound]; native_decide only on sample witnesses, not the soundness theorem. Separates what the TRUTH depends on from what was TRUSTED to check it."
SHAPE-080,"Coding theory, packing, and quantum information","Frame, paving, and finite operator partition problems",2,45,T-GRAHAM-packed-certificate-generic-checker,Packed-certificate + one generic checker,VERIFY,"Matches signals: interlacing polynomials; SAT/SDP; spectral bounds; exact checker. Technique action: Encode each witness as packed data; prove ONE soundness theorem (checkWitness_sound); each concrete witness then costs one native_decide, not a new proof (theorem count stayed 1 across 60K-765K witnesses)."
SHAPE-080,"Coding theory, packing, and quantum information","Frame, paving, and finite operator partition problems",3,40,T-GRAHAM-independent-multi-checker-crosscheck,Independent multi-checker cross-check (Go / Python / EPCE),VERIFY,"Matches signals: interlacing polynomials; SAT/SDP; spectral bounds; exact checker. Technique action: Every witness re-verified by two methodologically-distinct checkers (Go recompute + Python orbit-accounting) plus a third EPCE checker (H01/H06 verifyDistinctPartialSums); 1.64M witnesses, 0 disagreements."
SHAPE-080,"Coding theory, packing, and quantum information","Frame, paving, and finite operator partition problems",4,27,T-EG411-from-scratch-hostile-reenumeration,From-scratch hostile re-enumeration,VERIFY,"Matches signals: interlacing polynomials; SAT/SDP; spectral bounds; exact checker. Technique action: Independent sieve + Brent-rho, NO chain filtering (strictly more permissive), 17.96B candidates; reproduced the exact omega=7 census, 0 solutions."
SHAPE-080,"Coding theory, packing, and quantum information","Frame, paving, and finite operator partition problems",5,26,T-GRAHAM-jigsaw-cost-density-predictor,JIGSAW cost-density predictor,SEARCH,"Matches signals: interlacing polynomials; SAT/SDP; spectral bounds; exact checker. Technique action: Fits cost-per-orbit-representative as a power law in subset density (ms_per_orbit=a*density^b), re-reading real evidence on every invocation so the fit self-recalibrates; self-reports its own error band."
SHAPE-080,"Coding theory, packing, and quantum information","Frame, paving, and finite operator partition problems",6,25,T-835-steiner-exact-cover-sat-solver,"Steiner system S(t,k,v) exact-cover/SAT solver",SEARCH,"Matches signals: interlacing polynomials; SAT/SDP; spectral bounds; exact checker. Technique action: From-scratch exact-cover/SAT for S(t,k,v) existence (pysat CardEnc + Z3 dual backends, independent brute-force verifier, cyclic-automorphism reduction)."
SHAPE-080,"Coding theory, packing, and quantum information","Frame, paving, and finite operator partition problems",7,25,T-EG203-subgroup-obstruction-calculus,Subgroup obstruction calculus,STRUCTURE,"Matches signals: interlacing polynomials; SAT/SDP; spectral bounds; exact checker. Technique action: Local obstruction at modulus d = subgroup-membership in Gamma_d=<2,3> subset (Z/d)*; exact densities + Fourier via character annihilator."
SHAPE-080,"Coding theory, packing, and quantum information","Frame, paving, and finite operator partition problems",8,24,T-GRAHAM-multiplicative-orbit-reduction,Multiplicative-orbit reduction,STRUCTURE,Matches signals: interlacing polynomials; SAT/SDP; spectral bounds; exact checker. Technique action: Quotient the search space by the group's multiplicative action on itself; solve once per canonical orbit representative (Z_43: 6.2M raw subsets -> 148K representatives).
SHAPE-080,"Coding theory, packing, and quantum information","Frame, paving, and finite operator partition problems",9,21,T-PRIMEGAP-hardy-littlewood-admissibility-closed-form,Hardy-Littlewood admissibility closed forms (Lean),ANALYSIS,"Matches signals: interlacing polynomials; SAT/SDP; spectral bounds; exact checker. Technique action: Closed-form HL admissibility fractions for prime k-constellations (k=3:7/36, k=4:5/72, k=5:18631/810000); 59 Lean theorems, 0 sorry."
SHAPE-080,"Coding theory, packing, and quantum information","Frame, paving, and finite operator partition problems",10,20,T-GRAHAM-arbitrary-parameter-generalization,Arbitrary-parameter generalization,VERIFY,Matches signals: interlacing polynomials; SAT/SDP; spectral bounds; exact checker. Technique action: Parameterize over the index (p:Nat with [Fact p.Prime]) instead of one hardcoded instance; MUST re-verify each specialization reproduces its original axiom signature.
SHAPE-080,"Coding theory, packing, and quantum information","Frame, paving, and finite operator partition problems",11,20,T-EG203-kummer-cut-gap-bounds,Kummer cut-gap bounds,ANALYSIS,Matches signals: interlacing polynomials; SAT/SDP; spectral bounds; exact checker. Technique action: Collision excess controlled by the minimum weighted cocircuit Lambda_* of the Kummer matroid.
SHAPE-080,"Coding theory, packing, and quantum information","Frame, paving, and finite operator partition problems",12,20,T-EG203-bounded-witness-certificate-machinery,Bounded witness / certificate machinery (m<=1e6 kernel closure),SEARCH,"Matches signals: interlacing polynomials; SAT/SDP; spectral bounds; exact checker. Technique action: Every ordinary m<=1e6 has a kernel-checked prime witness V(m,k,l), k+l<=13, in Lean (lake build exit 0)."
SHAPE-081,"Topology, knots, and manifolds",Unknown knot invariant values in bounded crossing tables,1,60,T-COMMON-checker-soundness-trust-contract,Checker + soundness-theorem + sample-witness trust contract,VERIFY,"Matches signals: KnotInfo anomaly scan; diagram search; integer programming; independent invariants. Technique action: A decidable predicate proven sound with axiom footprint exactly [propext, Classical.choice, Quot.sound]; native_decide only on sample witnesses, not the soundness theorem. Separates what the TRUTH depends on from what was TRUSTED to check it."
SHAPE-081,"Topology, knots, and manifolds",Unknown knot invariant values in bounded crossing tables,2,52,T-GRAHAM-independent-multi-checker-crosscheck,Independent multi-checker cross-check (Go / Python / EPCE),VERIFY,"Matches signals: KnotInfo anomaly scan; diagram search; integer programming; independent invariants. Technique action: Every witness re-verified by two methodologically-distinct checkers (Go recompute + Python orbit-accounting) plus a third EPCE checker (H01/H06 verifyDistinctPartialSums); 1.64M witnesses, 0 disagreements."
SHAPE-081,"Topology, knots, and manifolds",Unknown knot invariant values in bounded crossing tables,3,50,T-GRAHAM-packed-certificate-generic-checker,Packed-certificate + one generic checker,VERIFY,"Matches signals: KnotInfo anomaly scan; diagram search; integer programming; independent invariants. Technique action: Encode each witness as packed data; prove ONE soundness theorem (checkWitness_sound); each concrete witness then costs one native_decide, not a new proof (theorem count stayed 1 across 60K-765K witnesses)."
SHAPE-081,"Topology, knots, and manifolds",Unknown knot invariant values in bounded crossing tables,4,39,T-EG411-from-scratch-hostile-reenumeration,From-scratch hostile re-enumeration,VERIFY,"Matches signals: KnotInfo anomaly scan; diagram search; integer programming; independent invariants. Technique action: Independent sieve + Brent-rho, NO chain filtering (strictly more permissive), 17.96B candidates; reproduced the exact omega=7 census, 0 solutions."
SHAPE-081,"Topology, knots, and manifolds",Unknown knot invariant values in bounded crossing tables,5,28,T-GRAHAM-jigsaw-cost-density-predictor,JIGSAW cost-density predictor,SEARCH,"Matches signals: KnotInfo anomaly scan; diagram search; integer programming; independent invariants. Technique action: Fits cost-per-orbit-representative as a power law in subset density (ms_per_orbit=a*density^b), re-reading real evidence on every invocation so the fit self-recalibrates; self-reports its own error band."
SHAPE-081,"Topology, knots, and manifolds",Unknown knot invariant values in bounded crossing tables,6,25,T-EG203-prime-witness-scale-ladder,Prime-witness scale ladder + adversarial checking,SEARCH,"Matches signals: KnotInfo anomaly scan; diagram search; integer programming; independent invariants. Technique action: Kernel-verified prime witnesses continuously 10^0 -> 10^19 (max 20-digit prime); evidence, not universal."
SHAPE-081,"Topology, knots, and manifolds",Unknown knot invariant values in bounded crossing tables,7,24,T-835-steiner-exact-cover-sat-solver,"Steiner system S(t,k,v) exact-cover/SAT solver",SEARCH,"Matches signals: KnotInfo anomaly scan; diagram search; integer programming; independent invariants. Technique action: From-scratch exact-cover/SAT for S(t,k,v) existence (pysat CardEnc + Z3 dual backends, independent brute-force verifier, cyclic-automorphism reduction)."
SHAPE-081,"Topology, knots, and manifolds",Unknown knot invariant values in bounded crossing tables,8,23,T-GRAHAM-multiplicative-orbit-reduction,Multiplicative-orbit reduction,STRUCTURE,Matches signals: KnotInfo anomaly scan; diagram search; integer programming; independent invariants. Technique action: Quotient the search space by the group's multiplicative action on itself; solve once per canonical orbit representative (Z_43: 6.2M raw subsets -> 148K representatives).
SHAPE-081,"Topology, knots, and manifolds",Unknown knot invariant values in bounded crossing tables,9,21,T-EG203-crt-coherence-brute-force,CRT coherence brute-force,ANALYSIS,Matches signals: KnotInfo anomaly scan; diagram search; integer programming; independent invariants. Technique action: Compute coherence invariant C_b(P)=max_m covered-cell fraction; a cover iff =1.
SHAPE-081,"Topology, knots, and manifolds",Unknown knot invariant values in bounded crossing tables,10,19,T-GRAHAM-arbitrary-parameter-generalization,Arbitrary-parameter generalization,VERIFY,Matches signals: KnotInfo anomaly scan; diagram search; integer programming; independent invariants. Technique action: Parameterize over the index (p:Nat with [Fact p.Prime]) instead of one hardcoded instance; MUST re-verify each specialization reproduces its original axiom signature.
SHAPE-081,"Topology, knots, and manifolds",Unknown knot invariant values in bounded crossing tables,11,19,T-EG411-omega-ladder-case-exhaustion,Omega-ladder case-exhaustion (kill-trees),SEARCH,"Matches signals: KnotInfo anomaly scan; diagram search; integer programming; independent invariants. Technique action: Enumerate all squarefree factor-configs at fixed omega via node algebra A=3*prod(p-1), B=2*prod p; solve terminal j=2 pairs; omega=5/6/7 config spaces all EMPTY."
SHAPE-081,"Topology, knots, and manifolds",Unknown knot invariant values in bounded crossing tables,12,19,T-EG203-bounded-witness-certificate-machinery,Bounded witness / certificate machinery (m<=1e6 kernel closure),SEARCH,"Matches signals: KnotInfo anomaly scan; diagram search; integer programming; independent invariants. Technique action: Every ordinary m<=1e6 has a kernel-checked prime witness V(m,k,l), k+l<=13, in Lean (lake build exit 0)."
SHAPE-082,"Topology, knots, and manifolds",Small-knot counterexample mining,1,62,T-COMMON-checker-soundness-trust-contract,Checker + soundness-theorem + sample-witness trust contract,VERIFY,"Matches signals: canonical diagrams; SAT/normal surfaces; invariant filters; hostile verifier. Technique action: A decidable predicate proven sound with axiom footprint exactly [propext, Classical.choice, Quot.sound]; native_decide only on sample witnesses, not the soundness theorem. Separates what the TRUTH depends on from what was TRUSTED to check it."
SHAPE-082,"Topology, knots, and manifolds",Small-knot counterexample mining,2,56,T-GRAHAM-independent-multi-checker-crosscheck,Independent multi-checker cross-check (Go / Python / EPCE),VERIFY,"Matches signals: canonical diagrams; SAT/normal surfaces; invariant filters; hostile verifier. Technique action: Every witness re-verified by two methodologically-distinct checkers (Go recompute + Python orbit-accounting) plus a third EPCE checker (H01/H06 verifyDistinctPartialSums); 1.64M witnesses, 0 disagreements."
SHAPE-082,"Topology, knots, and manifolds",Small-knot counterexample mining,3,52,T-GRAHAM-packed-certificate-generic-checker,Packed-certificate + one generic checker,VERIFY,"Matches signals: canonical diagrams; SAT/normal surfaces; invariant filters; hostile verifier. Technique action: Encode each witness as packed data; prove ONE soundness theorem (checkWitness_sound); each concrete witness then costs one native_decide, not a new proof (theorem count stayed 1 across 60K-765K witnesses)."
SHAPE-082,"Topology, knots, and manifolds",Small-knot counterexample mining,4,42,T-EG411-from-scratch-hostile-reenumeration,From-scratch hostile re-enumeration,VERIFY,"Matches signals: canonical diagrams; SAT/normal surfaces; invariant filters; hostile verifier. Technique action: Independent sieve + Brent-rho, NO chain filtering (strictly more permissive), 17.96B candidates; reproduced the exact omega=7 census, 0 solutions."
SHAPE-082,"Topology, knots, and manifolds",Small-knot counterexample mining,5,27,T-GRAHAM-jigsaw-cost-density-predictor,JIGSAW cost-density predictor,SEARCH,"Matches signals: canonical diagrams; SAT/normal surfaces; invariant filters; hostile verifier. Technique action: Fits cost-per-orbit-representative as a power law in subset density (ms_per_orbit=a*density^b), re-reading real evidence on every invocation so the fit self-recalibrates; self-reports its own error band."
SHAPE-082,"Topology, knots, and manifolds",Small-knot counterexample mining,6,26,T-EG203-prime-witness-scale-ladder,Prime-witness scale ladder + adversarial checking,SEARCH,"Matches signals: canonical diagrams; SAT/normal surfaces; invariant filters; hostile verifier. Technique action: Kernel-verified prime witnesses continuously 10^0 -> 10^19 (max 20-digit prime); evidence, not universal."
SHAPE-082,"Topology, knots, and manifolds",Small-knot counterexample mining,7,25,T-835-steiner-exact-cover-sat-solver,"Steiner system S(t,k,v) exact-cover/SAT solver",SEARCH,"Matches signals: canonical diagrams; SAT/normal surfaces; invariant filters; hostile verifier. Technique action: From-scratch exact-cover/SAT for S(t,k,v) existence (pysat CardEnc + Z3 dual backends, independent brute-force verifier, cyclic-automorphism reduction)."
SHAPE-082,"Topology, knots, and manifolds",Small-knot counterexample mining,8,24,T-EG203-bounded-witness-certificate-machinery,Bounded witness / certificate machinery (m<=1e6 kernel closure),SEARCH,"Matches signals: canonical diagrams; SAT/normal surfaces; invariant filters; hostile verifier. Technique action: Every ordinary m<=1e6 has a kernel-checked prime witness V(m,k,l), k+l<=13, in Lean (lake build exit 0)."
SHAPE-082,"Topology, knots, and manifolds",Small-knot counterexample mining,9,24,T-GRAHAM-multiplicative-orbit-reduction,Multiplicative-orbit reduction,STRUCTURE,Matches signals: canonical diagrams; SAT/normal surfaces; invariant filters; hostile verifier. Technique action: Quotient the search space by the group's multiplicative action on itself; solve once per canonical orbit representative (Z_43: 6.2M raw subsets -> 148K representatives).
SHAPE-082,"Topology, knots, and manifolds",Small-knot counterexample mining,10,20,T-GRAHAM-arbitrary-parameter-generalization,Arbitrary-parameter generalization,VERIFY,Matches signals: canonical diagrams; SAT/normal surfaces; invariant filters; hostile verifier. Technique action: Parameterize over the index (p:Nat with [Fact p.Prime]) instead of one hardcoded instance; MUST re-verify each specialization reproduces its original axiom signature.
SHAPE-082,"Topology, knots, and manifolds",Small-knot counterexample mining,11,20,T-EG203-moment-laws,Moment laws (Lean-verified),ANALYSIS,"Matches signals: canonical diagrams; SAT/normal surfaces; invariant filters; hostile verifier. Technique action: Exact k-th moment / mean-zero / second-moment identities for the local obstruction (sum_delta_eq_zero, third_moment_vanishes_iff_half_cover, ...)."
SHAPE-082,"Topology, knots, and manifolds",Small-knot counterexample mining,12,19,T-EG203-crt-coherence-brute-force,CRT coherence brute-force,ANALYSIS,Matches signals: canonical diagrams; SAT/normal surfaces; invariant filters; hostile verifier. Technique action: Compute coherence invariant C_b(P)=max_m covered-cell fraction; a cover iff =1.
SHAPE-083,"Topology, knots, and manifolds",Knot concordance and sliceness classifications,1,60,T-COMMON-checker-soundness-trust-contract,Checker + soundness-theorem + sample-witness trust contract,VERIFY,"Matches signals: database joins; exact algebra; lattice embeddings; certificate bundle. Technique action: A decidable predicate proven sound with axiom footprint exactly [propext, Classical.choice, Quot.sound]; native_decide only on sample witnesses, not the soundness theorem. Separates what the TRUTH depends on from what was TRUSTED to check it."
SHAPE-083,"Topology, knots, and manifolds",Knot concordance and sliceness classifications,2,51,T-GRAHAM-packed-certificate-generic-checker,Packed-certificate + one generic checker,VERIFY,"Matches signals: database joins; exact algebra; lattice embeddings; certificate bundle. Technique action: Encode each witness as packed data; prove ONE soundness theorem (checkWitness_sound); each concrete witness then costs one native_decide, not a new proof (theorem count stayed 1 across 60K-765K witnesses)."
SHAPE-083,"Topology, knots, and manifolds",Knot concordance and sliceness classifications,3,50,T-GRAHAM-independent-multi-checker-crosscheck,Independent multi-checker cross-check (Go / Python / EPCE),VERIFY,"Matches signals: database joins; exact algebra; lattice embeddings; certificate bundle. Technique action: Every witness re-verified by two methodologically-distinct checkers (Go recompute + Python orbit-accounting) plus a third EPCE checker (H01/H06 verifyDistinctPartialSums); 1.64M witnesses, 0 disagreements."
SHAPE-083,"Topology, knots, and manifolds",Knot concordance and sliceness classifications,4,37,T-EG411-from-scratch-hostile-reenumeration,From-scratch hostile re-enumeration,VERIFY,"Matches signals: database joins; exact algebra; lattice embeddings; certificate bundle. Technique action: Independent sieve + Brent-rho, NO chain filtering (strictly more permissive), 17.96B candidates; reproduced the exact omega=7 census, 0 solutions."
SHAPE-083,"Topology, knots, and manifolds",Knot concordance and sliceness classifications,5,27,T-GRAHAM-jigsaw-cost-density-predictor,JIGSAW cost-density predictor,SEARCH,"Matches signals: database joins; exact algebra; lattice embeddings; certificate bundle. Technique action: Fits cost-per-orbit-representative as a power law in subset density (ms_per_orbit=a*density^b), re-reading real evidence on every invocation so the fit self-recalibrates; self-reports its own error band."
SHAPE-083,"Topology, knots, and manifolds",Knot concordance and sliceness classifications,6,25,T-EG203-prime-witness-scale-ladder,Prime-witness scale ladder + adversarial checking,SEARCH,"Matches signals: database joins; exact algebra; lattice embeddings; certificate bundle. Technique action: Kernel-verified prime witnesses continuously 10^0 -> 10^19 (max 20-digit prime); evidence, not universal."
SHAPE-083,"Topology, knots, and manifolds",Knot concordance and sliceness classifications,7,24,T-GRAHAM-multiplicative-orbit-reduction,Multiplicative-orbit reduction,STRUCTURE,Matches signals: database joins; exact algebra; lattice embeddings; certificate bundle. Technique action: Quotient the search space by the group's multiplicative action on itself; solve once per canonical orbit representative (Z_43: 6.2M raw subsets -> 148K representatives).
SHAPE-083,"Topology, knots, and manifolds",Knot concordance and sliceness classifications,8,23,T-835-steiner-exact-cover-sat-solver,"Steiner system S(t,k,v) exact-cover/SAT solver",SEARCH,"Matches signals: database joins; exact algebra; lattice embeddings; certificate bundle. Technique action: From-scratch exact-cover/SAT for S(t,k,v) existence (pysat CardEnc + Z3 dual backends, independent brute-force verifier, cyclic-automorphism reduction)."
SHAPE-083,"Topology, knots, and manifolds",Knot concordance and sliceness classifications,9,21,T-EG411-omega-ladder-case-exhaustion,Omega-ladder case-exhaustion (kill-trees),SEARCH,"Matches signals: database joins; exact algebra; lattice embeddings; certificate bundle. Technique action: Enumerate all squarefree factor-configs at fixed omega via node algebra A=3*prod(p-1), B=2*prod p; solve terminal j=2 pairs; omega=5/6/7 config spaces all EMPTY."
SHAPE-083,"Topology, knots, and manifolds",Knot concordance and sliceness classifications,10,20,T-EG203-gamma-fiber-local-density,Gamma-fiber local density companion,ANALYSIS,Matches signals: database joins; exact algebra; lattice embeddings; certificate bundle. Technique action: Exact Gamma-fiber local density + prime-power Hensel companion computation.
SHAPE-083,"Topology, knots, and manifolds",Knot concordance and sliceness classifications,11,19,T-GRAHAM-arbitrary-parameter-generalization,Arbitrary-parameter generalization,VERIFY,Matches signals: database joins; exact algebra; lattice embeddings; certificate bundle. Technique action: Parameterize over the index (p:Nat with [Fact p.Prime]) instead of one hardcoded instance; MUST re-verify each specialization reproduces its original axiom signature.
SHAPE-083,"Topology, knots, and manifolds",Knot concordance and sliceness classifications,12,19,T-EG203-bounded-witness-certificate-machinery,Bounded witness / certificate machinery (m<=1e6 kernel closure),SEARCH,"Matches signals: database joins; exact algebra; lattice embeddings; certificate bundle. Technique action: Every ordinary m<=1e6 has a kernel-checked prime witness V(m,k,l), k+l<=13, in Lean (lake build exit 0)."
SHAPE-084,"Topology, knots, and manifolds",3-manifold census property completion,1,59,T-COMMON-checker-soundness-trust-contract,Checker + soundness-theorem + sample-witness trust contract,VERIFY,"Matches signals: normal surface algorithms; interval hyperbolic geometry; database anomaly mining; verifier. Technique action: A decidable predicate proven sound with axiom footprint exactly [propext, Classical.choice, Quot.sound]; native_decide only on sample witnesses, not the soundness theorem. Separates what the TRUTH depends on from what was TRUSTED to check it."
SHAPE-084,"Topology, knots, and manifolds",3-manifold census property completion,2,52,T-GRAHAM-independent-multi-checker-crosscheck,Independent multi-checker cross-check (Go / Python / EPCE),VERIFY,"Matches signals: normal surface algorithms; interval hyperbolic geometry; database anomaly mining; verifier. Technique action: Every witness re-verified by two methodologically-distinct checkers (Go recompute + Python orbit-accounting) plus a third EPCE checker (H01/H06 verifyDistinctPartialSums); 1.64M witnesses, 0 disagreements."
SHAPE-084,"Topology, knots, and manifolds",3-manifold census property completion,3,49,T-GRAHAM-packed-certificate-generic-checker,Packed-certificate + one generic checker,VERIFY,"Matches signals: normal surface algorithms; interval hyperbolic geometry; database anomaly mining; verifier. Technique action: Encode each witness as packed data; prove ONE soundness theorem (checkWitness_sound); each concrete witness then costs one native_decide, not a new proof (theorem count stayed 1 across 60K-765K witnesses)."
SHAPE-084,"Topology, knots, and manifolds",3-manifold census property completion,4,39,T-EG411-from-scratch-hostile-reenumeration,From-scratch hostile re-enumeration,VERIFY,"Matches signals: normal surface algorithms; interval hyperbolic geometry; database anomaly mining; verifier. Technique action: Independent sieve + Brent-rho, NO chain filtering (strictly more permissive), 17.96B candidates; reproduced the exact omega=7 census, 0 solutions."
SHAPE-084,"Topology, knots, and manifolds",3-manifold census property completion,5,27,T-GRAHAM-jigsaw-cost-density-predictor,JIGSAW cost-density predictor,SEARCH,"Matches signals: normal surface algorithms; interval hyperbolic geometry; database anomaly mining; verifier. Technique action: Fits cost-per-orbit-representative as a power law in subset density (ms_per_orbit=a*density^b), re-reading real evidence on every invocation so the fit self-recalibrates; self-reports its own error band."
SHAPE-084,"Topology, knots, and manifolds",3-manifold census property completion,6,24,T-EG203-prime-witness-scale-ladder,Prime-witness scale ladder + adversarial checking,SEARCH,"Matches signals: normal surface algorithms; interval hyperbolic geometry; database anomaly mining; verifier. Technique action: Kernel-verified prime witnesses continuously 10^0 -> 10^19 (max 20-digit prime); evidence, not universal."
SHAPE-084,"Topology, knots, and manifolds",3-manifold census property completion,7,24,T-835-steiner-exact-cover-sat-solver,"Steiner system S(t,k,v) exact-cover/SAT solver",SEARCH,"Matches signals: normal surface algorithms; interval hyperbolic geometry; database anomaly mining; verifier. Technique action: From-scratch exact-cover/SAT for S(t,k,v) existence (pysat CardEnc + Z3 dual backends, independent brute-force verifier, cyclic-automorphism reduction)."
SHAPE-084,"Topology, knots, and manifolds",3-manifold census property completion,8,22,T-GRAHAM-multiplicative-orbit-reduction,Multiplicative-orbit reduction,STRUCTURE,Matches signals: normal surface algorithms; interval hyperbolic geometry; database anomaly mining; verifier. Technique action: Quotient the search space by the group's multiplicative action on itself; solve once per canonical orbit representative (Z_43: 6.2M raw subsets -> 148K representatives).
SHAPE-084,"Topology, knots, and manifolds",3-manifold census property completion,9,20,T-EG203-bounded-witness-certificate-machinery,Bounded witness / certificate machinery (m<=1e6 kernel closure),SEARCH,"Matches signals: normal surface algorithms; interval hyperbolic geometry; database anomaly mining; verifier. Technique action: Every ordinary m<=1e6 has a kernel-checked prime witness V(m,k,l), k+l<=13, in Lean (lake build exit 0)."
SHAPE-084,"Topology, knots, and manifolds",3-manifold census property completion,10,19,T-GRAHAM-arbitrary-parameter-generalization,Arbitrary-parameter generalization,VERIFY,Matches signals: normal surface algorithms; interval hyperbolic geometry; database anomaly mining; verifier. Technique action: Parameterize over the index (p:Nat with [Fact p.Prime]) instead of one hardcoded instance; MUST re-verify each specialization reproduces its original axiom signature.
SHAPE-084,"Topology, knots, and manifolds",3-manifold census property completion,11,19,T-EG411-omega-ladder-case-exhaustion,Omega-ladder case-exhaustion (kill-trees),SEARCH,"Matches signals: normal surface algorithms; interval hyperbolic geometry; database anomaly mining; verifier. Technique action: Enumerate all squarefree factor-configs at fixed omega via node algebra A=3*prod(p-1), B=2*prod p; solve terminal j=2 pairs; omega=5/6/7 config spaces all EMPTY."
SHAPE-084,"Topology, knots, and manifolds",3-manifold census property completion,12,18,T-GRAHAM-minimal-lean-imports,Minimal Lean imports,VERIFY,"Matches signals: normal surface algorithms; interval hyperbolic geometry; database anomaly mining; verifier. Technique action: Audit real tactic usage against actual Mathlib/Lean-core source; replace blanket import Mathlib.Tactic with only used tactic files (45.7% smaller closure, ~6% when a heavy import already dominates)."
SHAPE-085,"Topology, knots, and manifolds",Minimal triangulations and complexity,1,61,T-COMMON-checker-soundness-trust-contract,Checker + soundness-theorem + sample-witness trust contract,VERIFY,"Matches signals: canonical triangulation generation; Pachner search; integer constraints; certificate. Technique action: A decidable predicate proven sound with axiom footprint exactly [propext, Classical.choice, Quot.sound]; native_decide only on sample witnesses, not the soundness theorem. Separates what the TRUTH depends on from what was TRUSTED to check it."
SHAPE-085,"Topology, knots, and manifolds",Minimal triangulations and complexity,2,52,T-GRAHAM-packed-certificate-generic-checker,Packed-certificate + one generic checker,VERIFY,"Matches signals: canonical triangulation generation; Pachner search; integer constraints; certificate. Technique action: Encode each witness as packed data; prove ONE soundness theorem (checkWitness_sound); each concrete witness then costs one native_decide, not a new proof (theorem count stayed 1 across 60K-765K witnesses)."
SHAPE-085,"Topology, knots, and manifolds",Minimal triangulations and complexity,3,50,T-GRAHAM-independent-multi-checker-crosscheck,Independent multi-checker cross-check (Go / Python / EPCE),VERIFY,"Matches signals: canonical triangulation generation; Pachner search; integer constraints; certificate. Technique action: Every witness re-verified by two methodologically-distinct checkers (Go recompute + Python orbit-accounting) plus a third EPCE checker (H01/H06 verifyDistinctPartialSums); 1.64M witnesses, 0 disagreements."
SHAPE-085,"Topology, knots, and manifolds",Minimal triangulations and complexity,4,38,T-EG411-from-scratch-hostile-reenumeration,From-scratch hostile re-enumeration,VERIFY,"Matches signals: canonical triangulation generation; Pachner search; integer constraints; certificate. Technique action: Independent sieve + Brent-rho, NO chain filtering (strictly more permissive), 17.96B candidates; reproduced the exact omega=7 census, 0 solutions."
SHAPE-085,"Topology, knots, and manifolds",Minimal triangulations and complexity,5,27,T-EG203-prime-witness-scale-ladder,Prime-witness scale ladder + adversarial checking,SEARCH,"Matches signals: canonical triangulation generation; Pachner search; integer constraints; certificate. Technique action: Kernel-verified prime witnesses continuously 10^0 -> 10^19 (max 20-digit prime); evidence, not universal."
SHAPE-085,"Topology, knots, and manifolds",Minimal triangulations and complexity,6,26,T-GRAHAM-jigsaw-cost-density-predictor,JIGSAW cost-density predictor,SEARCH,"Matches signals: canonical triangulation generation; Pachner search; integer constraints; certificate. Technique action: Fits cost-per-orbit-representative as a power law in subset density (ms_per_orbit=a*density^b), re-reading real evidence on every invocation so the fit self-recalibrates; self-reports its own error band."
SHAPE-085,"Topology, knots, and manifolds",Minimal triangulations and complexity,7,25,T-GRAHAM-multiplicative-orbit-reduction,Multiplicative-orbit reduction,STRUCTURE,Matches signals: canonical triangulation generation; Pachner search; integer constraints; certificate. Technique action: Quotient the search space by the group's multiplicative action on itself; solve once per canonical orbit representative (Z_43: 6.2M raw subsets -> 148K representatives).
SHAPE-085,"Topology, knots, and manifolds",Minimal triangulations and complexity,8,24,T-835-steiner-exact-cover-sat-solver,"Steiner system S(t,k,v) exact-cover/SAT solver",SEARCH,"Matches signals: canonical triangulation generation; Pachner search; integer constraints; certificate. Technique action: From-scratch exact-cover/SAT for S(t,k,v) existence (pysat CardEnc + Z3 dual backends, independent brute-force verifier, cyclic-automorphism reduction)."
SHAPE-085,"Topology, knots, and manifolds",Minimal triangulations and complexity,9,21,T-EG203-bounded-witness-certificate-machinery,Bounded witness / certificate machinery (m<=1e6 kernel closure),SEARCH,"Matches signals: canonical triangulation generation; Pachner search; integer constraints; certificate. Technique action: Every ordinary m<=1e6 has a kernel-checked prime witness V(m,k,l), k+l<=13, in Lean (lake build exit 0)."
SHAPE-085,"Topology, knots, and manifolds",Minimal triangulations and complexity,10,21,T-EG411-omega-ladder-case-exhaustion,Omega-ladder case-exhaustion (kill-trees),SEARCH,"Matches signals: canonical triangulation generation; Pachner search; integer constraints; certificate. Technique action: Enumerate all squarefree factor-configs at fixed omega via node algebra A=3*prod(p-1), B=2*prod p; solve terminal j=2 pairs; omega=5/6/7 config spaces all EMPTY."
SHAPE-085,"Topology, knots, and manifolds",Minimal triangulations and complexity,11,20,T-GRAHAM-arbitrary-parameter-generalization,Arbitrary-parameter generalization,VERIFY,Matches signals: canonical triangulation generation; Pachner search; integer constraints; certificate. Technique action: Parameterize over the index (p:Nat with [Fact p.Prime]) instead of one hardcoded instance; MUST re-verify each specialization reproduces its original axiom signature.
SHAPE-085,"Topology, knots, and manifolds",Minimal triangulations and complexity,12,20,T-EG203-size5-density-union-bound,Size5 density / union bound,ANALYSIS,"Matches signals: canonical triangulation generation; Pachner search; integer constraints; certificate. Technique action: Any prime set covering the k=0 row needs |P|>=5; a 4-prime cover has sum 1/ord_p(3) <= 19/20 < 1 (Lean, axiom-clean)."
SHAPE-086,"Topology, knots, and manifolds",Surface embeddings and graph genus,1,60,T-COMMON-checker-soundness-trust-contract,Checker + soundness-theorem + sample-witness trust contract,VERIFY,"Matches signals: SAT/SMT; rotation systems; graph automorphisms; checker. Technique action: A decidable predicate proven sound with axiom footprint exactly [propext, Classical.choice, Quot.sound]; native_decide only on sample witnesses, not the soundness theorem. Separates what the TRUTH depends on from what was TRUSTED to check it."
SHAPE-086,"Topology, knots, and manifolds",Surface embeddings and graph genus,2,50,T-GRAHAM-independent-multi-checker-crosscheck,Independent multi-checker cross-check (Go / Python / EPCE),VERIFY,"Matches signals: SAT/SMT; rotation systems; graph automorphisms; checker. Technique action: Every witness re-verified by two methodologically-distinct checkers (Go recompute + Python orbit-accounting) plus a third EPCE checker (H01/H06 verifyDistinctPartialSums); 1.64M witnesses, 0 disagreements."
SHAPE-086,"Topology, knots, and manifolds",Surface embeddings and graph genus,3,50,T-GRAHAM-packed-certificate-generic-checker,Packed-certificate + one generic checker,VERIFY,"Matches signals: SAT/SMT; rotation systems; graph automorphisms; checker. Technique action: Encode each witness as packed data; prove ONE soundness theorem (checkWitness_sound); each concrete witness then costs one native_decide, not a new proof (theorem count stayed 1 across 60K-765K witnesses)."
SHAPE-086,"Topology, knots, and manifolds",Surface embeddings and graph genus,4,37,T-EG411-from-scratch-hostile-reenumeration,From-scratch hostile re-enumeration,VERIFY,"Matches signals: SAT/SMT; rotation systems; graph automorphisms; checker. Technique action: Independent sieve + Brent-rho, NO chain filtering (strictly more permissive), 17.96B candidates; reproduced the exact omega=7 census, 0 solutions."
SHAPE-086,"Topology, knots, and manifolds",Surface embeddings and graph genus,5,27,T-GRAHAM-jigsaw-cost-density-predictor,JIGSAW cost-density predictor,SEARCH,"Matches signals: SAT/SMT; rotation systems; graph automorphisms; checker. Technique action: Fits cost-per-orbit-representative as a power law in subset density (ms_per_orbit=a*density^b), re-reading real evidence on every invocation so the fit self-recalibrates; self-reports its own error band."
SHAPE-086,"Topology, knots, and manifolds",Surface embeddings and graph genus,6,27,T-835-steiner-exact-cover-sat-solver,"Steiner system S(t,k,v) exact-cover/SAT solver",SEARCH,"Matches signals: SAT/SMT; rotation systems; graph automorphisms; checker. Technique action: From-scratch exact-cover/SAT for S(t,k,v) existence (pysat CardEnc + Z3 dual backends, independent brute-force verifier, cyclic-automorphism reduction)."
SHAPE-086,"Topology, knots, and manifolds",Surface embeddings and graph genus,7,24,T-GRAHAM-multiplicative-orbit-reduction,Multiplicative-orbit reduction,STRUCTURE,Matches signals: SAT/SMT; rotation systems; graph automorphisms; checker. Technique action: Quotient the search space by the group's multiplicative action on itself; solve once per canonical orbit representative (Z_43: 6.2M raw subsets -> 148K representatives).
SHAPE-086,"Topology, knots, and manifolds",Surface embeddings and graph genus,8,23,T-EG203-prime-witness-scale-ladder,Prime-witness scale ladder + adversarial checking,SEARCH,"Matches signals: SAT/SMT; rotation systems; graph automorphisms; checker. Technique action: Kernel-verified prime witnesses continuously 10^0 -> 10^19 (max 20-digit prime); evidence, not universal."
SHAPE-086,"Topology, knots, and manifolds",Surface embeddings and graph genus,9,20,T-GRAHAM-arbitrary-parameter-generalization,Arbitrary-parameter generalization,VERIFY,Matches signals: SAT/SMT; rotation systems; graph automorphisms; checker. Technique action: Parameterize over the index (p:Nat with [Fact p.Prime]) instead of one hardcoded instance; MUST re-verify each specialization reproduces its original axiom signature.
SHAPE-086,"Topology, knots, and manifolds",Surface embeddings and graph genus,10,19,T-GRAHAM-minimal-lean-imports,Minimal Lean imports,VERIFY,"Matches signals: SAT/SMT; rotation systems; graph automorphisms; checker. Technique action: Audit real tactic usage against actual Mathlib/Lean-core source; replace blanket import Mathlib.Tactic with only used tactic files (45.7% smaller closure, ~6% when a heavy import already dominates)."
SHAPE-086,"Topology, knots, and manifolds",Surface embeddings and graph genus,11,19,T-EG203-moment-laws,Moment laws (Lean-verified),ANALYSIS,"Matches signals: SAT/SMT; rotation systems; graph automorphisms; checker. Technique action: Exact k-th moment / mean-zero / second-moment identities for the local obstruction (sum_delta_eq_zero, third_moment_vanishes_iff_half_cover, ...)."
SHAPE-086,"Topology, knots, and manifolds",Surface embeddings and graph genus,12,19,T-EG203-size5-density-union-bound,Size5 density / union bound,ANALYSIS,"Matches signals: SAT/SMT; rotation systems; graph automorphisms; checker. Technique action: Any prime set covering the k=0 row needs |P|>=5; a 4-prime cover has sum 1/ord_p(3) <= 19/20 < 1 (Lean, axiom-clean)."
SHAPE-087,"Topology, knots, and manifolds",Low-dimensional topology problem-list finite cases,1,65,T-COMMON-checker-soundness-trust-contract,Checker + soundness-theorem + sample-witness trust contract,VERIFY,"Matches signals: problem-gap extraction; exact search; group presentations; proof receipts. Technique action: A decidable predicate proven sound with axiom footprint exactly [propext, Classical.choice, Quot.sound]; native_decide only on sample witnesses, not the soundness theorem. Separates what the TRUTH depends on from what was TRUSTED to check it."
SHAPE-087,"Topology, knots, and manifolds",Low-dimensional topology problem-list finite cases,2,55,T-GRAHAM-packed-certificate-generic-checker,Packed-certificate + one generic checker,VERIFY,"Matches signals: problem-gap extraction; exact search; group presentations; proof receipts. Technique action: Encode each witness as packed data; prove ONE soundness theorem (checkWitness_sound); each concrete witness then costs one native_decide, not a new proof (theorem count stayed 1 across 60K-765K witnesses)."
SHAPE-087,"Topology, knots, and manifolds",Low-dimensional topology problem-list finite cases,3,50,T-GRAHAM-independent-multi-checker-crosscheck,Independent multi-checker cross-check (Go / Python / EPCE),VERIFY,"Matches signals: problem-gap extraction; exact search; group presentations; proof receipts. Technique action: Every witness re-verified by two methodologically-distinct checkers (Go recompute + Python orbit-accounting) plus a third EPCE checker (H01/H06 verifyDistinctPartialSums); 1.64M witnesses, 0 disagreements."
SHAPE-087,"Topology, knots, and manifolds",Low-dimensional topology problem-list finite cases,4,37,T-EG411-from-scratch-hostile-reenumeration,From-scratch hostile re-enumeration,VERIFY,"Matches signals: problem-gap extraction; exact search; group presentations; proof receipts. Technique action: Independent sieve + Brent-rho, NO chain filtering (strictly more permissive), 17.96B candidates; reproduced the exact omega=7 census, 0 solutions."
SHAPE-087,"Topology, knots, and manifolds",Low-dimensional topology problem-list finite cases,5,31,T-GRAHAM-multiplicative-orbit-reduction,Multiplicative-orbit reduction,STRUCTURE,Matches signals: problem-gap extraction; exact search; group presentations; proof receipts. Technique action: Quotient the search space by the group's multiplicative action on itself; solve once per canonical orbit representative (Z_43: 6.2M raw subsets -> 148K representatives).
SHAPE-087,"Topology, knots, and manifolds",Low-dimensional topology problem-list finite cases,6,29,T-EG203-prime-witness-scale-ladder,Prime-witness scale ladder + adversarial checking,SEARCH,"Matches signals: problem-gap extraction; exact search; group presentations; proof receipts. Technique action: Kernel-verified prime witnesses continuously 10^0 -> 10^19 (max 20-digit prime); evidence, not universal."
SHAPE-087,"Topology, knots, and manifolds",Low-dimensional topology problem-list finite cases,7,28,T-EG411-omega-ladder-case-exhaustion,Omega-ladder case-exhaustion (kill-trees),SEARCH,"Matches signals: problem-gap extraction; exact search; group presentations; proof receipts. Technique action: Enumerate all squarefree factor-configs at fixed omega via node algebra A=3*prod(p-1), B=2*prod p; solve terminal j=2 pairs; omega=5/6/7 config spaces all EMPTY."
SHAPE-087,"Topology, knots, and manifolds",Low-dimensional topology problem-list finite cases,8,27,T-EG203-bounded-witness-certificate-machinery,Bounded witness / certificate machinery (m<=1e6 kernel closure),SEARCH,"Matches signals: problem-gap extraction; exact search; group presentations; proof receipts. Technique action: Every ordinary m<=1e6 has a kernel-checked prime witness V(m,k,l), k+l<=13, in Lean (lake build exit 0)."
SHAPE-087,"Topology, knots, and manifolds",Low-dimensional topology problem-list finite cases,9,26,T-GRAHAM-jigsaw-cost-density-predictor,JIGSAW cost-density predictor,SEARCH,"Matches signals: problem-gap extraction; exact search; group presentations; proof receipts. Technique action: Fits cost-per-orbit-representative as a power law in subset density (ms_per_orbit=a*density^b), re-reading real evidence on every invocation so the fit self-recalibrates; self-reports its own error band."
SHAPE-087,"Topology, knots, and manifolds",Low-dimensional topology problem-list finite cases,10,24,T-EG203-moment-laws,Moment laws (Lean-verified),ANALYSIS,"Matches signals: problem-gap extraction; exact search; group presentations; proof receipts. Technique action: Exact k-th moment / mean-zero / second-moment identities for the local obstruction (sum_delta_eq_zero, third_moment_vanishes_iff_half_cover, ...)."
SHAPE-087,"Topology, knots, and manifolds",Low-dimensional topology problem-list finite cases,11,24,T-PRIMEGAP-hardy-littlewood-admissibility-closed-form,Hardy-Littlewood admissibility closed forms (Lean),ANALYSIS,"Matches signals: problem-gap extraction; exact search; group presentations; proof receipts. Technique action: Closed-form HL admissibility fractions for prime k-constellations (k=3:7/36, k=4:5/72, k=5:18631/810000); 59 Lean theorems, 0 sorry."
SHAPE-087,"Topology, knots, and manifolds",Low-dimensional topology problem-list finite cases,12,24,T-EG203-size5-density-union-bound,Size5 density / union bound,ANALYSIS,"Matches signals: problem-gap extraction; exact search; group presentations; proof receipts. Technique action: Any prime set covering the k=0 row needs |P|>=5; a 4-prime cover has sum 1/ord_p(3) <= 19/20 < 1 (Lean, axiom-clean)."
SHAPE-088,"Topology, knots, and manifolds",Homology and Floer invariant computation gaps,1,64,T-COMMON-checker-soundness-trust-contract,Checker + soundness-theorem + sample-witness trust contract,VERIFY,"Matches signals: exact chain complexes; sparse linear algebra; dual verifiers; sequence mining. Technique action: A decidable predicate proven sound with axiom footprint exactly [propext, Classical.choice, Quot.sound]; native_decide only on sample witnesses, not the soundness theorem. Separates what the TRUTH depends on from what was TRUSTED to check it."
SHAPE-088,"Topology, knots, and manifolds",Homology and Floer invariant computation gaps,2,59,T-GRAHAM-independent-multi-checker-crosscheck,Independent multi-checker cross-check (Go / Python / EPCE),VERIFY,"Matches signals: exact chain complexes; sparse linear algebra; dual verifiers; sequence mining. Technique action: Every witness re-verified by two methodologically-distinct checkers (Go recompute + Python orbit-accounting) plus a third EPCE checker (H01/H06 verifyDistinctPartialSums); 1.64M witnesses, 0 disagreements."
SHAPE-088,"Topology, knots, and manifolds",Homology and Floer invariant computation gaps,3,55,T-GRAHAM-packed-certificate-generic-checker,Packed-certificate + one generic checker,VERIFY,"Matches signals: exact chain complexes; sparse linear algebra; dual verifiers; sequence mining. Technique action: Encode each witness as packed data; prove ONE soundness theorem (checkWitness_sound); each concrete witness then costs one native_decide, not a new proof (theorem count stayed 1 across 60K-765K witnesses)."
SHAPE-088,"Topology, knots, and manifolds",Homology and Floer invariant computation gaps,4,47,T-EG411-from-scratch-hostile-reenumeration,From-scratch hostile re-enumeration,VERIFY,"Matches signals: exact chain complexes; sparse linear algebra; dual verifiers; sequence mining. Technique action: Independent sieve + Brent-rho, NO chain filtering (strictly more permissive), 17.96B candidates; reproduced the exact omega=7 census, 0 solutions."
SHAPE-088,"Topology, knots, and manifolds",Homology and Floer invariant computation gaps,5,29,T-GRAHAM-jigsaw-cost-density-predictor,JIGSAW cost-density predictor,SEARCH,"Matches signals: exact chain complexes; sparse linear algebra; dual verifiers; sequence mining. Technique action: Fits cost-per-orbit-representative as a power law in subset density (ms_per_orbit=a*density^b), re-reading real evidence on every invocation so the fit self-recalibrates; self-reports its own error band."
SHAPE-088,"Topology, knots, and manifolds",Homology and Floer invariant computation gaps,6,28,T-835-steiner-exact-cover-sat-solver,"Steiner system S(t,k,v) exact-cover/SAT solver",SEARCH,"Matches signals: exact chain complexes; sparse linear algebra; dual verifiers; sequence mining. Technique action: From-scratch exact-cover/SAT for S(t,k,v) existence (pysat CardEnc + Z3 dual backends, independent brute-force verifier, cyclic-automorphism reduction)."
SHAPE-088,"Topology, knots, and manifolds",Homology and Floer invariant computation gaps,7,28,T-EG203-prime-witness-scale-ladder,Prime-witness scale ladder + adversarial checking,SEARCH,"Matches signals: exact chain complexes; sparse linear algebra; dual verifiers; sequence mining. Technique action: Kernel-verified prime witnesses continuously 10^0 -> 10^19 (max 20-digit prime); evidence, not universal."
SHAPE-088,"Topology, knots, and manifolds",Homology and Floer invariant computation gaps,8,24,T-GRAHAM-multiplicative-orbit-reduction,Multiplicative-orbit reduction,STRUCTURE,Matches signals: exact chain complexes; sparse linear algebra; dual verifiers; sequence mining. Technique action: Quotient the search space by the group's multiplicative action on itself; solve once per canonical orbit representative (Z_43: 6.2M raw subsets -> 148K representatives).
SHAPE-088,"Topology, knots, and manifolds",Homology and Floer invariant computation gaps,9,21,T-EG411-omega-ladder-case-exhaustion,Omega-ladder case-exhaustion (kill-trees),SEARCH,"Matches signals: exact chain complexes; sparse linear algebra; dual verifiers; sequence mining. Technique action: Enumerate all squarefree factor-configs at fixed omega via node algebra A=3*prod(p-1), B=2*prod p; solve terminal j=2 pairs; omega=5/6/7 config spaces all EMPTY."
SHAPE-088,"Topology, knots, and manifolds",Homology and Floer invariant computation gaps,10,21,T-GRAHAM-arbitrary-parameter-generalization,Arbitrary-parameter generalization,VERIFY,Matches signals: exact chain complexes; sparse linear algebra; dual verifiers; sequence mining. Technique action: Parameterize over the index (p:Nat with [Fact p.Prime]) instead of one hardcoded instance; MUST re-verify each specialization reproduces its original axiom signature.
SHAPE-088,"Topology, knots, and manifolds",Homology and Floer invariant computation gaps,11,21,T-EG203-crt-coherence-brute-force,CRT coherence brute-force,ANALYSIS,Matches signals: exact chain complexes; sparse linear algebra; dual verifiers; sequence mining. Technique action: Compute coherence invariant C_b(P)=max_m covered-cell fraction; a cover iff =1.
SHAPE-088,"Topology, knots, and manifolds",Homology and Floer invariant computation gaps,12,20,T-EG203-bounded-witness-certificate-machinery,Bounded witness / certificate machinery (m<=1e6 kernel closure),SEARCH,"Matches signals: exact chain complexes; sparse linear algebra; dual verifiers; sequence mining. Technique action: Every ordinary m<=1e6 has a kernel-checked prime witness V(m,k,l), k+l<=13, in Lean (lake build exit 0)."
SHAPE-089,"Topology, knots, and manifolds",Braid and mapping-class optimization,1,60,T-COMMON-checker-soundness-trust-contract,Checker + soundness-theorem + sample-witness trust contract,VERIFY,"Matches signals: group normal forms; SMT; interval eigenvalues; orbit quotient. Technique action: A decidable predicate proven sound with axiom footprint exactly [propext, Classical.choice, Quot.sound]; native_decide only on sample witnesses, not the soundness theorem. Separates what the TRUTH depends on from what was TRUSTED to check it."
SHAPE-089,"Topology, knots, and manifolds",Braid and mapping-class optimization,2,50,T-GRAHAM-packed-certificate-generic-checker,Packed-certificate + one generic checker,VERIFY,"Matches signals: group normal forms; SMT; interval eigenvalues; orbit quotient. Technique action: Encode each witness as packed data; prove ONE soundness theorem (checkWitness_sound); each concrete witness then costs one native_decide, not a new proof (theorem count stayed 1 across 60K-765K witnesses)."
SHAPE-089,"Topology, knots, and manifolds",Braid and mapping-class optimization,3,50,T-GRAHAM-independent-multi-checker-crosscheck,Independent multi-checker cross-check (Go / Python / EPCE),VERIFY,"Matches signals: group normal forms; SMT; interval eigenvalues; orbit quotient. Technique action: Every witness re-verified by two methodologically-distinct checkers (Go recompute + Python orbit-accounting) plus a third EPCE checker (H01/H06 verifyDistinctPartialSums); 1.64M witnesses, 0 disagreements."
SHAPE-089,"Topology, knots, and manifolds",Braid and mapping-class optimization,4,37,T-EG411-from-scratch-hostile-reenumeration,From-scratch hostile re-enumeration,VERIFY,"Matches signals: group normal forms; SMT; interval eigenvalues; orbit quotient. Technique action: Independent sieve + Brent-rho, NO chain filtering (strictly more permissive), 17.96B candidates; reproduced the exact omega=7 census, 0 solutions."
SHAPE-089,"Topology, knots, and manifolds",Braid and mapping-class optimization,5,28,T-GRAHAM-multiplicative-orbit-reduction,Multiplicative-orbit reduction,STRUCTURE,Matches signals: group normal forms; SMT; interval eigenvalues; orbit quotient. Technique action: Quotient the search space by the group's multiplicative action on itself; solve once per canonical orbit representative (Z_43: 6.2M raw subsets -> 148K representatives).
SHAPE-089,"Topology, knots, and manifolds",Braid and mapping-class optimization,6,26,T-GRAHAM-jigsaw-cost-density-predictor,JIGSAW cost-density predictor,SEARCH,"Matches signals: group normal forms; SMT; interval eigenvalues; orbit quotient. Technique action: Fits cost-per-orbit-representative as a power law in subset density (ms_per_orbit=a*density^b), re-reading real evidence on every invocation so the fit self-recalibrates; self-reports its own error band."
SHAPE-089,"Topology, knots, and manifolds",Braid and mapping-class optimization,7,26,T-835-steiner-exact-cover-sat-solver,"Steiner system S(t,k,v) exact-cover/SAT solver",SEARCH,"Matches signals: group normal forms; SMT; interval eigenvalues; orbit quotient. Technique action: From-scratch exact-cover/SAT for S(t,k,v) existence (pysat CardEnc + Z3 dual backends, independent brute-force verifier, cyclic-automorphism reduction)."
SHAPE-089,"Topology, knots, and manifolds",Braid and mapping-class optimization,8,25,T-EG203-prime-witness-scale-ladder,Prime-witness scale ladder + adversarial checking,SEARCH,"Matches signals: group normal forms; SMT; interval eigenvalues; orbit quotient. Technique action: Kernel-verified prime witnesses continuously 10^0 -> 10^19 (max 20-digit prime); evidence, not universal."
SHAPE-089,"Topology, knots, and manifolds",Braid and mapping-class optimization,9,21,T-COMMON-z3-omt-exact-optimizer,Z3 SMT/OMT exact optimizer,SEARCH,"Matches signals: group normal forms; SMT; interval eigenvalues; orbit quotient. Technique action: Model a decision as booleans + linear pseudo-boolean constraints with a rational-weighted objective; Optimize().maximize() returns a certified bound, not a heuristic guess."
SHAPE-089,"Topology, knots, and manifolds",Braid and mapping-class optimization,10,21,T-GRAHAM-arbitrary-parameter-generalization,Arbitrary-parameter generalization,VERIFY,Matches signals: group normal forms; SMT; interval eigenvalues; orbit quotient. Technique action: Parameterize over the index (p:Nat with [Fact p.Prime]) instead of one hardcoded instance; MUST re-verify each specialization reproduces its original axiom signature.
SHAPE-089,"Topology, knots, and manifolds",Braid and mapping-class optimization,11,20,T-EG203-moment-laws,Moment laws (Lean-verified),ANALYSIS,"Matches signals: group normal forms; SMT; interval eigenvalues; orbit quotient. Technique action: Exact k-th moment / mean-zero / second-moment identities for the local obstruction (sum_delta_eq_zero, third_moment_vanishes_iff_half_cover, ...)."
SHAPE-089,"Topology, knots, and manifolds",Braid and mapping-class optimization,12,20,T-EG203-kummer-cut-gap-bounds,Kummer cut-gap bounds,ANALYSIS,Matches signals: group normal forms; SMT; interval eigenvalues; orbit quotient. Technique action: Collision excess controlled by the minimum weighted cocircuit Lambda_* of the Kummer matroid.
SHAPE-090,"Topology, knots, and manifolds",Hyperbolic structure and volume extremals,1,60,T-COMMON-checker-soundness-trust-contract,Checker + soundness-theorem + sample-witness trust contract,VERIFY,"Matches signals: interval arithmetic; canonical triangulations; number-field recognition; checker. Technique action: A decidable predicate proven sound with axiom footprint exactly [propext, Classical.choice, Quot.sound]; native_decide only on sample witnesses, not the soundness theorem. Separates what the TRUTH depends on from what was TRUSTED to check it."
SHAPE-090,"Topology, knots, and manifolds",Hyperbolic structure and volume extremals,2,50,T-GRAHAM-independent-multi-checker-crosscheck,Independent multi-checker cross-check (Go / Python / EPCE),VERIFY,"Matches signals: interval arithmetic; canonical triangulations; number-field recognition; checker. Technique action: Every witness re-verified by two methodologically-distinct checkers (Go recompute + Python orbit-accounting) plus a third EPCE checker (H01/H06 verifyDistinctPartialSums); 1.64M witnesses, 0 disagreements."
SHAPE-090,"Topology, knots, and manifolds",Hyperbolic structure and volume extremals,3,50,T-GRAHAM-packed-certificate-generic-checker,Packed-certificate + one generic checker,VERIFY,"Matches signals: interval arithmetic; canonical triangulations; number-field recognition; checker. Technique action: Encode each witness as packed data; prove ONE soundness theorem (checkWitness_sound); each concrete witness then costs one native_decide, not a new proof (theorem count stayed 1 across 60K-765K witnesses)."
SHAPE-090,"Topology, knots, and manifolds",Hyperbolic structure and volume extremals,4,37,T-EG411-from-scratch-hostile-reenumeration,From-scratch hostile re-enumeration,VERIFY,"Matches signals: interval arithmetic; canonical triangulations; number-field recognition; checker. Technique action: Independent sieve + Brent-rho, NO chain filtering (strictly more permissive), 17.96B candidates; reproduced the exact omega=7 census, 0 solutions."
SHAPE-090,"Topology, knots, and manifolds",Hyperbolic structure and volume extremals,5,26,T-GRAHAM-jigsaw-cost-density-predictor,JIGSAW cost-density predictor,SEARCH,"Matches signals: interval arithmetic; canonical triangulations; number-field recognition; checker. Technique action: Fits cost-per-orbit-representative as a power law in subset density (ms_per_orbit=a*density^b), re-reading real evidence on every invocation so the fit self-recalibrates; self-reports its own error band."
SHAPE-090,"Topology, knots, and manifolds",Hyperbolic structure and volume extremals,6,24,T-GRAHAM-multiplicative-orbit-reduction,Multiplicative-orbit reduction,STRUCTURE,Matches signals: interval arithmetic; canonical triangulations; number-field recognition; checker. Technique action: Quotient the search space by the group's multiplicative action on itself; solve once per canonical orbit representative (Z_43: 6.2M raw subsets -> 148K representatives).
SHAPE-090,"Topology, knots, and manifolds",Hyperbolic structure and volume extremals,7,23,T-835-steiner-exact-cover-sat-solver,"Steiner system S(t,k,v) exact-cover/SAT solver",SEARCH,"Matches signals: interval arithmetic; canonical triangulations; number-field recognition; checker. Technique action: From-scratch exact-cover/SAT for S(t,k,v) existence (pysat CardEnc + Z3 dual backends, independent brute-force verifier, cyclic-automorphism reduction)."
SHAPE-090,"Topology, knots, and manifolds",Hyperbolic structure and volume extremals,8,23,T-EG203-prime-witness-scale-ladder,Prime-witness scale ladder + adversarial checking,SEARCH,"Matches signals: interval arithmetic; canonical triangulations; number-field recognition; checker. Technique action: Kernel-verified prime witnesses continuously 10^0 -> 10^19 (max 20-digit prime); evidence, not universal."
SHAPE-090,"Topology, knots, and manifolds",Hyperbolic structure and volume extremals,9,20,T-GRAHAM-arbitrary-parameter-generalization,Arbitrary-parameter generalization,VERIFY,Matches signals: interval arithmetic; canonical triangulations; number-field recognition; checker. Technique action: Parameterize over the index (p:Nat with [Fact p.Prime]) instead of one hardcoded instance; MUST re-verify each specialization reproduces its original axiom signature.
SHAPE-090,"Topology, knots, and manifolds",Hyperbolic structure and volume extremals,10,19,T-GRAHAM-minimal-lean-imports,Minimal Lean imports,VERIFY,"Matches signals: interval arithmetic; canonical triangulations; number-field recognition; checker. Technique action: Audit real tactic usage against actual Mathlib/Lean-core source; replace blanket import Mathlib.Tactic with only used tactic files (45.7% smaller closure, ~6% when a heavy import already dominates)."
SHAPE-090,"Topology, knots, and manifolds",Hyperbolic structure and volume extremals,11,19,T-EG203-bounded-witness-certificate-machinery,Bounded witness / certificate machinery (m<=1e6 kernel closure),SEARCH,"Matches signals: interval arithmetic; canonical triangulations; number-field recognition; checker. Technique action: Every ordinary m<=1e6 has a kernel-checked prime witness V(m,k,l), k+l<=13, in Lean (lake build exit 0)."
SHAPE-090,"Topology, knots, and manifolds",Hyperbolic structure and volume extremals,12,19,T-EG203-gamma-fiber-local-density,Gamma-fiber local density companion,ANALYSIS,Matches signals: interval arithmetic; canonical triangulations; number-field recognition; checker. Technique action: Exact Gamma-fiber local density + prime-power Hensel companion computation.
SHAPE-091,"Discrete geometry, tilings, and metric problems",Unit-distance and chromatic finite subgraphs,1,55,T-COMMON-checker-soundness-trust-contract,Checker + soundness-theorem + sample-witness trust contract,VERIFY,"Matches signals: geometric SAT; exact algebraic coordinates; graph coloring; interval verification. Technique action: A decidable predicate proven sound with axiom footprint exactly [propext, Classical.choice, Quot.sound]; native_decide only on sample witnesses, not the soundness theorem. Separates what the TRUTH depends on from what was TRUSTED to check it."
SHAPE-091,"Discrete geometry, tilings, and metric problems",Unit-distance and chromatic finite subgraphs,2,46,T-GRAHAM-packed-certificate-generic-checker,Packed-certificate + one generic checker,VERIFY,"Matches signals: geometric SAT; exact algebraic coordinates; graph coloring; interval verification. Technique action: Encode each witness as packed data; prove ONE soundness theorem (checkWitness_sound); each concrete witness then costs one native_decide, not a new proof (theorem count stayed 1 across 60K-765K witnesses)."
SHAPE-091,"Discrete geometry, tilings, and metric problems",Unit-distance and chromatic finite subgraphs,3,40,T-GRAHAM-independent-multi-checker-crosscheck,Independent multi-checker cross-check (Go / Python / EPCE),VERIFY,"Matches signals: geometric SAT; exact algebraic coordinates; graph coloring; interval verification. Technique action: Every witness re-verified by two methodologically-distinct checkers (Go recompute + Python orbit-accounting) plus a third EPCE checker (H01/H06 verifyDistinctPartialSums); 1.64M witnesses, 0 disagreements."
SHAPE-091,"Discrete geometry, tilings, and metric problems",Unit-distance and chromatic finite subgraphs,4,33,T-835-steiner-exact-cover-sat-solver,"Steiner system S(t,k,v) exact-cover/SAT solver",SEARCH,"Matches signals: geometric SAT; exact algebraic coordinates; graph coloring; interval verification. Technique action: From-scratch exact-cover/SAT for S(t,k,v) existence (pysat CardEnc + Z3 dual backends, independent brute-force verifier, cyclic-automorphism reduction)."
SHAPE-091,"Discrete geometry, tilings, and metric problems",Unit-distance and chromatic finite subgraphs,5,29,T-GRAHAM-multiplicative-orbit-reduction,Multiplicative-orbit reduction,STRUCTURE,Matches signals: geometric SAT; exact algebraic coordinates; graph coloring; interval verification. Technique action: Quotient the search space by the group's multiplicative action on itself; solve once per canonical orbit representative (Z_43: 6.2M raw subsets -> 148K representatives).
SHAPE-091,"Discrete geometry, tilings, and metric problems",Unit-distance and chromatic finite subgraphs,6,27,T-EG411-from-scratch-hostile-reenumeration,From-scratch hostile re-enumeration,VERIFY,"Matches signals: geometric SAT; exact algebraic coordinates; graph coloring; interval verification. Technique action: Independent sieve + Brent-rho, NO chain filtering (strictly more permissive), 17.96B candidates; reproduced the exact omega=7 census, 0 solutions."
SHAPE-091,"Discrete geometry, tilings, and metric problems",Unit-distance and chromatic finite subgraphs,7,26,T-EG203-subgroup-obstruction-calculus,Subgroup obstruction calculus,STRUCTURE,"Matches signals: geometric SAT; exact algebraic coordinates; graph coloring; interval verification. Technique action: Local obstruction at modulus d = subgroup-membership in Gamma_d=<2,3> subset (Z/d)*; exact densities + Fourier via character annihilator."
SHAPE-091,"Discrete geometry, tilings, and metric problems",Unit-distance and chromatic finite subgraphs,8,26,T-GRAHAM-jigsaw-cost-density-predictor,JIGSAW cost-density predictor,SEARCH,"Matches signals: geometric SAT; exact algebraic coordinates; graph coloring; interval verification. Technique action: Fits cost-per-orbit-representative as a power law in subset density (ms_per_orbit=a*density^b), re-reading real evidence on every invocation so the fit self-recalibrates; self-reports its own error band."
SHAPE-091,"Discrete geometry, tilings, and metric problems",Unit-distance and chromatic finite subgraphs,9,26,T-EG203-gamma-fiber-local-density,Gamma-fiber local density companion,ANALYSIS,Matches signals: geometric SAT; exact algebraic coordinates; graph coloring; interval verification. Technique action: Exact Gamma-fiber local density + prime-power Hensel companion computation.
SHAPE-091,"Discrete geometry, tilings, and metric problems",Unit-distance and chromatic finite subgraphs,10,22,T-EG203-kummer-cut-gap-bounds,Kummer cut-gap bounds,ANALYSIS,Matches signals: geometric SAT; exact algebraic coordinates; graph coloring; interval verification. Technique action: Collision excess controlled by the minimum weighted cocircuit Lambda_* of the Kummer matroid.
SHAPE-091,"Discrete geometry, tilings, and metric problems",Unit-distance and chromatic finite subgraphs,11,22,T-EG203-matroid-lifting-poisson-binomial,Matroid lifting + Poisson-binomial exact distribution,ANALYSIS,Matches signals: geometric SAT; exact algebraic coordinates; graph coloring; interval verification. Technique action: Local obstruction indicators = independent Bernoullis (Poisson-binomial); Kummer log rows = representable matroid over F_ell; prime-power lift = Wieferich map.
SHAPE-091,"Discrete geometry, tilings, and metric problems",Unit-distance and chromatic finite subgraphs,12,21,T-EG203-bounded-witness-certificate-machinery,Bounded witness / certificate machinery (m<=1e6 kernel closure),SEARCH,"Matches signals: geometric SAT; exact algebraic coordinates; graph coloring; interval verification. Technique action: Every ordinary m<=1e6 has a kernel-checked prime witness V(m,k,l), k+l<=13, in Lean (lake build exit 0)."
SHAPE-092,"Discrete geometry, tilings, and metric problems",Packing and covering exact small cases,1,52,T-COMMON-checker-soundness-trust-contract,Checker + soundness-theorem + sample-witness trust contract,VERIFY,"Matches signals: global optimization; interval arithmetic; symmetry; exact contact graph. Technique action: A decidable predicate proven sound with axiom footprint exactly [propext, Classical.choice, Quot.sound]; native_decide only on sample witnesses, not the soundness theorem. Separates what the TRUTH depends on from what was TRUSTED to check it."
SHAPE-092,"Discrete geometry, tilings, and metric problems",Packing and covering exact small cases,2,42,T-GRAHAM-packed-certificate-generic-checker,Packed-certificate + one generic checker,VERIFY,"Matches signals: global optimization; interval arithmetic; symmetry; exact contact graph. Technique action: Encode each witness as packed data; prove ONE soundness theorem (checkWitness_sound); each concrete witness then costs one native_decide, not a new proof (theorem count stayed 1 across 60K-765K witnesses)."
SHAPE-092,"Discrete geometry, tilings, and metric problems",Packing and covering exact small cases,3,39,T-GRAHAM-independent-multi-checker-crosscheck,Independent multi-checker cross-check (Go / Python / EPCE),VERIFY,"Matches signals: global optimization; interval arithmetic; symmetry; exact contact graph. Technique action: Every witness re-verified by two methodologically-distinct checkers (Go recompute + Python orbit-accounting) plus a third EPCE checker (H01/H06 verifyDistinctPartialSums); 1.64M witnesses, 0 disagreements."
SHAPE-092,"Discrete geometry, tilings, and metric problems",Packing and covering exact small cases,4,27,T-835-steiner-exact-cover-sat-solver,"Steiner system S(t,k,v) exact-cover/SAT solver",SEARCH,"Matches signals: global optimization; interval arithmetic; symmetry; exact contact graph. Technique action: From-scratch exact-cover/SAT for S(t,k,v) existence (pysat CardEnc + Z3 dual backends, independent brute-force verifier, cyclic-automorphism reduction)."
SHAPE-092,"Discrete geometry, tilings, and metric problems",Packing and covering exact small cases,5,26,T-EG411-from-scratch-hostile-reenumeration,From-scratch hostile re-enumeration,VERIFY,"Matches signals: global optimization; interval arithmetic; symmetry; exact contact graph. Technique action: Independent sieve + Brent-rho, NO chain filtering (strictly more permissive), 17.96B candidates; reproduced the exact omega=7 census, 0 solutions."
SHAPE-092,"Discrete geometry, tilings, and metric problems",Packing and covering exact small cases,6,26,T-GRAHAM-jigsaw-cost-density-predictor,JIGSAW cost-density predictor,SEARCH,"Matches signals: global optimization; interval arithmetic; symmetry; exact contact graph. Technique action: Fits cost-per-orbit-representative as a power law in subset density (ms_per_orbit=a*density^b), re-reading real evidence on every invocation so the fit self-recalibrates; self-reports its own error band."
SHAPE-092,"Discrete geometry, tilings, and metric problems",Packing and covering exact small cases,7,24,T-EG203-subgroup-obstruction-calculus,Subgroup obstruction calculus,STRUCTURE,"Matches signals: global optimization; interval arithmetic; symmetry; exact contact graph. Technique action: Local obstruction at modulus d = subgroup-membership in Gamma_d=<2,3> subset (Z/d)*; exact densities + Fourier via character annihilator."
SHAPE-092,"Discrete geometry, tilings, and metric problems",Packing and covering exact small cases,8,23,T-GRAHAM-multiplicative-orbit-reduction,Multiplicative-orbit reduction,STRUCTURE,Matches signals: global optimization; interval arithmetic; symmetry; exact contact graph. Technique action: Quotient the search space by the group's multiplicative action on itself; solve once per canonical orbit representative (Z_43: 6.2M raw subsets -> 148K representatives).
SHAPE-092,"Discrete geometry, tilings, and metric problems",Packing and covering exact small cases,9,23,T-EG203-gamma-fiber-local-density,Gamma-fiber local density companion,ANALYSIS,Matches signals: global optimization; interval arithmetic; symmetry; exact contact graph. Technique action: Exact Gamma-fiber local density + prime-power Hensel companion computation.
SHAPE-092,"Discrete geometry, tilings, and metric problems",Packing and covering exact small cases,10,19,T-GRAHAM-arbitrary-parameter-generalization,Arbitrary-parameter generalization,VERIFY,Matches signals: global optimization; interval arithmetic; symmetry; exact contact graph. Technique action: Parameterize over the index (p:Nat with [Fact p.Prime]) instead of one hardcoded instance; MUST re-verify each specialization reproduces its original axiom signature.
SHAPE-092,"Discrete geometry, tilings, and metric problems",Packing and covering exact small cases,11,19,T-EG203-rank-r-synchronization-kummer-geometry,Rank-r synchronization + projective Kummer geometry,STRUCTURE,Matches signals: global optimization; interval arithmetic; symmetry; exact contact graph. Technique action: Rank-r generalization of the slope-collision defect + prime-power Hensel lifting.
SHAPE-092,"Discrete geometry, tilings, and metric problems",Packing and covering exact small cases,12,19,T-EG203-kummer-cut-gap-bounds,Kummer cut-gap bounds,ANALYSIS,Matches signals: global optimization; interval arithmetic; symmetry; exact contact graph. Technique action: Collision excess controlled by the minimum weighted cocircuit Lambda_* of the Kummer matroid.
SHAPE-093,"Discrete geometry, tilings, and metric problems","Kissing, equiangular, and few-distance configurations",1,52,T-COMMON-checker-soundness-trust-contract,Checker + soundness-theorem + sample-witness trust contract,VERIFY,"Matches signals: Delsarte/SDP; algebraic number recognition; interval eigenvalues; symmetry. Technique action: A decidable predicate proven sound with axiom footprint exactly [propext, Classical.choice, Quot.sound]; native_decide only on sample witnesses, not the soundness theorem. Separates what the TRUTH depends on from what was TRUSTED to check it."
SHAPE-093,"Discrete geometry, tilings, and metric problems","Kissing, equiangular, and few-distance configurations",2,42,T-GRAHAM-packed-certificate-generic-checker,Packed-certificate + one generic checker,VERIFY,"Matches signals: Delsarte/SDP; algebraic number recognition; interval eigenvalues; symmetry. Technique action: Encode each witness as packed data; prove ONE soundness theorem (checkWitness_sound); each concrete witness then costs one native_decide, not a new proof (theorem count stayed 1 across 60K-765K witnesses)."
SHAPE-093,"Discrete geometry, tilings, and metric problems","Kissing, equiangular, and few-distance configurations",3,40,T-GRAHAM-independent-multi-checker-crosscheck,Independent multi-checker cross-check (Go / Python / EPCE),VERIFY,"Matches signals: Delsarte/SDP; algebraic number recognition; interval eigenvalues; symmetry. Technique action: Every witness re-verified by two methodologically-distinct checkers (Go recompute + Python orbit-accounting) plus a third EPCE checker (H01/H06 verifyDistinctPartialSums); 1.64M witnesses, 0 disagreements."
SHAPE-093,"Discrete geometry, tilings, and metric problems","Kissing, equiangular, and few-distance configurations",4,26,T-EG411-from-scratch-hostile-reenumeration,From-scratch hostile re-enumeration,VERIFY,"Matches signals: Delsarte/SDP; algebraic number recognition; interval eigenvalues; symmetry. Technique action: Independent sieve + Brent-rho, NO chain filtering (strictly more permissive), 17.96B candidates; reproduced the exact omega=7 census, 0 solutions."
SHAPE-093,"Discrete geometry, tilings, and metric problems","Kissing, equiangular, and few-distance configurations",5,26,T-GRAHAM-jigsaw-cost-density-predictor,JIGSAW cost-density predictor,SEARCH,"Matches signals: Delsarte/SDP; algebraic number recognition; interval eigenvalues; symmetry. Technique action: Fits cost-per-orbit-representative as a power law in subset density (ms_per_orbit=a*density^b), re-reading real evidence on every invocation so the fit self-recalibrates; self-reports its own error band."
SHAPE-093,"Discrete geometry, tilings, and metric problems","Kissing, equiangular, and few-distance configurations",6,26,T-EG203-subgroup-obstruction-calculus,Subgroup obstruction calculus,STRUCTURE,"Matches signals: Delsarte/SDP; algebraic number recognition; interval eigenvalues; symmetry. Technique action: Local obstruction at modulus d = subgroup-membership in Gamma_d=<2,3> subset (Z/d)*; exact densities + Fourier via character annihilator."
SHAPE-093,"Discrete geometry, tilings, and metric problems","Kissing, equiangular, and few-distance configurations",7,26,T-GRAHAM-multiplicative-orbit-reduction,Multiplicative-orbit reduction,STRUCTURE,Matches signals: Delsarte/SDP; algebraic number recognition; interval eigenvalues; symmetry. Technique action: Quotient the search space by the group's multiplicative action on itself; solve once per canonical orbit representative (Z_43: 6.2M raw subsets -> 148K representatives).
SHAPE-093,"Discrete geometry, tilings, and metric problems","Kissing, equiangular, and few-distance configurations",8,26,T-835-steiner-exact-cover-sat-solver,"Steiner system S(t,k,v) exact-cover/SAT solver",SEARCH,"Matches signals: Delsarte/SDP; algebraic number recognition; interval eigenvalues; symmetry. Technique action: From-scratch exact-cover/SAT for S(t,k,v) existence (pysat CardEnc + Z3 dual backends, independent brute-force verifier, cyclic-automorphism reduction)."
SHAPE-093,"Discrete geometry, tilings, and metric problems","Kissing, equiangular, and few-distance configurations",9,23,T-EG203-gamma-fiber-local-density,Gamma-fiber local density companion,ANALYSIS,Matches signals: Delsarte/SDP; algebraic number recognition; interval eigenvalues; symmetry. Technique action: Exact Gamma-fiber local density + prime-power Hensel companion computation.
SHAPE-093,"Discrete geometry, tilings, and metric problems","Kissing, equiangular, and few-distance configurations",10,20,T-EG411-omega-ladder-case-exhaustion,Omega-ladder case-exhaustion (kill-trees),SEARCH,"Matches signals: Delsarte/SDP; algebraic number recognition; interval eigenvalues; symmetry. Technique action: Enumerate all squarefree factor-configs at fixed omega via node algebra A=3*prod(p-1), B=2*prod p; solve terminal j=2 pairs; omega=5/6/7 config spaces all EMPTY."
SHAPE-093,"Discrete geometry, tilings, and metric problems","Kissing, equiangular, and few-distance configurations",11,20,T-EG203-rank-r-synchronization-kummer-geometry,Rank-r synchronization + projective Kummer geometry,STRUCTURE,Matches signals: Delsarte/SDP; algebraic number recognition; interval eigenvalues; symmetry. Technique action: Rank-r generalization of the slope-collision defect + prime-power Hensel lifting.
SHAPE-093,"Discrete geometry, tilings, and metric problems","Kissing, equiangular, and few-distance configurations",12,20,T-EG203-kummer-cut-gap-bounds,Kummer cut-gap bounds,ANALYSIS,Matches signals: Delsarte/SDP; algebraic number recognition; interval eigenvalues; symmetry. Technique action: Collision excess controlled by the minimum weighted cocircuit Lambda_* of the Kummer matroid.
SHAPE-094,"Discrete geometry, tilings, and metric problems",Polyomino and polycube tilings,1,57,T-COMMON-checker-soundness-trust-contract,Checker + soundness-theorem + sample-witness trust contract,VERIFY,"Matches signals: exact cover; symmetry; modular invariants; SAT proof. Technique action: A decidable predicate proven sound with axiom footprint exactly [propext, Classical.choice, Quot.sound]; native_decide only on sample witnesses, not the soundness theorem. Separates what the TRUTH depends on from what was TRUSTED to check it."
SHAPE-094,"Discrete geometry, tilings, and metric problems",Polyomino and polycube tilings,2,48,T-GRAHAM-packed-certificate-generic-checker,Packed-certificate + one generic checker,VERIFY,"Matches signals: exact cover; symmetry; modular invariants; SAT proof. Technique action: Encode each witness as packed data; prove ONE soundness theorem (checkWitness_sound); each concrete witness then costs one native_decide, not a new proof (theorem count stayed 1 across 60K-765K witnesses)."
SHAPE-094,"Discrete geometry, tilings, and metric problems",Polyomino and polycube tilings,3,39,T-GRAHAM-independent-multi-checker-crosscheck,Independent multi-checker cross-check (Go / Python / EPCE),VERIFY,"Matches signals: exact cover; symmetry; modular invariants; SAT proof. Technique action: Every witness re-verified by two methodologically-distinct checkers (Go recompute + Python orbit-accounting) plus a third EPCE checker (H01/H06 verifyDistinctPartialSums); 1.64M witnesses, 0 disagreements."
SHAPE-094,"Discrete geometry, tilings, and metric problems",Polyomino and polycube tilings,4,32,T-835-steiner-exact-cover-sat-solver,"Steiner system S(t,k,v) exact-cover/SAT solver",SEARCH,"Matches signals: exact cover; symmetry; modular invariants; SAT proof. Technique action: From-scratch exact-cover/SAT for S(t,k,v) existence (pysat CardEnc + Z3 dual backends, independent brute-force verifier, cyclic-automorphism reduction)."
SHAPE-094,"Discrete geometry, tilings, and metric problems",Polyomino and polycube tilings,5,27,T-EG411-from-scratch-hostile-reenumeration,From-scratch hostile re-enumeration,VERIFY,"Matches signals: exact cover; symmetry; modular invariants; SAT proof. Technique action: Independent sieve + Brent-rho, NO chain filtering (strictly more permissive), 17.96B candidates; reproduced the exact omega=7 census, 0 solutions."
SHAPE-094,"Discrete geometry, tilings, and metric problems",Polyomino and polycube tilings,6,26,T-GRAHAM-jigsaw-cost-density-predictor,JIGSAW cost-density predictor,SEARCH,"Matches signals: exact cover; symmetry; modular invariants; SAT proof. Technique action: Fits cost-per-orbit-representative as a power law in subset density (ms_per_orbit=a*density^b), re-reading real evidence on every invocation so the fit self-recalibrates; self-reports its own error band."
SHAPE-094,"Discrete geometry, tilings, and metric problems",Polyomino and polycube tilings,7,26,T-GRAHAM-multiplicative-orbit-reduction,Multiplicative-orbit reduction,STRUCTURE,Matches signals: exact cover; symmetry; modular invariants; SAT proof. Technique action: Quotient the search space by the group's multiplicative action on itself; solve once per canonical orbit representative (Z_43: 6.2M raw subsets -> 148K representatives).
SHAPE-094,"Discrete geometry, tilings, and metric problems",Polyomino and polycube tilings,8,25,T-EG203-bounded-witness-certificate-machinery,Bounded witness / certificate machinery (m<=1e6 kernel closure),SEARCH,"Matches signals: exact cover; symmetry; modular invariants; SAT proof. Technique action: Every ordinary m<=1e6 has a kernel-checked prime witness V(m,k,l), k+l<=13, in Lean (lake build exit 0)."
SHAPE-094,"Discrete geometry, tilings, and metric problems",Polyomino and polycube tilings,9,25,T-EG203-gamma-fiber-local-density,Gamma-fiber local density companion,ANALYSIS,Matches signals: exact cover; symmetry; modular invariants; SAT proof. Technique action: Exact Gamma-fiber local density + prime-power Hensel companion computation.
SHAPE-094,"Discrete geometry, tilings, and metric problems",Polyomino and polycube tilings,10,24,T-EG203-crt-coherence-brute-force,CRT coherence brute-force,ANALYSIS,Matches signals: exact cover; symmetry; modular invariants; SAT proof. Technique action: Compute coherence invariant C_b(P)=max_m covered-cell fraction; a cover iff =1.
SHAPE-094,"Discrete geometry, tilings, and metric problems",Polyomino and polycube tilings,11,23,T-EG411-omega-ladder-case-exhaustion,Omega-ladder case-exhaustion (kill-trees),SEARCH,"Matches signals: exact cover; symmetry; modular invariants; SAT proof. Technique action: Enumerate all squarefree factor-configs at fixed omega via node algebra A=3*prod(p-1), B=2*prod p; solve terminal j=2 pairs; omega=5/6/7 config spaces all EMPTY."
SHAPE-094,"Discrete geometry, tilings, and metric problems",Polyomino and polycube tilings,12,22,T-EG203-subgroup-obstruction-calculus,Subgroup obstruction calculus,STRUCTURE,"Matches signals: exact cover; symmetry; modular invariants; SAT proof. Technique action: Local obstruction at modulus d = subgroup-membership in Gamma_d=<2,3> subset (Z/d)*; exact densities + Fourier via character annihilator."
SHAPE-095,"Discrete geometry, tilings, and metric problems",Aperiodic and substitution tiling finite certification,1,56,T-COMMON-checker-soundness-trust-contract,Checker + soundness-theorem + sample-witness trust contract,VERIFY,"Matches signals: SAT; automata; local-to-global obstruction; proof extraction. Technique action: A decidable predicate proven sound with axiom footprint exactly [propext, Classical.choice, Quot.sound]; native_decide only on sample witnesses, not the soundness theorem. Separates what the TRUTH depends on from what was TRUSTED to check it."
SHAPE-095,"Discrete geometry, tilings, and metric problems",Aperiodic and substitution tiling finite certification,2,47,T-GRAHAM-packed-certificate-generic-checker,Packed-certificate + one generic checker,VERIFY,"Matches signals: SAT; automata; local-to-global obstruction; proof extraction. Technique action: Encode each witness as packed data; prove ONE soundness theorem (checkWitness_sound); each concrete witness then costs one native_decide, not a new proof (theorem count stayed 1 across 60K-765K witnesses)."
SHAPE-095,"Discrete geometry, tilings, and metric problems",Aperiodic and substitution tiling finite certification,3,39,T-GRAHAM-independent-multi-checker-crosscheck,Independent multi-checker cross-check (Go / Python / EPCE),VERIFY,"Matches signals: SAT; automata; local-to-global obstruction; proof extraction. Technique action: Every witness re-verified by two methodologically-distinct checkers (Go recompute + Python orbit-accounting) plus a third EPCE checker (H01/H06 verifyDistinctPartialSums); 1.64M witnesses, 0 disagreements."
SHAPE-095,"Discrete geometry, tilings, and metric problems",Aperiodic and substitution tiling finite certification,4,30,T-EG203-gamma-fiber-local-density,Gamma-fiber local density companion,ANALYSIS,Matches signals: SAT; automata; local-to-global obstruction; proof extraction. Technique action: Exact Gamma-fiber local density + prime-power Hensel companion computation.
SHAPE-095,"Discrete geometry, tilings, and metric problems",Aperiodic and substitution tiling finite certification,5,29,T-EG203-subgroup-obstruction-calculus,Subgroup obstruction calculus,STRUCTURE,"Matches signals: SAT; automata; local-to-global obstruction; proof extraction. Technique action: Local obstruction at modulus d = subgroup-membership in Gamma_d=<2,3> subset (Z/d)*; exact densities + Fourier via character annihilator."
SHAPE-095,"Discrete geometry, tilings, and metric problems",Aperiodic and substitution tiling finite certification,6,27,T-EG411-from-scratch-hostile-reenumeration,From-scratch hostile re-enumeration,VERIFY,"Matches signals: SAT; automata; local-to-global obstruction; proof extraction. Technique action: Independent sieve + Brent-rho, NO chain filtering (strictly more permissive), 17.96B candidates; reproduced the exact omega=7 census, 0 solutions."
SHAPE-095,"Discrete geometry, tilings, and metric problems",Aperiodic and substitution tiling finite certification,7,27,T-GRAHAM-multiplicative-orbit-reduction,Multiplicative-orbit reduction,STRUCTURE,Matches signals: SAT; automata; local-to-global obstruction; proof extraction. Technique action: Quotient the search space by the group's multiplicative action on itself; solve once per canonical orbit representative (Z_43: 6.2M raw subsets -> 148K representatives).
SHAPE-095,"Discrete geometry, tilings, and metric problems",Aperiodic and substitution tiling finite certification,8,26,T-GRAHAM-jigsaw-cost-density-predictor,JIGSAW cost-density predictor,SEARCH,"Matches signals: SAT; automata; local-to-global obstruction; proof extraction. Technique action: Fits cost-per-orbit-representative as a power law in subset density (ms_per_orbit=a*density^b), re-reading real evidence on every invocation so the fit self-recalibrates; self-reports its own error band."
SHAPE-095,"Discrete geometry, tilings, and metric problems",Aperiodic and substitution tiling finite certification,9,24,T-835-steiner-exact-cover-sat-solver,"Steiner system S(t,k,v) exact-cover/SAT solver",SEARCH,"Matches signals: SAT; automata; local-to-global obstruction; proof extraction. Technique action: From-scratch exact-cover/SAT for S(t,k,v) existence (pysat CardEnc + Z3 dual backends, independent brute-force verifier, cyclic-automorphism reduction)."
SHAPE-095,"Discrete geometry, tilings, and metric problems",Aperiodic and substitution tiling finite certification,10,24,T-EG203-bounded-witness-certificate-machinery,Bounded witness / certificate machinery (m<=1e6 kernel closure),SEARCH,"Matches signals: SAT; automata; local-to-global obstruction; proof extraction. Technique action: Every ordinary m<=1e6 has a kernel-checked prime witness V(m,k,l), k+l<=13, in Lean (lake build exit 0)."
SHAPE-095,"Discrete geometry, tilings, and metric problems",Aperiodic and substitution tiling finite certification,11,24,T-EG203-rank-r-synchronization-kummer-geometry,Rank-r synchronization + projective Kummer geometry,STRUCTURE,Matches signals: SAT; automata; local-to-global obstruction; proof extraction. Technique action: Rank-r generalization of the slope-collision defect + prime-power Hensel lifting.
SHAPE-095,"Discrete geometry, tilings, and metric problems",Aperiodic and substitution tiling finite certification,12,24,T-EG203-crt-synchronization-projective-slopes,CRT synchronization / projective Kummer slopes,STRUCTURE,Matches signals: SAT; automata; local-to-global obstruction; proof extraction. Technique action: Two-prime ell-primary defect = rank defect = collision of [log_q2:log_q3] in P^1(F_ell).
SHAPE-096,"Discrete geometry, tilings, and metric problems",Distance set and distinct-distance extremals,1,52,T-COMMON-checker-soundness-trust-contract,Checker + soundness-theorem + sample-witness trust contract,VERIFY,"Matches signals: graph census; exact algebraic geometry; SAT; interval verification. Technique action: A decidable predicate proven sound with axiom footprint exactly [propext, Classical.choice, Quot.sound]; native_decide only on sample witnesses, not the soundness theorem. Separates what the TRUTH depends on from what was TRUSTED to check it."
SHAPE-096,"Discrete geometry, tilings, and metric problems",Distance set and distinct-distance extremals,2,43,T-GRAHAM-packed-certificate-generic-checker,Packed-certificate + one generic checker,VERIFY,"Matches signals: graph census; exact algebraic geometry; SAT; interval verification. Technique action: Encode each witness as packed data; prove ONE soundness theorem (checkWitness_sound); each concrete witness then costs one native_decide, not a new proof (theorem count stayed 1 across 60K-765K witnesses)."
SHAPE-096,"Discrete geometry, tilings, and metric problems",Distance set and distinct-distance extremals,3,41,T-GRAHAM-independent-multi-checker-crosscheck,Independent multi-checker cross-check (Go / Python / EPCE),VERIFY,"Matches signals: graph census; exact algebraic geometry; SAT; interval verification. Technique action: Every witness re-verified by two methodologically-distinct checkers (Go recompute + Python orbit-accounting) plus a third EPCE checker (H01/H06 verifyDistinctPartialSums); 1.64M witnesses, 0 disagreements."
SHAPE-096,"Discrete geometry, tilings, and metric problems",Distance set and distinct-distance extremals,4,28,T-835-steiner-exact-cover-sat-solver,"Steiner system S(t,k,v) exact-cover/SAT solver",SEARCH,"Matches signals: graph census; exact algebraic geometry; SAT; interval verification. Technique action: From-scratch exact-cover/SAT for S(t,k,v) existence (pysat CardEnc + Z3 dual backends, independent brute-force verifier, cyclic-automorphism reduction)."
SHAPE-096,"Discrete geometry, tilings, and metric problems",Distance set and distinct-distance extremals,5,27,T-EG411-from-scratch-hostile-reenumeration,From-scratch hostile re-enumeration,VERIFY,"Matches signals: graph census; exact algebraic geometry; SAT; interval verification. Technique action: Independent sieve + Brent-rho, NO chain filtering (strictly more permissive), 17.96B candidates; reproduced the exact omega=7 census, 0 solutions."
SHAPE-096,"Discrete geometry, tilings, and metric problems",Distance set and distinct-distance extremals,6,26,T-GRAHAM-jigsaw-cost-density-predictor,JIGSAW cost-density predictor,SEARCH,"Matches signals: graph census; exact algebraic geometry; SAT; interval verification. Technique action: Fits cost-per-orbit-representative as a power law in subset density (ms_per_orbit=a*density^b), re-reading real evidence on every invocation so the fit self-recalibrates; self-reports its own error band."
SHAPE-096,"Discrete geometry, tilings, and metric problems",Distance set and distinct-distance extremals,7,25,T-EG203-subgroup-obstruction-calculus,Subgroup obstruction calculus,STRUCTURE,"Matches signals: graph census; exact algebraic geometry; SAT; interval verification. Technique action: Local obstruction at modulus d = subgroup-membership in Gamma_d=<2,3> subset (Z/d)*; exact densities + Fourier via character annihilator."
SHAPE-096,"Discrete geometry, tilings, and metric problems",Distance set and distinct-distance extremals,8,25,T-GRAHAM-multiplicative-orbit-reduction,Multiplicative-orbit reduction,STRUCTURE,Matches signals: graph census; exact algebraic geometry; SAT; interval verification. Technique action: Quotient the search space by the group's multiplicative action on itself; solve once per canonical orbit representative (Z_43: 6.2M raw subsets -> 148K representatives).
SHAPE-096,"Discrete geometry, tilings, and metric problems",Distance set and distinct-distance extremals,9,24,T-EG203-gamma-fiber-local-density,Gamma-fiber local density companion,ANALYSIS,Matches signals: graph census; exact algebraic geometry; SAT; interval verification. Technique action: Exact Gamma-fiber local density + prime-power Hensel companion computation.
SHAPE-096,"Discrete geometry, tilings, and metric problems",Distance set and distinct-distance extremals,10,20,T-EG203-rank-r-synchronization-kummer-geometry,Rank-r synchronization + projective Kummer geometry,STRUCTURE,Matches signals: graph census; exact algebraic geometry; SAT; interval verification. Technique action: Rank-r generalization of the slope-collision defect + prime-power Hensel lifting.
SHAPE-096,"Discrete geometry, tilings, and metric problems",Distance set and distinct-distance extremals,11,20,T-EG203-kummer-cut-gap-bounds,Kummer cut-gap bounds,ANALYSIS,Matches signals: graph census; exact algebraic geometry; SAT; interval verification. Technique action: Collision excess controlled by the minimum weighted cocircuit Lambda_* of the Kummer matroid.
SHAPE-096,"Discrete geometry, tilings, and metric problems",Distance set and distinct-distance extremals,12,20,T-EG203-matroid-lifting-poisson-binomial,Matroid lifting + Poisson-binomial exact distribution,ANALYSIS,Matches signals: graph census; exact algebraic geometry; SAT; interval verification. Technique action: Local obstruction indicators = independent Bernoullis (Poisson-binomial); Kummer log rows = representable matroid over F_ell; prime-power lift = Wieferich map.
SHAPE-097,"Discrete geometry, tilings, and metric problems",Convexity and Helly-type finite parameters,1,54,T-COMMON-checker-soundness-trust-contract,Checker + soundness-theorem + sample-witness trust contract,VERIFY,"Matches signals: SAT/ILP; oriented matroids; canonical order types; checker. Technique action: A decidable predicate proven sound with axiom footprint exactly [propext, Classical.choice, Quot.sound]; native_decide only on sample witnesses, not the soundness theorem. Separates what the TRUTH depends on from what was TRUSTED to check it."
SHAPE-097,"Discrete geometry, tilings, and metric problems",Convexity and Helly-type finite parameters,2,45,T-GRAHAM-packed-certificate-generic-checker,Packed-certificate + one generic checker,VERIFY,"Matches signals: SAT/ILP; oriented matroids; canonical order types; checker. Technique action: Encode each witness as packed data; prove ONE soundness theorem (checkWitness_sound); each concrete witness then costs one native_decide, not a new proof (theorem count stayed 1 across 60K-765K witnesses)."
SHAPE-097,"Discrete geometry, tilings, and metric problems",Convexity and Helly-type finite parameters,3,39,T-GRAHAM-independent-multi-checker-crosscheck,Independent multi-checker cross-check (Go / Python / EPCE),VERIFY,"Matches signals: SAT/ILP; oriented matroids; canonical order types; checker. Technique action: Every witness re-verified by two methodologically-distinct checkers (Go recompute + Python orbit-accounting) plus a third EPCE checker (H01/H06 verifyDistinctPartialSums); 1.64M witnesses, 0 disagreements."
SHAPE-097,"Discrete geometry, tilings, and metric problems",Convexity and Helly-type finite parameters,4,27,T-835-steiner-exact-cover-sat-solver,"Steiner system S(t,k,v) exact-cover/SAT solver",SEARCH,"Matches signals: SAT/ILP; oriented matroids; canonical order types; checker. Technique action: From-scratch exact-cover/SAT for S(t,k,v) existence (pysat CardEnc + Z3 dual backends, independent brute-force verifier, cyclic-automorphism reduction)."
SHAPE-097,"Discrete geometry, tilings, and metric problems",Convexity and Helly-type finite parameters,5,26,T-EG411-from-scratch-hostile-reenumeration,From-scratch hostile re-enumeration,VERIFY,"Matches signals: SAT/ILP; oriented matroids; canonical order types; checker. Technique action: Independent sieve + Brent-rho, NO chain filtering (strictly more permissive), 17.96B candidates; reproduced the exact omega=7 census, 0 solutions."
SHAPE-097,"Discrete geometry, tilings, and metric problems",Convexity and Helly-type finite parameters,6,26,T-GRAHAM-jigsaw-cost-density-predictor,JIGSAW cost-density predictor,SEARCH,"Matches signals: SAT/ILP; oriented matroids; canonical order types; checker. Technique action: Fits cost-per-orbit-representative as a power law in subset density (ms_per_orbit=a*density^b), re-reading real evidence on every invocation so the fit self-recalibrates; self-reports its own error band."
SHAPE-097,"Discrete geometry, tilings, and metric problems",Convexity and Helly-type finite parameters,7,25,T-EG203-gamma-fiber-local-density,Gamma-fiber local density companion,ANALYSIS,Matches signals: SAT/ILP; oriented matroids; canonical order types; checker. Technique action: Exact Gamma-fiber local density + prime-power Hensel companion computation.
SHAPE-097,"Discrete geometry, tilings, and metric problems",Convexity and Helly-type finite parameters,8,24,T-GRAHAM-multiplicative-orbit-reduction,Multiplicative-orbit reduction,STRUCTURE,Matches signals: SAT/ILP; oriented matroids; canonical order types; checker. Technique action: Quotient the search space by the group's multiplicative action on itself; solve once per canonical orbit representative (Z_43: 6.2M raw subsets -> 148K representatives).
SHAPE-097,"Discrete geometry, tilings, and metric problems",Convexity and Helly-type finite parameters,9,24,T-EG411-omega-ladder-case-exhaustion,Omega-ladder case-exhaustion (kill-trees),SEARCH,"Matches signals: SAT/ILP; oriented matroids; canonical order types; checker. Technique action: Enumerate all squarefree factor-configs at fixed omega via node algebra A=3*prod(p-1), B=2*prod p; solve terminal j=2 pairs; omega=5/6/7 config spaces all EMPTY."
SHAPE-097,"Discrete geometry, tilings, and metric problems",Convexity and Helly-type finite parameters,10,23,T-EG203-subgroup-obstruction-calculus,Subgroup obstruction calculus,STRUCTURE,"Matches signals: SAT/ILP; oriented matroids; canonical order types; checker. Technique action: Local obstruction at modulus d = subgroup-membership in Gamma_d=<2,3> subset (Z/d)*; exact densities + Fourier via character annihilator."
SHAPE-097,"Discrete geometry, tilings, and metric problems",Convexity and Helly-type finite parameters,11,21,T-EG203-bounded-witness-certificate-machinery,Bounded witness / certificate machinery (m<=1e6 kernel closure),SEARCH,"Matches signals: SAT/ILP; oriented matroids; canonical order types; checker. Technique action: Every ordinary m<=1e6 has a kernel-checked prime witness V(m,k,l), k+l<=13, in Lean (lake build exit 0)."
SHAPE-097,"Discrete geometry, tilings, and metric problems",Convexity and Helly-type finite parameters,12,21,T-EG203-kummer-cut-gap-bounds,Kummer cut-gap bounds,ANALYSIS,Matches signals: SAT/ILP; oriented matroids; canonical order types; checker. Technique action: Collision excess controlled by the minimum weighted cocircuit Lambda_* of the Kummer matroid.
SHAPE-098,"Discrete geometry, tilings, and metric problems",Order-type and pseudoline arrangement classification,1,54,T-COMMON-checker-soundness-trust-contract,Checker + soundness-theorem + sample-witness trust contract,VERIFY,"Matches signals: canonical augmentation; SAT/SMT; polynomial realization; certificate. Technique action: A decidable predicate proven sound with axiom footprint exactly [propext, Classical.choice, Quot.sound]; native_decide only on sample witnesses, not the soundness theorem. Separates what the TRUTH depends on from what was TRUSTED to check it."
SHAPE-098,"Discrete geometry, tilings, and metric problems",Order-type and pseudoline arrangement classification,2,45,T-GRAHAM-packed-certificate-generic-checker,Packed-certificate + one generic checker,VERIFY,"Matches signals: canonical augmentation; SAT/SMT; polynomial realization; certificate. Technique action: Encode each witness as packed data; prove ONE soundness theorem (checkWitness_sound); each concrete witness then costs one native_decide, not a new proof (theorem count stayed 1 across 60K-765K witnesses)."
SHAPE-098,"Discrete geometry, tilings, and metric problems",Order-type and pseudoline arrangement classification,3,39,T-GRAHAM-independent-multi-checker-crosscheck,Independent multi-checker cross-check (Go / Python / EPCE),VERIFY,"Matches signals: canonical augmentation; SAT/SMT; polynomial realization; certificate. Technique action: Every witness re-verified by two methodologically-distinct checkers (Go recompute + Python orbit-accounting) plus a third EPCE checker (H01/H06 verifyDistinctPartialSums); 1.64M witnesses, 0 disagreements."
SHAPE-098,"Discrete geometry, tilings, and metric problems",Order-type and pseudoline arrangement classification,4,27,T-GRAHAM-jigsaw-cost-density-predictor,JIGSAW cost-density predictor,SEARCH,"Matches signals: canonical augmentation; SAT/SMT; polynomial realization; certificate. Technique action: Fits cost-per-orbit-representative as a power law in subset density (ms_per_orbit=a*density^b), re-reading real evidence on every invocation so the fit self-recalibrates; self-reports its own error band."
SHAPE-098,"Discrete geometry, tilings, and metric problems",Order-type and pseudoline arrangement classification,5,26,T-EG411-from-scratch-hostile-reenumeration,From-scratch hostile re-enumeration,VERIFY,"Matches signals: canonical augmentation; SAT/SMT; polynomial realization; certificate. Technique action: Independent sieve + Brent-rho, NO chain filtering (strictly more permissive), 17.96B candidates; reproduced the exact omega=7 census, 0 solutions."
SHAPE-098,"Discrete geometry, tilings, and metric problems",Order-type and pseudoline arrangement classification,6,25,T-835-steiner-exact-cover-sat-solver,"Steiner system S(t,k,v) exact-cover/SAT solver",SEARCH,"Matches signals: canonical augmentation; SAT/SMT; polynomial realization; certificate. Technique action: From-scratch exact-cover/SAT for S(t,k,v) existence (pysat CardEnc + Z3 dual backends, independent brute-force verifier, cyclic-automorphism reduction)."
SHAPE-098,"Discrete geometry, tilings, and metric problems",Order-type and pseudoline arrangement classification,7,24,T-GRAHAM-multiplicative-orbit-reduction,Multiplicative-orbit reduction,STRUCTURE,Matches signals: canonical augmentation; SAT/SMT; polynomial realization; certificate. Technique action: Quotient the search space by the group's multiplicative action on itself; solve once per canonical orbit representative (Z_43: 6.2M raw subsets -> 148K representatives).
SHAPE-098,"Discrete geometry, tilings, and metric problems",Order-type and pseudoline arrangement classification,8,24,T-EG203-gamma-fiber-local-density,Gamma-fiber local density companion,ANALYSIS,Matches signals: canonical augmentation; SAT/SMT; polynomial realization; certificate. Technique action: Exact Gamma-fiber local density + prime-power Hensel companion computation.
SHAPE-098,"Discrete geometry, tilings, and metric problems",Order-type and pseudoline arrangement classification,9,23,T-EG203-matroid-lifting-poisson-binomial,Matroid lifting + Poisson-binomial exact distribution,ANALYSIS,Matches signals: canonical augmentation; SAT/SMT; polynomial realization; certificate. Technique action: Local obstruction indicators = independent Bernoullis (Poisson-binomial); Kummer log rows = representable matroid over F_ell; prime-power lift = Wieferich map.
SHAPE-098,"Discrete geometry, tilings, and metric problems",Order-type and pseudoline arrangement classification,10,22,T-EG411-omega-ladder-case-exhaustion,Omega-ladder case-exhaustion (kill-trees),SEARCH,"Matches signals: canonical augmentation; SAT/SMT; polynomial realization; certificate. Technique action: Enumerate all squarefree factor-configs at fixed omega via node algebra A=3*prod(p-1), B=2*prod p; solve terminal j=2 pairs; omega=5/6/7 config spaces all EMPTY."
SHAPE-098,"Discrete geometry, tilings, and metric problems",Order-type and pseudoline arrangement classification,11,22,T-EG203-kummer-cut-gap-bounds,Kummer cut-gap bounds,ANALYSIS,Matches signals: canonical augmentation; SAT/SMT; polynomial realization; certificate. Technique action: Collision excess controlled by the minimum weighted cocircuit Lambda_* of the Kummer matroid.
SHAPE-098,"Discrete geometry, tilings, and metric problems",Order-type and pseudoline arrangement classification,12,21,T-EG203-subgroup-obstruction-calculus,Subgroup obstruction calculus,STRUCTURE,"Matches signals: canonical augmentation; SAT/SMT; polynomial realization; certificate. Technique action: Local obstruction at modulus d = subgroup-membership in Gamma_d=<2,3> subset (Z/d)*; exact densities + Fourier via character annihilator."
SHAPE-099,"Discrete geometry, tilings, and metric problems",Polytope and face-number frontiers,1,52,T-COMMON-checker-soundness-trust-contract,Checker + soundness-theorem + sample-witness trust contract,VERIFY,"Matches signals: oriented matroids; SAT; exact coordinates; symmetry. Technique action: A decidable predicate proven sound with axiom footprint exactly [propext, Classical.choice, Quot.sound]; native_decide only on sample witnesses, not the soundness theorem. Separates what the TRUTH depends on from what was TRUSTED to check it."
SHAPE-099,"Discrete geometry, tilings, and metric problems",Polytope and face-number frontiers,2,42,T-GRAHAM-packed-certificate-generic-checker,Packed-certificate + one generic checker,VERIFY,"Matches signals: oriented matroids; SAT; exact coordinates; symmetry. Technique action: Encode each witness as packed data; prove ONE soundness theorem (checkWitness_sound); each concrete witness then costs one native_decide, not a new proof (theorem count stayed 1 across 60K-765K witnesses)."
SHAPE-099,"Discrete geometry, tilings, and metric problems",Polytope and face-number frontiers,3,39,T-GRAHAM-independent-multi-checker-crosscheck,Independent multi-checker cross-check (Go / Python / EPCE),VERIFY,"Matches signals: oriented matroids; SAT; exact coordinates; symmetry. Technique action: Every witness re-verified by two methodologically-distinct checkers (Go recompute + Python orbit-accounting) plus a third EPCE checker (H01/H06 verifyDistinctPartialSums); 1.64M witnesses, 0 disagreements."
SHAPE-099,"Discrete geometry, tilings, and metric problems",Polytope and face-number frontiers,4,27,T-835-steiner-exact-cover-sat-solver,"Steiner system S(t,k,v) exact-cover/SAT solver",SEARCH,"Matches signals: oriented matroids; SAT; exact coordinates; symmetry. Technique action: From-scratch exact-cover/SAT for S(t,k,v) existence (pysat CardEnc + Z3 dual backends, independent brute-force verifier, cyclic-automorphism reduction)."
SHAPE-099,"Discrete geometry, tilings, and metric problems",Polytope and face-number frontiers,5,26,T-EG411-from-scratch-hostile-reenumeration,From-scratch hostile re-enumeration,VERIFY,"Matches signals: oriented matroids; SAT; exact coordinates; symmetry. Technique action: Independent sieve + Brent-rho, NO chain filtering (strictly more permissive), 17.96B candidates; reproduced the exact omega=7 census, 0 solutions."
SHAPE-099,"Discrete geometry, tilings, and metric problems",Polytope and face-number frontiers,6,26,T-GRAHAM-jigsaw-cost-density-predictor,JIGSAW cost-density predictor,SEARCH,"Matches signals: oriented matroids; SAT; exact coordinates; symmetry. Technique action: Fits cost-per-orbit-representative as a power law in subset density (ms_per_orbit=a*density^b), re-reading real evidence on every invocation so the fit self-recalibrates; self-reports its own error band."
SHAPE-099,"Discrete geometry, tilings, and metric problems",Polytope and face-number frontiers,7,23,T-GRAHAM-multiplicative-orbit-reduction,Multiplicative-orbit reduction,STRUCTURE,Matches signals: oriented matroids; SAT; exact coordinates; symmetry. Technique action: Quotient the search space by the group's multiplicative action on itself; solve once per canonical orbit representative (Z_43: 6.2M raw subsets -> 148K representatives).
SHAPE-099,"Discrete geometry, tilings, and metric problems",Polytope and face-number frontiers,8,22,T-EG203-gamma-fiber-local-density,Gamma-fiber local density companion,ANALYSIS,Matches signals: oriented matroids; SAT; exact coordinates; symmetry. Technique action: Exact Gamma-fiber local density + prime-power Hensel companion computation.
SHAPE-099,"Discrete geometry, tilings, and metric problems",Polytope and face-number frontiers,9,22,T-EG203-subgroup-obstruction-calculus,Subgroup obstruction calculus,STRUCTURE,"Matches signals: oriented matroids; SAT; exact coordinates; symmetry. Technique action: Local obstruction at modulus d = subgroup-membership in Gamma_d=<2,3> subset (Z/d)*; exact densities + Fourier via character annihilator."
SHAPE-099,"Discrete geometry, tilings, and metric problems",Polytope and face-number frontiers,10,21,T-EG411-omega-ladder-case-exhaustion,Omega-ladder case-exhaustion (kill-trees),SEARCH,"Matches signals: oriented matroids; SAT; exact coordinates; symmetry. Technique action: Enumerate all squarefree factor-configs at fixed omega via node algebra A=3*prod(p-1), B=2*prod p; solve terminal j=2 pairs; omega=5/6/7 config spaces all EMPTY."
SHAPE-099,"Discrete geometry, tilings, and metric problems",Polytope and face-number frontiers,11,19,T-GRAHAM-arbitrary-parameter-generalization,Arbitrary-parameter generalization,VERIFY,Matches signals: oriented matroids; SAT; exact coordinates; symmetry. Technique action: Parameterize over the index (p:Nat with [Fact p.Prime]) instead of one hardcoded instance; MUST re-verify each specialization reproduces its original axiom signature.
SHAPE-099,"Discrete geometry, tilings, and metric problems",Polytope and face-number frontiers,12,18,T-EG203-kummer-cut-gap-bounds,Kummer cut-gap bounds,ANALYSIS,Matches signals: oriented matroids; SAT; exact coordinates; symmetry. Technique action: Collision excess controlled by the minimum weighted cocircuit Lambda_* of the Kummer matroid.
SHAPE-100,"Discrete geometry, tilings, and metric problems",Geometric transversal and illumination problems,1,54,T-COMMON-checker-soundness-trust-contract,Checker + soundness-theorem + sample-witness trust contract,VERIFY,"Matches signals: set cover ILP; symmetry; interval geometry; dual certificates. Technique action: A decidable predicate proven sound with axiom footprint exactly [propext, Classical.choice, Quot.sound]; native_decide only on sample witnesses, not the soundness theorem. Separates what the TRUTH depends on from what was TRUSTED to check it."
SHAPE-100,"Discrete geometry, tilings, and metric problems",Geometric transversal and illumination problems,2,45,T-GRAHAM-packed-certificate-generic-checker,Packed-certificate + one generic checker,VERIFY,"Matches signals: set cover ILP; symmetry; interval geometry; dual certificates. Technique action: Encode each witness as packed data; prove ONE soundness theorem (checkWitness_sound); each concrete witness then costs one native_decide, not a new proof (theorem count stayed 1 across 60K-765K witnesses)."
SHAPE-100,"Discrete geometry, tilings, and metric problems",Geometric transversal and illumination problems,3,40,T-GRAHAM-independent-multi-checker-crosscheck,Independent multi-checker cross-check (Go / Python / EPCE),VERIFY,"Matches signals: set cover ILP; symmetry; interval geometry; dual certificates. Technique action: Every witness re-verified by two methodologically-distinct checkers (Go recompute + Python orbit-accounting) plus a third EPCE checker (H01/H06 verifyDistinctPartialSums); 1.64M witnesses, 0 disagreements."
SHAPE-100,"Discrete geometry, tilings, and metric problems",Geometric transversal and illumination problems,4,28,T-835-steiner-exact-cover-sat-solver,"Steiner system S(t,k,v) exact-cover/SAT solver",SEARCH,"Matches signals: set cover ILP; symmetry; interval geometry; dual certificates. Technique action: From-scratch exact-cover/SAT for S(t,k,v) existence (pysat CardEnc + Z3 dual backends, independent brute-force verifier, cyclic-automorphism reduction)."
SHAPE-100,"Discrete geometry, tilings, and metric problems",Geometric transversal and illumination problems,5,27,T-EG411-from-scratch-hostile-reenumeration,From-scratch hostile re-enumeration,VERIFY,"Matches signals: set cover ILP; symmetry; interval geometry; dual certificates. Technique action: Independent sieve + Brent-rho, NO chain filtering (strictly more permissive), 17.96B candidates; reproduced the exact omega=7 census, 0 solutions."
SHAPE-100,"Discrete geometry, tilings, and metric problems",Geometric transversal and illumination problems,6,26,T-GRAHAM-jigsaw-cost-density-predictor,JIGSAW cost-density predictor,SEARCH,"Matches signals: set cover ILP; symmetry; interval geometry; dual certificates. Technique action: Fits cost-per-orbit-representative as a power law in subset density (ms_per_orbit=a*density^b), re-reading real evidence on every invocation so the fit self-recalibrates; self-reports its own error band."
SHAPE-100,"Discrete geometry, tilings, and metric problems",Geometric transversal and illumination problems,7,24,T-GRAHAM-multiplicative-orbit-reduction,Multiplicative-orbit reduction,STRUCTURE,Matches signals: set cover ILP; symmetry; interval geometry; dual certificates. Technique action: Quotient the search space by the group's multiplicative action on itself; solve once per canonical orbit representative (Z_43: 6.2M raw subsets -> 148K representatives).
SHAPE-100,"Discrete geometry, tilings, and metric problems",Geometric transversal and illumination problems,8,23,T-EG203-gamma-fiber-local-density,Gamma-fiber local density companion,ANALYSIS,Matches signals: set cover ILP; symmetry; interval geometry; dual certificates. Technique action: Exact Gamma-fiber local density + prime-power Hensel companion computation.
SHAPE-100,"Discrete geometry, tilings, and metric problems",Geometric transversal and illumination problems,9,22,T-EG203-subgroup-obstruction-calculus,Subgroup obstruction calculus,STRUCTURE,"Matches signals: set cover ILP; symmetry; interval geometry; dual certificates. Technique action: Local obstruction at modulus d = subgroup-membership in Gamma_d=<2,3> subset (Z/d)*; exact densities + Fourier via character annihilator."
SHAPE-100,"Discrete geometry, tilings, and metric problems",Geometric transversal and illumination problems,10,20,T-EG203-kummer-cut-gap-bounds,Kummer cut-gap bounds,ANALYSIS,Matches signals: set cover ILP; symmetry; interval geometry; dual certificates. Technique action: Collision excess controlled by the minimum weighted cocircuit Lambda_* of the Kummer matroid.
SHAPE-100,"Discrete geometry, tilings, and metric problems",Geometric transversal and illumination problems,11,20,T-EG203-matroid-lifting-poisson-binomial,Matroid lifting + Poisson-binomial exact distribution,ANALYSIS,Matches signals: set cover ILP; symmetry; interval geometry; dual certificates. Technique action: Local obstruction indicators = independent Bernoullis (Poisson-binomial); Kummer log rows = representable matroid over F_ell; prime-power lift = Wieferich map.
SHAPE-100,"Discrete geometry, tilings, and metric problems",Geometric transversal and illumination problems,12,19,T-GRAHAM-arbitrary-parameter-generalization,Arbitrary-parameter generalization,VERIFY,Matches signals: set cover ILP; symmetry; interval geometry; dual certificates. Technique action: Parameterize over the index (p:Nat with [Fact p.Prime]) instead of one hardcoded instance; MUST re-verify each specialization reproduces its original axiom signature.
SHAPE-101,"Analysis, PDE, and operator theory",Rigorous special-function inequalities,1,52,T-COMMON-checker-soundness-trust-contract,Checker + soundness-theorem + sample-witness trust contract,VERIFY,"Matches signals: interval arithmetic; Taylor models; monotonicity decomposition; exact constants. Technique action: A decidable predicate proven sound with axiom footprint exactly [propext, Classical.choice, Quot.sound]; native_decide only on sample witnesses, not the soundness theorem. Separates what the TRUTH depends on from what was TRUSTED to check it."
SHAPE-101,"Analysis, PDE, and operator theory",Rigorous special-function inequalities,2,45,T-GRAHAM-independent-multi-checker-crosscheck,Independent multi-checker cross-check (Go / Python / EPCE),VERIFY,"Matches signals: interval arithmetic; Taylor models; monotonicity decomposition; exact constants. Technique action: Every witness re-verified by two methodologically-distinct checkers (Go recompute + Python orbit-accounting) plus a third EPCE checker (H01/H06 verifyDistinctPartialSums); 1.64M witnesses, 0 disagreements."
SHAPE-101,"Analysis, PDE, and operator theory",Rigorous special-function inequalities,3,43,T-GRAHAM-packed-certificate-generic-checker,Packed-certificate + one generic checker,VERIFY,"Matches signals: interval arithmetic; Taylor models; monotonicity decomposition; exact constants. Technique action: Encode each witness as packed data; prove ONE soundness theorem (checkWitness_sound); each concrete witness then costs one native_decide, not a new proof (theorem count stayed 1 across 60K-765K witnesses)."
SHAPE-101,"Analysis, PDE, and operator theory",Rigorous special-function inequalities,4,33,T-EG411-from-scratch-hostile-reenumeration,From-scratch hostile re-enumeration,VERIFY,"Matches signals: interval arithmetic; Taylor models; monotonicity decomposition; exact constants. Technique action: Independent sieve + Brent-rho, NO chain filtering (strictly more permissive), 17.96B candidates; reproduced the exact omega=7 census, 0 solutions."
SHAPE-101,"Analysis, PDE, and operator theory",Rigorous special-function inequalities,5,31,T-GRAHAM-jigsaw-cost-density-predictor,JIGSAW cost-density predictor,SEARCH,"Matches signals: interval arithmetic; Taylor models; monotonicity decomposition; exact constants. Technique action: Fits cost-per-orbit-representative as a power law in subset density (ms_per_orbit=a*density^b), re-reading real evidence on every invocation so the fit self-recalibrates; self-reports its own error band."
SHAPE-101,"Analysis, PDE, and operator theory",Rigorous special-function inequalities,6,24,T-EG203-gamma-fiber-local-density,Gamma-fiber local density companion,ANALYSIS,Matches signals: interval arithmetic; Taylor models; monotonicity decomposition; exact constants. Technique action: Exact Gamma-fiber local density + prime-power Hensel companion computation.
SHAPE-101,"Analysis, PDE, and operator theory",Rigorous special-function inequalities,7,22,T-EG203-fourier-collision-variance,Kummer Fourier collision variance (self-correction),ANALYSIS,Matches signals: interval arithmetic; Taylor models; monotonicity decomposition; exact constants. Technique action: Corrects a FALSE linear product formula into an exact Plancherel / hyperplane-arrangement sum for collision variance.
SHAPE-101,"Analysis, PDE, and operator theory",Rigorous special-function inequalities,8,22,T-EG203-moment-laws,Moment laws (Lean-verified),ANALYSIS,"Matches signals: interval arithmetic; Taylor models; monotonicity decomposition; exact constants. Technique action: Exact k-th moment / mean-zero / second-moment identities for the local obstruction (sum_delta_eq_zero, third_moment_vanishes_iff_half_cover, ...)."
SHAPE-101,"Analysis, PDE, and operator theory",Rigorous special-function inequalities,9,22,T-EG203-matroid-lifting-poisson-binomial,Matroid lifting + Poisson-binomial exact distribution,ANALYSIS,Matches signals: interval arithmetic; Taylor models; monotonicity decomposition; exact constants. Technique action: Local obstruction indicators = independent Bernoullis (Poisson-binomial); Kummer log rows = representable matroid over F_ell; prime-power lift = Wieferich map.
SHAPE-101,"Analysis, PDE, and operator theory",Rigorous special-function inequalities,10,19,T-GRAHAM-arbitrary-parameter-generalization,Arbitrary-parameter generalization,VERIFY,Matches signals: interval arithmetic; Taylor models; monotonicity decomposition; exact constants. Technique action: Parameterize over the index (p:Nat with [Fact p.Prime]) instead of one hardcoded instance; MUST re-verify each specialization reproduces its original axiom signature.
SHAPE-101,"Analysis, PDE, and operator theory",Rigorous special-function inequalities,11,18,T-GRAHAM-minimal-lean-imports,Minimal Lean imports,VERIFY,"Matches signals: interval arithmetic; Taylor models; monotonicity decomposition; exact constants. Technique action: Audit real tactic usage against actual Mathlib/Lean-core source; replace blanket import Mathlib.Tactic with only used tactic files (45.7% smaller closure, ~6% when a heavy import already dominates)."
SHAPE-101,"Analysis, PDE, and operator theory",Rigorous special-function inequalities,12,17,T-EG203-bounded-witness-certificate-machinery,Bounded witness / certificate machinery (m<=1e6 kernel closure),SEARCH,"Matches signals: interval arithmetic; Taylor models; monotonicity decomposition; exact constants. Technique action: Every ordinary m<=1e6 has a kernel-checked prime witness V(m,k,l), k+l<=13, in Lean (lake build exit 0)."
SHAPE-102,"Analysis, PDE, and operator theory",Computer-assisted periodic orbit existence,1,56,T-COMMON-checker-soundness-trust-contract,Checker + soundness-theorem + sample-witness trust contract,VERIFY,"Matches signals: validated numerics; radii polynomials; interval Newton; symmetry. Technique action: A decidable predicate proven sound with axiom footprint exactly [propext, Classical.choice, Quot.sound]; native_decide only on sample witnesses, not the soundness theorem. Separates what the TRUTH depends on from what was TRUSTED to check it."
SHAPE-102,"Analysis, PDE, and operator theory",Computer-assisted periodic orbit existence,2,45,T-GRAHAM-packed-certificate-generic-checker,Packed-certificate + one generic checker,VERIFY,"Matches signals: validated numerics; radii polynomials; interval Newton; symmetry. Technique action: Encode each witness as packed data; prove ONE soundness theorem (checkWitness_sound); each concrete witness then costs one native_decide, not a new proof (theorem count stayed 1 across 60K-765K witnesses)."
SHAPE-102,"Analysis, PDE, and operator theory",Computer-assisted periodic orbit existence,3,45,T-GRAHAM-independent-multi-checker-crosscheck,Independent multi-checker cross-check (Go / Python / EPCE),VERIFY,"Matches signals: validated numerics; radii polynomials; interval Newton; symmetry. Technique action: Every witness re-verified by two methodologically-distinct checkers (Go recompute + Python orbit-accounting) plus a third EPCE checker (H01/H06 verifyDistinctPartialSums); 1.64M witnesses, 0 disagreements."
SHAPE-102,"Analysis, PDE, and operator theory",Computer-assisted periodic orbit existence,4,33,T-EG411-from-scratch-hostile-reenumeration,From-scratch hostile re-enumeration,VERIFY,"Matches signals: validated numerics; radii polynomials; interval Newton; symmetry. Technique action: Independent sieve + Brent-rho, NO chain filtering (strictly more permissive), 17.96B candidates; reproduced the exact omega=7 census, 0 solutions."
SHAPE-102,"Analysis, PDE, and operator theory",Computer-assisted periodic orbit existence,5,32,T-GRAHAM-jigsaw-cost-density-predictor,JIGSAW cost-density predictor,SEARCH,"Matches signals: validated numerics; radii polynomials; interval Newton; symmetry. Technique action: Fits cost-per-orbit-representative as a power law in subset density (ms_per_orbit=a*density^b), re-reading real evidence on every invocation so the fit self-recalibrates; self-reports its own error band."
SHAPE-102,"Analysis, PDE, and operator theory",Computer-assisted periodic orbit existence,6,24,T-EG203-moment-laws,Moment laws (Lean-verified),ANALYSIS,"Matches signals: validated numerics; radii polynomials; interval Newton; symmetry. Technique action: Exact k-th moment / mean-zero / second-moment identities for the local obstruction (sum_delta_eq_zero, third_moment_vanishes_iff_half_cover, ...)."
SHAPE-102,"Analysis, PDE, and operator theory",Computer-assisted periodic orbit existence,7,23,T-EG203-matroid-lifting-poisson-binomial,Matroid lifting + Poisson-binomial exact distribution,ANALYSIS,Matches signals: validated numerics; radii polynomials; interval Newton; symmetry. Technique action: Local obstruction indicators = independent Bernoullis (Poisson-binomial); Kummer log rows = representable matroid over F_ell; prime-power lift = Wieferich map.
SHAPE-102,"Analysis, PDE, and operator theory",Computer-assisted periodic orbit existence,8,22,T-GRAHAM-multiplicative-orbit-reduction,Multiplicative-orbit reduction,STRUCTURE,Matches signals: validated numerics; radii polynomials; interval Newton; symmetry. Technique action: Quotient the search space by the group's multiplicative action on itself; solve once per canonical orbit representative (Z_43: 6.2M raw subsets -> 148K representatives).
SHAPE-102,"Analysis, PDE, and operator theory",Computer-assisted periodic orbit existence,9,22,T-EG203-fourier-collision-variance,Kummer Fourier collision variance (self-correction),ANALYSIS,Matches signals: validated numerics; radii polynomials; interval Newton; symmetry. Technique action: Corrects a FALSE linear product formula into an exact Plancherel / hyperplane-arrangement sum for collision variance.
SHAPE-102,"Analysis, PDE, and operator theory",Computer-assisted periodic orbit existence,10,20,T-GRAHAM-arbitrary-parameter-generalization,Arbitrary-parameter generalization,VERIFY,Matches signals: validated numerics; radii polynomials; interval Newton; symmetry. Technique action: Parameterize over the index (p:Nat with [Fact p.Prime]) instead of one hardcoded instance; MUST re-verify each specialization reproduces its original axiom signature.
SHAPE-102,"Analysis, PDE, and operator theory",Computer-assisted periodic orbit existence,11,20,T-EG203-bounded-witness-certificate-machinery,Bounded witness / certificate machinery (m<=1e6 kernel closure),SEARCH,"Matches signals: validated numerics; radii polynomials; interval Newton; symmetry. Technique action: Every ordinary m<=1e6 has a kernel-checked prime witness V(m,k,l), k+l<=13, in Lean (lake build exit 0)."
SHAPE-102,"Analysis, PDE, and operator theory",Computer-assisted periodic orbit existence,12,20,T-EG203-subgroup-obstruction-calculus,Subgroup obstruction calculus,STRUCTURE,"Matches signals: validated numerics; radii polynomials; interval Newton; symmetry. Technique action: Local obstruction at modulus d = subgroup-membership in Gamma_d=<2,3> subset (Z/d)*; exact densities + Fourier via character annihilator."
SHAPE-103,"Analysis, PDE, and operator theory",Traveling waves and coherent structures,1,55,T-COMMON-checker-soundness-trust-contract,Checker + soundness-theorem + sample-witness trust contract,VERIFY,"Matches signals: spectral computation; interval bounds; finite-dimensional reduction; proof receipt. Technique action: A decidable predicate proven sound with axiom footprint exactly [propext, Classical.choice, Quot.sound]; native_decide only on sample witnesses, not the soundness theorem. Separates what the TRUTH depends on from what was TRUSTED to check it."
SHAPE-103,"Analysis, PDE, and operator theory",Traveling waves and coherent structures,2,44,T-GRAHAM-packed-certificate-generic-checker,Packed-certificate + one generic checker,VERIFY,"Matches signals: spectral computation; interval bounds; finite-dimensional reduction; proof receipt. Technique action: Encode each witness as packed data; prove ONE soundness theorem (checkWitness_sound); each concrete witness then costs one native_decide, not a new proof (theorem count stayed 1 across 60K-765K witnesses)."
SHAPE-103,"Analysis, PDE, and operator theory",Traveling waves and coherent structures,3,44,T-GRAHAM-independent-multi-checker-crosscheck,Independent multi-checker cross-check (Go / Python / EPCE),VERIFY,"Matches signals: spectral computation; interval bounds; finite-dimensional reduction; proof receipt. Technique action: Every witness re-verified by two methodologically-distinct checkers (Go recompute + Python orbit-accounting) plus a third EPCE checker (H01/H06 verifyDistinctPartialSums); 1.64M witnesses, 0 disagreements."
SHAPE-103,"Analysis, PDE, and operator theory",Traveling waves and coherent structures,4,32,T-EG411-from-scratch-hostile-reenumeration,From-scratch hostile re-enumeration,VERIFY,"Matches signals: spectral computation; interval bounds; finite-dimensional reduction; proof receipt. Technique action: Independent sieve + Brent-rho, NO chain filtering (strictly more permissive), 17.96B candidates; reproduced the exact omega=7 census, 0 solutions."
SHAPE-103,"Analysis, PDE, and operator theory",Traveling waves and coherent structures,5,31,T-GRAHAM-jigsaw-cost-density-predictor,JIGSAW cost-density predictor,SEARCH,"Matches signals: spectral computation; interval bounds; finite-dimensional reduction; proof receipt. Technique action: Fits cost-per-orbit-representative as a power law in subset density (ms_per_orbit=a*density^b), re-reading real evidence on every invocation so the fit self-recalibrates; self-reports its own error band."
SHAPE-103,"Analysis, PDE, and operator theory",Traveling waves and coherent structures,6,24,T-EG203-fourier-collision-variance,Kummer Fourier collision variance (self-correction),ANALYSIS,Matches signals: spectral computation; interval bounds; finite-dimensional reduction; proof receipt. Technique action: Corrects a FALSE linear product formula into an exact Plancherel / hyperplane-arrangement sum for collision variance.
SHAPE-103,"Analysis, PDE, and operator theory",Traveling waves and coherent structures,7,24,T-EG203-moment-laws,Moment laws (Lean-verified),ANALYSIS,"Matches signals: spectral computation; interval bounds; finite-dimensional reduction; proof receipt. Technique action: Exact k-th moment / mean-zero / second-moment identities for the local obstruction (sum_delta_eq_zero, third_moment_vanishes_iff_half_cover, ...)."
SHAPE-103,"Analysis, PDE, and operator theory",Traveling waves and coherent structures,8,24,T-EG203-matroid-lifting-poisson-binomial,Matroid lifting + Poisson-binomial exact distribution,ANALYSIS,Matches signals: spectral computation; interval bounds; finite-dimensional reduction; proof receipt. Technique action: Local obstruction indicators = independent Bernoullis (Poisson-binomial); Kummer log rows = representable matroid over F_ell; prime-power lift = Wieferich map.
SHAPE-103,"Analysis, PDE, and operator theory",Traveling waves and coherent structures,9,21,T-EG203-subgroup-obstruction-calculus,Subgroup obstruction calculus,STRUCTURE,"Matches signals: spectral computation; interval bounds; finite-dimensional reduction; proof receipt. Technique action: Local obstruction at modulus d = subgroup-membership in Gamma_d=<2,3> subset (Z/d)*; exact densities + Fourier via character annihilator."
SHAPE-103,"Analysis, PDE, and operator theory",Traveling waves and coherent structures,10,20,T-GRAHAM-arbitrary-parameter-generalization,Arbitrary-parameter generalization,VERIFY,Matches signals: spectral computation; interval bounds; finite-dimensional reduction; proof receipt. Technique action: Parameterize over the index (p:Nat with [Fact p.Prime]) instead of one hardcoded instance; MUST re-verify each specialization reproduces its original axiom signature.
SHAPE-103,"Analysis, PDE, and operator theory",Traveling waves and coherent structures,11,20,T-EG203-bounded-witness-certificate-machinery,Bounded witness / certificate machinery (m<=1e6 kernel closure),SEARCH,"Matches signals: spectral computation; interval bounds; finite-dimensional reduction; proof receipt. Technique action: Every ordinary m<=1e6 has a kernel-checked prime witness V(m,k,l), k+l<=13, in Lean (lake build exit 0)."
SHAPE-103,"Analysis, PDE, and operator theory",Traveling waves and coherent structures,12,19,T-EG411-omega-ladder-case-exhaustion,Omega-ladder case-exhaustion (kill-trees),SEARCH,"Matches signals: spectral computation; interval bounds; finite-dimensional reduction; proof receipt. Technique action: Enumerate all squarefree factor-configs at fixed omega via node algebra A=3*prod(p-1), B=2*prod p; solve terminal j=2 pairs; omega=5/6/7 config spaces all EMPTY."
SHAPE-104,"Analysis, PDE, and operator theory",Finite-mode blow-up or global-regularity bounds,1,51,T-COMMON-checker-soundness-trust-contract,Checker + soundness-theorem + sample-witness trust contract,VERIFY,"Matches signals: differential inequalities; interval enclosure; SDP/SOS; finite-rung cases. Technique action: A decidable predicate proven sound with axiom footprint exactly [propext, Classical.choice, Quot.sound]; native_decide only on sample witnesses, not the soundness theorem. Separates what the TRUTH depends on from what was TRUSTED to check it."
SHAPE-104,"Analysis, PDE, and operator theory",Finite-mode blow-up or global-regularity bounds,2,45,T-GRAHAM-independent-multi-checker-crosscheck,Independent multi-checker cross-check (Go / Python / EPCE),VERIFY,"Matches signals: differential inequalities; interval enclosure; SDP/SOS; finite-rung cases. Technique action: Every witness re-verified by two methodologically-distinct checkers (Go recompute + Python orbit-accounting) plus a third EPCE checker (H01/H06 verifyDistinctPartialSums); 1.64M witnesses, 0 disagreements."
SHAPE-104,"Analysis, PDE, and operator theory",Finite-mode blow-up or global-regularity bounds,3,42,T-GRAHAM-packed-certificate-generic-checker,Packed-certificate + one generic checker,VERIFY,"Matches signals: differential inequalities; interval enclosure; SDP/SOS; finite-rung cases. Technique action: Encode each witness as packed data; prove ONE soundness theorem (checkWitness_sound); each concrete witness then costs one native_decide, not a new proof (theorem count stayed 1 across 60K-765K witnesses)."
SHAPE-104,"Analysis, PDE, and operator theory",Finite-mode blow-up or global-regularity bounds,4,32,T-EG411-from-scratch-hostile-reenumeration,From-scratch hostile re-enumeration,VERIFY,"Matches signals: differential inequalities; interval enclosure; SDP/SOS; finite-rung cases. Technique action: Independent sieve + Brent-rho, NO chain filtering (strictly more permissive), 17.96B candidates; reproduced the exact omega=7 census, 0 solutions."
SHAPE-104,"Analysis, PDE, and operator theory",Finite-mode blow-up or global-regularity bounds,5,32,T-GRAHAM-jigsaw-cost-density-predictor,JIGSAW cost-density predictor,SEARCH,"Matches signals: differential inequalities; interval enclosure; SDP/SOS; finite-rung cases. Technique action: Fits cost-per-orbit-representative as a power law in subset density (ms_per_orbit=a*density^b), re-reading real evidence on every invocation so the fit self-recalibrates; self-reports its own error band."
SHAPE-104,"Analysis, PDE, and operator theory",Finite-mode blow-up or global-regularity bounds,6,23,T-EG203-fourier-collision-variance,Kummer Fourier collision variance (self-correction),ANALYSIS,Matches signals: differential inequalities; interval enclosure; SDP/SOS; finite-rung cases. Technique action: Corrects a FALSE linear product formula into an exact Plancherel / hyperplane-arrangement sum for collision variance.
SHAPE-104,"Analysis, PDE, and operator theory",Finite-mode blow-up or global-regularity bounds,7,23,T-EG203-matroid-lifting-poisson-binomial,Matroid lifting + Poisson-binomial exact distribution,ANALYSIS,Matches signals: differential inequalities; interval enclosure; SDP/SOS; finite-rung cases. Technique action: Local obstruction indicators = independent Bernoullis (Poisson-binomial); Kummer log rows = representable matroid over F_ell; prime-power lift = Wieferich map.
SHAPE-104,"Analysis, PDE, and operator theory",Finite-mode blow-up or global-regularity bounds,8,22,T-EG203-moment-laws,Moment laws (Lean-verified),ANALYSIS,"Matches signals: differential inequalities; interval enclosure; SDP/SOS; finite-rung cases. Technique action: Exact k-th moment / mean-zero / second-moment identities for the local obstruction (sum_delta_eq_zero, third_moment_vanishes_iff_half_cover, ...)."
SHAPE-104,"Analysis, PDE, and operator theory",Finite-mode blow-up or global-regularity bounds,9,22,T-EG203-subgroup-obstruction-calculus,Subgroup obstruction calculus,STRUCTURE,"Matches signals: differential inequalities; interval enclosure; SDP/SOS; finite-rung cases. Technique action: Local obstruction at modulus d = subgroup-membership in Gamma_d=<2,3> subset (Z/d)*; exact densities + Fourier via character annihilator."
SHAPE-104,"Analysis, PDE, and operator theory",Finite-mode blow-up or global-regularity bounds,10,19,T-GRAHAM-arbitrary-parameter-generalization,Arbitrary-parameter generalization,VERIFY,Matches signals: differential inequalities; interval enclosure; SDP/SOS; finite-rung cases. Technique action: Parameterize over the index (p:Nat with [Fact p.Prime]) instead of one hardcoded instance; MUST re-verify each specialization reproduces its original axiom signature.
SHAPE-104,"Analysis, PDE, and operator theory",Finite-mode blow-up or global-regularity bounds,11,19,T-EG203-bounded-witness-certificate-machinery,Bounded witness / certificate machinery (m<=1e6 kernel closure),SEARCH,"Matches signals: differential inequalities; interval enclosure; SDP/SOS; finite-rung cases. Technique action: Every ordinary m<=1e6 has a kernel-checked prime witness V(m,k,l), k+l<=13, in Lean (lake build exit 0)."
SHAPE-104,"Analysis, PDE, and operator theory",Finite-mode blow-up or global-regularity bounds,12,19,T-EG203-gamma-fiber-local-density,Gamma-fiber local density companion,ANALYSIS,Matches signals: differential inequalities; interval enclosure; SDP/SOS; finite-rung cases. Technique action: Exact Gamma-fiber local density + prime-power Hensel companion computation.
SHAPE-105,"Analysis, PDE, and operator theory",Spectral extremals and eigenvalue inequalities,1,53,T-COMMON-checker-soundness-trust-contract,Checker + soundness-theorem + sample-witness trust contract,VERIFY,"Matches signals: SDP; interval eigenvalues; shape enumeration; exact algebra. Technique action: A decidable predicate proven sound with axiom footprint exactly [propext, Classical.choice, Quot.sound]; native_decide only on sample witnesses, not the soundness theorem. Separates what the TRUTH depends on from what was TRUSTED to check it."
SHAPE-105,"Analysis, PDE, and operator theory",Spectral extremals and eigenvalue inequalities,2,45,T-GRAHAM-independent-multi-checker-crosscheck,Independent multi-checker cross-check (Go / Python / EPCE),VERIFY,"Matches signals: SDP; interval eigenvalues; shape enumeration; exact algebra. Technique action: Every witness re-verified by two methodologically-distinct checkers (Go recompute + Python orbit-accounting) plus a third EPCE checker (H01/H06 verifyDistinctPartialSums); 1.64M witnesses, 0 disagreements."
SHAPE-105,"Analysis, PDE, and operator theory",Spectral extremals and eigenvalue inequalities,3,45,T-GRAHAM-packed-certificate-generic-checker,Packed-certificate + one generic checker,VERIFY,"Matches signals: SDP; interval eigenvalues; shape enumeration; exact algebra. Technique action: Encode each witness as packed data; prove ONE soundness theorem (checkWitness_sound); each concrete witness then costs one native_decide, not a new proof (theorem count stayed 1 across 60K-765K witnesses)."
SHAPE-105,"Analysis, PDE, and operator theory",Spectral extremals and eigenvalue inequalities,4,35,T-EG411-from-scratch-hostile-reenumeration,From-scratch hostile re-enumeration,VERIFY,"Matches signals: SDP; interval eigenvalues; shape enumeration; exact algebra. Technique action: Independent sieve + Brent-rho, NO chain filtering (strictly more permissive), 17.96B candidates; reproduced the exact omega=7 census, 0 solutions."
SHAPE-105,"Analysis, PDE, and operator theory",Spectral extremals and eigenvalue inequalities,5,31,T-GRAHAM-jigsaw-cost-density-predictor,JIGSAW cost-density predictor,SEARCH,"Matches signals: SDP; interval eigenvalues; shape enumeration; exact algebra. Technique action: Fits cost-per-orbit-representative as a power law in subset density (ms_per_orbit=a*density^b), re-reading real evidence on every invocation so the fit self-recalibrates; self-reports its own error band."
SHAPE-105,"Analysis, PDE, and operator theory",Spectral extremals and eigenvalue inequalities,6,24,T-EG203-fourier-collision-variance,Kummer Fourier collision variance (self-correction),ANALYSIS,Matches signals: SDP; interval eigenvalues; shape enumeration; exact algebra. Technique action: Corrects a FALSE linear product formula into an exact Plancherel / hyperplane-arrangement sum for collision variance.
SHAPE-105,"Analysis, PDE, and operator theory",Spectral extremals and eigenvalue inequalities,7,23,T-EG203-moment-laws,Moment laws (Lean-verified),ANALYSIS,"Matches signals: SDP; interval eigenvalues; shape enumeration; exact algebra. Technique action: Exact k-th moment / mean-zero / second-moment identities for the local obstruction (sum_delta_eq_zero, third_moment_vanishes_iff_half_cover, ...)."
SHAPE-105,"Analysis, PDE, and operator theory",Spectral extremals and eigenvalue inequalities,8,23,T-EG203-matroid-lifting-poisson-binomial,Matroid lifting + Poisson-binomial exact distribution,ANALYSIS,Matches signals: SDP; interval eigenvalues; shape enumeration; exact algebra. Technique action: Local obstruction indicators = independent Bernoullis (Poisson-binomial); Kummer log rows = representable matroid over F_ell; prime-power lift = Wieferich map.
SHAPE-105,"Analysis, PDE, and operator theory",Spectral extremals and eigenvalue inequalities,9,19,T-GRAHAM-arbitrary-parameter-generalization,Arbitrary-parameter generalization,VERIFY,Matches signals: SDP; interval eigenvalues; shape enumeration; exact algebra. Technique action: Parameterize over the index (p:Nat with [Fact p.Prime]) instead of one hardcoded instance; MUST re-verify each specialization reproduces its original axiom signature.
SHAPE-105,"Analysis, PDE, and operator theory",Spectral extremals and eigenvalue inequalities,10,18,T-EG203-bounded-witness-certificate-machinery,Bounded witness / certificate machinery (m<=1e6 kernel closure),SEARCH,"Matches signals: SDP; interval eigenvalues; shape enumeration; exact algebra. Technique action: Every ordinary m<=1e6 has a kernel-checked prime witness V(m,k,l), k+l<=13, in Lean (lake build exit 0)."
SHAPE-105,"Analysis, PDE, and operator theory",Spectral extremals and eigenvalue inequalities,11,18,T-EG203-gamma-fiber-local-density,Gamma-fiber local density companion,ANALYSIS,Matches signals: SDP; interval eigenvalues; shape enumeration; exact algebra. Technique action: Exact Gamma-fiber local density + prime-power Hensel companion computation.
SHAPE-105,"Analysis, PDE, and operator theory",Spectral extremals and eigenvalue inequalities,12,18,T-GRAHAM-minimal-lean-imports,Minimal Lean imports,VERIFY,"Matches signals: SDP; interval eigenvalues; shape enumeration; exact algebra. Technique action: Audit real tactic usage against actual Mathlib/Lean-core source; replace blanket import Mathlib.Tactic with only used tactic files (45.7% smaller closure, ~6% when a heavy import already dominates)."
SHAPE-106,"Analysis, PDE, and operator theory",Littlewood and random polynomial extremals,1,53,T-COMMON-checker-soundness-trust-contract,Checker + soundness-theorem + sample-witness trust contract,VERIFY,"Matches signals: SMT/OMT; FFT; root isolation; CV with sham controls. Technique action: A decidable predicate proven sound with axiom footprint exactly [propext, Classical.choice, Quot.sound]; native_decide only on sample witnesses, not the soundness theorem. Separates what the TRUTH depends on from what was TRUSTED to check it."
SHAPE-106,"Analysis, PDE, and operator theory",Littlewood and random polynomial extremals,2,45,T-GRAHAM-independent-multi-checker-crosscheck,Independent multi-checker cross-check (Go / Python / EPCE),VERIFY,"Matches signals: SMT/OMT; FFT; root isolation; CV with sham controls. Technique action: Every witness re-verified by two methodologically-distinct checkers (Go recompute + Python orbit-accounting) plus a third EPCE checker (H01/H06 verifyDistinctPartialSums); 1.64M witnesses, 0 disagreements."
SHAPE-106,"Analysis, PDE, and operator theory",Littlewood and random polynomial extremals,3,44,T-GRAHAM-packed-certificate-generic-checker,Packed-certificate + one generic checker,VERIFY,"Matches signals: SMT/OMT; FFT; root isolation; CV with sham controls. Technique action: Encode each witness as packed data; prove ONE soundness theorem (checkWitness_sound); each concrete witness then costs one native_decide, not a new proof (theorem count stayed 1 across 60K-765K witnesses)."
SHAPE-106,"Analysis, PDE, and operator theory",Littlewood and random polynomial extremals,4,35,T-GRAHAM-jigsaw-cost-density-predictor,JIGSAW cost-density predictor,SEARCH,"Matches signals: SMT/OMT; FFT; root isolation; CV with sham controls. Technique action: Fits cost-per-orbit-representative as a power law in subset density (ms_per_orbit=a*density^b), re-reading real evidence on every invocation so the fit self-recalibrates; self-reports its own error band."
SHAPE-106,"Analysis, PDE, and operator theory",Littlewood and random polynomial extremals,5,34,T-EG411-from-scratch-hostile-reenumeration,From-scratch hostile re-enumeration,VERIFY,"Matches signals: SMT/OMT; FFT; root isolation; CV with sham controls. Technique action: Independent sieve + Brent-rho, NO chain filtering (strictly more permissive), 17.96B candidates; reproduced the exact omega=7 census, 0 solutions."
SHAPE-106,"Analysis, PDE, and operator theory",Littlewood and random polynomial extremals,6,24,T-PRIMEGAP-cv-markov-order-with-sham-controls,CV-Markov order test with sham controls,ANALYSIS,"Matches signals: SMT/OMT; FFT; root isolation; CV with sham controls. Technique action: 5-fold CV-Markov order test + BIC/likelihood-ratio on prime-gap transitions, with 4 sham controls (Poisson, Cramer-sieved, shuffled-real, lag-k); curve_fit + 5000-resample bootstrap CI."
SHAPE-106,"Analysis, PDE, and operator theory",Littlewood and random polynomial extremals,7,23,T-EG203-moment-laws,Moment laws (Lean-verified),ANALYSIS,"Matches signals: SMT/OMT; FFT; root isolation; CV with sham controls. Technique action: Exact k-th moment / mean-zero / second-moment identities for the local obstruction (sum_delta_eq_zero, third_moment_vanishes_iff_half_cover, ...)."
SHAPE-106,"Analysis, PDE, and operator theory",Littlewood and random polynomial extremals,8,23,T-EG203-matroid-lifting-poisson-binomial,Matroid lifting + Poisson-binomial exact distribution,ANALYSIS,Matches signals: SMT/OMT; FFT; root isolation; CV with sham controls. Technique action: Local obstruction indicators = independent Bernoullis (Poisson-binomial); Kummer log rows = representable matroid over F_ell; prime-power lift = Wieferich map.
SHAPE-106,"Analysis, PDE, and operator theory",Littlewood and random polynomial extremals,9,22,T-EG203-fourier-collision-variance,Kummer Fourier collision variance (self-correction),ANALYSIS,Matches signals: SMT/OMT; FFT; root isolation; CV with sham controls. Technique action: Corrects a FALSE linear product formula into an exact Plancherel / hyperplane-arrangement sum for collision variance.
SHAPE-106,"Analysis, PDE, and operator theory",Littlewood and random polynomial extremals,10,21,T-PRIMEGAP-hardy-littlewood-admissibility-closed-form,Hardy-Littlewood admissibility closed forms (Lean),ANALYSIS,"Matches signals: SMT/OMT; FFT; root isolation; CV with sham controls. Technique action: Closed-form HL admissibility fractions for prime k-constellations (k=3:7/36, k=4:5/72, k=5:18631/810000); 59 Lean theorems, 0 sorry."
SHAPE-106,"Analysis, PDE, and operator theory",Littlewood and random polynomial extremals,11,20,T-EG203-crt-coherence-brute-force,CRT coherence brute-force,ANALYSIS,Matches signals: SMT/OMT; FFT; root isolation; CV with sham controls. Technique action: Compute coherence invariant C_b(P)=max_m covered-cell fraction; a cover iff =1.
SHAPE-106,"Analysis, PDE, and operator theory",Littlewood and random polynomial extremals,12,19,T-GRAHAM-arbitrary-parameter-generalization,Arbitrary-parameter generalization,VERIFY,Matches signals: SMT/OMT; FFT; root isolation; CV with sham controls. Technique action: Parameterize over the index (p:Nat with [Fact p.Prime]) instead of one hardcoded instance; MUST re-verify each specialization reproduces its original axiom signature.
SHAPE-107,"Analysis, PDE, and operator theory",Finite frame partition and discrepancy constants,1,52,T-COMMON-checker-soundness-trust-contract,Checker + soundness-theorem + sample-witness trust contract,VERIFY,"Matches signals: SAT/SDP; interlacing; exact rational verification; search. Technique action: A decidable predicate proven sound with axiom footprint exactly [propext, Classical.choice, Quot.sound]; native_decide only on sample witnesses, not the soundness theorem. Separates what the TRUTH depends on from what was TRUSTED to check it."
SHAPE-107,"Analysis, PDE, and operator theory",Finite frame partition and discrepancy constants,2,46,T-GRAHAM-independent-multi-checker-crosscheck,Independent multi-checker cross-check (Go / Python / EPCE),VERIFY,"Matches signals: SAT/SDP; interlacing; exact rational verification; search. Technique action: Every witness re-verified by two methodologically-distinct checkers (Go recompute + Python orbit-accounting) plus a third EPCE checker (H01/H06 verifyDistinctPartialSums); 1.64M witnesses, 0 disagreements."
SHAPE-107,"Analysis, PDE, and operator theory",Finite frame partition and discrepancy constants,3,44,T-GRAHAM-packed-certificate-generic-checker,Packed-certificate + one generic checker,VERIFY,"Matches signals: SAT/SDP; interlacing; exact rational verification; search. Technique action: Encode each witness as packed data; prove ONE soundness theorem (checkWitness_sound); each concrete witness then costs one native_decide, not a new proof (theorem count stayed 1 across 60K-765K witnesses)."
SHAPE-107,"Analysis, PDE, and operator theory",Finite frame partition and discrepancy constants,4,33,T-EG411-from-scratch-hostile-reenumeration,From-scratch hostile re-enumeration,VERIFY,"Matches signals: SAT/SDP; interlacing; exact rational verification; search. Technique action: Independent sieve + Brent-rho, NO chain filtering (strictly more permissive), 17.96B candidates; reproduced the exact omega=7 census, 0 solutions."
SHAPE-107,"Analysis, PDE, and operator theory",Finite frame partition and discrepancy constants,5,31,T-GRAHAM-jigsaw-cost-density-predictor,JIGSAW cost-density predictor,SEARCH,"Matches signals: SAT/SDP; interlacing; exact rational verification; search. Technique action: Fits cost-per-orbit-representative as a power law in subset density (ms_per_orbit=a*density^b), re-reading real evidence on every invocation so the fit self-recalibrates; self-reports its own error band."
SHAPE-107,"Analysis, PDE, and operator theory",Finite frame partition and discrepancy constants,6,24,T-EG203-matroid-lifting-poisson-binomial,Matroid lifting + Poisson-binomial exact distribution,ANALYSIS,Matches signals: SAT/SDP; interlacing; exact rational verification; search. Technique action: Local obstruction indicators = independent Bernoullis (Poisson-binomial); Kummer log rows = representable matroid over F_ell; prime-power lift = Wieferich map.
SHAPE-107,"Analysis, PDE, and operator theory",Finite frame partition and discrepancy constants,7,23,T-EG203-fourier-collision-variance,Kummer Fourier collision variance (self-correction),ANALYSIS,Matches signals: SAT/SDP; interlacing; exact rational verification; search. Technique action: Corrects a FALSE linear product formula into an exact Plancherel / hyperplane-arrangement sum for collision variance.
SHAPE-107,"Analysis, PDE, and operator theory",Finite frame partition and discrepancy constants,8,22,T-EG203-moment-laws,Moment laws (Lean-verified),ANALYSIS,"Matches signals: SAT/SDP; interlacing; exact rational verification; search. Technique action: Exact k-th moment / mean-zero / second-moment identities for the local obstruction (sum_delta_eq_zero, third_moment_vanishes_iff_half_cover, ...)."
SHAPE-107,"Analysis, PDE, and operator theory",Finite frame partition and discrepancy constants,9,21,T-EG411-omega-ladder-case-exhaustion,Omega-ladder case-exhaustion (kill-trees),SEARCH,"Matches signals: SAT/SDP; interlacing; exact rational verification; search. Technique action: Enumerate all squarefree factor-configs at fixed omega via node algebra A=3*prod(p-1), B=2*prod p; solve terminal j=2 pairs; omega=5/6/7 config spaces all EMPTY."
SHAPE-107,"Analysis, PDE, and operator theory",Finite frame partition and discrepancy constants,10,19,T-GRAHAM-arbitrary-parameter-generalization,Arbitrary-parameter generalization,VERIFY,Matches signals: SAT/SDP; interlacing; exact rational verification; search. Technique action: Parameterize over the index (p:Nat with [Fact p.Prime]) instead of one hardcoded instance; MUST re-verify each specialization reproduces its original axiom signature.
SHAPE-107,"Analysis, PDE, and operator theory",Finite frame partition and discrepancy constants,11,19,T-PRIMEGAP-hardy-littlewood-admissibility-closed-form,Hardy-Littlewood admissibility closed forms (Lean),ANALYSIS,"Matches signals: SAT/SDP; interlacing; exact rational verification; search. Technique action: Closed-form HL admissibility fractions for prime k-constellations (k=3:7/36, k=4:5/72, k=5:18631/810000); 59 Lean theorems, 0 sorry."
SHAPE-107,"Analysis, PDE, and operator theory",Finite frame partition and discrepancy constants,12,18,T-EG203-subgroup-obstruction-calculus,Subgroup obstruction calculus,STRUCTURE,"Matches signals: SAT/SDP; interlacing; exact rational verification; search. Technique action: Local obstruction at modulus d = subgroup-membership in Gamma_d=<2,3> subset (Z/d)*; exact densities + Fourier via character annihilator."
SHAPE-108,"Analysis, PDE, and operator theory",Moment and concentration inequalities with dependency,1,52,T-COMMON-checker-soundness-trust-contract,Checker + soundness-theorem + sample-witness trust contract,VERIFY,"Matches signals: Plancherel; exact moments; dependency graph; adversarial simulation. Technique action: A decidable predicate proven sound with axiom footprint exactly [propext, Classical.choice, Quot.sound]; native_decide only on sample witnesses, not the soundness theorem. Separates what the TRUTH depends on from what was TRUSTED to check it."
SHAPE-108,"Analysis, PDE, and operator theory",Moment and concentration inequalities with dependency,2,48,T-GRAHAM-independent-multi-checker-crosscheck,Independent multi-checker cross-check (Go / Python / EPCE),VERIFY,"Matches signals: Plancherel; exact moments; dependency graph; adversarial simulation. Technique action: Every witness re-verified by two methodologically-distinct checkers (Go recompute + Python orbit-accounting) plus a third EPCE checker (H01/H06 verifyDistinctPartialSums); 1.64M witnesses, 0 disagreements."
SHAPE-108,"Analysis, PDE, and operator theory",Moment and concentration inequalities with dependency,3,42,T-GRAHAM-packed-certificate-generic-checker,Packed-certificate + one generic checker,VERIFY,"Matches signals: Plancherel; exact moments; dependency graph; adversarial simulation. Technique action: Encode each witness as packed data; prove ONE soundness theorem (checkWitness_sound); each concrete witness then costs one native_decide, not a new proof (theorem count stayed 1 across 60K-765K witnesses)."
SHAPE-108,"Analysis, PDE, and operator theory",Moment and concentration inequalities with dependency,4,36,T-EG411-from-scratch-hostile-reenumeration,From-scratch hostile re-enumeration,VERIFY,"Matches signals: Plancherel; exact moments; dependency graph; adversarial simulation. Technique action: Independent sieve + Brent-rho, NO chain filtering (strictly more permissive), 17.96B candidates; reproduced the exact omega=7 census, 0 solutions."
SHAPE-108,"Analysis, PDE, and operator theory",Moment and concentration inequalities with dependency,5,35,T-EG203-moment-laws,Moment laws (Lean-verified),ANALYSIS,"Matches signals: Plancherel; exact moments; dependency graph; adversarial simulation. Technique action: Exact k-th moment / mean-zero / second-moment identities for the local obstruction (sum_delta_eq_zero, third_moment_vanishes_iff_half_cover, ...)."
SHAPE-108,"Analysis, PDE, and operator theory",Moment and concentration inequalities with dependency,6,32,T-GRAHAM-jigsaw-cost-density-predictor,JIGSAW cost-density predictor,SEARCH,"Matches signals: Plancherel; exact moments; dependency graph; adversarial simulation. Technique action: Fits cost-per-orbit-representative as a power law in subset density (ms_per_orbit=a*density^b), re-reading real evidence on every invocation so the fit self-recalibrates; self-reports its own error band."
SHAPE-108,"Analysis, PDE, and operator theory",Moment and concentration inequalities with dependency,7,30,T-EG203-fourier-collision-variance,Kummer Fourier collision variance (self-correction),ANALYSIS,Matches signals: Plancherel; exact moments; dependency graph; adversarial simulation. Technique action: Corrects a FALSE linear product formula into an exact Plancherel / hyperplane-arrangement sum for collision variance.
SHAPE-108,"Analysis, PDE, and operator theory",Moment and concentration inequalities with dependency,8,26,T-EG203-matroid-lifting-poisson-binomial,Matroid lifting + Poisson-binomial exact distribution,ANALYSIS,Matches signals: Plancherel; exact moments; dependency graph; adversarial simulation. Technique action: Local obstruction indicators = independent Bernoullis (Poisson-binomial); Kummer log rows = representable matroid over F_ell; prime-power lift = Wieferich map.
SHAPE-108,"Analysis, PDE, and operator theory",Moment and concentration inequalities with dependency,9,19,T-GRAHAM-arbitrary-parameter-generalization,Arbitrary-parameter generalization,VERIFY,Matches signals: Plancherel; exact moments; dependency graph; adversarial simulation. Technique action: Parameterize over the index (p:Nat with [Fact p.Prime]) instead of one hardcoded instance; MUST re-verify each specialization reproduces its original axiom signature.
SHAPE-108,"Analysis, PDE, and operator theory",Moment and concentration inequalities with dependency,10,18,T-EG203-prime-witness-scale-ladder,Prime-witness scale ladder + adversarial checking,SEARCH,"Matches signals: Plancherel; exact moments; dependency graph; adversarial simulation. Technique action: Kernel-verified prime witnesses continuously 10^0 -> 10^19 (max 20-digit prime); evidence, not universal."
SHAPE-108,"Analysis, PDE, and operator theory",Moment and concentration inequalities with dependency,11,18,T-GRAHAM-minimal-lean-imports,Minimal Lean imports,VERIFY,"Matches signals: Plancherel; exact moments; dependency graph; adversarial simulation. Technique action: Audit real tactic usage against actual Mathlib/Lean-core source; replace blanket import Mathlib.Tactic with only used tactic files (45.7% smaller closure, ~6% when a heavy import already dominates)."
SHAPE-108,"Analysis, PDE, and operator theory",Moment and concentration inequalities with dependency,12,18,T-EG203-subgroup-obstruction-calculus,Subgroup obstruction calculus,STRUCTURE,"Matches signals: Plancherel; exact moments; dependency graph; adversarial simulation. Technique action: Local obstruction at modulus d = subgroup-membership in Gamma_d=<2,3> subset (Z/d)*; exact densities + Fourier via character annihilator."
SHAPE-109,"Dynamics, automata, and recurrence systems",Collatz-type finite-state residue dynamics,1,56,T-COMMON-checker-soundness-trust-contract,Checker + soundness-theorem + sample-witness trust contract,VERIFY,"Matches signals: finite-state automata; modular sieve; exact certificates; hostile re-enumeration. Technique action: A decidable predicate proven sound with axiom footprint exactly [propext, Classical.choice, Quot.sound]; native_decide only on sample witnesses, not the soundness theorem. Separates what the TRUTH depends on from what was TRUSTED to check it."
SHAPE-109,"Dynamics, automata, and recurrence systems",Collatz-type finite-state residue dynamics,2,47,T-GRAHAM-packed-certificate-generic-checker,Packed-certificate + one generic checker,VERIFY,"Matches signals: finite-state automata; modular sieve; exact certificates; hostile re-enumeration. Technique action: Encode each witness as packed data; prove ONE soundness theorem (checkWitness_sound); each concrete witness then costs one native_decide, not a new proof (theorem count stayed 1 across 60K-765K witnesses)."
SHAPE-109,"Dynamics, automata, and recurrence systems",Collatz-type finite-state residue dynamics,3,44,T-EG411-from-scratch-hostile-reenumeration,From-scratch hostile re-enumeration,VERIFY,"Matches signals: finite-state automata; modular sieve; exact certificates; hostile re-enumeration. Technique action: Independent sieve + Brent-rho, NO chain filtering (strictly more permissive), 17.96B candidates; reproduced the exact omega=7 census, 0 solutions."
SHAPE-109,"Dynamics, automata, and recurrence systems",Collatz-type finite-state residue dynamics,4,42,T-GRAHAM-independent-multi-checker-crosscheck,Independent multi-checker cross-check (Go / Python / EPCE),VERIFY,"Matches signals: finite-state automata; modular sieve; exact certificates; hostile re-enumeration. Technique action: Every witness re-verified by two methodologically-distinct checkers (Go recompute + Python orbit-accounting) plus a third EPCE checker (H01/H06 verifyDistinctPartialSums); 1.64M witnesses, 0 disagreements."
SHAPE-109,"Dynamics, automata, and recurrence systems",Collatz-type finite-state residue dynamics,5,31,T-GRAHAM-jigsaw-cost-density-predictor,JIGSAW cost-density predictor,SEARCH,"Matches signals: finite-state automata; modular sieve; exact certificates; hostile re-enumeration. Technique action: Fits cost-per-orbit-representative as a power law in subset density (ms_per_orbit=a*density^b), re-reading real evidence on every invocation so the fit self-recalibrates; self-reports its own error band."
SHAPE-109,"Dynamics, automata, and recurrence systems",Collatz-type finite-state residue dynamics,6,31,T-EG203-bounded-witness-certificate-machinery,Bounded witness / certificate machinery (m<=1e6 kernel closure),SEARCH,"Matches signals: finite-state automata; modular sieve; exact certificates; hostile re-enumeration. Technique action: Every ordinary m<=1e6 has a kernel-checked prime witness V(m,k,l), k+l<=13, in Lean (lake build exit 0)."
SHAPE-109,"Dynamics, automata, and recurrence systems",Collatz-type finite-state residue dynamics,7,26,T-EG203-density-zero-kummer-obstruction-schema,Density-zero Kummer obstruction schema,ANALYSIS,Matches signals: finite-state automata; modular sieve; exact certificates; hostile re-enumeration. Technique action: 2nd-moment sieve + Pappalardi order bounds => obstruction-dominant m are density-zero.
SHAPE-109,"Dynamics, automata, and recurrence systems",Collatz-type finite-state residue dynamics,8,23,T-EG203-crt-coherence-brute-force,CRT coherence brute-force,ANALYSIS,Matches signals: finite-state automata; modular sieve; exact certificates; hostile re-enumeration. Technique action: Compute coherence invariant C_b(P)=max_m covered-cell fraction; a cover iff =1.
SHAPE-109,"Dynamics, automata, and recurrence systems",Collatz-type finite-state residue dynamics,9,23,T-EG411-omega-ladder-pruning-rules,"Omega-ladder pruning rules (A<=B dead check, cap bound, chain-free filter)",SEARCH,"Matches signals: finite-state automata; modular sieve; exact certificates; hostile re-enumeration. Technique action: A<=B dead check (3*phi-product < 2*n-product forever); intermediate cap bound A*(x-1)^j > B*x^j+2; chain-free filter (skip x if x=1 mod p for any p in prefix, Hercher H2)."
SHAPE-109,"Dynamics, automata, and recurrence systems",Collatz-type finite-state residue dynamics,10,22,T-EG203-gamma-fiber-local-density,Gamma-fiber local density companion,ANALYSIS,Matches signals: finite-state automata; modular sieve; exact certificates; hostile re-enumeration. Technique action: Exact Gamma-fiber local density + prime-power Hensel companion computation.
SHAPE-109,"Dynamics, automata, and recurrence systems",Collatz-type finite-state residue dynamics,11,22,T-950-fft-convolution-sieve-fn,FFT-convolution sieve for f(n),SEARCH,Matches signals: finite-state automata; modular sieve; exact certificates; hostile re-enumeration. Technique action: FFT-convolution sieve computes f(n)=sum 1/(n-p) to N=2e7; backtracking admissible k-tuple search cross-validated vs OEIS A008407 (28/28 exact).
SHAPE-109,"Dynamics, automata, and recurrence systems",Collatz-type finite-state residue dynamics,12,21,T-EG203-prime-witness-scale-ladder,Prime-witness scale ladder + adversarial checking,SEARCH,"Matches signals: finite-state automata; modular sieve; exact certificates; hostile re-enumeration. Technique action: Kernel-verified prime witnesses continuously 10^0 -> 10^19 (max 20-digit prime); evidence, not universal."
SHAPE-110,"Dynamics, automata, and recurrence systems",Cellular automaton reachability and Garden-of-Eden frontiers,1,54,T-COMMON-checker-soundness-trust-contract,Checker + soundness-theorem + sample-witness trust contract,VERIFY,"Matches signals: de Bruijn graphs; SAT; symmetry; finite-state proof. Technique action: A decidable predicate proven sound with axiom footprint exactly [propext, Classical.choice, Quot.sound]; native_decide only on sample witnesses, not the soundness theorem. Separates what the TRUTH depends on from what was TRUSTED to check it."
SHAPE-110,"Dynamics, automata, and recurrence systems",Cellular automaton reachability and Garden-of-Eden frontiers,2,45,T-GRAHAM-packed-certificate-generic-checker,Packed-certificate + one generic checker,VERIFY,"Matches signals: de Bruijn graphs; SAT; symmetry; finite-state proof. Technique action: Encode each witness as packed data; prove ONE soundness theorem (checkWitness_sound); each concrete witness then costs one native_decide, not a new proof (theorem count stayed 1 across 60K-765K witnesses)."
SHAPE-110,"Dynamics, automata, and recurrence systems",Cellular automaton reachability and Garden-of-Eden frontiers,3,41,T-GRAHAM-independent-multi-checker-crosscheck,Independent multi-checker cross-check (Go / Python / EPCE),VERIFY,"Matches signals: de Bruijn graphs; SAT; symmetry; finite-state proof. Technique action: Every witness re-verified by two methodologically-distinct checkers (Go recompute + Python orbit-accounting) plus a third EPCE checker (H01/H06 verifyDistinctPartialSums); 1.64M witnesses, 0 disagreements."
SHAPE-110,"Dynamics, automata, and recurrence systems",Cellular automaton reachability and Garden-of-Eden frontiers,4,34,T-EG411-from-scratch-hostile-reenumeration,From-scratch hostile re-enumeration,VERIFY,"Matches signals: de Bruijn graphs; SAT; symmetry; finite-state proof. Technique action: Independent sieve + Brent-rho, NO chain filtering (strictly more permissive), 17.96B candidates; reproduced the exact omega=7 census, 0 solutions."
SHAPE-110,"Dynamics, automata, and recurrence systems",Cellular automaton reachability and Garden-of-Eden frontiers,5,31,T-GRAHAM-jigsaw-cost-density-predictor,JIGSAW cost-density predictor,SEARCH,"Matches signals: de Bruijn graphs; SAT; symmetry; finite-state proof. Technique action: Fits cost-per-orbit-representative as a power law in subset density (ms_per_orbit=a*density^b), re-reading real evidence on every invocation so the fit self-recalibrates; self-reports its own error band."
SHAPE-110,"Dynamics, automata, and recurrence systems",Cellular automaton reachability and Garden-of-Eden frontiers,6,28,T-EG203-bounded-witness-certificate-machinery,Bounded witness / certificate machinery (m<=1e6 kernel closure),SEARCH,"Matches signals: de Bruijn graphs; SAT; symmetry; finite-state proof. Technique action: Every ordinary m<=1e6 has a kernel-checked prime witness V(m,k,l), k+l<=13, in Lean (lake build exit 0)."
SHAPE-110,"Dynamics, automata, and recurrence systems",Cellular automaton reachability and Garden-of-Eden frontiers,7,21,T-GRAHAM-multiplicative-orbit-reduction,Multiplicative-orbit reduction,STRUCTURE,Matches signals: de Bruijn graphs; SAT; symmetry; finite-state proof. Technique action: Quotient the search space by the group's multiplicative action on itself; solve once per canonical orbit representative (Z_43: 6.2M raw subsets -> 148K representatives).
SHAPE-110,"Dynamics, automata, and recurrence systems",Cellular automaton reachability and Garden-of-Eden frontiers,8,20,T-EG411-omega-ladder-case-exhaustion,Omega-ladder case-exhaustion (kill-trees),SEARCH,"Matches signals: de Bruijn graphs; SAT; symmetry; finite-state proof. Technique action: Enumerate all squarefree factor-configs at fixed omega via node algebra A=3*prod(p-1), B=2*prod p; solve terminal j=2 pairs; omega=5/6/7 config spaces all EMPTY."
SHAPE-110,"Dynamics, automata, and recurrence systems",Cellular automaton reachability and Garden-of-Eden frontiers,9,20,T-GRAHAM-arbitrary-parameter-generalization,Arbitrary-parameter generalization,VERIFY,Matches signals: de Bruijn graphs; SAT; symmetry; finite-state proof. Technique action: Parameterize over the index (p:Nat with [Fact p.Prime]) instead of one hardcoded instance; MUST re-verify each specialization reproduces its original axiom signature.
SHAPE-110,"Dynamics, automata, and recurrence systems",Cellular automaton reachability and Garden-of-Eden frontiers,10,20,T-EG203-crt-coherence-brute-force,CRT coherence brute-force,ANALYSIS,Matches signals: de Bruijn graphs; SAT; symmetry; finite-state proof. Technique action: Compute coherence invariant C_b(P)=max_m covered-cell fraction; a cover iff =1.
SHAPE-110,"Dynamics, automata, and recurrence systems",Cellular automaton reachability and Garden-of-Eden frontiers,11,19,T-EG203-moment-laws,Moment laws (Lean-verified),ANALYSIS,"Matches signals: de Bruijn graphs; SAT; symmetry; finite-state proof. Technique action: Exact k-th moment / mean-zero / second-moment identities for the local obstruction (sum_delta_eq_zero, third_moment_vanishes_iff_half_cover, ...)."
SHAPE-110,"Dynamics, automata, and recurrence systems",Cellular automaton reachability and Garden-of-Eden frontiers,12,19,T-GRAHAM-minimal-lean-imports,Minimal Lean imports,VERIFY,"Matches signals: de Bruijn graphs; SAT; symmetry; finite-state proof. Technique action: Audit real tactic usage against actual Mathlib/Lean-core source; replace blanket import Mathlib.Tactic with only used tactic files (45.7% smaller closure, ~6% when a heavy import already dominates)."
SHAPE-111,"Dynamics, automata, and recurrence systems",Digit and carry automata conjectures,1,56,T-COMMON-checker-soundness-trust-contract,Checker + soundness-theorem + sample-witness trust contract,VERIFY,"Matches signals: automata; transfer matrices; modular arithmetic; checker. Technique action: A decidable predicate proven sound with axiom footprint exactly [propext, Classical.choice, Quot.sound]; native_decide only on sample witnesses, not the soundness theorem. Separates what the TRUTH depends on from what was TRUSTED to check it."
SHAPE-111,"Dynamics, automata, and recurrence systems",Digit and carry automata conjectures,2,47,T-GRAHAM-packed-certificate-generic-checker,Packed-certificate + one generic checker,VERIFY,"Matches signals: automata; transfer matrices; modular arithmetic; checker. Technique action: Encode each witness as packed data; prove ONE soundness theorem (checkWitness_sound); each concrete witness then costs one native_decide, not a new proof (theorem count stayed 1 across 60K-765K witnesses)."
SHAPE-111,"Dynamics, automata, and recurrence systems",Digit and carry automata conjectures,3,41,T-GRAHAM-independent-multi-checker-crosscheck,Independent multi-checker cross-check (Go / Python / EPCE),VERIFY,"Matches signals: automata; transfer matrices; modular arithmetic; checker. Technique action: Every witness re-verified by two methodologically-distinct checkers (Go recompute + Python orbit-accounting) plus a third EPCE checker (H01/H06 verifyDistinctPartialSums); 1.64M witnesses, 0 disagreements."
SHAPE-111,"Dynamics, automata, and recurrence systems",Digit and carry automata conjectures,4,35,T-EG411-from-scratch-hostile-reenumeration,From-scratch hostile re-enumeration,VERIFY,"Matches signals: automata; transfer matrices; modular arithmetic; checker. Technique action: Independent sieve + Brent-rho, NO chain filtering (strictly more permissive), 17.96B candidates; reproduced the exact omega=7 census, 0 solutions."
SHAPE-111,"Dynamics, automata, and recurrence systems",Digit and carry automata conjectures,5,34,T-GRAHAM-jigsaw-cost-density-predictor,JIGSAW cost-density predictor,SEARCH,"Matches signals: automata; transfer matrices; modular arithmetic; checker. Technique action: Fits cost-per-orbit-representative as a power law in subset density (ms_per_orbit=a*density^b), re-reading real evidence on every invocation so the fit self-recalibrates; self-reports its own error band."
SHAPE-111,"Dynamics, automata, and recurrence systems",Digit and carry automata conjectures,6,28,T-EG203-bounded-witness-certificate-machinery,Bounded witness / certificate machinery (m<=1e6 kernel closure),SEARCH,"Matches signals: automata; transfer matrices; modular arithmetic; checker. Technique action: Every ordinary m<=1e6 has a kernel-checked prime witness V(m,k,l), k+l<=13, in Lean (lake build exit 0)."
SHAPE-111,"Dynamics, automata, and recurrence systems",Digit and carry automata conjectures,7,24,T-EG203-size5-density-union-bound,Size5 density / union bound,ANALYSIS,"Matches signals: automata; transfer matrices; modular arithmetic; checker. Technique action: Any prime set covering the k=0 row needs |P|>=5; a 4-prime cover has sum 1/ord_p(3) <= 19/20 < 1 (Lean, axiom-clean)."
SHAPE-111,"Dynamics, automata, and recurrence systems",Digit and carry automata conjectures,8,24,T-EG203-gamma-fiber-local-density,Gamma-fiber local density companion,ANALYSIS,Matches signals: automata; transfer matrices; modular arithmetic; checker. Technique action: Exact Gamma-fiber local density + prime-power Hensel companion computation.
SHAPE-111,"Dynamics, automata, and recurrence systems",Digit and carry automata conjectures,9,22,T-EG203-density-zero-kummer-obstruction-schema,Density-zero Kummer obstruction schema,ANALYSIS,Matches signals: automata; transfer matrices; modular arithmetic; checker. Technique action: 2nd-moment sieve + Pappalardi order bounds => obstruction-dominant m are density-zero.
SHAPE-111,"Dynamics, automata, and recurrence systems",Digit and carry automata conjectures,10,21,T-GRAHAM-arbitrary-parameter-generalization,Arbitrary-parameter generalization,VERIFY,Matches signals: automata; transfer matrices; modular arithmetic; checker. Technique action: Parameterize over the index (p:Nat with [Fact p.Prime]) instead of one hardcoded instance; MUST re-verify each specialization reproduces its original axiom signature.
SHAPE-111,"Dynamics, automata, and recurrence systems",Digit and carry automata conjectures,11,21,T-EG203-moment-laws,Moment laws (Lean-verified),ANALYSIS,"Matches signals: automata; transfer matrices; modular arithmetic; checker. Technique action: Exact k-th moment / mean-zero / second-moment identities for the local obstruction (sum_delta_eq_zero, third_moment_vanishes_iff_half_cover, ...)."
SHAPE-111,"Dynamics, automata, and recurrence systems",Digit and carry automata conjectures,12,21,T-PRIMEGAP-hardy-littlewood-admissibility-closed-form,Hardy-Littlewood admissibility closed forms (Lean),ANALYSIS,"Matches signals: automata; transfer matrices; modular arithmetic; checker. Technique action: Closed-form HL admissibility fractions for prime k-constellations (k=3:7/36, k=4:5/72, k=5:18631/810000); 59 Lean theorems, 0 sorry."
SHAPE-112,"Dynamics, automata, and recurrence systems",Symbolic dynamics forbidden-word extremals,1,53,T-COMMON-checker-soundness-trust-contract,Checker + soundness-theorem + sample-witness trust contract,VERIFY,"Matches signals: transfer matrix; SAT; spectral radius; exact certificate. Technique action: A decidable predicate proven sound with axiom footprint exactly [propext, Classical.choice, Quot.sound]; native_decide only on sample witnesses, not the soundness theorem. Separates what the TRUTH depends on from what was TRUSTED to check it."
SHAPE-112,"Dynamics, automata, and recurrence systems",Symbolic dynamics forbidden-word extremals,2,44,T-GRAHAM-packed-certificate-generic-checker,Packed-certificate + one generic checker,VERIFY,"Matches signals: transfer matrix; SAT; spectral radius; exact certificate. Technique action: Encode each witness as packed data; prove ONE soundness theorem (checkWitness_sound); each concrete witness then costs one native_decide, not a new proof (theorem count stayed 1 across 60K-765K witnesses)."
SHAPE-112,"Dynamics, automata, and recurrence systems",Symbolic dynamics forbidden-word extremals,3,39,T-GRAHAM-independent-multi-checker-crosscheck,Independent multi-checker cross-check (Go / Python / EPCE),VERIFY,"Matches signals: transfer matrix; SAT; spectral radius; exact certificate. Technique action: Every witness re-verified by two methodologically-distinct checkers (Go recompute + Python orbit-accounting) plus a third EPCE checker (H01/H06 verifyDistinctPartialSums); 1.64M witnesses, 0 disagreements."
SHAPE-112,"Dynamics, automata, and recurrence systems",Symbolic dynamics forbidden-word extremals,4,32,T-GRAHAM-jigsaw-cost-density-predictor,JIGSAW cost-density predictor,SEARCH,"Matches signals: transfer matrix; SAT; spectral radius; exact certificate. Technique action: Fits cost-per-orbit-representative as a power law in subset density (ms_per_orbit=a*density^b), re-reading real evidence on every invocation so the fit self-recalibrates; self-reports its own error band."
SHAPE-112,"Dynamics, automata, and recurrence systems",Symbolic dynamics forbidden-word extremals,5,32,T-EG411-from-scratch-hostile-reenumeration,From-scratch hostile re-enumeration,VERIFY,"Matches signals: transfer matrix; SAT; spectral radius; exact certificate. Technique action: Independent sieve + Brent-rho, NO chain filtering (strictly more permissive), 17.96B candidates; reproduced the exact omega=7 census, 0 solutions."
SHAPE-112,"Dynamics, automata, and recurrence systems",Symbolic dynamics forbidden-word extremals,6,25,T-EG203-bounded-witness-certificate-machinery,Bounded witness / certificate machinery (m<=1e6 kernel closure),SEARCH,"Matches signals: transfer matrix; SAT; spectral radius; exact certificate. Technique action: Every ordinary m<=1e6 has a kernel-checked prime witness V(m,k,l), k+l<=13, in Lean (lake build exit 0)."
SHAPE-112,"Dynamics, automata, and recurrence systems",Symbolic dynamics forbidden-word extremals,7,21,T-EG203-prime-witness-scale-ladder,Prime-witness scale ladder + adversarial checking,SEARCH,"Matches signals: transfer matrix; SAT; spectral radius; exact certificate. Technique action: Kernel-verified prime witnesses continuously 10^0 -> 10^19 (max 20-digit prime); evidence, not universal."
SHAPE-112,"Dynamics, automata, and recurrence systems",Symbolic dynamics forbidden-word extremals,8,20,T-EG203-kummer-cut-gap-bounds,Kummer cut-gap bounds,ANALYSIS,Matches signals: transfer matrix; SAT; spectral radius; exact certificate. Technique action: Collision excess controlled by the minimum weighted cocircuit Lambda_* of the Kummer matroid.
SHAPE-112,"Dynamics, automata, and recurrence systems",Symbolic dynamics forbidden-word extremals,9,19,T-GRAHAM-arbitrary-parameter-generalization,Arbitrary-parameter generalization,VERIFY,Matches signals: transfer matrix; SAT; spectral radius; exact certificate. Technique action: Parameterize over the index (p:Nat with [Fact p.Prime]) instead of one hardcoded instance; MUST re-verify each specialization reproduces its original axiom signature.
SHAPE-112,"Dynamics, automata, and recurrence systems",Symbolic dynamics forbidden-word extremals,10,19,T-EG203-gamma-fiber-local-density,Gamma-fiber local density companion,ANALYSIS,Matches signals: transfer matrix; SAT; spectral radius; exact certificate. Technique action: Exact Gamma-fiber local density + prime-power Hensel companion computation.
SHAPE-112,"Dynamics, automata, and recurrence systems",Symbolic dynamics forbidden-word extremals,11,19,T-EG203-matroid-lifting-poisson-binomial,Matroid lifting + Poisson-binomial exact distribution,ANALYSIS,Matches signals: transfer matrix; SAT; spectral radius; exact certificate. Technique action: Local obstruction indicators = independent Bernoullis (Poisson-binomial); Kummer log rows = representable matroid over F_ell; prime-power lift = Wieferich map.
SHAPE-112,"Dynamics, automata, and recurrence systems",Symbolic dynamics forbidden-word extremals,12,19,T-GRAHAM-multiplicative-orbit-reduction,Multiplicative-orbit reduction,STRUCTURE,Matches signals: transfer matrix; SAT; spectral radius; exact certificate. Technique action: Quotient the search space by the group's multiplicative action on itself; solve once per canonical orbit representative (Z_43: 6.2M raw subsets -> 148K representatives).
SHAPE-113,"Dynamics, automata, and recurrence systems",Discrete dynamical orbit anomaly mining,1,54,T-COMMON-checker-soundness-trust-contract,Checker + soundness-theorem + sample-witness trust contract,VERIFY,"Matches signals: cycle census; CV-Markov tests; modular filters; proof reconstruction. Technique action: A decidable predicate proven sound with axiom footprint exactly [propext, Classical.choice, Quot.sound]; native_decide only on sample witnesses, not the soundness theorem. Separates what the TRUTH depends on from what was TRUSTED to check it."
SHAPE-113,"Dynamics, automata, and recurrence systems",Discrete dynamical orbit anomaly mining,2,45,T-GRAHAM-packed-certificate-generic-checker,Packed-certificate + one generic checker,VERIFY,"Matches signals: cycle census; CV-Markov tests; modular filters; proof reconstruction. Technique action: Encode each witness as packed data; prove ONE soundness theorem (checkWitness_sound); each concrete witness then costs one native_decide, not a new proof (theorem count stayed 1 across 60K-765K witnesses)."
SHAPE-113,"Dynamics, automata, and recurrence systems",Discrete dynamical orbit anomaly mining,3,41,T-GRAHAM-independent-multi-checker-crosscheck,Independent multi-checker cross-check (Go / Python / EPCE),VERIFY,"Matches signals: cycle census; CV-Markov tests; modular filters; proof reconstruction. Technique action: Every witness re-verified by two methodologically-distinct checkers (Go recompute + Python orbit-accounting) plus a third EPCE checker (H01/H06 verifyDistinctPartialSums); 1.64M witnesses, 0 disagreements."
SHAPE-113,"Dynamics, automata, and recurrence systems",Discrete dynamical orbit anomaly mining,4,37,T-GRAHAM-jigsaw-cost-density-predictor,JIGSAW cost-density predictor,SEARCH,"Matches signals: cycle census; CV-Markov tests; modular filters; proof reconstruction. Technique action: Fits cost-per-orbit-representative as a power law in subset density (ms_per_orbit=a*density^b), re-reading real evidence on every invocation so the fit self-recalibrates; self-reports its own error band."
SHAPE-113,"Dynamics, automata, and recurrence systems",Discrete dynamical orbit anomaly mining,5,34,T-EG411-from-scratch-hostile-reenumeration,From-scratch hostile re-enumeration,VERIFY,"Matches signals: cycle census; CV-Markov tests; modular filters; proof reconstruction. Technique action: Independent sieve + Brent-rho, NO chain filtering (strictly more permissive), 17.96B candidates; reproduced the exact omega=7 census, 0 solutions."
SHAPE-113,"Dynamics, automata, and recurrence systems",Discrete dynamical orbit anomaly mining,6,29,T-PRIMEGAP-cv-markov-order-with-sham-controls,CV-Markov order test with sham controls,ANALYSIS,"Matches signals: cycle census; CV-Markov tests; modular filters; proof reconstruction. Technique action: 5-fold CV-Markov order test + BIC/likelihood-ratio on prime-gap transitions, with 4 sham controls (Poisson, Cramer-sieved, shuffled-real, lag-k); curve_fit + 5000-resample bootstrap CI."
SHAPE-113,"Dynamics, automata, and recurrence systems",Discrete dynamical orbit anomaly mining,7,29,T-EG203-bounded-witness-certificate-machinery,Bounded witness / certificate machinery (m<=1e6 kernel closure),SEARCH,"Matches signals: cycle census; CV-Markov tests; modular filters; proof reconstruction. Technique action: Every ordinary m<=1e6 has a kernel-checked prime witness V(m,k,l), k+l<=13, in Lean (lake build exit 0)."
SHAPE-113,"Dynamics, automata, and recurrence systems",Discrete dynamical orbit anomaly mining,8,20,T-GRAHAM-arbitrary-parameter-generalization,Arbitrary-parameter generalization,VERIFY,Matches signals: cycle census; CV-Markov tests; modular filters; proof reconstruction. Technique action: Parameterize over the index (p:Nat with [Fact p.Prime]) instead of one hardcoded instance; MUST re-verify each specialization reproduces its original axiom signature.
SHAPE-113,"Dynamics, automata, and recurrence systems",Discrete dynamical orbit anomaly mining,9,20,T-EG203-density-zero-kummer-obstruction-schema,Density-zero Kummer obstruction schema,ANALYSIS,Matches signals: cycle census; CV-Markov tests; modular filters; proof reconstruction. Technique action: 2nd-moment sieve + Pappalardi order bounds => obstruction-dominant m are density-zero.
SHAPE-113,"Dynamics, automata, and recurrence systems",Discrete dynamical orbit anomaly mining,10,19,T-EG203-prime-witness-scale-ladder,Prime-witness scale ladder + adversarial checking,SEARCH,"Matches signals: cycle census; CV-Markov tests; modular filters; proof reconstruction. Technique action: Kernel-verified prime witnesses continuously 10^0 -> 10^19 (max 20-digit prime); evidence, not universal."
SHAPE-113,"Dynamics, automata, and recurrence systems",Discrete dynamical orbit anomaly mining,11,19,T-GRAHAM-multiplicative-orbit-reduction,Multiplicative-orbit reduction,STRUCTURE,Matches signals: cycle census; CV-Markov tests; modular filters; proof reconstruction. Technique action: Quotient the search space by the group's multiplicative action on itself; solve once per canonical orbit representative (Z_43: 6.2M raw subsets -> 148K representatives).
SHAPE-113,"Dynamics, automata, and recurrence systems",Discrete dynamical orbit anomaly mining,12,19,T-EG203-kummer-cut-gap-bounds,Kummer cut-gap bounds,ANALYSIS,Matches signals: cycle census; CV-Markov tests; modular filters; proof reconstruction. Technique action: Collision excess controlled by the minimum weighted cocircuit Lambda_* of the Kummer matroid.
SHAPE-114,"Dynamics, automata, and recurrence systems",Combinatorial substitution and morphic sequence structure,1,61,T-COMMON-checker-soundness-trust-contract,Checker + soundness-theorem + sample-witness trust contract,VERIFY,"Matches signals: automata minimization; SAT; recurrence; Lean checker. Technique action: A decidable predicate proven sound with axiom footprint exactly [propext, Classical.choice, Quot.sound]; native_decide only on sample witnesses, not the soundness theorem. Separates what the TRUTH depends on from what was TRUSTED to check it."
SHAPE-114,"Dynamics, automata, and recurrence systems",Combinatorial substitution and morphic sequence structure,2,51,T-GRAHAM-packed-certificate-generic-checker,Packed-certificate + one generic checker,VERIFY,"Matches signals: automata minimization; SAT; recurrence; Lean checker. Technique action: Encode each witness as packed data; prove ONE soundness theorem (checkWitness_sound); each concrete witness then costs one native_decide, not a new proof (theorem count stayed 1 across 60K-765K witnesses)."
SHAPE-114,"Dynamics, automata, and recurrence systems",Combinatorial substitution and morphic sequence structure,3,40,T-GRAHAM-independent-multi-checker-crosscheck,Independent multi-checker cross-check (Go / Python / EPCE),VERIFY,"Matches signals: automata minimization; SAT; recurrence; Lean checker. Technique action: Every witness re-verified by two methodologically-distinct checkers (Go recompute + Python orbit-accounting) plus a third EPCE checker (H01/H06 verifyDistinctPartialSums); 1.64M witnesses, 0 disagreements."
SHAPE-114,"Dynamics, automata, and recurrence systems",Combinatorial substitution and morphic sequence structure,4,33,T-EG411-from-scratch-hostile-reenumeration,From-scratch hostile re-enumeration,VERIFY,"Matches signals: automata minimization; SAT; recurrence; Lean checker. Technique action: Independent sieve + Brent-rho, NO chain filtering (strictly more permissive), 17.96B candidates; reproduced the exact omega=7 census, 0 solutions."
SHAPE-114,"Dynamics, automata, and recurrence systems",Combinatorial substitution and morphic sequence structure,5,33,T-GRAHAM-jigsaw-cost-density-predictor,JIGSAW cost-density predictor,SEARCH,"Matches signals: automata minimization; SAT; recurrence; Lean checker. Technique action: Fits cost-per-orbit-representative as a power law in subset density (ms_per_orbit=a*density^b), re-reading real evidence on every invocation so the fit self-recalibrates; self-reports its own error band."
SHAPE-114,"Dynamics, automata, and recurrence systems",Combinatorial substitution and morphic sequence structure,6,32,T-EG203-bounded-witness-certificate-machinery,Bounded witness / certificate machinery (m<=1e6 kernel closure),SEARCH,"Matches signals: automata minimization; SAT; recurrence; Lean checker. Technique action: Every ordinary m<=1e6 has a kernel-checked prime witness V(m,k,l), k+l<=13, in Lean (lake build exit 0)."
SHAPE-114,"Dynamics, automata, and recurrence systems",Combinatorial substitution and morphic sequence structure,7,27,T-EG203-size5-density-union-bound,Size5 density / union bound,ANALYSIS,"Matches signals: automata minimization; SAT; recurrence; Lean checker. Technique action: Any prime set covering the k=0 row needs |P|>=5; a 4-prime cover has sum 1/ord_p(3) <= 19/20 < 1 (Lean, axiom-clean)."
SHAPE-114,"Dynamics, automata, and recurrence systems",Combinatorial substitution and morphic sequence structure,8,27,T-PRIMEGAP-hardy-littlewood-admissibility-closed-form,Hardy-Littlewood admissibility closed forms (Lean),ANALYSIS,"Matches signals: automata minimization; SAT; recurrence; Lean checker. Technique action: Closed-form HL admissibility fractions for prime k-constellations (k=3:7/36, k=4:5/72, k=5:18631/810000); 59 Lean theorems, 0 sorry."
SHAPE-114,"Dynamics, automata, and recurrence systems",Combinatorial substitution and morphic sequence structure,9,26,T-GRAHAM-minimal-lean-imports,Minimal Lean imports,VERIFY,"Matches signals: automata minimization; SAT; recurrence; Lean checker. Technique action: Audit real tactic usage against actual Mathlib/Lean-core source; replace blanket import Mathlib.Tactic with only used tactic files (45.7% smaller closure, ~6% when a heavy import already dominates)."
SHAPE-114,"Dynamics, automata, and recurrence systems",Combinatorial substitution and morphic sequence structure,10,25,T-GRAHAM-arbitrary-parameter-generalization,Arbitrary-parameter generalization,VERIFY,Matches signals: automata minimization; SAT; recurrence; Lean checker. Technique action: Parameterize over the index (p:Nat with [Fact p.Prime]) instead of one hardcoded instance; MUST re-verify each specialization reproduces its original axiom signature.
SHAPE-114,"Dynamics, automata, and recurrence systems",Combinatorial substitution and morphic sequence structure,11,25,T-EG203-moment-laws,Moment laws (Lean-verified),ANALYSIS,"Matches signals: automata minimization; SAT; recurrence; Lean checker. Technique action: Exact k-th moment / mean-zero / second-moment identities for the local obstruction (sum_delta_eq_zero, third_moment_vanishes_iff_half_cover, ...)."
SHAPE-114,"Dynamics, automata, and recurrence systems",Combinatorial substitution and morphic sequence structure,12,24,T-EG411-omega-ladder-case-exhaustion,Omega-ladder case-exhaustion (kill-trees),SEARCH,"Matches signals: automata minimization; SAT; recurrence; Lean checker. Technique action: Enumerate all squarefree factor-configs at fixed omega via node algebra A=3*prod(p-1), B=2*prod p; solve terminal j=2 pairs; omega=5/6/7 config spaces all EMPTY."
SHAPE-115,"Dynamics, automata, and recurrence systems","Sandpile, chip-firing, and rotor-router exact frontiers",1,55,T-COMMON-checker-soundness-trust-contract,Checker + soundness-theorem + sample-witness trust contract,VERIFY,"Matches signals: Smith normal form; graph symmetry; DP; exact checker. Technique action: A decidable predicate proven sound with axiom footprint exactly [propext, Classical.choice, Quot.sound]; native_decide only on sample witnesses, not the soundness theorem. Separates what the TRUTH depends on from what was TRUSTED to check it."
SHAPE-115,"Dynamics, automata, and recurrence systems","Sandpile, chip-firing, and rotor-router exact frontiers",2,46,T-GRAHAM-packed-certificate-generic-checker,Packed-certificate + one generic checker,VERIFY,"Matches signals: Smith normal form; graph symmetry; DP; exact checker. Technique action: Encode each witness as packed data; prove ONE soundness theorem (checkWitness_sound); each concrete witness then costs one native_decide, not a new proof (theorem count stayed 1 across 60K-765K witnesses)."
SHAPE-115,"Dynamics, automata, and recurrence systems","Sandpile, chip-firing, and rotor-router exact frontiers",3,39,T-GRAHAM-independent-multi-checker-crosscheck,Independent multi-checker cross-check (Go / Python / EPCE),VERIFY,"Matches signals: Smith normal form; graph symmetry; DP; exact checker. Technique action: Every witness re-verified by two methodologically-distinct checkers (Go recompute + Python orbit-accounting) plus a third EPCE checker (H01/H06 verifyDistinctPartialSums); 1.64M witnesses, 0 disagreements."
SHAPE-115,"Dynamics, automata, and recurrence systems","Sandpile, chip-firing, and rotor-router exact frontiers",4,32,T-EG411-from-scratch-hostile-reenumeration,From-scratch hostile re-enumeration,VERIFY,"Matches signals: Smith normal form; graph symmetry; DP; exact checker. Technique action: Independent sieve + Brent-rho, NO chain filtering (strictly more permissive), 17.96B candidates; reproduced the exact omega=7 census, 0 solutions."
SHAPE-115,"Dynamics, automata, and recurrence systems","Sandpile, chip-firing, and rotor-router exact frontiers",5,31,T-GRAHAM-jigsaw-cost-density-predictor,JIGSAW cost-density predictor,SEARCH,"Matches signals: Smith normal form; graph symmetry; DP; exact checker. Technique action: Fits cost-per-orbit-representative as a power law in subset density (ms_per_orbit=a*density^b), re-reading real evidence on every invocation so the fit self-recalibrates; self-reports its own error band."
SHAPE-115,"Dynamics, automata, and recurrence systems","Sandpile, chip-firing, and rotor-router exact frontiers",6,26,T-EG203-bounded-witness-certificate-machinery,Bounded witness / certificate machinery (m<=1e6 kernel closure),SEARCH,"Matches signals: Smith normal form; graph symmetry; DP; exact checker. Technique action: Every ordinary m<=1e6 has a kernel-checked prime witness V(m,k,l), k+l<=13, in Lean (lake build exit 0)."
SHAPE-115,"Dynamics, automata, and recurrence systems","Sandpile, chip-firing, and rotor-router exact frontiers",7,24,T-PRIMEGAP-hardy-littlewood-admissibility-closed-form,Hardy-Littlewood admissibility closed forms (Lean),ANALYSIS,"Matches signals: Smith normal form; graph symmetry; DP; exact checker. Technique action: Closed-form HL admissibility fractions for prime k-constellations (k=3:7/36, k=4:5/72, k=5:18631/810000); 59 Lean theorems, 0 sorry."
SHAPE-115,"Dynamics, automata, and recurrence systems","Sandpile, chip-firing, and rotor-router exact frontiers",8,22,T-GRAHAM-multiplicative-orbit-reduction,Multiplicative-orbit reduction,STRUCTURE,Matches signals: Smith normal form; graph symmetry; DP; exact checker. Technique action: Quotient the search space by the group's multiplicative action on itself; solve once per canonical orbit representative (Z_43: 6.2M raw subsets -> 148K representatives).
SHAPE-115,"Dynamics, automata, and recurrence systems","Sandpile, chip-firing, and rotor-router exact frontiers",9,21,T-EG411-omega-ladder-case-exhaustion,Omega-ladder case-exhaustion (kill-trees),SEARCH,"Matches signals: Smith normal form; graph symmetry; DP; exact checker. Technique action: Enumerate all squarefree factor-configs at fixed omega via node algebra A=3*prod(p-1), B=2*prod p; solve terminal j=2 pairs; omega=5/6/7 config spaces all EMPTY."
SHAPE-115,"Dynamics, automata, and recurrence systems","Sandpile, chip-firing, and rotor-router exact frontiers",10,20,T-EG203-crt-coherence-brute-force,CRT coherence brute-force,ANALYSIS,Matches signals: Smith normal form; graph symmetry; DP; exact checker. Technique action: Compute coherence invariant C_b(P)=max_m covered-cell fraction; a cover iff =1.
SHAPE-115,"Dynamics, automata, and recurrence systems","Sandpile, chip-firing, and rotor-router exact frontiers",11,20,T-GRAHAM-arbitrary-parameter-generalization,Arbitrary-parameter generalization,VERIFY,Matches signals: Smith normal form; graph symmetry; DP; exact checker. Technique action: Parameterize over the index (p:Nat with [Fact p.Prime]) instead of one hardcoded instance; MUST re-verify each specialization reproduces its original axiom signature.
SHAPE-115,"Dynamics, automata, and recurrence systems","Sandpile, chip-firing, and rotor-router exact frontiers",12,20,T-EG203-moment-laws,Moment laws (Lean-verified),ANALYSIS,"Matches signals: Smith normal form; graph symmetry; DP; exact checker. Technique action: Exact k-th moment / mean-zero / second-moment identities for the local obstruction (sum_delta_eq_zero, third_moment_vanishes_iff_half_cover, ...)."
SHAPE-116,"Dynamics, automata, and recurrence systems",Arithmetic random-walk flattening and mixing,1,52,T-COMMON-checker-soundness-trust-contract,Checker + soundness-theorem + sample-witness trust contract,VERIFY,"Matches signals: finite Fourier; character sums; exact spectra; collision variance. Technique action: A decidable predicate proven sound with axiom footprint exactly [propext, Classical.choice, Quot.sound]; native_decide only on sample witnesses, not the soundness theorem. Separates what the TRUTH depends on from what was TRUSTED to check it."
SHAPE-116,"Dynamics, automata, and recurrence systems",Arithmetic random-walk flattening and mixing,2,44,T-GRAHAM-packed-certificate-generic-checker,Packed-certificate + one generic checker,VERIFY,"Matches signals: finite Fourier; character sums; exact spectra; collision variance. Technique action: Encode each witness as packed data; prove ONE soundness theorem (checkWitness_sound); each concrete witness then costs one native_decide, not a new proof (theorem count stayed 1 across 60K-765K witnesses)."
SHAPE-116,"Dynamics, automata, and recurrence systems",Arithmetic random-walk flattening and mixing,3,39,T-GRAHAM-independent-multi-checker-crosscheck,Independent multi-checker cross-check (Go / Python / EPCE),VERIFY,"Matches signals: finite Fourier; character sums; exact spectra; collision variance. Technique action: Every witness re-verified by two methodologically-distinct checkers (Go recompute + Python orbit-accounting) plus a third EPCE checker (H01/H06 verifyDistinctPartialSums); 1.64M witnesses, 0 disagreements."
SHAPE-116,"Dynamics, automata, and recurrence systems",Arithmetic random-walk flattening and mixing,4,33,T-EG411-from-scratch-hostile-reenumeration,From-scratch hostile re-enumeration,VERIFY,"Matches signals: finite Fourier; character sums; exact spectra; collision variance. Technique action: Independent sieve + Brent-rho, NO chain filtering (strictly more permissive), 17.96B candidates; reproduced the exact omega=7 census, 0 solutions."
SHAPE-116,"Dynamics, automata, and recurrence systems",Arithmetic random-walk flattening and mixing,5,32,T-GRAHAM-jigsaw-cost-density-predictor,JIGSAW cost-density predictor,SEARCH,"Matches signals: finite Fourier; character sums; exact spectra; collision variance. Technique action: Fits cost-per-orbit-representative as a power law in subset density (ms_per_orbit=a*density^b), re-reading real evidence on every invocation so the fit self-recalibrates; self-reports its own error band."
SHAPE-116,"Dynamics, automata, and recurrence systems",Arithmetic random-walk flattening and mixing,6,23,T-EG203-fourier-collision-variance,Kummer Fourier collision variance (self-correction),ANALYSIS,Matches signals: finite Fourier; character sums; exact spectra; collision variance. Technique action: Corrects a FALSE linear product formula into an exact Plancherel / hyperplane-arrangement sum for collision variance.
SHAPE-116,"Dynamics, automata, and recurrence systems",Arithmetic random-walk flattening and mixing,7,23,T-EG203-bounded-witness-certificate-machinery,Bounded witness / certificate machinery (m<=1e6 kernel closure),SEARCH,"Matches signals: finite Fourier; character sums; exact spectra; collision variance. Technique action: Every ordinary m<=1e6 has a kernel-checked prime witness V(m,k,l), k+l<=13, in Lean (lake build exit 0)."
SHAPE-116,"Dynamics, automata, and recurrence systems",Arithmetic random-walk flattening and mixing,8,23,T-EG203-subgroup-obstruction-calculus,Subgroup obstruction calculus,STRUCTURE,"Matches signals: finite Fourier; character sums; exact spectra; collision variance. Technique action: Local obstruction at modulus d = subgroup-membership in Gamma_d=<2,3> subset (Z/d)*; exact densities + Fourier via character annihilator."
SHAPE-116,"Dynamics, automata, and recurrence systems",Arithmetic random-walk flattening and mixing,9,22,T-EG203-density-zero-kummer-obstruction-schema,Density-zero Kummer obstruction schema,ANALYSIS,Matches signals: finite Fourier; character sums; exact spectra; collision variance. Technique action: 2nd-moment sieve + Pappalardi order bounds => obstruction-dominant m are density-zero.
SHAPE-116,"Dynamics, automata, and recurrence systems",Arithmetic random-walk flattening and mixing,10,21,T-EG203-matroid-lifting-poisson-binomial,Matroid lifting + Poisson-binomial exact distribution,ANALYSIS,Matches signals: finite Fourier; character sums; exact spectra; collision variance. Technique action: Local obstruction indicators = independent Bernoullis (Poisson-binomial); Kummer log rows = representable matroid over F_ell; prime-power lift = Wieferich map.
SHAPE-116,"Dynamics, automata, and recurrence systems",Arithmetic random-walk flattening and mixing,11,20,T-EG203-moment-laws,Moment laws (Lean-verified),ANALYSIS,"Matches signals: finite Fourier; character sums; exact spectra; collision variance. Technique action: Exact k-th moment / mean-zero / second-moment identities for the local obstruction (sum_delta_eq_zero, third_moment_vanishes_iff_half_cover, ...)."
SHAPE-116,"Dynamics, automata, and recurrence systems",Arithmetic random-walk flattening and mixing,12,20,T-GRAHAM-multiplicative-orbit-reduction,Multiplicative-orbit reduction,STRUCTURE,Matches signals: finite Fourier; character sums; exact spectra; collision variance. Technique action: Quotient the search space by the group's multiplicative action on itself; solve once per canonical orbit representative (Z_43: 6.2M raw subsets -> 148K representatives).
SHAPE-117,"Logic, theoretical CS, and optimization",Finite model search for algebraic and combinatorial conjectures,1,60,T-COMMON-checker-soundness-trust-contract,Checker + soundness-theorem + sample-witness trust contract,VERIFY,"Matches signals: SAT/SMT model finding; isomorph rejection; proof extraction. Technique action: A decidable predicate proven sound with axiom footprint exactly [propext, Classical.choice, Quot.sound]; native_decide only on sample witnesses, not the soundness theorem. Separates what the TRUTH depends on from what was TRUSTED to check it."
SHAPE-117,"Logic, theoretical CS, and optimization",Finite model search for algebraic and combinatorial conjectures,2,53,T-GRAHAM-independent-multi-checker-crosscheck,Independent multi-checker cross-check (Go / Python / EPCE),VERIFY,"Matches signals: SAT/SMT model finding; isomorph rejection; proof extraction. Technique action: Every witness re-verified by two methodologically-distinct checkers (Go recompute + Python orbit-accounting) plus a third EPCE checker (H01/H06 verifyDistinctPartialSums); 1.64M witnesses, 0 disagreements."
SHAPE-117,"Logic, theoretical CS, and optimization",Finite model search for algebraic and combinatorial conjectures,3,50,T-GRAHAM-packed-certificate-generic-checker,Packed-certificate + one generic checker,VERIFY,"Matches signals: SAT/SMT model finding; isomorph rejection; proof extraction. Technique action: Encode each witness as packed data; prove ONE soundness theorem (checkWitness_sound); each concrete witness then costs one native_decide, not a new proof (theorem count stayed 1 across 60K-765K witnesses)."
SHAPE-117,"Logic, theoretical CS, and optimization",Finite model search for algebraic and combinatorial conjectures,4,41,T-EG411-from-scratch-hostile-reenumeration,From-scratch hostile re-enumeration,VERIFY,"Matches signals: SAT/SMT model finding; isomorph rejection; proof extraction. Technique action: Independent sieve + Brent-rho, NO chain filtering (strictly more permissive), 17.96B candidates; reproduced the exact omega=7 census, 0 solutions."
SHAPE-117,"Logic, theoretical CS, and optimization",Finite model search for algebraic and combinatorial conjectures,5,32,T-835-steiner-exact-cover-sat-solver,"Steiner system S(t,k,v) exact-cover/SAT solver",SEARCH,"Matches signals: SAT/SMT model finding; isomorph rejection; proof extraction. Technique action: From-scratch exact-cover/SAT for S(t,k,v) existence (pysat CardEnc + Z3 dual backends, independent brute-force verifier, cyclic-automorphism reduction)."
SHAPE-117,"Logic, theoretical CS, and optimization",Finite model search for algebraic and combinatorial conjectures,6,26,T-EG203-prime-witness-scale-ladder,Prime-witness scale ladder + adversarial checking,SEARCH,"Matches signals: SAT/SMT model finding; isomorph rejection; proof extraction. Technique action: Kernel-verified prime witnesses continuously 10^0 -> 10^19 (max 20-digit prime); evidence, not universal."
SHAPE-117,"Logic, theoretical CS, and optimization",Finite model search for algebraic and combinatorial conjectures,7,26,T-GRAHAM-jigsaw-cost-density-predictor,JIGSAW cost-density predictor,SEARCH,"Matches signals: SAT/SMT model finding; isomorph rejection; proof extraction. Technique action: Fits cost-per-orbit-representative as a power law in subset density (ms_per_orbit=a*density^b), re-reading real evidence on every invocation so the fit self-recalibrates; self-reports its own error band."
SHAPE-117,"Logic, theoretical CS, and optimization",Finite model search for algebraic and combinatorial conjectures,8,23,T-EG203-moment-laws,Moment laws (Lean-verified),ANALYSIS,"Matches signals: SAT/SMT model finding; isomorph rejection; proof extraction. Technique action: Exact k-th moment / mean-zero / second-moment identities for the local obstruction (sum_delta_eq_zero, third_moment_vanishes_iff_half_cover, ...)."
SHAPE-117,"Logic, theoretical CS, and optimization",Finite model search for algebraic and combinatorial conjectures,9,23,T-EG203-bounded-witness-certificate-machinery,Bounded witness / certificate machinery (m<=1e6 kernel closure),SEARCH,"Matches signals: SAT/SMT model finding; isomorph rejection; proof extraction. Technique action: Every ordinary m<=1e6 has a kernel-checked prime witness V(m,k,l), k+l<=13, in Lean (lake build exit 0)."
SHAPE-117,"Logic, theoretical CS, and optimization",Finite model search for algebraic and combinatorial conjectures,10,20,T-GRAHAM-arbitrary-parameter-generalization,Arbitrary-parameter generalization,VERIFY,Matches signals: SAT/SMT model finding; isomorph rejection; proof extraction. Technique action: Parameterize over the index (p:Nat with [Fact p.Prime]) instead of one hardcoded instance; MUST re-verify each specialization reproduces its original axiom signature.
SHAPE-117,"Logic, theoretical CS, and optimization",Finite model search for algebraic and combinatorial conjectures,11,19,T-GRAHAM-multiplicative-orbit-reduction,Multiplicative-orbit reduction,STRUCTURE,Matches signals: SAT/SMT model finding; isomorph rejection; proof extraction. Technique action: Quotient the search space by the group's multiplicative action on itself; solve once per canonical orbit representative (Z_43: 6.2M raw subsets -> 148K representatives).
SHAPE-117,"Logic, theoretical CS, and optimization",Finite model search for algebraic and combinatorial conjectures,12,19,T-EG411-omega-ladder-case-exhaustion,Omega-ladder case-exhaustion (kill-trees),SEARCH,"Matches signals: SAT/SMT model finding; isomorph rejection; proof extraction. Technique action: Enumerate all squarefree factor-configs at fixed omega via node algebra A=3*prod(p-1), B=2*prod p; solve terminal j=2 pairs; omega=5/6/7 config spaces all EMPTY."
SHAPE-118,"Logic, theoretical CS, and optimization",Constraint satisfaction exact classifications,1,60,T-COMMON-checker-soundness-trust-contract,Checker + soundness-theorem + sample-witness trust contract,VERIFY,"Matches signals: SAT; universal algebra; clone computation; certificate. Technique action: A decidable predicate proven sound with axiom footprint exactly [propext, Classical.choice, Quot.sound]; native_decide only on sample witnesses, not the soundness theorem. Separates what the TRUTH depends on from what was TRUSTED to check it."
SHAPE-118,"Logic, theoretical CS, and optimization",Constraint satisfaction exact classifications,2,51,T-GRAHAM-packed-certificate-generic-checker,Packed-certificate + one generic checker,VERIFY,"Matches signals: SAT; universal algebra; clone computation; certificate. Technique action: Encode each witness as packed data; prove ONE soundness theorem (checkWitness_sound); each concrete witness then costs one native_decide, not a new proof (theorem count stayed 1 across 60K-765K witnesses)."
SHAPE-118,"Logic, theoretical CS, and optimization",Constraint satisfaction exact classifications,3,50,T-GRAHAM-independent-multi-checker-crosscheck,Independent multi-checker cross-check (Go / Python / EPCE),VERIFY,"Matches signals: SAT; universal algebra; clone computation; certificate. Technique action: Every witness re-verified by two methodologically-distinct checkers (Go recompute + Python orbit-accounting) plus a third EPCE checker (H01/H06 verifyDistinctPartialSums); 1.64M witnesses, 0 disagreements."
SHAPE-118,"Logic, theoretical CS, and optimization",Constraint satisfaction exact classifications,4,37,T-EG411-from-scratch-hostile-reenumeration,From-scratch hostile re-enumeration,VERIFY,"Matches signals: SAT; universal algebra; clone computation; certificate. Technique action: Independent sieve + Brent-rho, NO chain filtering (strictly more permissive), 17.96B candidates; reproduced the exact omega=7 census, 0 solutions."
SHAPE-118,"Logic, theoretical CS, and optimization",Constraint satisfaction exact classifications,5,33,T-835-steiner-exact-cover-sat-solver,"Steiner system S(t,k,v) exact-cover/SAT solver",SEARCH,"Matches signals: SAT; universal algebra; clone computation; certificate. Technique action: From-scratch exact-cover/SAT for S(t,k,v) existence (pysat CardEnc + Z3 dual backends, independent brute-force verifier, cyclic-automorphism reduction)."
SHAPE-118,"Logic, theoretical CS, and optimization",Constraint satisfaction exact classifications,6,26,T-EG203-prime-witness-scale-ladder,Prime-witness scale ladder + adversarial checking,SEARCH,"Matches signals: SAT; universal algebra; clone computation; certificate. Technique action: Kernel-verified prime witnesses continuously 10^0 -> 10^19 (max 20-digit prime); evidence, not universal."
SHAPE-118,"Logic, theoretical CS, and optimization",Constraint satisfaction exact classifications,7,26,T-GRAHAM-jigsaw-cost-density-predictor,JIGSAW cost-density predictor,SEARCH,"Matches signals: SAT; universal algebra; clone computation; certificate. Technique action: Fits cost-per-orbit-representative as a power law in subset density (ms_per_orbit=a*density^b), re-reading real evidence on every invocation so the fit self-recalibrates; self-reports its own error band."
SHAPE-118,"Logic, theoretical CS, and optimization",Constraint satisfaction exact classifications,8,21,T-EG203-moment-laws,Moment laws (Lean-verified),ANALYSIS,"Matches signals: SAT; universal algebra; clone computation; certificate. Technique action: Exact k-th moment / mean-zero / second-moment identities for the local obstruction (sum_delta_eq_zero, third_moment_vanishes_iff_half_cover, ...)."
SHAPE-118,"Logic, theoretical CS, and optimization",Constraint satisfaction exact classifications,9,20,T-EG203-gamma-fiber-local-density,Gamma-fiber local density companion,ANALYSIS,Matches signals: SAT; universal algebra; clone computation; certificate. Technique action: Exact Gamma-fiber local density + prime-power Hensel companion computation.
SHAPE-118,"Logic, theoretical CS, and optimization",Constraint satisfaction exact classifications,10,20,T-EG411-omega-ladder-case-exhaustion,Omega-ladder case-exhaustion (kill-trees),SEARCH,"Matches signals: SAT; universal algebra; clone computation; certificate. Technique action: Enumerate all squarefree factor-configs at fixed omega via node algebra A=3*prod(p-1), B=2*prod p; solve terminal j=2 pairs; omega=5/6/7 config spaces all EMPTY."
SHAPE-118,"Logic, theoretical CS, and optimization",Constraint satisfaction exact classifications,11,20,T-EG203-crt-coherence-brute-force,CRT coherence brute-force,ANALYSIS,Matches signals: SAT; universal algebra; clone computation; certificate. Technique action: Compute coherence invariant C_b(P)=max_m covered-cell fraction; a cover iff =1.
SHAPE-118,"Logic, theoretical CS, and optimization",Constraint satisfaction exact classifications,12,20,T-GRAHAM-multiplicative-orbit-reduction,Multiplicative-orbit reduction,STRUCTURE,Matches signals: SAT; universal algebra; clone computation; certificate. Technique action: Quotient the search space by the group's multiplicative action on itself; solve once per canonical orbit representative (Z_43: 6.2M raw subsets -> 148K representatives).
SHAPE-119,"Logic, theoretical CS, and optimization",Proof-complexity lower-bound experiments,1,60,T-COMMON-checker-soundness-trust-contract,Checker + soundness-theorem + sample-witness trust contract,VERIFY,"Matches signals: proof logging; SAT; Gröbner; statistical hardness model. Technique action: A decidable predicate proven sound with axiom footprint exactly [propext, Classical.choice, Quot.sound]; native_decide only on sample witnesses, not the soundness theorem. Separates what the TRUTH depends on from what was TRUSTED to check it."
SHAPE-119,"Logic, theoretical CS, and optimization",Proof-complexity lower-bound experiments,2,51,T-GRAHAM-packed-certificate-generic-checker,Packed-certificate + one generic checker,VERIFY,"Matches signals: proof logging; SAT; Gröbner; statistical hardness model. Technique action: Encode each witness as packed data; prove ONE soundness theorem (checkWitness_sound); each concrete witness then costs one native_decide, not a new proof (theorem count stayed 1 across 60K-765K witnesses)."
SHAPE-119,"Logic, theoretical CS, and optimization",Proof-complexity lower-bound experiments,3,50,T-GRAHAM-independent-multi-checker-crosscheck,Independent multi-checker cross-check (Go / Python / EPCE),VERIFY,"Matches signals: proof logging; SAT; Gröbner; statistical hardness model. Technique action: Every witness re-verified by two methodologically-distinct checkers (Go recompute + Python orbit-accounting) plus a third EPCE checker (H01/H06 verifyDistinctPartialSums); 1.64M witnesses, 0 disagreements."
SHAPE-119,"Logic, theoretical CS, and optimization",Proof-complexity lower-bound experiments,4,37,T-EG411-from-scratch-hostile-reenumeration,From-scratch hostile re-enumeration,VERIFY,"Matches signals: proof logging; SAT; Gröbner; statistical hardness model. Technique action: Independent sieve + Brent-rho, NO chain filtering (strictly more permissive), 17.96B candidates; reproduced the exact omega=7 census, 0 solutions."
SHAPE-119,"Logic, theoretical CS, and optimization",Proof-complexity lower-bound experiments,5,32,T-835-steiner-exact-cover-sat-solver,"Steiner system S(t,k,v) exact-cover/SAT solver",SEARCH,"Matches signals: proof logging; SAT; Gröbner; statistical hardness model. Technique action: From-scratch exact-cover/SAT for S(t,k,v) existence (pysat CardEnc + Z3 dual backends, independent brute-force verifier, cyclic-automorphism reduction)."
SHAPE-119,"Logic, theoretical CS, and optimization",Proof-complexity lower-bound experiments,6,28,T-GRAHAM-jigsaw-cost-density-predictor,JIGSAW cost-density predictor,SEARCH,"Matches signals: proof logging; SAT; Gröbner; statistical hardness model. Technique action: Fits cost-per-orbit-representative as a power law in subset density (ms_per_orbit=a*density^b), re-reading real evidence on every invocation so the fit self-recalibrates; self-reports its own error band."
SHAPE-119,"Logic, theoretical CS, and optimization",Proof-complexity lower-bound experiments,7,25,T-EG203-prime-witness-scale-ladder,Prime-witness scale ladder + adversarial checking,SEARCH,"Matches signals: proof logging; SAT; Gröbner; statistical hardness model. Technique action: Kernel-verified prime witnesses continuously 10^0 -> 10^19 (max 20-digit prime); evidence, not universal."
SHAPE-119,"Logic, theoretical CS, and optimization",Proof-complexity lower-bound experiments,8,24,T-EG203-moment-laws,Moment laws (Lean-verified),ANALYSIS,"Matches signals: proof logging; SAT; Gröbner; statistical hardness model. Technique action: Exact k-th moment / mean-zero / second-moment identities for the local obstruction (sum_delta_eq_zero, third_moment_vanishes_iff_half_cover, ...)."
SHAPE-119,"Logic, theoretical CS, and optimization",Proof-complexity lower-bound experiments,9,21,T-EG411-omega-ladder-case-exhaustion,Omega-ladder case-exhaustion (kill-trees),SEARCH,"Matches signals: proof logging; SAT; Gröbner; statistical hardness model. Technique action: Enumerate all squarefree factor-configs at fixed omega via node algebra A=3*prod(p-1), B=2*prod p; solve terminal j=2 pairs; omega=5/6/7 config spaces all EMPTY."
SHAPE-119,"Logic, theoretical CS, and optimization",Proof-complexity lower-bound experiments,10,21,T-EG203-bounded-witness-certificate-machinery,Bounded witness / certificate machinery (m<=1e6 kernel closure),SEARCH,"Matches signals: proof logging; SAT; Gröbner; statistical hardness model. Technique action: Every ordinary m<=1e6 has a kernel-checked prime witness V(m,k,l), k+l<=13, in Lean (lake build exit 0)."
SHAPE-119,"Logic, theoretical CS, and optimization",Proof-complexity lower-bound experiments,11,21,T-GRAHAM-arbitrary-parameter-generalization,Arbitrary-parameter generalization,VERIFY,Matches signals: proof logging; SAT; Gröbner; statistical hardness model. Technique action: Parameterize over the index (p:Nat with [Fact p.Prime]) instead of one hardcoded instance; MUST re-verify each specialization reproduces its original axiom signature.
SHAPE-119,"Logic, theoretical CS, and optimization",Proof-complexity lower-bound experiments,12,20,T-EG203-kummer-cut-gap-bounds,Kummer cut-gap bounds,ANALYSIS,Matches signals: proof logging; SAT; Gröbner; statistical hardness model. Technique action: Collision excess controlled by the minimum weighted cocircuit Lambda_* of the Kummer matroid.
SHAPE-120,"Logic, theoretical CS, and optimization",Combinatorial optimization integrality gaps,1,58,T-COMMON-checker-soundness-trust-contract,Checker + soundness-theorem + sample-witness trust contract,VERIFY,"Matches signals: OMT/MILP; symmetry; Farkas certificates; graph census. Technique action: A decidable predicate proven sound with axiom footprint exactly [propext, Classical.choice, Quot.sound]; native_decide only on sample witnesses, not the soundness theorem. Separates what the TRUTH depends on from what was TRUSTED to check it."
SHAPE-120,"Logic, theoretical CS, and optimization",Combinatorial optimization integrality gaps,2,50,T-GRAHAM-independent-multi-checker-crosscheck,Independent multi-checker cross-check (Go / Python / EPCE),VERIFY,"Matches signals: OMT/MILP; symmetry; Farkas certificates; graph census. Technique action: Every witness re-verified by two methodologically-distinct checkers (Go recompute + Python orbit-accounting) plus a third EPCE checker (H01/H06 verifyDistinctPartialSums); 1.64M witnesses, 0 disagreements."
SHAPE-120,"Logic, theoretical CS, and optimization",Combinatorial optimization integrality gaps,3,49,T-GRAHAM-packed-certificate-generic-checker,Packed-certificate + one generic checker,VERIFY,"Matches signals: OMT/MILP; symmetry; Farkas certificates; graph census. Technique action: Encode each witness as packed data; prove ONE soundness theorem (checkWitness_sound); each concrete witness then costs one native_decide, not a new proof (theorem count stayed 1 across 60K-765K witnesses)."
SHAPE-120,"Logic, theoretical CS, and optimization",Combinatorial optimization integrality gaps,4,37,T-EG411-from-scratch-hostile-reenumeration,From-scratch hostile re-enumeration,VERIFY,"Matches signals: OMT/MILP; symmetry; Farkas certificates; graph census. Technique action: Independent sieve + Brent-rho, NO chain filtering (strictly more permissive), 17.96B candidates; reproduced the exact omega=7 census, 0 solutions."
SHAPE-120,"Logic, theoretical CS, and optimization",Combinatorial optimization integrality gaps,5,34,T-835-steiner-exact-cover-sat-solver,"Steiner system S(t,k,v) exact-cover/SAT solver",SEARCH,"Matches signals: OMT/MILP; symmetry; Farkas certificates; graph census. Technique action: From-scratch exact-cover/SAT for S(t,k,v) existence (pysat CardEnc + Z3 dual backends, independent brute-force verifier, cyclic-automorphism reduction)."
SHAPE-120,"Logic, theoretical CS, and optimization",Combinatorial optimization integrality gaps,6,26,T-GRAHAM-jigsaw-cost-density-predictor,JIGSAW cost-density predictor,SEARCH,"Matches signals: OMT/MILP; symmetry; Farkas certificates; graph census. Technique action: Fits cost-per-orbit-representative as a power law in subset density (ms_per_orbit=a*density^b), re-reading real evidence on every invocation so the fit self-recalibrates; self-reports its own error band."
SHAPE-120,"Logic, theoretical CS, and optimization",Combinatorial optimization integrality gaps,7,23,T-EG203-prime-witness-scale-ladder,Prime-witness scale ladder + adversarial checking,SEARCH,"Matches signals: OMT/MILP; symmetry; Farkas certificates; graph census. Technique action: Kernel-verified prime witnesses continuously 10^0 -> 10^19 (max 20-digit prime); evidence, not universal."
SHAPE-120,"Logic, theoretical CS, and optimization",Combinatorial optimization integrality gaps,8,21,T-GRAHAM-arbitrary-parameter-generalization,Arbitrary-parameter generalization,VERIFY,Matches signals: OMT/MILP; symmetry; Farkas certificates; graph census. Technique action: Parameterize over the index (p:Nat with [Fact p.Prime]) instead of one hardcoded instance; MUST re-verify each specialization reproduces its original axiom signature.
SHAPE-120,"Logic, theoretical CS, and optimization",Combinatorial optimization integrality gaps,9,20,T-COMMON-z3-omt-exact-optimizer,Z3 SMT/OMT exact optimizer,SEARCH,"Matches signals: OMT/MILP; symmetry; Farkas certificates; graph census. Technique action: Model a decision as booleans + linear pseudo-boolean constraints with a rational-weighted objective; Optimize().maximize() returns a certified bound, not a heuristic guess."
SHAPE-120,"Logic, theoretical CS, and optimization",Combinatorial optimization integrality gaps,10,19,T-EG203-crt-coherence-brute-force,CRT coherence brute-force,ANALYSIS,Matches signals: OMT/MILP; symmetry; Farkas certificates; graph census. Technique action: Compute coherence invariant C_b(P)=max_m covered-cell fraction; a cover iff =1.
SHAPE-120,"Logic, theoretical CS, and optimization",Combinatorial optimization integrality gaps,11,19,T-EG203-size5-density-union-bound,Size5 density / union bound,ANALYSIS,"Matches signals: OMT/MILP; symmetry; Farkas certificates; graph census. Technique action: Any prime set covering the k=0 row needs |P|>=5; a 4-prime cover has sum 1/ord_p(3) <= 19/20 < 1 (Lean, axiom-clean)."
SHAPE-120,"Logic, theoretical CS, and optimization",Combinatorial optimization integrality gaps,12,19,T-GRAHAM-multiplicative-orbit-reduction,Multiplicative-orbit reduction,STRUCTURE,Matches signals: OMT/MILP; symmetry; Farkas certificates; graph census. Technique action: Quotient the search space by the group's multiplicative action on itself; solve once per canonical orbit representative (Z_43: 6.2M raw subsets -> 148K representatives).
SHAPE-121,"Logic, theoretical CS, and optimization",Exact algorithm frontier and parameterized complexity,1,62,T-COMMON-checker-soundness-trust-contract,Checker + soundness-theorem + sample-witness trust contract,VERIFY,"Matches signals: JIGSAW cost modeling; beam search; SAT; recurrence proof. Technique action: A decidable predicate proven sound with axiom footprint exactly [propext, Classical.choice, Quot.sound]; native_decide only on sample witnesses, not the soundness theorem. Separates what the TRUTH depends on from what was TRUSTED to check it."
SHAPE-121,"Logic, theoretical CS, and optimization",Exact algorithm frontier and parameterized complexity,2,52,T-GRAHAM-packed-certificate-generic-checker,Packed-certificate + one generic checker,VERIFY,"Matches signals: JIGSAW cost modeling; beam search; SAT; recurrence proof. Technique action: Encode each witness as packed data; prove ONE soundness theorem (checkWitness_sound); each concrete witness then costs one native_decide, not a new proof (theorem count stayed 1 across 60K-765K witnesses)."
SHAPE-121,"Logic, theoretical CS, and optimization",Exact algorithm frontier and parameterized complexity,3,50,T-GRAHAM-independent-multi-checker-crosscheck,Independent multi-checker cross-check (Go / Python / EPCE),VERIFY,"Matches signals: JIGSAW cost modeling; beam search; SAT; recurrence proof. Technique action: Every witness re-verified by two methodologically-distinct checkers (Go recompute + Python orbit-accounting) plus a third EPCE checker (H01/H06 verifyDistinctPartialSums); 1.64M witnesses, 0 disagreements."
SHAPE-121,"Logic, theoretical CS, and optimization",Exact algorithm frontier and parameterized complexity,4,37,T-EG411-from-scratch-hostile-reenumeration,From-scratch hostile re-enumeration,VERIFY,"Matches signals: JIGSAW cost modeling; beam search; SAT; recurrence proof. Technique action: Independent sieve + Brent-rho, NO chain filtering (strictly more permissive), 17.96B candidates; reproduced the exact omega=7 census, 0 solutions."
SHAPE-121,"Logic, theoretical CS, and optimization",Exact algorithm frontier and parameterized complexity,5,34,T-GRAHAM-jigsaw-cost-density-predictor,JIGSAW cost-density predictor,SEARCH,"Matches signals: JIGSAW cost modeling; beam search; SAT; recurrence proof. Technique action: Fits cost-per-orbit-representative as a power law in subset density (ms_per_orbit=a*density^b), re-reading real evidence on every invocation so the fit self-recalibrates; self-reports its own error band."
SHAPE-121,"Logic, theoretical CS, and optimization",Exact algorithm frontier and parameterized complexity,6,33,T-835-steiner-exact-cover-sat-solver,"Steiner system S(t,k,v) exact-cover/SAT solver",SEARCH,"Matches signals: JIGSAW cost modeling; beam search; SAT; recurrence proof. Technique action: From-scratch exact-cover/SAT for S(t,k,v) existence (pysat CardEnc + Z3 dual backends, independent brute-force verifier, cyclic-automorphism reduction)."
SHAPE-121,"Logic, theoretical CS, and optimization",Exact algorithm frontier and parameterized complexity,7,26,T-EG203-prime-witness-scale-ladder,Prime-witness scale ladder + adversarial checking,SEARCH,"Matches signals: JIGSAW cost modeling; beam search; SAT; recurrence proof. Technique action: Kernel-verified prime witnesses continuously 10^0 -> 10^19 (max 20-digit prime); evidence, not universal."
SHAPE-121,"Logic, theoretical CS, and optimization",Exact algorithm frontier and parameterized complexity,8,23,T-EG203-bounded-witness-certificate-machinery,Bounded witness / certificate machinery (m<=1e6 kernel closure),SEARCH,"Matches signals: JIGSAW cost modeling; beam search; SAT; recurrence proof. Technique action: Every ordinary m<=1e6 has a kernel-checked prime witness V(m,k,l), k+l<=13, in Lean (lake build exit 0)."
SHAPE-121,"Logic, theoretical CS, and optimization",Exact algorithm frontier and parameterized complexity,9,23,T-GRAHAM-arbitrary-parameter-generalization,Arbitrary-parameter generalization,VERIFY,Matches signals: JIGSAW cost modeling; beam search; SAT; recurrence proof. Technique action: Parameterize over the index (p:Nat with [Fact p.Prime]) instead of one hardcoded instance; MUST re-verify each specialization reproduces its original axiom signature.
SHAPE-121,"Logic, theoretical CS, and optimization",Exact algorithm frontier and parameterized complexity,10,22,T-EG203-moment-laws,Moment laws (Lean-verified),ANALYSIS,"Matches signals: JIGSAW cost modeling; beam search; SAT; recurrence proof. Technique action: Exact k-th moment / mean-zero / second-moment identities for the local obstruction (sum_delta_eq_zero, third_moment_vanishes_iff_half_cover, ...)."
SHAPE-121,"Logic, theoretical CS, and optimization",Exact algorithm frontier and parameterized complexity,11,21,T-EG203-size5-density-union-bound,Size5 density / union bound,ANALYSIS,"Matches signals: JIGSAW cost modeling; beam search; SAT; recurrence proof. Technique action: Any prime set covering the k=0 row needs |P|>=5; a 4-prime cover has sum 1/ord_p(3) <= 19/20 < 1 (Lean, axiom-clean)."
SHAPE-121,"Logic, theoretical CS, and optimization",Exact algorithm frontier and parameterized complexity,12,21,T-EG411-omega-ladder-case-exhaustion,Omega-ladder case-exhaustion (kill-trees),SEARCH,"Matches signals: JIGSAW cost modeling; beam search; SAT; recurrence proof. Technique action: Enumerate all squarefree factor-configs at fixed omega via node algebra A=3*prod(p-1), B=2*prod p; solve terminal j=2 pairs; omega=5/6/7 config spaces all EMPTY."
SHAPE-122,"Logic, theoretical CS, and optimization",Game solving with proof certificates,1,62,T-COMMON-checker-soundness-trust-contract,Checker + soundness-theorem + sample-witness trust contract,VERIFY,"Matches signals: retrograde analysis; symmetry; SAT; strategy checker. Technique action: A decidable predicate proven sound with axiom footprint exactly [propext, Classical.choice, Quot.sound]; native_decide only on sample witnesses, not the soundness theorem. Separates what the TRUTH depends on from what was TRUSTED to check it."
SHAPE-122,"Logic, theoretical CS, and optimization",Game solving with proof certificates,2,52,T-GRAHAM-packed-certificate-generic-checker,Packed-certificate + one generic checker,VERIFY,"Matches signals: retrograde analysis; symmetry; SAT; strategy checker. Technique action: Encode each witness as packed data; prove ONE soundness theorem (checkWitness_sound); each concrete witness then costs one native_decide, not a new proof (theorem count stayed 1 across 60K-765K witnesses)."
SHAPE-122,"Logic, theoretical CS, and optimization",Game solving with proof certificates,3,51,T-GRAHAM-independent-multi-checker-crosscheck,Independent multi-checker cross-check (Go / Python / EPCE),VERIFY,"Matches signals: retrograde analysis; symmetry; SAT; strategy checker. Technique action: Every witness re-verified by two methodologically-distinct checkers (Go recompute + Python orbit-accounting) plus a third EPCE checker (H01/H06 verifyDistinctPartialSums); 1.64M witnesses, 0 disagreements."
SHAPE-122,"Logic, theoretical CS, and optimization",Game solving with proof certificates,4,38,T-EG411-from-scratch-hostile-reenumeration,From-scratch hostile re-enumeration,VERIFY,"Matches signals: retrograde analysis; symmetry; SAT; strategy checker. Technique action: Independent sieve + Brent-rho, NO chain filtering (strictly more permissive), 17.96B candidates; reproduced the exact omega=7 census, 0 solutions."
SHAPE-122,"Logic, theoretical CS, and optimization",Game solving with proof certificates,5,31,T-835-steiner-exact-cover-sat-solver,"Steiner system S(t,k,v) exact-cover/SAT solver",SEARCH,"Matches signals: retrograde analysis; symmetry; SAT; strategy checker. Technique action: From-scratch exact-cover/SAT for S(t,k,v) existence (pysat CardEnc + Z3 dual backends, independent brute-force verifier, cyclic-automorphism reduction)."
SHAPE-122,"Logic, theoretical CS, and optimization",Game solving with proof certificates,6,26,T-GRAHAM-jigsaw-cost-density-predictor,JIGSAW cost-density predictor,SEARCH,"Matches signals: retrograde analysis; symmetry; SAT; strategy checker. Technique action: Fits cost-per-orbit-representative as a power law in subset density (ms_per_orbit=a*density^b), re-reading real evidence on every invocation so the fit self-recalibrates; self-reports its own error band."
SHAPE-122,"Logic, theoretical CS, and optimization",Game solving with proof certificates,7,25,T-EG203-prime-witness-scale-ladder,Prime-witness scale ladder + adversarial checking,SEARCH,"Matches signals: retrograde analysis; symmetry; SAT; strategy checker. Technique action: Kernel-verified prime witnesses continuously 10^0 -> 10^19 (max 20-digit prime); evidence, not universal."
SHAPE-122,"Logic, theoretical CS, and optimization",Game solving with proof certificates,8,23,T-EG203-bounded-witness-certificate-machinery,Bounded witness / certificate machinery (m<=1e6 kernel closure),SEARCH,"Matches signals: retrograde analysis; symmetry; SAT; strategy checker. Technique action: Every ordinary m<=1e6 has a kernel-checked prime witness V(m,k,l), k+l<=13, in Lean (lake build exit 0)."
SHAPE-122,"Logic, theoretical CS, and optimization",Game solving with proof certificates,9,21,T-GRAHAM-arbitrary-parameter-generalization,Arbitrary-parameter generalization,VERIFY,Matches signals: retrograde analysis; symmetry; SAT; strategy checker. Technique action: Parameterize over the index (p:Nat with [Fact p.Prime]) instead of one hardcoded instance; MUST re-verify each specialization reproduces its original axiom signature.
SHAPE-122,"Logic, theoretical CS, and optimization",Game solving with proof certificates,10,21,T-EG203-moment-laws,Moment laws (Lean-verified),ANALYSIS,"Matches signals: retrograde analysis; symmetry; SAT; strategy checker. Technique action: Exact k-th moment / mean-zero / second-moment identities for the local obstruction (sum_delta_eq_zero, third_moment_vanishes_iff_half_cover, ...)."
SHAPE-122,"Logic, theoretical CS, and optimization",Game solving with proof certificates,11,21,T-EG411-omega-ladder-case-exhaustion,Omega-ladder case-exhaustion (kill-trees),SEARCH,"Matches signals: retrograde analysis; symmetry; SAT; strategy checker. Technique action: Enumerate all squarefree factor-configs at fixed omega via node algebra A=3*prod(p-1), B=2*prod p; solve terminal j=2 pairs; omega=5/6/7 config spaces all EMPTY."
SHAPE-122,"Logic, theoretical CS, and optimization",Game solving with proof certificates,12,20,T-EG203-size5-density-union-bound,Size5 density / union bound,ANALYSIS,"Matches signals: retrograde analysis; symmetry; SAT; strategy checker. Technique action: Any prime set covering the k=0 row needs |P|>=5; a 4-prime cover has sum 1/ord_p(3) <= 19/20 < 1 (Lean, axiom-clean)."
SHAPE-123,"Logic, theoretical CS, and optimization",Automated conjecture falsification for formal repositories,1,68,T-COMMON-checker-soundness-trust-contract,Checker + soundness-theorem + sample-witness trust contract,VERIFY,"Matches signals: statement audit; finite model finder; randomized testing; checker-soundness contract. Technique action: A decidable predicate proven sound with axiom footprint exactly [propext, Classical.choice, Quot.sound]; native_decide only on sample witnesses, not the soundness theorem. Separates what the TRUTH depends on from what was TRUSTED to check it."
SHAPE-123,"Logic, theoretical CS, and optimization",Automated conjecture falsification for formal repositories,2,59,T-GRAHAM-independent-multi-checker-crosscheck,Independent multi-checker cross-check (Go / Python / EPCE),VERIFY,"Matches signals: statement audit; finite model finder; randomized testing; checker-soundness contract. Technique action: Every witness re-verified by two methodologically-distinct checkers (Go recompute + Python orbit-accounting) plus a third EPCE checker (H01/H06 verifyDistinctPartialSums); 1.64M witnesses, 0 disagreements."
SHAPE-123,"Logic, theoretical CS, and optimization",Automated conjecture falsification for formal repositories,3,57,T-GRAHAM-packed-certificate-generic-checker,Packed-certificate + one generic checker,VERIFY,"Matches signals: statement audit; finite model finder; randomized testing; checker-soundness contract. Technique action: Encode each witness as packed data; prove ONE soundness theorem (checkWitness_sound); each concrete witness then costs one native_decide, not a new proof (theorem count stayed 1 across 60K-765K witnesses)."
SHAPE-123,"Logic, theoretical CS, and optimization",Automated conjecture falsification for formal repositories,4,44,T-EG411-from-scratch-hostile-reenumeration,From-scratch hostile re-enumeration,VERIFY,"Matches signals: statement audit; finite model finder; randomized testing; checker-soundness contract. Technique action: Independent sieve + Brent-rho, NO chain filtering (strictly more permissive), 17.96B candidates; reproduced the exact omega=7 census, 0 solutions."
SHAPE-123,"Logic, theoretical CS, and optimization",Automated conjecture falsification for formal repositories,5,29,T-835-steiner-exact-cover-sat-solver,"Steiner system S(t,k,v) exact-cover/SAT solver",SEARCH,"Matches signals: statement audit; finite model finder; randomized testing; checker-soundness contract. Technique action: From-scratch exact-cover/SAT for S(t,k,v) existence (pysat CardEnc + Z3 dual backends, independent brute-force verifier, cyclic-automorphism reduction)."
SHAPE-123,"Logic, theoretical CS, and optimization",Automated conjecture falsification for formal repositories,6,26,T-EG203-bounded-witness-certificate-machinery,Bounded witness / certificate machinery (m<=1e6 kernel closure),SEARCH,"Matches signals: statement audit; finite model finder; randomized testing; checker-soundness contract. Technique action: Every ordinary m<=1e6 has a kernel-checked prime witness V(m,k,l), k+l<=13, in Lean (lake build exit 0)."
SHAPE-123,"Logic, theoretical CS, and optimization",Automated conjecture falsification for formal repositories,7,26,T-EG203-prime-witness-scale-ladder,Prime-witness scale ladder + adversarial checking,SEARCH,"Matches signals: statement audit; finite model finder; randomized testing; checker-soundness contract. Technique action: Kernel-verified prime witnesses continuously 10^0 -> 10^19 (max 20-digit prime); evidence, not universal."
SHAPE-123,"Logic, theoretical CS, and optimization",Automated conjecture falsification for formal repositories,8,26,T-GRAHAM-jigsaw-cost-density-predictor,JIGSAW cost-density predictor,SEARCH,"Matches signals: statement audit; finite model finder; randomized testing; checker-soundness contract. Technique action: Fits cost-per-orbit-representative as a power law in subset density (ms_per_orbit=a*density^b), re-reading real evidence on every invocation so the fit self-recalibrates; self-reports its own error band."
SHAPE-123,"Logic, theoretical CS, and optimization",Automated conjecture falsification for formal repositories,9,25,T-EG411-omega-ladder-case-exhaustion,Omega-ladder case-exhaustion (kill-trees),SEARCH,"Matches signals: statement audit; finite model finder; randomized testing; checker-soundness contract. Technique action: Enumerate all squarefree factor-configs at fixed omega via node algebra A=3*prod(p-1), B=2*prod p; solve terminal j=2 pairs; omega=5/6/7 config spaces all EMPTY."
SHAPE-123,"Logic, theoretical CS, and optimization",Automated conjecture falsification for formal repositories,10,25,T-GRAHAM-arbitrary-parameter-generalization,Arbitrary-parameter generalization,VERIFY,Matches signals: statement audit; finite model finder; randomized testing; checker-soundness contract. Technique action: Parameterize over the index (p:Nat with [Fact p.Prime]) instead of one hardcoded instance; MUST re-verify each specialization reproduces its original axiom signature.
SHAPE-123,"Logic, theoretical CS, and optimization",Automated conjecture falsification for formal repositories,11,23,T-EG203-size5-density-union-bound,Size5 density / union bound,ANALYSIS,"Matches signals: statement audit; finite model finder; randomized testing; checker-soundness contract. Technique action: Any prime set covering the k=0 row needs |P|>=5; a 4-prime cover has sum 1/ord_p(3) <= 19/20 < 1 (Lean, axiom-clean)."
SHAPE-123,"Logic, theoretical CS, and optimization",Automated conjecture falsification for formal repositories,12,23,T-EG203-moment-laws,Moment laws (Lean-verified),ANALYSIS,"Matches signals: statement audit; finite model finder; randomized testing; checker-soundness contract. Technique action: Exact k-th moment / mean-zero / second-moment identities for the local obstruction (sum_delta_eq_zero, third_moment_vanishes_iff_half_cover, ...)."
SHAPE-124,"Logic, theoretical CS, and optimization",Solver-certificate translation and compression,1,73,T-COMMON-checker-soundness-trust-contract,Checker + soundness-theorem + sample-witness trust contract,VERIFY,"Matches signals: proof parser; checker theorem; proof compression; adversarial corruption tests. Technique action: A decidable predicate proven sound with axiom footprint exactly [propext, Classical.choice, Quot.sound]; native_decide only on sample witnesses, not the soundness theorem. Separates what the TRUTH depends on from what was TRUSTED to check it."
SHAPE-124,"Logic, theoretical CS, and optimization",Solver-certificate translation and compression,2,66,T-GRAHAM-packed-certificate-generic-checker,Packed-certificate + one generic checker,VERIFY,"Matches signals: proof parser; checker theorem; proof compression; adversarial corruption tests. Technique action: Encode each witness as packed data; prove ONE soundness theorem (checkWitness_sound); each concrete witness then costs one native_decide, not a new proof (theorem count stayed 1 across 60K-765K witnesses)."
SHAPE-124,"Logic, theoretical CS, and optimization",Solver-certificate translation and compression,3,57,T-GRAHAM-independent-multi-checker-crosscheck,Independent multi-checker cross-check (Go / Python / EPCE),VERIFY,"Matches signals: proof parser; checker theorem; proof compression; adversarial corruption tests. Technique action: Every witness re-verified by two methodologically-distinct checkers (Go recompute + Python orbit-accounting) plus a third EPCE checker (H01/H06 verifyDistinctPartialSums); 1.64M witnesses, 0 disagreements."
SHAPE-124,"Logic, theoretical CS, and optimization",Solver-certificate translation and compression,4,44,T-EG411-from-scratch-hostile-reenumeration,From-scratch hostile re-enumeration,VERIFY,"Matches signals: proof parser; checker theorem; proof compression; adversarial corruption tests. Technique action: Independent sieve + Brent-rho, NO chain filtering (strictly more permissive), 17.96B candidates; reproduced the exact omega=7 census, 0 solutions."
SHAPE-124,"Logic, theoretical CS, and optimization",Solver-certificate translation and compression,5,35,T-EG203-prime-witness-scale-ladder,Prime-witness scale ladder + adversarial checking,SEARCH,"Matches signals: proof parser; checker theorem; proof compression; adversarial corruption tests. Technique action: Kernel-verified prime witnesses continuously 10^0 -> 10^19 (max 20-digit prime); evidence, not universal."
SHAPE-124,"Logic, theoretical CS, and optimization",Solver-certificate translation and compression,6,35,T-835-steiner-exact-cover-sat-solver,"Steiner system S(t,k,v) exact-cover/SAT solver",SEARCH,"Matches signals: proof parser; checker theorem; proof compression; adversarial corruption tests. Technique action: From-scratch exact-cover/SAT for S(t,k,v) existence (pysat CardEnc + Z3 dual backends, independent brute-force verifier, cyclic-automorphism reduction)."
SHAPE-124,"Logic, theoretical CS, and optimization",Solver-certificate translation and compression,7,29,T-EG203-bounded-witness-certificate-machinery,Bounded witness / certificate machinery (m<=1e6 kernel closure),SEARCH,"Matches signals: proof parser; checker theorem; proof compression; adversarial corruption tests. Technique action: Every ordinary m<=1e6 has a kernel-checked prime witness V(m,k,l), k+l<=13, in Lean (lake build exit 0)."
SHAPE-124,"Logic, theoretical CS, and optimization",Solver-certificate translation and compression,8,27,T-EG203-size5-density-union-bound,Size5 density / union bound,ANALYSIS,"Matches signals: proof parser; checker theorem; proof compression; adversarial corruption tests. Technique action: Any prime set covering the k=0 row needs |P|>=5; a 4-prime cover has sum 1/ord_p(3) <= 19/20 < 1 (Lean, axiom-clean)."
SHAPE-124,"Logic, theoretical CS, and optimization",Solver-certificate translation and compression,9,27,T-PRIMEGAP-hardy-littlewood-admissibility-closed-form,Hardy-Littlewood admissibility closed forms (Lean),ANALYSIS,"Matches signals: proof parser; checker theorem; proof compression; adversarial corruption tests. Technique action: Closed-form HL admissibility fractions for prime k-constellations (k=3:7/36, k=4:5/72, k=5:18631/810000); 59 Lean theorems, 0 sorry."
SHAPE-124,"Logic, theoretical CS, and optimization",Solver-certificate translation and compression,10,27,T-EG203-moment-laws,Moment laws (Lean-verified),ANALYSIS,"Matches signals: proof parser; checker theorem; proof compression; adversarial corruption tests. Technique action: Exact k-th moment / mean-zero / second-moment identities for the local obstruction (sum_delta_eq_zero, third_moment_vanishes_iff_half_cover, ...)."
SHAPE-124,"Logic, theoretical CS, and optimization",Solver-certificate translation and compression,11,26,T-EG411-omega-ladder-case-exhaustion,Omega-ladder case-exhaustion (kill-trees),SEARCH,"Matches signals: proof parser; checker theorem; proof compression; adversarial corruption tests. Technique action: Enumerate all squarefree factor-configs at fixed omega via node algebra A=3*prod(p-1), B=2*prod p; solve terminal j=2 pairs; omega=5/6/7 config spaces all EMPTY."
SHAPE-124,"Logic, theoretical CS, and optimization",Solver-certificate translation and compression,12,26,T-GRAHAM-jigsaw-cost-density-predictor,JIGSAW cost-density predictor,SEARCH,"Matches signals: proof parser; checker theorem; proof compression; adversarial corruption tests. Technique action: Fits cost-per-orbit-representative as a power law in subset density (ms_per_orbit=a*density^b), re-reading real evidence on every invocation so the fit self-recalibrates; self-reports its own error band."
SHAPE-125,Arithmetic geometry and computational algebra,Elliptic curve rank and integral-point gaps over number fields,1,55,T-COMMON-checker-soundness-trust-contract,Checker + soundness-theorem + sample-witness trust contract,VERIFY,"Matches signals: LMFDB scan; descent; local sieve; exact height bounds. Technique action: A decidable predicate proven sound with axiom footprint exactly [propext, Classical.choice, Quot.sound]; native_decide only on sample witnesses, not the soundness theorem. Separates what the TRUTH depends on from what was TRUSTED to check it."
SHAPE-125,Arithmetic geometry and computational algebra,Elliptic curve rank and integral-point gaps over number fields,2,46,T-GRAHAM-packed-certificate-generic-checker,Packed-certificate + one generic checker,VERIFY,"Matches signals: LMFDB scan; descent; local sieve; exact height bounds. Technique action: Encode each witness as packed data; prove ONE soundness theorem (checkWitness_sound); each concrete witness then costs one native_decide, not a new proof (theorem count stayed 1 across 60K-765K witnesses)."
SHAPE-125,Arithmetic geometry and computational algebra,Elliptic curve rank and integral-point gaps over number fields,3,41,T-GRAHAM-independent-multi-checker-crosscheck,Independent multi-checker cross-check (Go / Python / EPCE),VERIFY,"Matches signals: LMFDB scan; descent; local sieve; exact height bounds. Technique action: Every witness re-verified by two methodologically-distinct checkers (Go recompute + Python orbit-accounting) plus a third EPCE checker (H01/H06 verifyDistinctPartialSums); 1.64M witnesses, 0 disagreements."
SHAPE-125,Arithmetic geometry and computational algebra,Elliptic curve rank and integral-point gaps over number fields,4,38,T-EG411-from-scratch-hostile-reenumeration,From-scratch hostile re-enumeration,VERIFY,"Matches signals: LMFDB scan; descent; local sieve; exact height bounds. Technique action: Independent sieve + Brent-rho, NO chain filtering (strictly more permissive), 17.96B candidates; reproduced the exact omega=7 census, 0 solutions."
SHAPE-125,Arithmetic geometry and computational algebra,Elliptic curve rank and integral-point gaps over number fields,5,31,T-EG203-density-zero-kummer-obstruction-schema,Density-zero Kummer obstruction schema,ANALYSIS,Matches signals: LMFDB scan; descent; local sieve; exact height bounds. Technique action: 2nd-moment sieve + Pappalardi order bounds => obstruction-dominant m are density-zero.
SHAPE-125,Arithmetic geometry and computational algebra,Elliptic curve rank and integral-point gaps over number fields,6,30,T-EG203-rank-r-synchronization-kummer-geometry,Rank-r synchronization + projective Kummer geometry,STRUCTURE,Matches signals: LMFDB scan; descent; local sieve; exact height bounds. Technique action: Rank-r generalization of the slope-collision defect + prime-power Hensel lifting.
SHAPE-125,Arithmetic geometry and computational algebra,Elliptic curve rank and integral-point gaps over number fields,7,29,T-EG203-crt-synchronization-projective-slopes,CRT synchronization / projective Kummer slopes,STRUCTURE,Matches signals: LMFDB scan; descent; local sieve; exact height bounds. Technique action: Two-prime ell-primary defect = rank defect = collision of [log_q2:log_q3] in P^1(F_ell).
SHAPE-125,Arithmetic geometry and computational algebra,Elliptic curve rank and integral-point gaps over number fields,8,28,T-EG203-matroid-lifting-poisson-binomial,Matroid lifting + Poisson-binomial exact distribution,ANALYSIS,Matches signals: LMFDB scan; descent; local sieve; exact height bounds. Technique action: Local obstruction indicators = independent Bernoullis (Poisson-binomial); Kummer log rows = representable matroid over F_ell; prime-power lift = Wieferich map.
SHAPE-125,Arithmetic geometry and computational algebra,Elliptic curve rank and integral-point gaps over number fields,9,27,T-EG203-kummer-cut-gap-bounds,Kummer cut-gap bounds,ANALYSIS,Matches signals: LMFDB scan; descent; local sieve; exact height bounds. Technique action: Collision excess controlled by the minimum weighted cocircuit Lambda_* of the Kummer matroid.
SHAPE-125,Arithmetic geometry and computational algebra,Elliptic curve rank and integral-point gaps over number fields,10,27,T-EG203-gamma-fiber-local-density,Gamma-fiber local density companion,ANALYSIS,Matches signals: LMFDB scan; descent; local sieve; exact height bounds. Technique action: Exact Gamma-fiber local density + prime-power Hensel companion computation.
SHAPE-125,Arithmetic geometry and computational algebra,Elliptic curve rank and integral-point gaps over number fields,11,27,T-GRAHAM-jigsaw-cost-density-predictor,JIGSAW cost-density predictor,SEARCH,"Matches signals: LMFDB scan; descent; local sieve; exact height bounds. Technique action: Fits cost-per-orbit-representative as a power law in subset density (ms_per_orbit=a*density^b), re-reading real evidence on every invocation so the fit self-recalibrates; self-reports its own error band."
SHAPE-125,Arithmetic geometry and computational algebra,Elliptic curve rank and integral-point gaps over number fields,12,26,T-EG203-prime-witness-scale-ladder,Prime-witness scale ladder + adversarial checking,SEARCH,"Matches signals: LMFDB scan; descent; local sieve; exact height bounds. Technique action: Kernel-verified prime witnesses continuously 10^0 -> 10^19 (max 20-digit prime); evidence, not universal."
SHAPE-126,Arithmetic geometry and computational algebra,Genus-2 curve and Jacobian classifications,1,54,T-COMMON-checker-soundness-trust-contract,Checker + soundness-theorem + sample-witness trust contract,VERIFY,"Matches signals: Chabauty; Mordell-Weil sieve; interval roots; exact algebraic certificates. Technique action: A decidable predicate proven sound with axiom footprint exactly [propext, Classical.choice, Quot.sound]; native_decide only on sample witnesses, not the soundness theorem. Separates what the TRUTH depends on from what was TRUSTED to check it."
SHAPE-126,Arithmetic geometry and computational algebra,Genus-2 curve and Jacobian classifications,2,46,T-GRAHAM-packed-certificate-generic-checker,Packed-certificate + one generic checker,VERIFY,"Matches signals: Chabauty; Mordell-Weil sieve; interval roots; exact algebraic certificates. Technique action: Encode each witness as packed data; prove ONE soundness theorem (checkWitness_sound); each concrete witness then costs one native_decide, not a new proof (theorem count stayed 1 across 60K-765K witnesses)."
SHAPE-126,Arithmetic geometry and computational algebra,Genus-2 curve and Jacobian classifications,3,39,T-GRAHAM-independent-multi-checker-crosscheck,Independent multi-checker cross-check (Go / Python / EPCE),VERIFY,"Matches signals: Chabauty; Mordell-Weil sieve; interval roots; exact algebraic certificates. Technique action: Every witness re-verified by two methodologically-distinct checkers (Go recompute + Python orbit-accounting) plus a third EPCE checker (H01/H06 verifyDistinctPartialSums); 1.64M witnesses, 0 disagreements."
SHAPE-126,Arithmetic geometry and computational algebra,Genus-2 curve and Jacobian classifications,4,35,T-EG411-from-scratch-hostile-reenumeration,From-scratch hostile re-enumeration,VERIFY,"Matches signals: Chabauty; Mordell-Weil sieve; interval roots; exact algebraic certificates. Technique action: Independent sieve + Brent-rho, NO chain filtering (strictly more permissive), 17.96B candidates; reproduced the exact omega=7 census, 0 solutions."
SHAPE-126,Arithmetic geometry and computational algebra,Genus-2 curve and Jacobian classifications,5,29,T-EG203-density-zero-kummer-obstruction-schema,Density-zero Kummer obstruction schema,ANALYSIS,Matches signals: Chabauty; Mordell-Weil sieve; interval roots; exact algebraic certificates. Technique action: 2nd-moment sieve + Pappalardi order bounds => obstruction-dominant m are density-zero.
SHAPE-126,Arithmetic geometry and computational algebra,Genus-2 curve and Jacobian classifications,6,28,T-GRAHAM-jigsaw-cost-density-predictor,JIGSAW cost-density predictor,SEARCH,"Matches signals: Chabauty; Mordell-Weil sieve; interval roots; exact algebraic certificates. Technique action: Fits cost-per-orbit-representative as a power law in subset density (ms_per_orbit=a*density^b), re-reading real evidence on every invocation so the fit self-recalibrates; self-reports its own error band."
SHAPE-126,Arithmetic geometry and computational algebra,Genus-2 curve and Jacobian classifications,7,27,T-EG203-kummer-cut-gap-bounds,Kummer cut-gap bounds,ANALYSIS,Matches signals: Chabauty; Mordell-Weil sieve; interval roots; exact algebraic certificates. Technique action: Collision excess controlled by the minimum weighted cocircuit Lambda_* of the Kummer matroid.
SHAPE-126,Arithmetic geometry and computational algebra,Genus-2 curve and Jacobian classifications,8,26,T-EG203-matroid-lifting-poisson-binomial,Matroid lifting + Poisson-binomial exact distribution,ANALYSIS,Matches signals: Chabauty; Mordell-Weil sieve; interval roots; exact algebraic certificates. Technique action: Local obstruction indicators = independent Bernoullis (Poisson-binomial); Kummer log rows = representable matroid over F_ell; prime-power lift = Wieferich map.
SHAPE-126,Arithmetic geometry and computational algebra,Genus-2 curve and Jacobian classifications,9,25,T-EG203-bounded-witness-certificate-machinery,Bounded witness / certificate machinery (m<=1e6 kernel closure),SEARCH,"Matches signals: Chabauty; Mordell-Weil sieve; interval roots; exact algebraic certificates. Technique action: Every ordinary m<=1e6 has a kernel-checked prime witness V(m,k,l), k+l<=13, in Lean (lake build exit 0)."
SHAPE-126,Arithmetic geometry and computational algebra,Genus-2 curve and Jacobian classifications,10,25,T-EG203-rank-r-synchronization-kummer-geometry,Rank-r synchronization + projective Kummer geometry,STRUCTURE,Matches signals: Chabauty; Mordell-Weil sieve; interval roots; exact algebraic certificates. Technique action: Rank-r generalization of the slope-collision defect + prime-power Hensel lifting.
SHAPE-126,Arithmetic geometry and computational algebra,Genus-2 curve and Jacobian classifications,11,24,T-EG203-crt-synchronization-projective-slopes,CRT synchronization / projective Kummer slopes,STRUCTURE,Matches signals: Chabauty; Mordell-Weil sieve; interval roots; exact algebraic certificates. Technique action: Two-prime ell-primary defect = rank defect = collision of [log_q2:log_q3] in P^1(F_ell).
SHAPE-126,Arithmetic geometry and computational algebra,Genus-2 curve and Jacobian classifications,12,24,T-EG203-gamma-fiber-local-density,Gamma-fiber local density companion,ANALYSIS,Matches signals: Chabauty; Mordell-Weil sieve; interval roots; exact algebraic certificates. Technique action: Exact Gamma-fiber local density + prime-power Hensel companion computation.
SHAPE-127,Arithmetic geometry and computational algebra,Galois group and number-field database anomalies,1,53,T-COMMON-checker-soundness-trust-contract,Checker + soundness-theorem + sample-witness trust contract,VERIFY,"Matches signals: database anomaly scan; local discriminant bounds; exact enumeration; group theory. Technique action: A decidable predicate proven sound with axiom footprint exactly [propext, Classical.choice, Quot.sound]; native_decide only on sample witnesses, not the soundness theorem. Separates what the TRUTH depends on from what was TRUSTED to check it."
SHAPE-127,Arithmetic geometry and computational algebra,Galois group and number-field database anomalies,2,44,T-GRAHAM-packed-certificate-generic-checker,Packed-certificate + one generic checker,VERIFY,"Matches signals: database anomaly scan; local discriminant bounds; exact enumeration; group theory. Technique action: Encode each witness as packed data; prove ONE soundness theorem (checkWitness_sound); each concrete witness then costs one native_decide, not a new proof (theorem count stayed 1 across 60K-765K witnesses)."
SHAPE-127,Arithmetic geometry and computational algebra,Galois group and number-field database anomalies,3,39,T-GRAHAM-independent-multi-checker-crosscheck,Independent multi-checker cross-check (Go / Python / EPCE),VERIFY,"Matches signals: database anomaly scan; local discriminant bounds; exact enumeration; group theory. Technique action: Every witness re-verified by two methodologically-distinct checkers (Go recompute + Python orbit-accounting) plus a third EPCE checker (H01/H06 verifyDistinctPartialSums); 1.64M witnesses, 0 disagreements."
SHAPE-127,Arithmetic geometry and computational algebra,Galois group and number-field database anomalies,4,34,T-EG411-from-scratch-hostile-reenumeration,From-scratch hostile re-enumeration,VERIFY,"Matches signals: database anomaly scan; local discriminant bounds; exact enumeration; group theory. Technique action: Independent sieve + Brent-rho, NO chain filtering (strictly more permissive), 17.96B candidates; reproduced the exact omega=7 census, 0 solutions."
SHAPE-127,Arithmetic geometry and computational algebra,Galois group and number-field database anomalies,5,27,T-GRAHAM-jigsaw-cost-density-predictor,JIGSAW cost-density predictor,SEARCH,"Matches signals: database anomaly scan; local discriminant bounds; exact enumeration; group theory. Technique action: Fits cost-per-orbit-representative as a power law in subset density (ms_per_orbit=a*density^b), re-reading real evidence on every invocation so the fit self-recalibrates; self-reports its own error band."
SHAPE-127,Arithmetic geometry and computational algebra,Galois group and number-field database anomalies,6,27,T-EG203-kummer-cut-gap-bounds,Kummer cut-gap bounds,ANALYSIS,Matches signals: database anomaly scan; local discriminant bounds; exact enumeration; group theory. Technique action: Collision excess controlled by the minimum weighted cocircuit Lambda_* of the Kummer matroid.
SHAPE-127,Arithmetic geometry and computational algebra,Galois group and number-field database anomalies,7,27,T-EG203-matroid-lifting-poisson-binomial,Matroid lifting + Poisson-binomial exact distribution,ANALYSIS,Matches signals: database anomaly scan; local discriminant bounds; exact enumeration; group theory. Technique action: Local obstruction indicators = independent Bernoullis (Poisson-binomial); Kummer log rows = representable matroid over F_ell; prime-power lift = Wieferich map.
SHAPE-127,Arithmetic geometry and computational algebra,Galois group and number-field database anomalies,8,26,T-EG203-gamma-fiber-local-density,Gamma-fiber local density companion,ANALYSIS,Matches signals: database anomaly scan; local discriminant bounds; exact enumeration; group theory. Technique action: Exact Gamma-fiber local density + prime-power Hensel companion computation.
SHAPE-127,Arithmetic geometry and computational algebra,Galois group and number-field database anomalies,9,26,T-EG203-rank-r-synchronization-kummer-geometry,Rank-r synchronization + projective Kummer geometry,STRUCTURE,Matches signals: database anomaly scan; local discriminant bounds; exact enumeration; group theory. Technique action: Rank-r generalization of the slope-collision defect + prime-power Hensel lifting.
SHAPE-127,Arithmetic geometry and computational algebra,Galois group and number-field database anomalies,10,26,T-EG203-density-zero-kummer-obstruction-schema,Density-zero Kummer obstruction schema,ANALYSIS,Matches signals: database anomaly scan; local discriminant bounds; exact enumeration; group theory. Technique action: 2nd-moment sieve + Pappalardi order bounds => obstruction-dominant m are density-zero.
SHAPE-127,Arithmetic geometry and computational algebra,Galois group and number-field database anomalies,11,26,T-EG203-crt-synchronization-projective-slopes,CRT synchronization / projective Kummer slopes,STRUCTURE,Matches signals: database anomaly scan; local discriminant bounds; exact enumeration; group theory. Technique action: Two-prime ell-primary defect = rank defect = collision of [log_q2:log_q3] in P^1(F_ell).
SHAPE-127,Arithmetic geometry and computational algebra,Galois group and number-field database anomalies,12,23,T-EG203-prime-witness-scale-ladder,Prime-witness scale ladder + adversarial checking,SEARCH,"Matches signals: database anomaly scan; local discriminant bounds; exact enumeration; group theory. Technique action: Kernel-verified prime witnesses continuously 10^0 -> 10^19 (max 20-digit prime); evidence, not universal."
SHAPE-128,Arithmetic geometry and computational algebra,Belyi map and dessin computation frontiers,1,55,T-COMMON-checker-soundness-trust-contract,Checker + soundness-theorem + sample-witness trust contract,VERIFY,"Matches signals: permutation triples; polynomial systems; exact algebraic recognition; checker. Technique action: A decidable predicate proven sound with axiom footprint exactly [propext, Classical.choice, Quot.sound]; native_decide only on sample witnesses, not the soundness theorem. Separates what the TRUTH depends on from what was TRUSTED to check it."
SHAPE-128,Arithmetic geometry and computational algebra,Belyi map and dessin computation frontiers,2,46,T-GRAHAM-packed-certificate-generic-checker,Packed-certificate + one generic checker,VERIFY,"Matches signals: permutation triples; polynomial systems; exact algebraic recognition; checker. Technique action: Encode each witness as packed data; prove ONE soundness theorem (checkWitness_sound); each concrete witness then costs one native_decide, not a new proof (theorem count stayed 1 across 60K-765K witnesses)."
SHAPE-128,Arithmetic geometry and computational algebra,Belyi map and dessin computation frontiers,3,40,T-GRAHAM-independent-multi-checker-crosscheck,Independent multi-checker cross-check (Go / Python / EPCE),VERIFY,"Matches signals: permutation triples; polynomial systems; exact algebraic recognition; checker. Technique action: Every witness re-verified by two methodologically-distinct checkers (Go recompute + Python orbit-accounting) plus a third EPCE checker (H01/H06 verifyDistinctPartialSums); 1.64M witnesses, 0 disagreements."
SHAPE-128,Arithmetic geometry and computational algebra,Belyi map and dessin computation frontiers,4,33,T-EG411-from-scratch-hostile-reenumeration,From-scratch hostile re-enumeration,VERIFY,"Matches signals: permutation triples; polynomial systems; exact algebraic recognition; checker. Technique action: Independent sieve + Brent-rho, NO chain filtering (strictly more permissive), 17.96B candidates; reproduced the exact omega=7 census, 0 solutions."
SHAPE-128,Arithmetic geometry and computational algebra,Belyi map and dessin computation frontiers,5,26,T-EG203-gamma-fiber-local-density,Gamma-fiber local density companion,ANALYSIS,Matches signals: permutation triples; polynomial systems; exact algebraic recognition; checker. Technique action: Exact Gamma-fiber local density + prime-power Hensel companion computation.
SHAPE-128,Arithmetic geometry and computational algebra,Belyi map and dessin computation frontiers,6,26,T-GRAHAM-jigsaw-cost-density-predictor,JIGSAW cost-density predictor,SEARCH,"Matches signals: permutation triples; polynomial systems; exact algebraic recognition; checker. Technique action: Fits cost-per-orbit-representative as a power law in subset density (ms_per_orbit=a*density^b), re-reading real evidence on every invocation so the fit self-recalibrates; self-reports its own error band."
SHAPE-128,Arithmetic geometry and computational algebra,Belyi map and dessin computation frontiers,7,25,T-EG203-bounded-witness-certificate-machinery,Bounded witness / certificate machinery (m<=1e6 kernel closure),SEARCH,"Matches signals: permutation triples; polynomial systems; exact algebraic recognition; checker. Technique action: Every ordinary m<=1e6 has a kernel-checked prime witness V(m,k,l), k+l<=13, in Lean (lake build exit 0)."
SHAPE-128,Arithmetic geometry and computational algebra,Belyi map and dessin computation frontiers,8,25,T-EG203-matroid-lifting-poisson-binomial,Matroid lifting + Poisson-binomial exact distribution,ANALYSIS,Matches signals: permutation triples; polynomial systems; exact algebraic recognition; checker. Technique action: Local obstruction indicators = independent Bernoullis (Poisson-binomial); Kummer log rows = representable matroid over F_ell; prime-power lift = Wieferich map.
SHAPE-128,Arithmetic geometry and computational algebra,Belyi map and dessin computation frontiers,9,25,T-EG203-kummer-cut-gap-bounds,Kummer cut-gap bounds,ANALYSIS,Matches signals: permutation triples; polynomial systems; exact algebraic recognition; checker. Technique action: Collision excess controlled by the minimum weighted cocircuit Lambda_* of the Kummer matroid.
SHAPE-128,Arithmetic geometry and computational algebra,Belyi map and dessin computation frontiers,10,24,T-EG203-prime-witness-scale-ladder,Prime-witness scale ladder + adversarial checking,SEARCH,"Matches signals: permutation triples; polynomial systems; exact algebraic recognition; checker. Technique action: Kernel-verified prime witnesses continuously 10^0 -> 10^19 (max 20-digit prime); evidence, not universal."
SHAPE-128,Arithmetic geometry and computational algebra,Belyi map and dessin computation frontiers,11,23,T-EG203-rank-r-synchronization-kummer-geometry,Rank-r synchronization + projective Kummer geometry,STRUCTURE,Matches signals: permutation triples; polynomial systems; exact algebraic recognition; checker. Technique action: Rank-r generalization of the slope-collision defect + prime-power Hensel lifting.
SHAPE-128,Arithmetic geometry and computational algebra,Belyi map and dessin computation frontiers,12,23,T-EG411-omega-ladder-case-exhaustion,Omega-ladder case-exhaustion (kill-trees),SEARCH,"Matches signals: permutation triples; polynomial systems; exact algebraic recognition; checker. Technique action: Enumerate all squarefree factor-configs at fixed omega via node algebra A=3*prod(p-1), B=2*prod p; solve terminal j=2 pairs; omega=5/6/7 config spaces all EMPTY."
SHAPE-129,Arithmetic geometry and computational algebra,Modular-form coefficient and congruence problems,1,60,T-COMMON-checker-soundness-trust-contract,Checker + soundness-theorem + sample-witness trust contract,VERIFY,"Matches signals: exact q-expansions; Sturm bounds; integer relation; Lean checker. Technique action: A decidable predicate proven sound with axiom footprint exactly [propext, Classical.choice, Quot.sound]; native_decide only on sample witnesses, not the soundness theorem. Separates what the TRUTH depends on from what was TRUSTED to check it."
SHAPE-129,Arithmetic geometry and computational algebra,Modular-form coefficient and congruence problems,2,50,T-GRAHAM-packed-certificate-generic-checker,Packed-certificate + one generic checker,VERIFY,"Matches signals: exact q-expansions; Sturm bounds; integer relation; Lean checker. Technique action: Encode each witness as packed data; prove ONE soundness theorem (checkWitness_sound); each concrete witness then costs one native_decide, not a new proof (theorem count stayed 1 across 60K-765K witnesses)."
SHAPE-129,Arithmetic geometry and computational algebra,Modular-form coefficient and congruence problems,3,39,T-GRAHAM-independent-multi-checker-crosscheck,Independent multi-checker cross-check (Go / Python / EPCE),VERIFY,"Matches signals: exact q-expansions; Sturm bounds; integer relation; Lean checker. Technique action: Every witness re-verified by two methodologically-distinct checkers (Go recompute + Python orbit-accounting) plus a third EPCE checker (H01/H06 verifyDistinctPartialSums); 1.64M witnesses, 0 disagreements."
SHAPE-129,Arithmetic geometry and computational algebra,Modular-form coefficient and congruence problems,4,33,T-EG411-from-scratch-hostile-reenumeration,From-scratch hostile re-enumeration,VERIFY,"Matches signals: exact q-expansions; Sturm bounds; integer relation; Lean checker. Technique action: Independent sieve + Brent-rho, NO chain filtering (strictly more permissive), 17.96B candidates; reproduced the exact omega=7 census, 0 solutions."
SHAPE-129,Arithmetic geometry and computational algebra,Modular-form coefficient and congruence problems,5,30,T-EG203-bounded-witness-certificate-machinery,Bounded witness / certificate machinery (m<=1e6 kernel closure),SEARCH,"Matches signals: exact q-expansions; Sturm bounds; integer relation; Lean checker. Technique action: Every ordinary m<=1e6 has a kernel-checked prime witness V(m,k,l), k+l<=13, in Lean (lake build exit 0)."
SHAPE-129,Arithmetic geometry and computational algebra,Modular-form coefficient and congruence problems,6,30,T-EG203-gamma-fiber-local-density,Gamma-fiber local density companion,ANALYSIS,Matches signals: exact q-expansions; Sturm bounds; integer relation; Lean checker. Technique action: Exact Gamma-fiber local density + prime-power Hensel companion computation.
SHAPE-129,Arithmetic geometry and computational algebra,Modular-form coefficient and congruence problems,7,27,T-PRIMEGAP-hardy-littlewood-admissibility-closed-form,Hardy-Littlewood admissibility closed forms (Lean),ANALYSIS,"Matches signals: exact q-expansions; Sturm bounds; integer relation; Lean checker. Technique action: Closed-form HL admissibility fractions for prime k-constellations (k=3:7/36, k=4:5/72, k=5:18631/810000); 59 Lean theorems, 0 sorry."
SHAPE-129,Arithmetic geometry and computational algebra,Modular-form coefficient and congruence problems,8,27,T-EG203-moment-laws,Moment laws (Lean-verified),ANALYSIS,"Matches signals: exact q-expansions; Sturm bounds; integer relation; Lean checker. Technique action: Exact k-th moment / mean-zero / second-moment identities for the local obstruction (sum_delta_eq_zero, third_moment_vanishes_iff_half_cover, ...)."
SHAPE-129,Arithmetic geometry and computational algebra,Modular-form coefficient and congruence problems,9,26,T-EG203-kummer-cut-gap-bounds,Kummer cut-gap bounds,ANALYSIS,Matches signals: exact q-expansions; Sturm bounds; integer relation; Lean checker. Technique action: Collision excess controlled by the minimum weighted cocircuit Lambda_* of the Kummer matroid.
SHAPE-129,Arithmetic geometry and computational algebra,Modular-form coefficient and congruence problems,10,26,T-EG203-matroid-lifting-poisson-binomial,Matroid lifting + Poisson-binomial exact distribution,ANALYSIS,Matches signals: exact q-expansions; Sturm bounds; integer relation; Lean checker. Technique action: Local obstruction indicators = independent Bernoullis (Poisson-binomial); Kummer log rows = representable matroid over F_ell; prime-power lift = Wieferich map.
SHAPE-129,Arithmetic geometry and computational algebra,Modular-form coefficient and congruence problems,11,26,T-GRAHAM-jigsaw-cost-density-predictor,JIGSAW cost-density predictor,SEARCH,"Matches signals: exact q-expansions; Sturm bounds; integer relation; Lean checker. Technique action: Fits cost-per-orbit-representative as a power law in subset density (ms_per_orbit=a*density^b), re-reading real evidence on every invocation so the fit self-recalibrates; self-reports its own error band."
SHAPE-129,Arithmetic geometry and computational algebra,Modular-form coefficient and congruence problems,12,26,T-EG203-size5-density-union-bound,Size5 density / union bound,ANALYSIS,"Matches signals: exact q-expansions; Sturm bounds; integer relation; Lean checker. Technique action: Any prime set covering the k=0 row needs |P|>=5; a 4-prime cover has sum 1/ord_p(3) <= 19/20 < 1 (Lean, axiom-clean)."
SHAPE-130,Arithmetic geometry and computational algebra,Class group and Selmer distribution finite experiments,1,55,T-COMMON-checker-soundness-trust-contract,Checker + soundness-theorem + sample-witness trust contract,VERIFY,"Matches signals: CV with shams; exact class group computation; local indicators; moment laws. Technique action: A decidable predicate proven sound with axiom footprint exactly [propext, Classical.choice, Quot.sound]; native_decide only on sample witnesses, not the soundness theorem. Separates what the TRUTH depends on from what was TRUSTED to check it."
SHAPE-130,Arithmetic geometry and computational algebra,Class group and Selmer distribution finite experiments,2,46,T-GRAHAM-packed-certificate-generic-checker,Packed-certificate + one generic checker,VERIFY,"Matches signals: CV with shams; exact class group computation; local indicators; moment laws. Technique action: Encode each witness as packed data; prove ONE soundness theorem (checkWitness_sound); each concrete witness then costs one native_decide, not a new proof (theorem count stayed 1 across 60K-765K witnesses)."
SHAPE-130,Arithmetic geometry and computational algebra,Class group and Selmer distribution finite experiments,3,40,T-GRAHAM-independent-multi-checker-crosscheck,Independent multi-checker cross-check (Go / Python / EPCE),VERIFY,"Matches signals: CV with shams; exact class group computation; local indicators; moment laws. Technique action: Every witness re-verified by two methodologically-distinct checkers (Go recompute + Python orbit-accounting) plus a third EPCE checker (H01/H06 verifyDistinctPartialSums); 1.64M witnesses, 0 disagreements."
SHAPE-130,Arithmetic geometry and computational algebra,Class group and Selmer distribution finite experiments,4,34,T-EG411-from-scratch-hostile-reenumeration,From-scratch hostile re-enumeration,VERIFY,"Matches signals: CV with shams; exact class group computation; local indicators; moment laws. Technique action: Independent sieve + Brent-rho, NO chain filtering (strictly more permissive), 17.96B candidates; reproduced the exact omega=7 census, 0 solutions."
SHAPE-130,Arithmetic geometry and computational algebra,Class group and Selmer distribution finite experiments,5,32,T-EG203-matroid-lifting-poisson-binomial,Matroid lifting + Poisson-binomial exact distribution,ANALYSIS,Matches signals: CV with shams; exact class group computation; local indicators; moment laws. Technique action: Local obstruction indicators = independent Bernoullis (Poisson-binomial); Kummer log rows = representable matroid over F_ell; prime-power lift = Wieferich map.
SHAPE-130,Arithmetic geometry and computational algebra,Class group and Selmer distribution finite experiments,6,31,T-EG203-moment-laws,Moment laws (Lean-verified),ANALYSIS,"Matches signals: CV with shams; exact class group computation; local indicators; moment laws. Technique action: Exact k-th moment / mean-zero / second-moment identities for the local obstruction (sum_delta_eq_zero, third_moment_vanishes_iff_half_cover, ...)."
SHAPE-130,Arithmetic geometry and computational algebra,Class group and Selmer distribution finite experiments,7,30,T-GRAHAM-jigsaw-cost-density-predictor,JIGSAW cost-density predictor,SEARCH,"Matches signals: CV with shams; exact class group computation; local indicators; moment laws. Technique action: Fits cost-per-orbit-representative as a power law in subset density (ms_per_orbit=a*density^b), re-reading real evidence on every invocation so the fit self-recalibrates; self-reports its own error band."
SHAPE-130,Arithmetic geometry and computational algebra,Class group and Selmer distribution finite experiments,8,28,T-EG203-gamma-fiber-local-density,Gamma-fiber local density companion,ANALYSIS,Matches signals: CV with shams; exact class group computation; local indicators; moment laws. Technique action: Exact Gamma-fiber local density + prime-power Hensel companion computation.
SHAPE-130,Arithmetic geometry and computational algebra,Class group and Selmer distribution finite experiments,9,28,T-EG203-kummer-cut-gap-bounds,Kummer cut-gap bounds,ANALYSIS,Matches signals: CV with shams; exact class group computation; local indicators; moment laws. Technique action: Collision excess controlled by the minimum weighted cocircuit Lambda_* of the Kummer matroid.
SHAPE-130,Arithmetic geometry and computational algebra,Class group and Selmer distribution finite experiments,10,27,T-EG203-bounded-witness-certificate-machinery,Bounded witness / certificate machinery (m<=1e6 kernel closure),SEARCH,"Matches signals: CV with shams; exact class group computation; local indicators; moment laws. Technique action: Every ordinary m<=1e6 has a kernel-checked prime witness V(m,k,l), k+l<=13, in Lean (lake build exit 0)."
SHAPE-130,Arithmetic geometry and computational algebra,Class group and Selmer distribution finite experiments,11,26,T-EG203-density-zero-kummer-obstruction-schema,Density-zero Kummer obstruction schema,ANALYSIS,Matches signals: CV with shams; exact class group computation; local indicators; moment laws. Technique action: 2nd-moment sieve + Pappalardi order bounds => obstruction-dominant m are density-zero.
SHAPE-130,Arithmetic geometry and computational algebra,Class group and Selmer distribution finite experiments,12,25,T-EG203-rank-r-synchronization-kummer-geometry,Rank-r synchronization + projective Kummer geometry,STRUCTURE,Matches signals: CV with shams; exact class group computation; local indicators; moment laws. Technique action: Rank-r generalization of the slope-collision defect + prime-power Hensel lifting.
SHAPE-131,Arithmetic geometry and computational algebra,Polynomial system elimination and realizability,1,55,T-COMMON-checker-soundness-trust-contract,Checker + soundness-theorem + sample-witness trust contract,VERIFY,"Matches signals: Gröbner basis; resultants; SAT-mod-theory; interval verification. Technique action: A decidable predicate proven sound with axiom footprint exactly [propext, Classical.choice, Quot.sound]; native_decide only on sample witnesses, not the soundness theorem. Separates what the TRUTH depends on from what was TRUSTED to check it."
SHAPE-131,Arithmetic geometry and computational algebra,Polynomial system elimination and realizability,2,46,T-GRAHAM-packed-certificate-generic-checker,Packed-certificate + one generic checker,VERIFY,"Matches signals: Gröbner basis; resultants; SAT-mod-theory; interval verification. Technique action: Encode each witness as packed data; prove ONE soundness theorem (checkWitness_sound); each concrete witness then costs one native_decide, not a new proof (theorem count stayed 1 across 60K-765K witnesses)."
SHAPE-131,Arithmetic geometry and computational algebra,Polynomial system elimination and realizability,3,41,T-GRAHAM-independent-multi-checker-crosscheck,Independent multi-checker cross-check (Go / Python / EPCE),VERIFY,"Matches signals: Gröbner basis; resultants; SAT-mod-theory; interval verification. Technique action: Every witness re-verified by two methodologically-distinct checkers (Go recompute + Python orbit-accounting) plus a third EPCE checker (H01/H06 verifyDistinctPartialSums); 1.64M witnesses, 0 disagreements."
SHAPE-131,Arithmetic geometry and computational algebra,Polynomial system elimination and realizability,4,35,T-EG411-from-scratch-hostile-reenumeration,From-scratch hostile re-enumeration,VERIFY,"Matches signals: Gröbner basis; resultants; SAT-mod-theory; interval verification. Technique action: Independent sieve + Brent-rho, NO chain filtering (strictly more permissive), 17.96B candidates; reproduced the exact omega=7 census, 0 solutions."
SHAPE-131,Arithmetic geometry and computational algebra,Polynomial system elimination and realizability,5,27,T-EG203-kummer-cut-gap-bounds,Kummer cut-gap bounds,ANALYSIS,Matches signals: Gröbner basis; resultants; SAT-mod-theory; interval verification. Technique action: Collision excess controlled by the minimum weighted cocircuit Lambda_* of the Kummer matroid.
SHAPE-131,Arithmetic geometry and computational algebra,Polynomial system elimination and realizability,6,27,T-EG203-matroid-lifting-poisson-binomial,Matroid lifting + Poisson-binomial exact distribution,ANALYSIS,Matches signals: Gröbner basis; resultants; SAT-mod-theory; interval verification. Technique action: Local obstruction indicators = independent Bernoullis (Poisson-binomial); Kummer log rows = representable matroid over F_ell; prime-power lift = Wieferich map.
SHAPE-131,Arithmetic geometry and computational algebra,Polynomial system elimination and realizability,7,26,T-EG203-bounded-witness-certificate-machinery,Bounded witness / certificate machinery (m<=1e6 kernel closure),SEARCH,"Matches signals: Gröbner basis; resultants; SAT-mod-theory; interval verification. Technique action: Every ordinary m<=1e6 has a kernel-checked prime witness V(m,k,l), k+l<=13, in Lean (lake build exit 0)."
SHAPE-131,Arithmetic geometry and computational algebra,Polynomial system elimination and realizability,8,26,T-EG203-gamma-fiber-local-density,Gamma-fiber local density companion,ANALYSIS,Matches signals: Gröbner basis; resultants; SAT-mod-theory; interval verification. Technique action: Exact Gamma-fiber local density + prime-power Hensel companion computation.
SHAPE-131,Arithmetic geometry and computational algebra,Polynomial system elimination and realizability,9,26,T-GRAHAM-jigsaw-cost-density-predictor,JIGSAW cost-density predictor,SEARCH,"Matches signals: Gröbner basis; resultants; SAT-mod-theory; interval verification. Technique action: Fits cost-per-orbit-representative as a power law in subset density (ms_per_orbit=a*density^b), re-reading real evidence on every invocation so the fit self-recalibrates; self-reports its own error band."
SHAPE-131,Arithmetic geometry and computational algebra,Polynomial system elimination and realizability,10,25,T-EG203-density-zero-kummer-obstruction-schema,Density-zero Kummer obstruction schema,ANALYSIS,Matches signals: Gröbner basis; resultants; SAT-mod-theory; interval verification. Technique action: 2nd-moment sieve + Pappalardi order bounds => obstruction-dominant m are density-zero.
SHAPE-131,Arithmetic geometry and computational algebra,Polynomial system elimination and realizability,11,25,T-EG203-prime-witness-scale-ladder,Prime-witness scale ladder + adversarial checking,SEARCH,"Matches signals: Gröbner basis; resultants; SAT-mod-theory; interval verification. Technique action: Kernel-verified prime witnesses continuously 10^0 -> 10^19 (max 20-digit prime); evidence, not universal."
SHAPE-131,Arithmetic geometry and computational algebra,Polynomial system elimination and realizability,12,25,T-EG203-rank-r-synchronization-kummer-geometry,Rank-r synchronization + projective Kummer geometry,STRUCTURE,Matches signals: Gröbner basis; resultants; SAT-mod-theory; interval verification. Technique action: Rank-r generalization of the slope-collision defect + prime-power Hensel lifting.
SHAPE-132,Arithmetic geometry and computational algebra,p-adic dynamics and local-global failures,1,54,T-COMMON-checker-soundness-trust-contract,Checker + soundness-theorem + sample-witness trust contract,VERIFY,"Matches signals: p-adic lifting; Kummer geometry; local sieve; curve arithmetic. Technique action: A decidable predicate proven sound with axiom footprint exactly [propext, Classical.choice, Quot.sound]; native_decide only on sample witnesses, not the soundness theorem. Separates what the TRUTH depends on from what was TRUSTED to check it."
SHAPE-132,Arithmetic geometry and computational algebra,p-adic dynamics and local-global failures,2,44,T-GRAHAM-packed-certificate-generic-checker,Packed-certificate + one generic checker,VERIFY,"Matches signals: p-adic lifting; Kummer geometry; local sieve; curve arithmetic. Technique action: Encode each witness as packed data; prove ONE soundness theorem (checkWitness_sound); each concrete witness then costs one native_decide, not a new proof (theorem count stayed 1 across 60K-765K witnesses)."
SHAPE-132,Arithmetic geometry and computational algebra,p-adic dynamics and local-global failures,3,39,T-GRAHAM-independent-multi-checker-crosscheck,Independent multi-checker cross-check (Go / Python / EPCE),VERIFY,"Matches signals: p-adic lifting; Kummer geometry; local sieve; curve arithmetic. Technique action: Every witness re-verified by two methodologically-distinct checkers (Go recompute + Python orbit-accounting) plus a third EPCE checker (H01/H06 verifyDistinctPartialSums); 1.64M witnesses, 0 disagreements."
SHAPE-132,Arithmetic geometry and computational algebra,p-adic dynamics and local-global failures,4,38,T-EG203-rank-r-synchronization-kummer-geometry,Rank-r synchronization + projective Kummer geometry,STRUCTURE,Matches signals: p-adic lifting; Kummer geometry; local sieve; curve arithmetic. Technique action: Rank-r generalization of the slope-collision defect + prime-power Hensel lifting.
SHAPE-132,Arithmetic geometry and computational algebra,p-adic dynamics and local-global failures,5,38,T-EG411-from-scratch-hostile-reenumeration,From-scratch hostile re-enumeration,VERIFY,"Matches signals: p-adic lifting; Kummer geometry; local sieve; curve arithmetic. Technique action: Independent sieve + Brent-rho, NO chain filtering (strictly more permissive), 17.96B candidates; reproduced the exact omega=7 census, 0 solutions."
SHAPE-132,Arithmetic geometry and computational algebra,p-adic dynamics and local-global failures,6,35,T-EG203-crt-synchronization-projective-slopes,CRT synchronization / projective Kummer slopes,STRUCTURE,Matches signals: p-adic lifting; Kummer geometry; local sieve; curve arithmetic. Technique action: Two-prime ell-primary defect = rank defect = collision of [log_q2:log_q3] in P^1(F_ell).
SHAPE-132,Arithmetic geometry and computational algebra,p-adic dynamics and local-global failures,7,35,T-EG203-density-zero-kummer-obstruction-schema,Density-zero Kummer obstruction schema,ANALYSIS,Matches signals: p-adic lifting; Kummer geometry; local sieve; curve arithmetic. Technique action: 2nd-moment sieve + Pappalardi order bounds => obstruction-dominant m are density-zero.
SHAPE-132,Arithmetic geometry and computational algebra,p-adic dynamics and local-global failures,8,33,T-EG203-gamma-fiber-local-density,Gamma-fiber local density companion,ANALYSIS,Matches signals: p-adic lifting; Kummer geometry; local sieve; curve arithmetic. Technique action: Exact Gamma-fiber local density + prime-power Hensel companion computation.
SHAPE-132,Arithmetic geometry and computational algebra,p-adic dynamics and local-global failures,9,32,T-EG203-matroid-lifting-poisson-binomial,Matroid lifting + Poisson-binomial exact distribution,ANALYSIS,Matches signals: p-adic lifting; Kummer geometry; local sieve; curve arithmetic. Technique action: Local obstruction indicators = independent Bernoullis (Poisson-binomial); Kummer log rows = representable matroid over F_ell; prime-power lift = Wieferich map.
SHAPE-132,Arithmetic geometry and computational algebra,p-adic dynamics and local-global failures,10,31,T-EG203-kummer-cut-gap-bounds,Kummer cut-gap bounds,ANALYSIS,Matches signals: p-adic lifting; Kummer geometry; local sieve; curve arithmetic. Technique action: Collision excess controlled by the minimum weighted cocircuit Lambda_* of the Kummer matroid.
SHAPE-132,Arithmetic geometry and computational algebra,p-adic dynamics and local-global failures,11,27,T-GRAHAM-jigsaw-cost-density-predictor,JIGSAW cost-density predictor,SEARCH,"Matches signals: p-adic lifting; Kummer geometry; local sieve; curve arithmetic. Technique action: Fits cost-per-orbit-representative as a power law in subset density (ms_per_orbit=a*density^b), re-reading real evidence on every invocation so the fit self-recalibrates; self-reports its own error band."
SHAPE-132,Arithmetic geometry and computational algebra,p-adic dynamics and local-global failures,12,26,T-EG203-bounded-witness-certificate-machinery,Bounded witness / certificate machinery (m<=1e6 kernel closure),SEARCH,"Matches signals: p-adic lifting; Kummer geometry; local sieve; curve arithmetic. Technique action: Every ordinary m<=1e6 has a kernel-checked prime witness V(m,k,l), k+l<=13, in Lean (lake build exit 0)."
SHAPE-133,"Formalization, databases, and mathematical meta-research",Formalize open statements before attacking them,1,72,T-COMMON-checker-soundness-trust-contract,Checker + soundness-theorem + sample-witness trust contract,VERIFY,"Matches signals: Lean; statement audit; arbitrary-parameter generalization; minimal imports. Technique action: A decidable predicate proven sound with axiom footprint exactly [propext, Classical.choice, Quot.sound]; native_decide only on sample witnesses, not the soundness theorem. Separates what the TRUTH depends on from what was TRUSTED to check it."
SHAPE-133,"Formalization, databases, and mathematical meta-research",Formalize open statements before attacking them,2,63,T-GRAHAM-packed-certificate-generic-checker,Packed-certificate + one generic checker,VERIFY,"Matches signals: Lean; statement audit; arbitrary-parameter generalization; minimal imports. Technique action: Encode each witness as packed data; prove ONE soundness theorem (checkWitness_sound); each concrete witness then costs one native_decide, not a new proof (theorem count stayed 1 across 60K-765K witnesses)."
SHAPE-133,"Formalization, databases, and mathematical meta-research",Formalize open statements before attacking them,3,54,T-GRAHAM-independent-multi-checker-crosscheck,Independent multi-checker cross-check (Go / Python / EPCE),VERIFY,"Matches signals: Lean; statement audit; arbitrary-parameter generalization; minimal imports. Technique action: Every witness re-verified by two methodologically-distinct checkers (Go recompute + Python orbit-accounting) plus a third EPCE checker (H01/H06 verifyDistinctPartialSums); 1.64M witnesses, 0 disagreements."
SHAPE-133,"Formalization, databases, and mathematical meta-research",Formalize open statements before attacking them,4,41,T-GRAHAM-arbitrary-parameter-generalization,Arbitrary-parameter generalization,VERIFY,Matches signals: Lean; statement audit; arbitrary-parameter generalization; minimal imports. Technique action: Parameterize over the index (p:Nat with [Fact p.Prime]) instead of one hardcoded instance; MUST re-verify each specialization reproduces its original axiom signature.
SHAPE-133,"Formalization, databases, and mathematical meta-research",Formalize open statements before attacking them,5,41,T-EG411-from-scratch-hostile-reenumeration,From-scratch hostile re-enumeration,VERIFY,"Matches signals: Lean; statement audit; arbitrary-parameter generalization; minimal imports. Technique action: Independent sieve + Brent-rho, NO chain filtering (strictly more permissive), 17.96B candidates; reproduced the exact omega=7 census, 0 solutions."
SHAPE-133,"Formalization, databases, and mathematical meta-research",Formalize open statements before attacking them,6,34,T-GRAHAM-minimal-lean-imports,Minimal Lean imports,VERIFY,"Matches signals: Lean; statement audit; arbitrary-parameter generalization; minimal imports. Technique action: Audit real tactic usage against actual Mathlib/Lean-core source; replace blanket import Mathlib.Tactic with only used tactic files (45.7% smaller closure, ~6% when a heavy import already dominates)."
SHAPE-133,"Formalization, databases, and mathematical meta-research",Formalize open statements before attacking them,7,31,T-GRAHAM-jigsaw-cost-density-predictor,JIGSAW cost-density predictor,SEARCH,"Matches signals: Lean; statement audit; arbitrary-parameter generalization; minimal imports. Technique action: Fits cost-per-orbit-representative as a power law in subset density (ms_per_orbit=a*density^b), re-reading real evidence on every invocation so the fit self-recalibrates; self-reports its own error band."
SHAPE-133,"Formalization, databases, and mathematical meta-research",Formalize open statements before attacking them,8,31,T-EG203-bounded-witness-certificate-machinery,Bounded witness / certificate machinery (m<=1e6 kernel closure),SEARCH,"Matches signals: Lean; statement audit; arbitrary-parameter generalization; minimal imports. Technique action: Every ordinary m<=1e6 has a kernel-checked prime witness V(m,k,l), k+l<=13, in Lean (lake build exit 0)."
SHAPE-133,"Formalization, databases, and mathematical meta-research",Formalize open statements before attacking them,9,31,T-EG411-omega-ladder-case-exhaustion,Omega-ladder case-exhaustion (kill-trees),SEARCH,"Matches signals: Lean; statement audit; arbitrary-parameter generalization; minimal imports. Technique action: Enumerate all squarefree factor-configs at fixed omega via node algebra A=3*prod(p-1), B=2*prod p; solve terminal j=2 pairs; omega=5/6/7 config spaces all EMPTY."
SHAPE-133,"Formalization, databases, and mathematical meta-research",Formalize open statements before attacking them,10,31,T-PRIMEGAP-hardy-littlewood-admissibility-closed-form,Hardy-Littlewood admissibility closed forms (Lean),ANALYSIS,"Matches signals: Lean; statement audit; arbitrary-parameter generalization; minimal imports. Technique action: Closed-form HL admissibility fractions for prime k-constellations (k=3:7/36, k=4:5/72, k=5:18631/810000); 59 Lean theorems, 0 sorry."
SHAPE-133,"Formalization, databases, and mathematical meta-research",Formalize open statements before attacking them,11,31,T-EG203-size5-density-union-bound,Size5 density / union bound,ANALYSIS,"Matches signals: Lean; statement audit; arbitrary-parameter generalization; minimal imports. Technique action: Any prime set covering the k=0 row needs |P|>=5; a 4-prime cover has sum 1/ord_p(3) <= 19/20 < 1 (Lean, axiom-clean)."
SHAPE-133,"Formalization, databases, and mathematical meta-research",Formalize open statements before attacking them,12,30,T-EG203-moment-laws,Moment laws (Lean-verified),ANALYSIS,"Matches signals: Lean; statement audit; arbitrary-parameter generalization; minimal imports. Technique action: Exact k-th moment / mean-zero / second-moment identities for the local obstruction (sum_delta_eq_zero, third_moment_vanishes_iff_half_cover, ...)."
SHAPE-134,"Formalization, databases, and mathematical meta-research",Bounded computational theorem formalization,1,80,T-COMMON-checker-soundness-trust-contract,Checker + soundness-theorem + sample-witness trust contract,VERIFY,"Matches signals: packed certificates; generic checker; native_decide samples; proof receipts. Technique action: A decidable predicate proven sound with axiom footprint exactly [propext, Classical.choice, Quot.sound]; native_decide only on sample witnesses, not the soundness theorem. Separates what the TRUTH depends on from what was TRUSTED to check it."
SHAPE-134,"Formalization, databases, and mathematical meta-research",Bounded computational theorem formalization,2,79,T-GRAHAM-packed-certificate-generic-checker,Packed-certificate + one generic checker,VERIFY,"Matches signals: packed certificates; generic checker; native_decide samples; proof receipts. Technique action: Encode each witness as packed data; prove ONE soundness theorem (checkWitness_sound); each concrete witness then costs one native_decide, not a new proof (theorem count stayed 1 across 60K-765K witnesses)."
SHAPE-134,"Formalization, databases, and mathematical meta-research",Bounded computational theorem formalization,3,52,T-GRAHAM-independent-multi-checker-crosscheck,Independent multi-checker cross-check (Go / Python / EPCE),VERIFY,"Matches signals: packed certificates; generic checker; native_decide samples; proof receipts. Technique action: Every witness re-verified by two methodologically-distinct checkers (Go recompute + Python orbit-accounting) plus a third EPCE checker (H01/H06 verifyDistinctPartialSums); 1.64M witnesses, 0 disagreements."
SHAPE-134,"Formalization, databases, and mathematical meta-research",Bounded computational theorem formalization,4,48,T-EG203-bounded-witness-certificate-machinery,Bounded witness / certificate machinery (m<=1e6 kernel closure),SEARCH,"Matches signals: packed certificates; generic checker; native_decide samples; proof receipts. Technique action: Every ordinary m<=1e6 has a kernel-checked prime witness V(m,k,l), k+l<=13, in Lean (lake build exit 0)."
SHAPE-134,"Formalization, databases, and mathematical meta-research",Bounded computational theorem formalization,5,38,T-EG411-omega-ladder-case-exhaustion,Omega-ladder case-exhaustion (kill-trees),SEARCH,"Matches signals: packed certificates; generic checker; native_decide samples; proof receipts. Technique action: Enumerate all squarefree factor-configs at fixed omega via node algebra A=3*prod(p-1), B=2*prod p; solve terminal j=2 pairs; omega=5/6/7 config spaces all EMPTY."
SHAPE-134,"Formalization, databases, and mathematical meta-research",Bounded computational theorem formalization,6,38,T-EG411-from-scratch-hostile-reenumeration,From-scratch hostile re-enumeration,VERIFY,"Matches signals: packed certificates; generic checker; native_decide samples; proof receipts. Technique action: Independent sieve + Brent-rho, NO chain filtering (strictly more permissive), 17.96B candidates; reproduced the exact omega=7 census, 0 solutions."
SHAPE-134,"Formalization, databases, and mathematical meta-research",Bounded computational theorem formalization,7,38,T-PRIMEGAP-hardy-littlewood-admissibility-closed-form,Hardy-Littlewood admissibility closed forms (Lean),ANALYSIS,"Matches signals: packed certificates; generic checker; native_decide samples; proof receipts. Technique action: Closed-form HL admissibility fractions for prime k-constellations (k=3:7/36, k=4:5/72, k=5:18631/810000); 59 Lean theorems, 0 sorry."
SHAPE-134,"Formalization, databases, and mathematical meta-research",Bounded computational theorem formalization,8,36,T-EG203-size5-density-union-bound,Size5 density / union bound,ANALYSIS,"Matches signals: packed certificates; generic checker; native_decide samples; proof receipts. Technique action: Any prime set covering the k=0 row needs |P|>=5; a 4-prime cover has sum 1/ord_p(3) <= 19/20 < 1 (Lean, axiom-clean)."
SHAPE-134,"Formalization, databases, and mathematical meta-research",Bounded computational theorem formalization,9,36,T-EG203-moment-laws,Moment laws (Lean-verified),ANALYSIS,"Matches signals: packed certificates; generic checker; native_decide samples; proof receipts. Technique action: Exact k-th moment / mean-zero / second-moment identities for the local obstruction (sum_delta_eq_zero, third_moment_vanishes_iff_half_cover, ...)."
SHAPE-134,"Formalization, databases, and mathematical meta-research",Bounded computational theorem formalization,10,32,T-EG203-prime-witness-scale-ladder,Prime-witness scale ladder + adversarial checking,SEARCH,"Matches signals: packed certificates; generic checker; native_decide samples; proof receipts. Technique action: Kernel-verified prime witnesses continuously 10^0 -> 10^19 (max 20-digit prime); evidence, not universal."
SHAPE-134,"Formalization, databases, and mathematical meta-research",Bounded computational theorem formalization,11,32,T-GRAHAM-arbitrary-parameter-generalization,Arbitrary-parameter generalization,VERIFY,Matches signals: packed certificates; generic checker; native_decide samples; proof receipts. Technique action: Parameterize over the index (p:Nat with [Fact p.Prime]) instead of one hardcoded instance; MUST re-verify each specialization reproduces its original axiom signature.
SHAPE-134,"Formalization, databases, and mathematical meta-research",Bounded computational theorem formalization,12,31,T-GRAHAM-jigsaw-cost-density-predictor,JIGSAW cost-density predictor,SEARCH,"Matches signals: packed certificates; generic checker; native_decide samples; proof receipts. Technique action: Fits cost-per-orbit-representative as a power law in subset density (ms_per_orbit=a*density^b), re-reading real evidence on every invocation so the fit self-recalibrates; self-reports its own error band."
SHAPE-135,"Formalization, databases, and mathematical meta-research",Cross-database anomaly and missing-value mining,1,67,T-COMMON-checker-soundness-trust-contract,Checker + soundness-theorem + sample-witness trust contract,VERIFY,"Matches signals: data acquisition; canonical hashes; independent recomputation; status verification. Technique action: A decidable predicate proven sound with axiom footprint exactly [propext, Classical.choice, Quot.sound]; native_decide only on sample witnesses, not the soundness theorem. Separates what the TRUTH depends on from what was TRUSTED to check it."
SHAPE-135,"Formalization, databases, and mathematical meta-research",Cross-database anomaly and missing-value mining,2,58,T-GRAHAM-packed-certificate-generic-checker,Packed-certificate + one generic checker,VERIFY,"Matches signals: data acquisition; canonical hashes; independent recomputation; status verification. Technique action: Encode each witness as packed data; prove ONE soundness theorem (checkWitness_sound); each concrete witness then costs one native_decide, not a new proof (theorem count stayed 1 across 60K-765K witnesses)."
SHAPE-135,"Formalization, databases, and mathematical meta-research",Cross-database anomaly and missing-value mining,3,54,T-GRAHAM-independent-multi-checker-crosscheck,Independent multi-checker cross-check (Go / Python / EPCE),VERIFY,"Matches signals: data acquisition; canonical hashes; independent recomputation; status verification. Technique action: Every witness re-verified by two methodologically-distinct checkers (Go recompute + Python orbit-accounting) plus a third EPCE checker (H01/H06 verifyDistinctPartialSums); 1.64M witnesses, 0 disagreements."
SHAPE-135,"Formalization, databases, and mathematical meta-research",Cross-database anomaly and missing-value mining,4,41,T-EG411-from-scratch-hostile-reenumeration,From-scratch hostile re-enumeration,VERIFY,"Matches signals: data acquisition; canonical hashes; independent recomputation; status verification. Technique action: Independent sieve + Brent-rho, NO chain filtering (strictly more permissive), 17.96B candidates; reproduced the exact omega=7 census, 0 solutions."
SHAPE-135,"Formalization, databases, and mathematical meta-research",Cross-database anomaly and missing-value mining,5,37,T-GRAHAM-jigsaw-cost-density-predictor,JIGSAW cost-density predictor,SEARCH,"Matches signals: data acquisition; canonical hashes; independent recomputation; status verification. Technique action: Fits cost-per-orbit-representative as a power law in subset density (ms_per_orbit=a*density^b), re-reading real evidence on every invocation so the fit self-recalibrates; self-reports its own error band."
SHAPE-135,"Formalization, databases, and mathematical meta-research",Cross-database anomaly and missing-value mining,6,27,T-GRAHAM-arbitrary-parameter-generalization,Arbitrary-parameter generalization,VERIFY,Matches signals: data acquisition; canonical hashes; independent recomputation; status verification. Technique action: Parameterize over the index (p:Nat with [Fact p.Prime]) instead of one hardcoded instance; MUST re-verify each specialization reproduces its original axiom signature.
SHAPE-135,"Formalization, databases, and mathematical meta-research",Cross-database anomaly and missing-value mining,7,26,T-GRAHAM-minimal-lean-imports,Minimal Lean imports,VERIFY,"Matches signals: data acquisition; canonical hashes; independent recomputation; status verification. Technique action: Audit real tactic usage against actual Mathlib/Lean-core source; replace blanket import Mathlib.Tactic with only used tactic files (45.7% smaller closure, ~6% when a heavy import already dominates)."
SHAPE-135,"Formalization, databases, and mathematical meta-research",Cross-database anomaly and missing-value mining,8,25,T-EG203-bounded-witness-certificate-machinery,Bounded witness / certificate machinery (m<=1e6 kernel closure),SEARCH,"Matches signals: data acquisition; canonical hashes; independent recomputation; status verification. Technique action: Every ordinary m<=1e6 has a kernel-checked prime witness V(m,k,l), k+l<=13, in Lean (lake build exit 0)."
SHAPE-135,"Formalization, databases, and mathematical meta-research",Cross-database anomaly and missing-value mining,9,24,T-EG203-size5-density-union-bound,Size5 density / union bound,ANALYSIS,"Matches signals: data acquisition; canonical hashes; independent recomputation; status verification. Technique action: Any prime set covering the k=0 row needs |P|>=5; a 4-prime cover has sum 1/ord_p(3) <= 19/20 < 1 (Lean, axiom-clean)."
SHAPE-135,"Formalization, databases, and mathematical meta-research",Cross-database anomaly and missing-value mining,10,24,T-EG203-moment-laws,Moment laws (Lean-verified),ANALYSIS,"Matches signals: data acquisition; canonical hashes; independent recomputation; status verification. Technique action: Exact k-th moment / mean-zero / second-moment identities for the local obstruction (sum_delta_eq_zero, third_moment_vanishes_iff_half_cover, ...)."
SHAPE-135,"Formalization, databases, and mathematical meta-research",Cross-database anomaly and missing-value mining,11,24,T-PRIMEGAP-hardy-littlewood-admissibility-closed-form,Hardy-Littlewood admissibility closed forms (Lean),ANALYSIS,"Matches signals: data acquisition; canonical hashes; independent recomputation; status verification. Technique action: Closed-form HL admissibility fractions for prime k-constellations (k=3:7/36, k=4:5/72, k=5:18631/810000); 59 Lean theorems, 0 sorry."
SHAPE-135,"Formalization, databases, and mathematical meta-research",Cross-database anomaly and missing-value mining,12,24,T-EG411-omega-ladder-case-exhaustion,Omega-ladder case-exhaustion (kill-trees),SEARCH,"Matches signals: data acquisition; canonical hashes; independent recomputation; status verification. Technique action: Enumerate all squarefree factor-configs at fixed omega via node algebra A=3*prod(p-1), B=2*prod p; solve terminal j=2 pairs; omega=5/6/7 config spaces all EMPTY."
SHAPE-136,"Formalization, databases, and mathematical meta-research",Proof receipt and provenance hardening,1,77,T-COMMON-checker-soundness-trust-contract,Checker + soundness-theorem + sample-witness trust contract,VERIFY,"Matches signals: hash manifests; dual verifiers; corruption tests; claim-boundary schema. Technique action: A decidable predicate proven sound with axiom footprint exactly [propext, Classical.choice, Quot.sound]; native_decide only on sample witnesses, not the soundness theorem. Separates what the TRUTH depends on from what was TRUSTED to check it."
SHAPE-136,"Formalization, databases, and mathematical meta-research",Proof receipt and provenance hardening,2,64,T-GRAHAM-packed-certificate-generic-checker,Packed-certificate + one generic checker,VERIFY,"Matches signals: hash manifests; dual verifiers; corruption tests; claim-boundary schema. Technique action: Encode each witness as packed data; prove ONE soundness theorem (checkWitness_sound); each concrete witness then costs one native_decide, not a new proof (theorem count stayed 1 across 60K-765K witnesses)."
SHAPE-136,"Formalization, databases, and mathematical meta-research",Proof receipt and provenance hardening,3,55,T-GRAHAM-independent-multi-checker-crosscheck,Independent multi-checker cross-check (Go / Python / EPCE),VERIFY,"Matches signals: hash manifests; dual verifiers; corruption tests; claim-boundary schema. Technique action: Every witness re-verified by two methodologically-distinct checkers (Go recompute + Python orbit-accounting) plus a third EPCE checker (H01/H06 verifyDistinctPartialSums); 1.64M witnesses, 0 disagreements."
SHAPE-136,"Formalization, databases, and mathematical meta-research",Proof receipt and provenance hardening,4,42,T-EG411-from-scratch-hostile-reenumeration,From-scratch hostile re-enumeration,VERIFY,"Matches signals: hash manifests; dual verifiers; corruption tests; claim-boundary schema. Technique action: Independent sieve + Brent-rho, NO chain filtering (strictly more permissive), 17.96B candidates; reproduced the exact omega=7 census, 0 solutions."
SHAPE-136,"Formalization, databases, and mathematical meta-research",Proof receipt and provenance hardening,5,31,T-GRAHAM-jigsaw-cost-density-predictor,JIGSAW cost-density predictor,SEARCH,"Matches signals: hash manifests; dual verifiers; corruption tests; claim-boundary schema. Technique action: Fits cost-per-orbit-representative as a power law in subset density (ms_per_orbit=a*density^b), re-reading real evidence on every invocation so the fit self-recalibrates; self-reports its own error band."
SHAPE-136,"Formalization, databases, and mathematical meta-research",Proof receipt and provenance hardening,6,29,T-GRAHAM-arbitrary-parameter-generalization,Arbitrary-parameter generalization,VERIFY,Matches signals: hash manifests; dual verifiers; corruption tests; claim-boundary schema. Technique action: Parameterize over the index (p:Nat with [Fact p.Prime]) instead of one hardcoded instance; MUST re-verify each specialization reproduces its original axiom signature.
SHAPE-136,"Formalization, databases, and mathematical meta-research",Proof receipt and provenance hardening,7,29,T-EG203-prime-witness-scale-ladder,Prime-witness scale ladder + adversarial checking,SEARCH,"Matches signals: hash manifests; dual verifiers; corruption tests; claim-boundary schema. Technique action: Kernel-verified prime witnesses continuously 10^0 -> 10^19 (max 20-digit prime); evidence, not universal."
SHAPE-136,"Formalization, databases, and mathematical meta-research",Proof receipt and provenance hardening,8,28,T-EG203-bounded-witness-certificate-machinery,Bounded witness / certificate machinery (m<=1e6 kernel closure),SEARCH,"Matches signals: hash manifests; dual verifiers; corruption tests; claim-boundary schema. Technique action: Every ordinary m<=1e6 has a kernel-checked prime witness V(m,k,l), k+l<=13, in Lean (lake build exit 0)."
SHAPE-136,"Formalization, databases, and mathematical meta-research",Proof receipt and provenance hardening,9,28,T-GRAHAM-minimal-lean-imports,Minimal Lean imports,VERIFY,"Matches signals: hash manifests; dual verifiers; corruption tests; claim-boundary schema. Technique action: Audit real tactic usage against actual Mathlib/Lean-core source; replace blanket import Mathlib.Tactic with only used tactic files (45.7% smaller closure, ~6% when a heavy import already dominates)."
SHAPE-136,"Formalization, databases, and mathematical meta-research",Proof receipt and provenance hardening,10,27,T-EG203-size5-density-union-bound,Size5 density / union bound,ANALYSIS,"Matches signals: hash manifests; dual verifiers; corruption tests; claim-boundary schema. Technique action: Any prime set covering the k=0 row needs |P|>=5; a 4-prime cover has sum 1/ord_p(3) <= 19/20 < 1 (Lean, axiom-clean)."
SHAPE-136,"Formalization, databases, and mathematical meta-research",Proof receipt and provenance hardening,11,27,T-EG203-moment-laws,Moment laws (Lean-verified),ANALYSIS,"Matches signals: hash manifests; dual verifiers; corruption tests; claim-boundary schema. Technique action: Exact k-th moment / mean-zero / second-moment identities for the local obstruction (sum_delta_eq_zero, third_moment_vanishes_iff_half_cover, ...)."
SHAPE-136,"Formalization, databases, and mathematical meta-research",Proof receipt and provenance hardening,12,27,T-PRIMEGAP-hardy-littlewood-admissibility-closed-form,Hardy-Littlewood admissibility closed forms (Lean),ANALYSIS,"Matches signals: hash manifests; dual verifiers; corruption tests; claim-boundary schema. Technique action: Closed-form HL admissibility fractions for prime k-constellations (k=3:7/36, k=4:5/72, k=5:18631/810000); 59 Lean theorems, 0 sorry."
SHAPE-137,"Formalization, databases, and mathematical meta-research",Retraction-aware negative knowledge graph,1,66,T-COMMON-checker-soundness-trust-contract,Checker + soundness-theorem + sample-witness trust contract,VERIFY,"Matches signals: stable technique IDs; honesty notes; semantic retrieval; adversarial review. Technique action: A decidable predicate proven sound with axiom footprint exactly [propext, Classical.choice, Quot.sound]; native_decide only on sample witnesses, not the soundness theorem. Separates what the TRUTH depends on from what was TRUSTED to check it."
SHAPE-137,"Formalization, databases, and mathematical meta-research",Retraction-aware negative knowledge graph,2,57,T-GRAHAM-packed-certificate-generic-checker,Packed-certificate + one generic checker,VERIFY,"Matches signals: stable technique IDs; honesty notes; semantic retrieval; adversarial review. Technique action: Encode each witness as packed data; prove ONE soundness theorem (checkWitness_sound); each concrete witness then costs one native_decide, not a new proof (theorem count stayed 1 across 60K-765K witnesses)."
SHAPE-137,"Formalization, databases, and mathematical meta-research",Retraction-aware negative knowledge graph,3,53,T-GRAHAM-independent-multi-checker-crosscheck,Independent multi-checker cross-check (Go / Python / EPCE),VERIFY,"Matches signals: stable technique IDs; honesty notes; semantic retrieval; adversarial review. Technique action: Every witness re-verified by two methodologically-distinct checkers (Go recompute + Python orbit-accounting) plus a third EPCE checker (H01/H06 verifyDistinctPartialSums); 1.64M witnesses, 0 disagreements."
SHAPE-137,"Formalization, databases, and mathematical meta-research",Retraction-aware negative knowledge graph,4,41,T-EG411-from-scratch-hostile-reenumeration,From-scratch hostile re-enumeration,VERIFY,"Matches signals: stable technique IDs; honesty notes; semantic retrieval; adversarial review. Technique action: Independent sieve + Brent-rho, NO chain filtering (strictly more permissive), 17.96B candidates; reproduced the exact omega=7 census, 0 solutions."
SHAPE-137,"Formalization, databases, and mathematical meta-research",Retraction-aware negative knowledge graph,5,31,T-GRAHAM-jigsaw-cost-density-predictor,JIGSAW cost-density predictor,SEARCH,"Matches signals: stable technique IDs; honesty notes; semantic retrieval; adversarial review. Technique action: Fits cost-per-orbit-representative as a power law in subset density (ms_per_orbit=a*density^b), re-reading real evidence on every invocation so the fit self-recalibrates; self-reports its own error band."
SHAPE-137,"Formalization, databases, and mathematical meta-research",Retraction-aware negative knowledge graph,6,28,T-GRAHAM-arbitrary-parameter-generalization,Arbitrary-parameter generalization,VERIFY,Matches signals: stable technique IDs; honesty notes; semantic retrieval; adversarial review. Technique action: Parameterize over the index (p:Nat with [Fact p.Prime]) instead of one hardcoded instance; MUST re-verify each specialization reproduces its original axiom signature.
SHAPE-137,"Formalization, databases, and mathematical meta-research",Retraction-aware negative knowledge graph,7,27,T-GRAHAM-minimal-lean-imports,Minimal Lean imports,VERIFY,"Matches signals: stable technique IDs; honesty notes; semantic retrieval; adversarial review. Technique action: Audit real tactic usage against actual Mathlib/Lean-core source; replace blanket import Mathlib.Tactic with only used tactic files (45.7% smaller closure, ~6% when a heavy import already dominates)."
SHAPE-137,"Formalization, databases, and mathematical meta-research",Retraction-aware negative knowledge graph,8,26,T-EG203-bounded-witness-certificate-machinery,Bounded witness / certificate machinery (m<=1e6 kernel closure),SEARCH,"Matches signals: stable technique IDs; honesty notes; semantic retrieval; adversarial review. Technique action: Every ordinary m<=1e6 has a kernel-checked prime witness V(m,k,l), k+l<=13, in Lean (lake build exit 0)."
SHAPE-137,"Formalization, databases, and mathematical meta-research",Retraction-aware negative knowledge graph,9,25,T-EG203-size5-density-union-bound,Size5 density / union bound,ANALYSIS,"Matches signals: stable technique IDs; honesty notes; semantic retrieval; adversarial review. Technique action: Any prime set covering the k=0 row needs |P|>=5; a 4-prime cover has sum 1/ord_p(3) <= 19/20 < 1 (Lean, axiom-clean)."
SHAPE-137,"Formalization, databases, and mathematical meta-research",Retraction-aware negative knowledge graph,10,25,T-EG203-moment-laws,Moment laws (Lean-verified),ANALYSIS,"Matches signals: stable technique IDs; honesty notes; semantic retrieval; adversarial review. Technique action: Exact k-th moment / mean-zero / second-moment identities for the local obstruction (sum_delta_eq_zero, third_moment_vanishes_iff_half_cover, ...)."
SHAPE-137,"Formalization, databases, and mathematical meta-research",Retraction-aware negative knowledge graph,11,25,T-PRIMEGAP-hardy-littlewood-admissibility-closed-form,Hardy-Littlewood admissibility closed forms (Lean),ANALYSIS,"Matches signals: stable technique IDs; honesty notes; semantic retrieval; adversarial review. Technique action: Closed-form HL admissibility fractions for prime k-constellations (k=3:7/36, k=4:5/72, k=5:18631/810000); 59 Lean theorems, 0 sorry."
SHAPE-137,"Formalization, databases, and mathematical meta-research",Retraction-aware negative knowledge graph,12,25,T-EG411-omega-ladder-case-exhaustion,Omega-ladder case-exhaustion (kill-trees),SEARCH,"Matches signals: stable technique IDs; honesty notes; semantic retrieval; adversarial review. Technique action: Enumerate all squarefree factor-configs at fixed omega via node algebra A=3*prod(p-1), B=2*prod p; solve terminal j=2 pairs; omega=5/6/7 config spaces all EMPTY."
SHAPE-138,"Formalization, databases, and mathematical meta-research",Cross-family runtime and success prediction,1,71,T-COMMON-checker-soundness-trust-contract,Checker + soundness-theorem + sample-witness trust contract,VERIFY,"Matches signals: JIGSAW; density features; peak RSS; uncertainty bands. Technique action: A decidable predicate proven sound with axiom footprint exactly [propext, Classical.choice, Quot.sound]; native_decide only on sample witnesses, not the soundness theorem. Separates what the TRUTH depends on from what was TRUSTED to check it."
SHAPE-138,"Formalization, databases, and mathematical meta-research",Cross-family runtime and success prediction,2,59,T-GRAHAM-packed-certificate-generic-checker,Packed-certificate + one generic checker,VERIFY,"Matches signals: JIGSAW; density features; peak RSS; uncertainty bands. Technique action: Encode each witness as packed data; prove ONE soundness theorem (checkWitness_sound); each concrete witness then costs one native_decide, not a new proof (theorem count stayed 1 across 60K-765K witnesses)."
SHAPE-138,"Formalization, databases, and mathematical meta-research",Cross-family runtime and success prediction,3,51,T-GRAHAM-independent-multi-checker-crosscheck,Independent multi-checker cross-check (Go / Python / EPCE),VERIFY,"Matches signals: JIGSAW; density features; peak RSS; uncertainty bands. Technique action: Every witness re-verified by two methodologically-distinct checkers (Go recompute + Python orbit-accounting) plus a third EPCE checker (H01/H06 verifyDistinctPartialSums); 1.64M witnesses, 0 disagreements."
SHAPE-138,"Formalization, databases, and mathematical meta-research",Cross-family runtime and success prediction,4,46,T-GRAHAM-jigsaw-cost-density-predictor,JIGSAW cost-density predictor,SEARCH,"Matches signals: JIGSAW; density features; peak RSS; uncertainty bands. Technique action: Fits cost-per-orbit-representative as a power law in subset density (ms_per_orbit=a*density^b), re-reading real evidence on every invocation so the fit self-recalibrates; self-reports its own error band."
SHAPE-138,"Formalization, databases, and mathematical meta-research",Cross-family runtime and success prediction,5,38,T-EG411-from-scratch-hostile-reenumeration,From-scratch hostile re-enumeration,VERIFY,"Matches signals: JIGSAW; density features; peak RSS; uncertainty bands. Technique action: Independent sieve + Brent-rho, NO chain filtering (strictly more permissive), 17.96B candidates; reproduced the exact omega=7 census, 0 solutions."
SHAPE-138,"Formalization, databases, and mathematical meta-research",Cross-family runtime and success prediction,6,31,T-GRAHAM-minimal-lean-imports,Minimal Lean imports,VERIFY,"Matches signals: JIGSAW; density features; peak RSS; uncertainty bands. Technique action: Audit real tactic usage against actual Mathlib/Lean-core source; replace blanket import Mathlib.Tactic with only used tactic files (45.7% smaller closure, ~6% when a heavy import already dominates)."
SHAPE-138,"Formalization, databases, and mathematical meta-research",Cross-family runtime and success prediction,7,31,T-GRAHAM-arbitrary-parameter-generalization,Arbitrary-parameter generalization,VERIFY,Matches signals: JIGSAW; density features; peak RSS; uncertainty bands. Technique action: Parameterize over the index (p:Nat with [Fact p.Prime]) instead of one hardcoded instance; MUST re-verify each specialization reproduces its original axiom signature.
SHAPE-138,"Formalization, databases, and mathematical meta-research",Cross-family runtime and success prediction,8,30,T-EG203-size5-density-union-bound,Size5 density / union bound,ANALYSIS,"Matches signals: JIGSAW; density features; peak RSS; uncertainty bands. Technique action: Any prime set covering the k=0 row needs |P|>=5; a 4-prime cover has sum 1/ord_p(3) <= 19/20 < 1 (Lean, axiom-clean)."
SHAPE-138,"Formalization, databases, and mathematical meta-research",Cross-family runtime and success prediction,9,30,T-EG411-omega-ladder-case-exhaustion,Omega-ladder case-exhaustion (kill-trees),SEARCH,"Matches signals: JIGSAW; density features; peak RSS; uncertainty bands. Technique action: Enumerate all squarefree factor-configs at fixed omega via node algebra A=3*prod(p-1), B=2*prod p; solve terminal j=2 pairs; omega=5/6/7 config spaces all EMPTY."
SHAPE-138,"Formalization, databases, and mathematical meta-research",Cross-family runtime and success prediction,10,30,T-PRIMEGAP-hardy-littlewood-admissibility-closed-form,Hardy-Littlewood admissibility closed forms (Lean),ANALYSIS,"Matches signals: JIGSAW; density features; peak RSS; uncertainty bands. Technique action: Closed-form HL admissibility fractions for prime k-constellations (k=3:7/36, k=4:5/72, k=5:18631/810000); 59 Lean theorems, 0 sorry."
SHAPE-138,"Formalization, databases, and mathematical meta-research",Cross-family runtime and success prediction,11,29,T-EG203-bounded-witness-certificate-machinery,Bounded witness / certificate machinery (m<=1e6 kernel closure),SEARCH,"Matches signals: JIGSAW; density features; peak RSS; uncertainty bands. Technique action: Every ordinary m<=1e6 has a kernel-checked prime witness V(m,k,l), k+l<=13, in Lean (lake build exit 0)."
SHAPE-138,"Formalization, databases, and mathematical meta-research",Cross-family runtime and success prediction,12,28,T-EG203-moment-laws,Moment laws (Lean-verified),ANALYSIS,"Matches signals: JIGSAW; density features; peak RSS; uncertainty bands. Technique action: Exact k-th moment / mean-zero / second-moment identities for the local obstruction (sum_delta_eq_zero, third_moment_vanishes_iff_half_cover, ...)."
SHAPE-139,"Formalization, databases, and mathematical meta-research",Human theorem extraction from machine traces,1,74,T-COMMON-checker-soundness-trust-contract,Checker + soundness-theorem + sample-witness trust contract,VERIFY,"Matches signals: trace clustering; minimal unsat cores; symbolic abstraction; Lean proof. Technique action: A decidable predicate proven sound with axiom footprint exactly [propext, Classical.choice, Quot.sound]; native_decide only on sample witnesses, not the soundness theorem. Separates what the TRUTH depends on from what was TRUSTED to check it."
SHAPE-139,"Formalization, databases, and mathematical meta-research",Human theorem extraction from machine traces,2,65,T-GRAHAM-packed-certificate-generic-checker,Packed-certificate + one generic checker,VERIFY,"Matches signals: trace clustering; minimal unsat cores; symbolic abstraction; Lean proof. Technique action: Encode each witness as packed data; prove ONE soundness theorem (checkWitness_sound); each concrete witness then costs one native_decide, not a new proof (theorem count stayed 1 across 60K-765K witnesses)."
SHAPE-139,"Formalization, databases, and mathematical meta-research",Human theorem extraction from machine traces,3,50,T-GRAHAM-independent-multi-checker-crosscheck,Independent multi-checker cross-check (Go / Python / EPCE),VERIFY,"Matches signals: trace clustering; minimal unsat cores; symbolic abstraction; Lean proof. Technique action: Every witness re-verified by two methodologically-distinct checkers (Go recompute + Python orbit-accounting) plus a third EPCE checker (H01/H06 verifyDistinctPartialSums); 1.64M witnesses, 0 disagreements."
SHAPE-139,"Formalization, databases, and mathematical meta-research",Human theorem extraction from machine traces,4,37,T-EG411-from-scratch-hostile-reenumeration,From-scratch hostile re-enumeration,VERIFY,"Matches signals: trace clustering; minimal unsat cores; symbolic abstraction; Lean proof. Technique action: Independent sieve + Brent-rho, NO chain filtering (strictly more permissive), 17.96B candidates; reproduced the exact omega=7 census, 0 solutions."
SHAPE-139,"Formalization, databases, and mathematical meta-research",Human theorem extraction from machine traces,5,35,T-EG203-bounded-witness-certificate-machinery,Bounded witness / certificate machinery (m<=1e6 kernel closure),SEARCH,"Matches signals: trace clustering; minimal unsat cores; symbolic abstraction; Lean proof. Technique action: Every ordinary m<=1e6 has a kernel-checked prime witness V(m,k,l), k+l<=13, in Lean (lake build exit 0)."
SHAPE-139,"Formalization, databases, and mathematical meta-research",Human theorem extraction from machine traces,6,35,T-EG203-size5-density-union-bound,Size5 density / union bound,ANALYSIS,"Matches signals: trace clustering; minimal unsat cores; symbolic abstraction; Lean proof. Technique action: Any prime set covering the k=0 row needs |P|>=5; a 4-prime cover has sum 1/ord_p(3) <= 19/20 < 1 (Lean, axiom-clean)."
SHAPE-139,"Formalization, databases, and mathematical meta-research",Human theorem extraction from machine traces,7,35,T-PRIMEGAP-hardy-littlewood-admissibility-closed-form,Hardy-Littlewood admissibility closed forms (Lean),ANALYSIS,"Matches signals: trace clustering; minimal unsat cores; symbolic abstraction; Lean proof. Technique action: Closed-form HL admissibility fractions for prime k-constellations (k=3:7/36, k=4:5/72, k=5:18631/810000); 59 Lean theorems, 0 sorry."
SHAPE-139,"Formalization, databases, and mathematical meta-research",Human theorem extraction from machine traces,8,33,T-EG203-moment-laws,Moment laws (Lean-verified),ANALYSIS,"Matches signals: trace clustering; minimal unsat cores; symbolic abstraction; Lean proof. Technique action: Exact k-th moment / mean-zero / second-moment identities for the local obstruction (sum_delta_eq_zero, third_moment_vanishes_iff_half_cover, ...)."
SHAPE-139,"Formalization, databases, and mathematical meta-research",Human theorem extraction from machine traces,9,33,T-GRAHAM-minimal-lean-imports,Minimal Lean imports,VERIFY,"Matches signals: trace clustering; minimal unsat cores; symbolic abstraction; Lean proof. Technique action: Audit real tactic usage against actual Mathlib/Lean-core source; replace blanket import Mathlib.Tactic with only used tactic files (45.7% smaller closure, ~6% when a heavy import already dominates)."
SHAPE-139,"Formalization, databases, and mathematical meta-research",Human theorem extraction from machine traces,10,32,T-EG411-omega-ladder-case-exhaustion,Omega-ladder case-exhaustion (kill-trees),SEARCH,"Matches signals: trace clustering; minimal unsat cores; symbolic abstraction; Lean proof. Technique action: Enumerate all squarefree factor-configs at fixed omega via node algebra A=3*prod(p-1), B=2*prod p; solve terminal j=2 pairs; omega=5/6/7 config spaces all EMPTY."
SHAPE-139,"Formalization, databases, and mathematical meta-research",Human theorem extraction from machine traces,11,32,T-GRAHAM-arbitrary-parameter-generalization,Arbitrary-parameter generalization,VERIFY,Matches signals: trace clustering; minimal unsat cores; symbolic abstraction; Lean proof. Technique action: Parameterize over the index (p:Nat with [Fact p.Prime]) instead of one hardcoded instance; MUST re-verify each specialization reproduces its original axiom signature.
SHAPE-139,"Formalization, databases, and mathematical meta-research",Human theorem extraction from machine traces,12,32,T-GRAHAM-jigsaw-cost-density-predictor,JIGSAW cost-density predictor,SEARCH,"Matches signals: trace clustering; minimal unsat cores; symbolic abstraction; Lean proof. Technique action: Fits cost-per-orbit-representative as a power law in subset density (ms_per_orbit=a*density^b), re-reading real evidence on every invocation so the fit self-recalibrates; self-reports its own error band."
SHAPE-140,"Formalization, databases, and mathematical meta-research",Independent replication campaigns,1,77,T-COMMON-checker-soundness-trust-contract,Checker + soundness-theorem + sample-witness trust contract,VERIFY,"Matches signals: different language/algorithm; superset enumeration; corruption tests; source verification. Technique action: A decidable predicate proven sound with axiom footprint exactly [propext, Classical.choice, Quot.sound]; native_decide only on sample witnesses, not the soundness theorem. Separates what the TRUTH depends on from what was TRUSTED to check it."
SHAPE-140,"Formalization, databases, and mathematical meta-research",Independent replication campaigns,2,68,T-GRAHAM-independent-multi-checker-crosscheck,Independent multi-checker cross-check (Go / Python / EPCE),VERIFY,"Matches signals: different language/algorithm; superset enumeration; corruption tests; source verification. Technique action: Every witness re-verified by two methodologically-distinct checkers (Go recompute + Python orbit-accounting) plus a third EPCE checker (H01/H06 verifyDistinctPartialSums); 1.64M witnesses, 0 disagreements."
SHAPE-140,"Formalization, databases, and mathematical meta-research",Independent replication campaigns,3,67,T-GRAHAM-packed-certificate-generic-checker,Packed-certificate + one generic checker,VERIFY,"Matches signals: different language/algorithm; superset enumeration; corruption tests; source verification. Technique action: Encode each witness as packed data; prove ONE soundness theorem (checkWitness_sound); each concrete witness then costs one native_decide, not a new proof (theorem count stayed 1 across 60K-765K witnesses)."
SHAPE-140,"Formalization, databases, and mathematical meta-research",Independent replication campaigns,4,64,T-EG411-from-scratch-hostile-reenumeration,From-scratch hostile re-enumeration,VERIFY,"Matches signals: different language/algorithm; superset enumeration; corruption tests; source verification. Technique action: Independent sieve + Brent-rho, NO chain filtering (strictly more permissive), 17.96B candidates; reproduced the exact omega=7 census, 0 solutions."
SHAPE-140,"Formalization, databases, and mathematical meta-research",Independent replication campaigns,5,33,T-EG203-prime-witness-scale-ladder,Prime-witness scale ladder + adversarial checking,SEARCH,"Matches signals: different language/algorithm; superset enumeration; corruption tests; source verification. Technique action: Kernel-verified prime witnesses continuously 10^0 -> 10^19 (max 20-digit prime); evidence, not universal."
SHAPE-140,"Formalization, databases, and mathematical meta-research",Independent replication campaigns,6,31,T-GRAHAM-jigsaw-cost-density-predictor,JIGSAW cost-density predictor,SEARCH,"Matches signals: different language/algorithm; superset enumeration; corruption tests; source verification. Technique action: Fits cost-per-orbit-representative as a power law in subset density (ms_per_orbit=a*density^b), re-reading real evidence on every invocation so the fit self-recalibrates; self-reports its own error band."
SHAPE-140,"Formalization, databases, and mathematical meta-research",Independent replication campaigns,7,29,T-GRAHAM-arbitrary-parameter-generalization,Arbitrary-parameter generalization,VERIFY,Matches signals: different language/algorithm; superset enumeration; corruption tests; source verification. Technique action: Parameterize over the index (p:Nat with [Fact p.Prime]) instead of one hardcoded instance; MUST re-verify each specialization reproduces its original axiom signature.
SHAPE-140,"Formalization, databases, and mathematical meta-research",Independent replication campaigns,8,27,T-EG203-bounded-witness-certificate-machinery,Bounded witness / certificate machinery (m<=1e6 kernel closure),SEARCH,"Matches signals: different language/algorithm; superset enumeration; corruption tests; source verification. Technique action: Every ordinary m<=1e6 has a kernel-checked prime witness V(m,k,l), k+l<=13, in Lean (lake build exit 0)."
SHAPE-140,"Formalization, databases, and mathematical meta-research",Independent replication campaigns,9,27,T-EG411-omega-ladder-case-exhaustion,Omega-ladder case-exhaustion (kill-trees),SEARCH,"Matches signals: different language/algorithm; superset enumeration; corruption tests; source verification. Technique action: Enumerate all squarefree factor-configs at fixed omega via node algebra A=3*prod(p-1), B=2*prod p; solve terminal j=2 pairs; omega=5/6/7 config spaces all EMPTY."
SHAPE-140,"Formalization, databases, and mathematical meta-research",Independent replication campaigns,10,27,T-PRIMEGAP-hardy-littlewood-admissibility-closed-form,Hardy-Littlewood admissibility closed forms (Lean),ANALYSIS,"Matches signals: different language/algorithm; superset enumeration; corruption tests; source verification. Technique action: Closed-form HL admissibility fractions for prime k-constellations (k=3:7/36, k=4:5/72, k=5:18631/810000); 59 Lean theorems, 0 sorry."
SHAPE-140,"Formalization, databases, and mathematical meta-research",Independent replication campaigns,11,27,T-GRAHAM-minimal-lean-imports,Minimal Lean imports,VERIFY,"Matches signals: different language/algorithm; superset enumeration; corruption tests; source verification. Technique action: Audit real tactic usage against actual Mathlib/Lean-core source; replace blanket import Mathlib.Tactic with only used tactic files (45.7% smaller closure, ~6% when a heavy import already dominates)."
SHAPE-140,"Formalization, databases, and mathematical meta-research",Independent replication campaigns,12,27,T-835-steiner-exact-cover-sat-solver,"Steiner system S(t,k,v) exact-cover/SAT solver",SEARCH,"Matches signals: different language/algorithm; superset enumeration; corruption tests; source verification. Technique action: From-scratch exact-cover/SAT for S(t,k,v) existence (pysat CardEnc + Z3 dual backends, independent brute-force verifier, cyclic-automorphism reduction)."
