candidate_id,domain,problem_shape,candidate_family,frontier_objective,structural_signals,publishable_outputs,status_gate
EXP-00001,Multiplicative and analytic number theory,Multiplicative-semigroup covering over residue classes,generalized Sierpiński numbers,"Find the smallest uncovered parameter, prove a minimum cover size, synthesize a cover, or certify that an entire template cannot cover.",multiplicative subgroup; CRT; local obstruction; covering congruence; orbit quotient,new covering family; minimum-cardinality theorem; certified nonexistence; killed construction template,VERIFY_OPEN_AND_NEAREST_PRIOR_BEFORE_LAUNCH
EXP-00002,Multiplicative and analytic number theory,Multiplicative-semigroup covering over residue classes,generalized Riesel numbers,"Find the smallest uncovered parameter, prove a minimum cover size, synthesize a cover, or certify that an entire template cannot cover.",multiplicative subgroup; CRT; local obstruction; covering congruence; orbit quotient,new covering family; minimum-cardinality theorem; certified nonexistence; killed construction template,VERIFY_OPEN_AND_NEAREST_PRIOR_BEFORE_LAUNCH
EXP-00003,Multiplicative and analytic number theory,Multiplicative-semigroup covering over residue classes,simultaneous-base covering families,"Find the smallest uncovered parameter, prove a minimum cover size, synthesize a cover, or certify that an entire template cannot cover.",multiplicative subgroup; CRT; local obstruction; covering congruence; orbit quotient,new covering family; minimum-cardinality theorem; certified nonexistence; killed construction template,VERIFY_OPEN_AND_NEAREST_PRIOR_BEFORE_LAUNCH
EXP-00004,Multiplicative and analytic number theory,Multiplicative-semigroup covering over residue classes,exponential semigroup translates,"Find the smallest uncovered parameter, prove a minimum cover size, synthesize a cover, or certify that an entire template cannot cover.",multiplicative subgroup; CRT; local obstruction; covering congruence; orbit quotient,new covering family; minimum-cardinality theorem; certified nonexistence; killed construction template,VERIFY_OPEN_AND_NEAREST_PRIOR_BEFORE_LAUNCH
EXP-00005,Multiplicative and analytic number theory,Multiplicative-semigroup covering over residue classes,prime-avoiding orbits,"Find the smallest uncovered parameter, prove a minimum cover size, synthesize a cover, or certify that an entire template cannot cover.",multiplicative subgroup; CRT; local obstruction; covering congruence; orbit quotient,new covering family; minimum-cardinality theorem; certified nonexistence; killed construction template,VERIFY_OPEN_AND_NEAREST_PRIOR_BEFORE_LAUNCH
EXP-00006,Multiplicative and analytic number theory,Simultaneous multiplicative-order constraints,simultaneous primitive roots,Classify the first unknown tuple/modulus range or prove an exceptional-set bound.,discrete logs; projective slope collisions; Kummer extensions; Chebotarev conditions,new finite classification; density theorem; explicit exceptional set; verified range extension,VERIFY_OPEN_AND_NEAREST_PRIOR_BEFORE_LAUNCH
EXP-00007,Multiplicative and analytic number theory,Simultaneous multiplicative-order constraints,prescribed index subgroups,Classify the first unknown tuple/modulus range or prove an exceptional-set bound.,discrete logs; projective slope collisions; Kummer extensions; Chebotarev conditions,new finite classification; density theorem; explicit exceptional set; verified range extension,VERIFY_OPEN_AND_NEAREST_PRIOR_BEFORE_LAUNCH
EXP-00008,Multiplicative and analytic number theory,Simultaneous multiplicative-order constraints,Artin-type tuples,Classify the first unknown tuple/modulus range or prove an exceptional-set bound.,discrete logs; projective slope collisions; Kummer extensions; Chebotarev conditions,new finite classification; density theorem; explicit exceptional set; verified range extension,VERIFY_OPEN_AND_NEAREST_PRIOR_BEFORE_LAUNCH
EXP-00009,Multiplicative and analytic number theory,Simultaneous multiplicative-order constraints,order coincidences,Classify the first unknown tuple/modulus range or prove an exceptional-set bound.,discrete logs; projective slope collisions; Kummer extensions; Chebotarev conditions,new finite classification; density theorem; explicit exceptional set; verified range extension,VERIFY_OPEN_AND_NEAREST_PRIOR_BEFORE_LAUNCH
EXP-00010,Multiplicative and analytic number theory,Simultaneous multiplicative-order constraints,near-primitive roots,Classify the first unknown tuple/modulus range or prove an exceptional-set bound.,discrete logs; projective slope collisions; Kummer extensions; Chebotarev conditions,new finite classification; density theorem; explicit exceptional set; verified range extension,VERIFY_OPEN_AND_NEAREST_PRIOR_BEFORE_LAUNCH
EXP-00011,Multiplicative and analytic number theory,Rank-r Kummer synchronization defects,multi-radical Kummer families,"Detect rank defects, derive exact local densities, and isolate the first conductor barrier.",representable matroid; projective geometry over finite fields; Hensel lift; character annihilator,new entanglement formula; exact density; obstruction classification; conditional-to-unconditional range,VERIFY_OPEN_AND_NEAREST_PRIOR_BEFORE_LAUNCH
EXP-00012,Multiplicative and analytic number theory,Rank-r Kummer synchronization defects,simultaneous power-residue constraints,"Detect rank defects, derive exact local densities, and isolate the first conductor barrier.",representable matroid; projective geometry over finite fields; Hensel lift; character annihilator,new entanglement formula; exact density; obstruction classification; conditional-to-unconditional range,VERIFY_OPEN_AND_NEAREST_PRIOR_BEFORE_LAUNCH
EXP-00013,Multiplicative and analytic number theory,Rank-r Kummer synchronization defects,radical-rank deficiency,"Detect rank defects, derive exact local densities, and isolate the first conductor barrier.",representable matroid; projective geometry over finite fields; Hensel lift; character annihilator,new entanglement formula; exact density; obstruction classification; conditional-to-unconditional range,VERIFY_OPEN_AND_NEAREST_PRIOR_BEFORE_LAUNCH
EXP-00014,Multiplicative and analytic number theory,Rank-r Kummer synchronization defects,entanglement correction factors,"Detect rank defects, derive exact local densities, and isolate the first conductor barrier.",representable matroid; projective geometry over finite fields; Hensel lift; character annihilator,new entanglement formula; exact density; obstruction classification; conditional-to-unconditional range,VERIFY_OPEN_AND_NEAREST_PRIOR_BEFORE_LAUNCH
EXP-00015,Multiplicative and analytic number theory,Rank-r Kummer synchronization defects,arboreal Galois images,"Detect rank defects, derive exact local densities, and isolate the first conductor barrier.",representable matroid; projective geometry over finite fields; Hensel lift; character annihilator,new entanglement formula; exact density; obstruction classification; conditional-to-unconditional range,VERIFY_OPEN_AND_NEAREST_PRIOR_BEFORE_LAUNCH
EXP-00016,Multiplicative and analytic number theory,Prime values in sparse exponential families,a*b^m*c^n+1 prime values,"Produce a uniform finite-range theorem, exceptional-set estimate, or a precise analytic seam.",sparse two-parameter family; singular series; large sieve; conductor growth,new uniform bound; density-zero exceptional set; verified prime-witness ladder; exact no-go theorem,VERIFY_OPEN_AND_NEAREST_PRIOR_BEFORE_LAUNCH
EXP-00017,Multiplicative and analytic number theory,Prime values in sparse exponential families,cyclotomic-value primes,"Produce a uniform finite-range theorem, exceptional-set estimate, or a precise analytic seam.",sparse two-parameter family; singular series; large sieve; conductor growth,new uniform bound; density-zero exceptional set; verified prime-witness ladder; exact no-go theorem,VERIFY_OPEN_AND_NEAREST_PRIOR_BEFORE_LAUNCH
EXP-00018,Multiplicative and analytic number theory,Prime values in sparse exponential families,Lucas sequence primes,"Produce a uniform finite-range theorem, exceptional-set estimate, or a precise analytic seam.",sparse two-parameter family; singular series; large sieve; conductor growth,new uniform bound; density-zero exceptional set; verified prime-witness ladder; exact no-go theorem,VERIFY_OPEN_AND_NEAREST_PRIOR_BEFORE_LAUNCH
EXP-00019,Multiplicative and analytic number theory,Prime values in sparse exponential families,repunit-type primes,"Produce a uniform finite-range theorem, exceptional-set estimate, or a precise analytic seam.",sparse two-parameter family; singular series; large sieve; conductor growth,new uniform bound; density-zero exceptional set; verified prime-witness ladder; exact no-go theorem,VERIFY_OPEN_AND_NEAREST_PRIOR_BEFORE_LAUNCH
EXP-00020,Multiplicative and analytic number theory,Prime values in sparse exponential families,generalized Fermat values,"Produce a uniform finite-range theorem, exceptional-set estimate, or a precise analytic seam.",sparse two-parameter family; singular series; large sieve; conductor growth,new uniform bound; density-zero exceptional set; verified prime-witness ladder; exact no-go theorem,VERIFY_OPEN_AND_NEAREST_PRIOR_BEFORE_LAUNCH
EXP-00021,Multiplicative and analytic number theory,Character non-concentration in growing field families,Kummer character families,Prove flattening below a conductor threshold and name the exact high-parameter obstruction.,Fourier smoothing; total variation; log-free zero density; discriminant explosion,sharp dichotomy theorem; improved range; bilinear-equivalence reduction; negative barrier theorem,VERIFY_OPEN_AND_NEAREST_PRIOR_BEFORE_LAUNCH
EXP-00022,Multiplicative and analytic number theory,Character non-concentration in growing field families,Hecke-character equidistribution,Prove flattening below a conductor threshold and name the exact high-parameter obstruction.,Fourier smoothing; total variation; log-free zero density; discriminant explosion,sharp dichotomy theorem; improved range; bilinear-equivalence reduction; negative barrier theorem,VERIFY_OPEN_AND_NEAREST_PRIOR_BEFORE_LAUNCH
EXP-00023,Multiplicative and analytic number theory,Character non-concentration in growing field families,Frobenius identity concentration,Prove flattening below a conductor threshold and name the exact high-parameter obstruction.,Fourier smoothing; total variation; log-free zero density; discriminant explosion,sharp dichotomy theorem; improved range; bilinear-equivalence reduction; negative barrier theorem,VERIFY_OPEN_AND_NEAREST_PRIOR_BEFORE_LAUNCH
EXP-00024,Multiplicative and analytic number theory,Character non-concentration in growing field families,power-residue bias,Prove flattening below a conductor threshold and name the exact high-parameter obstruction.,Fourier smoothing; total variation; log-free zero density; discriminant explosion,sharp dichotomy theorem; improved range; bilinear-equivalence reduction; negative barrier theorem,VERIFY_OPEN_AND_NEAREST_PRIOR_BEFORE_LAUNCH
EXP-00025,Multiplicative and analytic number theory,Character non-concentration in growing field families,splitting-prime discrepancy,Prove flattening below a conductor threshold and name the exact high-parameter obstruction.,Fourier smoothing; total variation; log-free zero density; discriminant explosion,sharp dichotomy theorem; improved range; bilinear-equivalence reduction; negative barrier theorem,VERIFY_OPEN_AND_NEAREST_PRIOR_BEFORE_LAUNCH
EXP-00026,Multiplicative and analytic number theory,Well-factorable weighted discrepancy problems,Bombieri-Vinogradov variants,Break a diagonal barrier or prove a weighted estimate on the first untreated parameter window.,large sieve; well-factorable weights; bilinear forms; bad-character sparsity,new level of distribution; conditional criterion; barrier localization; explicit counterexample to a naive bound,VERIFY_OPEN_AND_NEAREST_PRIOR_BEFORE_LAUNCH
EXP-00027,Multiplicative and analytic number theory,Well-factorable weighted discrepancy problems,bilinear Kummer sums,Break a diagonal barrier or prove a weighted estimate on the first untreated parameter window.,large sieve; well-factorable weights; bilinear forms; bad-character sparsity,new level of distribution; conditional criterion; barrier localization; explicit counterexample to a naive bound,VERIFY_OPEN_AND_NEAREST_PRIOR_BEFORE_LAUNCH
EXP-00028,Multiplicative and analytic number theory,Well-factorable weighted discrepancy problems,primes in sparse progressions,Break a diagonal barrier or prove a weighted estimate on the first untreated parameter window.,large sieve; well-factorable weights; bilinear forms; bad-character sparsity,new level of distribution; conditional criterion; barrier localization; explicit counterexample to a naive bound,VERIFY_OPEN_AND_NEAREST_PRIOR_BEFORE_LAUNCH
EXP-00029,Multiplicative and analytic number theory,Well-factorable weighted discrepancy problems,polynomial moduli,Break a diagonal barrier or prove a weighted estimate on the first untreated parameter window.,large sieve; well-factorable weights; bilinear forms; bad-character sparsity,new level of distribution; conditional criterion; barrier localization; explicit counterexample to a naive bound,VERIFY_OPEN_AND_NEAREST_PRIOR_BEFORE_LAUNCH
EXP-00030,Multiplicative and analytic number theory,Well-factorable weighted discrepancy problems,smooth moduli,Break a diagonal barrier or prove a weighted estimate on the first untreated parameter window.,large sieve; well-factorable weights; bilinear forms; bad-character sparsity,new level of distribution; conditional criterion; barrier localization; explicit counterexample to a naive bound,VERIFY_OPEN_AND_NEAREST_PRIOR_BEFORE_LAUNCH
EXP-00031,Multiplicative and analytic number theory,Exact singular-series optimization,prime k-tuple admissibility,Optimize exact singular series under admissibility and derive closed forms for small k or structured families.,local factors; CRT; exact optimizer; admissible residue sets; symmetry,new extremal tuple; exact constant; closed-form family; certified optimality,VERIFY_OPEN_AND_NEAREST_PRIOR_BEFORE_LAUNCH
EXP-00032,Multiplicative and analytic number theory,Exact singular-series optimization,restricted prime constellations,Optimize exact singular series under admissibility and derive closed forms for small k or structured families.,local factors; CRT; exact optimizer; admissible residue sets; symmetry,new extremal tuple; exact constant; closed-form family; certified optimality,VERIFY_OPEN_AND_NEAREST_PRIOR_BEFORE_LAUNCH
EXP-00033,Multiplicative and analytic number theory,Exact singular-series optimization,polynomial prime patterns,Optimize exact singular series under admissibility and derive closed forms for small k or structured families.,local factors; CRT; exact optimizer; admissible residue sets; symmetry,new extremal tuple; exact constant; closed-form family; certified optimality,VERIFY_OPEN_AND_NEAREST_PRIOR_BEFORE_LAUNCH
EXP-00034,Multiplicative and analytic number theory,Exact singular-series optimization,shifted-prime clusters,Optimize exact singular series under admissibility and derive closed forms for small k or structured families.,local factors; CRT; exact optimizer; admissible residue sets; symmetry,new extremal tuple; exact constant; closed-form family; certified optimality,VERIFY_OPEN_AND_NEAREST_PRIOR_BEFORE_LAUNCH
EXP-00035,Multiplicative and analytic number theory,Exact singular-series optimization,prime-gap residue patterns,Optimize exact singular series under admissibility and derive closed forms for small k or structured families.,local factors; CRT; exact optimizer; admissible residue sets; symmetry,new extremal tuple; exact constant; closed-form family; certified optimality,VERIFY_OPEN_AND_NEAREST_PRIOR_BEFORE_LAUNCH
EXP-00036,Multiplicative and analytic number theory,Wieferich and prime-power lifting anomalies,Wieferich prime tuples,Classify low-rank anomalies and prove exact Hensel-lift criteria.,p-adic lift; discrete-log rows; valuation tree; prime-power congruence,new anomaly census; lift theorem; certified lower bound; explicit exceptional family,VERIFY_OPEN_AND_NEAREST_PRIOR_BEFORE_LAUNCH
EXP-00037,Multiplicative and analytic number theory,Wieferich and prime-power lifting anomalies,higher-order Wieferich conditions,Classify low-rank anomalies and prove exact Hensel-lift criteria.,p-adic lift; discrete-log rows; valuation tree; prime-power congruence,new anomaly census; lift theorem; certified lower bound; explicit exceptional family,VERIFY_OPEN_AND_NEAREST_PRIOR_BEFORE_LAUNCH
EXP-00038,Multiplicative and analytic number theory,Wieferich and prime-power lifting anomalies,base-p pseudoprimes,Classify low-rank anomalies and prove exact Hensel-lift criteria.,p-adic lift; discrete-log rows; valuation tree; prime-power congruence,new anomaly census; lift theorem; certified lower bound; explicit exceptional family,VERIFY_OPEN_AND_NEAREST_PRIOR_BEFORE_LAUNCH
EXP-00039,Multiplicative and analytic number theory,Wieferich and prime-power lifting anomalies,lifting-the-exponent failures,Classify low-rank anomalies and prove exact Hensel-lift criteria.,p-adic lift; discrete-log rows; valuation tree; prime-power congruence,new anomaly census; lift theorem; certified lower bound; explicit exceptional family,VERIFY_OPEN_AND_NEAREST_PRIOR_BEFORE_LAUNCH
EXP-00040,Multiplicative and analytic number theory,Wieferich and prime-power lifting anomalies,prime-power order stability,Classify low-rank anomalies and prove exact Hensel-lift criteria.,p-adic lift; discrete-log rows; valuation tree; prime-power congruence,new anomaly census; lift theorem; certified lower bound; explicit exceptional family,VERIFY_OPEN_AND_NEAREST_PRIOR_BEFORE_LAUNCH
EXP-00041,Multiplicative and analytic number theory,Exceptional-set density via local indicators,primitive-root exceptions,Turn independent or weakly dependent local indicators into exact moments and a rigorous density-zero result.,Poisson-binomial law; moment identities; local densities; second-moment sieve,density-zero theorem; exact moment formula; quantitative exceptional-set bound,VERIFY_OPEN_AND_NEAREST_PRIOR_BEFORE_LAUNCH
EXP-00042,Multiplicative and analytic number theory,Exceptional-set density via local indicators,non-generic Galois groups,Turn independent or weakly dependent local indicators into exact moments and a rigorous density-zero result.,Poisson-binomial law; moment identities; local densities; second-moment sieve,density-zero theorem; exact moment formula; quantitative exceptional-set bound,VERIFY_OPEN_AND_NEAREST_PRIOR_BEFORE_LAUNCH
EXP-00043,Multiplicative and analytic number theory,Exceptional-set density via local indicators,local solvability failures,Turn independent or weakly dependent local indicators into exact moments and a rigorous density-zero result.,Poisson-binomial law; moment identities; local densities; second-moment sieve,density-zero theorem; exact moment formula; quantitative exceptional-set bound,VERIFY_OPEN_AND_NEAREST_PRIOR_BEFORE_LAUNCH
EXP-00044,Multiplicative and analytic number theory,Exceptional-set density via local indicators,prime-representation exceptions,Turn independent or weakly dependent local indicators into exact moments and a rigorous density-zero result.,Poisson-binomial law; moment identities; local densities; second-moment sieve,density-zero theorem; exact moment formula; quantitative exceptional-set bound,VERIFY_OPEN_AND_NEAREST_PRIOR_BEFORE_LAUNCH
EXP-00045,Multiplicative and analytic number theory,Exceptional-set density via local indicators,thin-orbit failures,Turn independent or weakly dependent local indicators into exact moments and a rigorous density-zero result.,Poisson-binomial law; moment identities; local densities; second-moment sieve,density-zero theorem; exact moment formula; quantitative exceptional-set bound,VERIFY_OPEN_AND_NEAREST_PRIOR_BEFORE_LAUNCH
EXP-00046,Multiplicative and analytic number theory,Fourier collision and hyperplane-arrangement counts,discrete-log collisions,Replace false independence heuristics with exact Plancherel sums and identify minimum cocircuit controls.,finite Fourier transform; hyperplane arrangement; matroid cocircuit; collision variance,corrected exact formula; variance bound; spectral decay certificate; counterexample to product heuristic,VERIFY_OPEN_AND_NEAREST_PRIOR_BEFORE_LAUNCH
EXP-00047,Multiplicative and analytic number theory,Fourier collision and hyperplane-arrangement counts,subset-product collisions,Replace false independence heuristics with exact Plancherel sums and identify minimum cocircuit controls.,finite Fourier transform; hyperplane arrangement; matroid cocircuit; collision variance,corrected exact formula; variance bound; spectral decay certificate; counterexample to product heuristic,VERIFY_OPEN_AND_NEAREST_PRIOR_BEFORE_LAUNCH
EXP-00048,Multiplicative and analytic number theory,Fourier collision and hyperplane-arrangement counts,residue signature collisions,Replace false independence heuristics with exact Plancherel sums and identify minimum cocircuit controls.,finite Fourier transform; hyperplane arrangement; matroid cocircuit; collision variance,corrected exact formula; variance bound; spectral decay certificate; counterexample to product heuristic,VERIFY_OPEN_AND_NEAREST_PRIOR_BEFORE_LAUNCH
EXP-00049,Multiplicative and analytic number theory,Fourier collision and hyperplane-arrangement counts,random walk flattening,Replace false independence heuristics with exact Plancherel sums and identify minimum cocircuit controls.,finite Fourier transform; hyperplane arrangement; matroid cocircuit; collision variance,corrected exact formula; variance bound; spectral decay certificate; counterexample to product heuristic,VERIFY_OPEN_AND_NEAREST_PRIOR_BEFORE_LAUNCH
EXP-00050,Multiplicative and analytic number theory,Fourier collision and hyperplane-arrangement counts,multiplicative energy,Replace false independence heuristics with exact Plancherel sums and identify minimum cocircuit controls.,finite Fourier transform; hyperplane arrangement; matroid cocircuit; collision variance,corrected exact formula; variance bound; spectral decay certificate; counterexample to product heuristic,VERIFY_OPEN_AND_NEAREST_PRIOR_BEFORE_LAUNCH
EXP-00051,Multiplicative and analytic number theory,Prime-gap transition and residue-class bias,consecutive prime-gap transitions,"Detect stable finite-memory structure with sham controls, then isolate a theorem-sized modular mechanism.",cross-validation; Markov order; residue classes; bootstrap; sham processes,new empirical law with controls; exact finite-state model; modular lemma; falsified stochastic hypothesis,VERIFY_OPEN_AND_NEAREST_PRIOR_BEFORE_LAUNCH
EXP-00052,Multiplicative and analytic number theory,Prime-gap transition and residue-class bias,prime-race Markov structure,"Detect stable finite-memory structure with sham controls, then isolate a theorem-sized modular mechanism.",cross-validation; Markov order; residue classes; bootstrap; sham processes,new empirical law with controls; exact finite-state model; modular lemma; falsified stochastic hypothesis,VERIFY_OPEN_AND_NEAREST_PRIOR_BEFORE_LAUNCH
EXP-00053,Multiplicative and analytic number theory,Prime-gap transition and residue-class bias,residue-pair biases,"Detect stable finite-memory structure with sham controls, then isolate a theorem-sized modular mechanism.",cross-validation; Markov order; residue classes; bootstrap; sham processes,new empirical law with controls; exact finite-state model; modular lemma; falsified stochastic hypothesis,VERIFY_OPEN_AND_NEAREST_PRIOR_BEFORE_LAUNCH
EXP-00054,Multiplicative and analytic number theory,Prime-gap transition and residue-class bias,prime constellation succession,"Detect stable finite-memory structure with sham controls, then isolate a theorem-sized modular mechanism.",cross-validation; Markov order; residue classes; bootstrap; sham processes,new empirical law with controls; exact finite-state model; modular lemma; falsified stochastic hypothesis,VERIFY_OPEN_AND_NEAREST_PRIOR_BEFORE_LAUNCH
EXP-00055,Multiplicative and analytic number theory,Prime-gap transition and residue-class bias,maximal-gap precursors,"Detect stable finite-memory structure with sham controls, then isolate a theorem-sized modular mechanism.",cross-validation; Markov order; residue classes; bootstrap; sham processes,new empirical law with controls; exact finite-state model; modular lemma; falsified stochastic hypothesis,VERIFY_OPEN_AND_NEAREST_PRIOR_BEFORE_LAUNCH
EXP-00056,Multiplicative and analytic number theory,Finite verification of analytic conjecture side conditions,zero-free-region side inequalities,Push an explicit threshold far enough to close a conditional finite remainder.,interval arithmetic; exact rational bounds; monotonicity; certified prime tables,closed finite remainder; improved explicit constant; machine-checkable inequality certificate,VERIFY_OPEN_AND_NEAREST_PRIOR_BEFORE_LAUNCH
EXP-00057,Multiplicative and analytic number theory,Finite verification of analytic conjecture side conditions,explicit Mertens bounds,Push an explicit threshold far enough to close a conditional finite remainder.,interval arithmetic; exact rational bounds; monotonicity; certified prime tables,closed finite remainder; improved explicit constant; machine-checkable inequality certificate,VERIFY_OPEN_AND_NEAREST_PRIOR_BEFORE_LAUNCH
EXP-00058,Multiplicative and analytic number theory,Finite verification of analytic conjecture side conditions,explicit Chebyshev bounds,Push an explicit threshold far enough to close a conditional finite remainder.,interval arithmetic; exact rational bounds; monotonicity; certified prime tables,closed finite remainder; improved explicit constant; machine-checkable inequality certificate,VERIFY_OPEN_AND_NEAREST_PRIOR_BEFORE_LAUNCH
EXP-00059,Multiplicative and analytic number theory,Finite verification of analytic conjecture side conditions,interval-verified Euler products,Push an explicit threshold far enough to close a conditional finite remainder.,interval arithmetic; exact rational bounds; monotonicity; certified prime tables,closed finite remainder; improved explicit constant; machine-checkable inequality certificate,VERIFY_OPEN_AND_NEAREST_PRIOR_BEFORE_LAUNCH
EXP-00060,Multiplicative and analytic number theory,Finite verification of analytic conjecture side conditions,explicit sieve constants,Push an explicit threshold far enough to close a conditional finite remainder.,interval arithmetic; exact rational bounds; monotonicity; certified prime tables,closed finite remainder; improved explicit constant; machine-checkable inequality certificate,VERIFY_OPEN_AND_NEAREST_PRIOR_BEFORE_LAUNCH
EXP-00061,"Totients, divisors, and Diophantine equations",Fixed-ratio totient equations by omega,phi(n)=c(n+d),Classify all solutions up to the first unresolved number of prime factors and formalize the rung.,squarefree reduction; omega ladder; factor configuration; cap bound,new omega classification; certified emptiness; complete bounded theorem; structural lemma,VERIFY_OPEN_AND_NEAREST_PRIOR_BEFORE_LAUNCH
EXP-00062,"Totients, divisors, and Diophantine equations",Fixed-ratio totient equations by omega,Lehmer-type totient equations,Classify all solutions up to the first unresolved number of prime factors and formalize the rung.,squarefree reduction; omega ladder; factor configuration; cap bound,new omega classification; certified emptiness; complete bounded theorem; structural lemma,VERIFY_OPEN_AND_NEAREST_PRIOR_BEFORE_LAUNCH
EXP-00063,"Totients, divisors, and Diophantine equations",Fixed-ratio totient equations by omega,Schemmel totient equations,Classify all solutions up to the first unresolved number of prime factors and formalize the rung.,squarefree reduction; omega ladder; factor configuration; cap bound,new omega classification; certified emptiness; complete bounded theorem; structural lemma,VERIFY_OPEN_AND_NEAREST_PRIOR_BEFORE_LAUNCH
EXP-00064,"Totients, divisors, and Diophantine equations",Fixed-ratio totient equations by omega,unitary totient equations,Classify all solutions up to the first unresolved number of prime factors and formalize the rung.,squarefree reduction; omega ladder; factor configuration; cap bound,new omega classification; certified emptiness; complete bounded theorem; structural lemma,VERIFY_OPEN_AND_NEAREST_PRIOR_BEFORE_LAUNCH
EXP-00065,"Totients, divisors, and Diophantine equations",Fixed-ratio totient equations by omega,Jordan totient equations,Classify all solutions up to the first unresolved number of prime factors and formalize the rung.,squarefree reduction; omega ladder; factor configuration; cap bound,new omega classification; certified emptiness; complete bounded theorem; structural lemma,VERIFY_OPEN_AND_NEAREST_PRIOR_BEFORE_LAUNCH
EXP-00066,"Totients, divisors, and Diophantine equations",Iterated arithmetic-function equations,iterated totient equations,Reduce the iterated equation to one canonical Diophantine form and exhaust low-complexity branches.,reduction bridge; dependency graph; finite-rung decomposition; primality sieve,new reduction; low-rank classification; conditional closure; counterexample,VERIFY_OPEN_AND_NEAREST_PRIOR_BEFORE_LAUNCH
EXP-00067,"Totients, divisors, and Diophantine equations",Iterated arithmetic-function equations,aliquot-map equations,Reduce the iterated equation to one canonical Diophantine form and exhaust low-complexity branches.,reduction bridge; dependency graph; finite-rung decomposition; primality sieve,new reduction; low-rank classification; conditional closure; counterexample,VERIFY_OPEN_AND_NEAREST_PRIOR_BEFORE_LAUNCH
EXP-00068,"Totients, divisors, and Diophantine equations",Iterated arithmetic-function equations,Carmichael lambda iterations,Reduce the iterated equation to one canonical Diophantine form and exhaust low-complexity branches.,reduction bridge; dependency graph; finite-rung decomposition; primality sieve,new reduction; low-rank classification; conditional closure; counterexample,VERIFY_OPEN_AND_NEAREST_PRIOR_BEFORE_LAUNCH
EXP-00069,"Totients, divisors, and Diophantine equations",Iterated arithmetic-function equations,divisor-sum iterations,Reduce the iterated equation to one canonical Diophantine form and exhaust low-complexity branches.,reduction bridge; dependency graph; finite-rung decomposition; primality sieve,new reduction; low-rank classification; conditional closure; counterexample,VERIFY_OPEN_AND_NEAREST_PRIOR_BEFORE_LAUNCH
EXP-00070,"Totients, divisors, and Diophantine equations",Iterated arithmetic-function equations,cototient equations,Reduce the iterated equation to one canonical Diophantine form and exhaust low-complexity branches.,reduction bridge; dependency graph; finite-rung decomposition; primality sieve,new reduction; low-rank classification; conditional closure; counterexample,VERIFY_OPEN_AND_NEAREST_PRIOR_BEFORE_LAUNCH
EXP-00071,"Totients, divisors, and Diophantine equations",Carmichael and pseudoprime factor configurations,Carmichael numbers with fixed factors,Enumerate factor trees with exact pruning and certify the first missing omega/order class.,Korselt-style constraints; chain-free sieve; product bounds; hostile re-enumeration,new smallest example; nonexistence through omega r; exhaustive census; parametric construction,VERIFY_OPEN_AND_NEAREST_PRIOR_BEFORE_LAUNCH
EXP-00072,"Totients, divisors, and Diophantine equations",Carmichael and pseudoprime factor configurations,strong pseudoprime tuples,Enumerate factor trees with exact pruning and certify the first missing omega/order class.,Korselt-style constraints; chain-free sieve; product bounds; hostile re-enumeration,new smallest example; nonexistence through omega r; exhaustive census; parametric construction,VERIFY_OPEN_AND_NEAREST_PRIOR_BEFORE_LAUNCH
EXP-00073,"Totients, divisors, and Diophantine equations",Carmichael and pseudoprime factor configurations,Giuga numbers,Enumerate factor trees with exact pruning and certify the first missing omega/order class.,Korselt-style constraints; chain-free sieve; product bounds; hostile re-enumeration,new smallest example; nonexistence through omega r; exhaustive census; parametric construction,VERIFY_OPEN_AND_NEAREST_PRIOR_BEFORE_LAUNCH
EXP-00074,"Totients, divisors, and Diophantine equations",Carmichael and pseudoprime factor configurations,primary pseudoperfect numbers,Enumerate factor trees with exact pruning and certify the first missing omega/order class.,Korselt-style constraints; chain-free sieve; product bounds; hostile re-enumeration,new smallest example; nonexistence through omega r; exhaustive census; parametric construction,VERIFY_OPEN_AND_NEAREST_PRIOR_BEFORE_LAUNCH
EXP-00075,"Totients, divisors, and Diophantine equations",Carmichael and pseudoprime factor configurations,weak primary pseudoperfect numbers,Enumerate factor trees with exact pruning and certify the first missing omega/order class.,Korselt-style constraints; chain-free sieve; product bounds; hostile re-enumeration,new smallest example; nonexistence through omega r; exhaustive census; parametric construction,VERIFY_OPEN_AND_NEAREST_PRIOR_BEFORE_LAUNCH
EXP-00076,"Totients, divisors, and Diophantine equations",Multiplicative perfectness equations,multiperfect numbers,Classify parity/omega/exponent patterns and attack the first unresolved signature.,valuation tree; product inequalities; local obstruction; SAT over exponent patterns,new nonexistence class; smallest example; improved lower bound; formalized signature elimination,VERIFY_OPEN_AND_NEAREST_PRIOR_BEFORE_LAUNCH
EXP-00077,"Totients, divisors, and Diophantine equations",Multiplicative perfectness equations,multiply perfect polynomials,Classify parity/omega/exponent patterns and attack the first unresolved signature.,valuation tree; product inequalities; local obstruction; SAT over exponent patterns,new nonexistence class; smallest example; improved lower bound; formalized signature elimination,VERIFY_OPEN_AND_NEAREST_PRIOR_BEFORE_LAUNCH
EXP-00078,"Totients, divisors, and Diophantine equations",Multiplicative perfectness equations,unitary perfect numbers,Classify parity/omega/exponent patterns and attack the first unresolved signature.,valuation tree; product inequalities; local obstruction; SAT over exponent patterns,new nonexistence class; smallest example; improved lower bound; formalized signature elimination,VERIFY_OPEN_AND_NEAREST_PRIOR_BEFORE_LAUNCH
EXP-00079,"Totients, divisors, and Diophantine equations",Multiplicative perfectness equations,biunitary perfect numbers,Classify parity/omega/exponent patterns and attack the first unresolved signature.,valuation tree; product inequalities; local obstruction; SAT over exponent patterns,new nonexistence class; smallest example; improved lower bound; formalized signature elimination,VERIFY_OPEN_AND_NEAREST_PRIOR_BEFORE_LAUNCH
EXP-00080,"Totients, divisors, and Diophantine equations",Multiplicative perfectness equations,harmonic divisor numbers,Classify parity/omega/exponent patterns and attack the first unresolved signature.,valuation tree; product inequalities; local obstruction; SAT over exponent patterns,new nonexistence class; smallest example; improved lower bound; formalized signature elimination,VERIFY_OPEN_AND_NEAREST_PRIOR_BEFORE_LAUNCH
EXP-00081,"Totients, divisors, and Diophantine equations",Exponential Diophantine equations with sparse factorization,Pillai-type equations,"Complete bounded exponent/signature cases using modular sieves, lattice reduction, and certified search.",local congruences; p-adic valuations; LLL; finite certificate,new complete case; improved exponent bound; certified solution list; eliminated family,VERIFY_OPEN_AND_NEAREST_PRIOR_BEFORE_LAUNCH
EXP-00082,"Totients, divisors, and Diophantine equations",Exponential Diophantine equations with sparse factorization,generalized Ramanujan-Nagell equations,"Complete bounded exponent/signature cases using modular sieves, lattice reduction, and certified search.",local congruences; p-adic valuations; LLL; finite certificate,new complete case; improved exponent bound; certified solution list; eliminated family,VERIFY_OPEN_AND_NEAREST_PRIOR_BEFORE_LAUNCH
EXP-00083,"Totients, divisors, and Diophantine equations",Exponential Diophantine equations with sparse factorization,Lebesgue-Nagell variants,"Complete bounded exponent/signature cases using modular sieves, lattice reduction, and certified search.",local congruences; p-adic valuations; LLL; finite certificate,new complete case; improved exponent bound; certified solution list; eliminated family,VERIFY_OPEN_AND_NEAREST_PRIOR_BEFORE_LAUNCH
EXP-00084,"Totients, divisors, and Diophantine equations",Exponential Diophantine equations with sparse factorization,Catalan-type gaps,"Complete bounded exponent/signature cases using modular sieves, lattice reduction, and certified search.",local congruences; p-adic valuations; LLL; finite certificate,new complete case; improved exponent bound; certified solution list; eliminated family,VERIFY_OPEN_AND_NEAREST_PRIOR_BEFORE_LAUNCH
EXP-00085,"Totients, divisors, and Diophantine equations",Exponential Diophantine equations with sparse factorization,Goormaghtigh-type equations,"Complete bounded exponent/signature cases using modular sieves, lattice reduction, and certified search.",local congruences; p-adic valuations; LLL; finite certificate,new complete case; improved exponent bound; certified solution list; eliminated family,VERIFY_OPEN_AND_NEAREST_PRIOR_BEFORE_LAUNCH
EXP-00086,"Totients, divisors, and Diophantine equations",S-unit and norm-form equation frontiers,S-unit equations,Resolve the smallest parameter set lacking a complete solution and emit independently checked certificates.,local-global sieve; lattice reduction; p-adic lifting; algebraic number fields,complete solution set; improved height bound; local obstruction theorem,VERIFY_OPEN_AND_NEAREST_PRIOR_BEFORE_LAUNCH
EXP-00087,"Totients, divisors, and Diophantine equations",S-unit and norm-form equation frontiers,Thue-Mahler equations,Resolve the smallest parameter set lacking a complete solution and emit independently checked certificates.,local-global sieve; lattice reduction; p-adic lifting; algebraic number fields,complete solution set; improved height bound; local obstruction theorem,VERIFY_OPEN_AND_NEAREST_PRIOR_BEFORE_LAUNCH
EXP-00088,"Totients, divisors, and Diophantine equations",S-unit and norm-form equation frontiers,norm-form equations,Resolve the smallest parameter set lacking a complete solution and emit independently checked certificates.,local-global sieve; lattice reduction; p-adic lifting; algebraic number fields,complete solution set; improved height bound; local obstruction theorem,VERIFY_OPEN_AND_NEAREST_PRIOR_BEFORE_LAUNCH
EXP-00089,"Totients, divisors, and Diophantine equations",S-unit and norm-form equation frontiers,decomposable-form equations,Resolve the smallest parameter set lacking a complete solution and emit independently checked certificates.,local-global sieve; lattice reduction; p-adic lifting; algebraic number fields,complete solution set; improved height bound; local obstruction theorem,VERIFY_OPEN_AND_NEAREST_PRIOR_BEFORE_LAUNCH
EXP-00090,"Totients, divisors, and Diophantine equations",S-unit and norm-form equation frontiers,generalized Ramanujan equations,Resolve the smallest parameter set lacking a complete solution and emit independently checked certificates.,local-global sieve; lattice reduction; p-adic lifting; algebraic number fields,complete solution set; improved height bound; local obstruction theorem,VERIFY_OPEN_AND_NEAREST_PRIOR_BEFORE_LAUNCH
EXP-00091,"Totients, divisors, and Diophantine equations",Egyptian fraction equations with arithmetic restrictions,Erdős-Straus variants,Extend verified residue coverage or find a new parametric identity covering an untreated class.,covering congruence; CRT; exact optimizer; symbolic identity synthesis,new residue family; verified range; minimal denominator result; counterexample,VERIFY_OPEN_AND_NEAREST_PRIOR_BEFORE_LAUNCH
EXP-00092,"Totients, divisors, and Diophantine equations",Egyptian fraction equations with arithmetic restrictions,odd-denominator decompositions,Extend verified residue coverage or find a new parametric identity covering an untreated class.,covering congruence; CRT; exact optimizer; symbolic identity synthesis,new residue family; verified range; minimal denominator result; counterexample,VERIFY_OPEN_AND_NEAREST_PRIOR_BEFORE_LAUNCH
EXP-00093,"Totients, divisors, and Diophantine equations",Egyptian fraction equations with arithmetic restrictions,prime-denominator decompositions,Extend verified residue coverage or find a new parametric identity covering an untreated class.,covering congruence; CRT; exact optimizer; symbolic identity synthesis,new residue family; verified range; minimal denominator result; counterexample,VERIFY_OPEN_AND_NEAREST_PRIOR_BEFORE_LAUNCH
EXP-00094,"Totients, divisors, and Diophantine equations",Egyptian fraction equations with arithmetic restrictions,distinct unit fractions,Extend verified residue coverage or find a new parametric identity covering an untreated class.,covering congruence; CRT; exact optimizer; symbolic identity synthesis,new residue family; verified range; minimal denominator result; counterexample,VERIFY_OPEN_AND_NEAREST_PRIOR_BEFORE_LAUNCH
EXP-00095,"Totients, divisors, and Diophantine equations",Egyptian fraction equations with arithmetic restrictions,bounded-length Egyptian fractions,Extend verified residue coverage or find a new parametric identity covering an untreated class.,covering congruence; CRT; exact optimizer; symbolic identity synthesis,new residue family; verified range; minimal denominator result; counterexample,VERIFY_OPEN_AND_NEAREST_PRIOR_BEFORE_LAUNCH
EXP-00096,"Totients, divisors, and Diophantine equations",Divisibility of combinatorial and harmonic quantities,harmonic-number numerators,Classify the first unknown valuations or construct a modular obstruction.,p-adic valuation; automata; digit carries; finite-state proof,new valuation formula; congruence family; exact threshold; counterexample,VERIFY_OPEN_AND_NEAREST_PRIOR_BEFORE_LAUNCH
EXP-00097,"Totients, divisors, and Diophantine equations",Divisibility of combinatorial and harmonic quantities,binomial coefficient divisibility,Classify the first unknown valuations or construct a modular obstruction.,p-adic valuation; automata; digit carries; finite-state proof,new valuation formula; congruence family; exact threshold; counterexample,VERIFY_OPEN_AND_NEAREST_PRIOR_BEFORE_LAUNCH
EXP-00098,"Totients, divisors, and Diophantine equations",Divisibility of combinatorial and harmonic quantities,Catalan divisibility,Classify the first unknown valuations or construct a modular obstruction.,p-adic valuation; automata; digit carries; finite-state proof,new valuation formula; congruence family; exact threshold; counterexample,VERIFY_OPEN_AND_NEAREST_PRIOR_BEFORE_LAUNCH
EXP-00099,"Totients, divisors, and Diophantine equations",Divisibility of combinatorial and harmonic quantities,factorial ratios,Classify the first unknown valuations or construct a modular obstruction.,p-adic valuation; automata; digit carries; finite-state proof,new valuation formula; congruence family; exact threshold; counterexample,VERIFY_OPEN_AND_NEAREST_PRIOR_BEFORE_LAUNCH
EXP-00100,"Totients, divisors, and Diophantine equations",Divisibility of combinatorial and harmonic quantities,central multinomial valuations,Classify the first unknown valuations or construct a modular obstruction.,p-adic valuation; automata; digit carries; finite-state proof,new valuation formula; congruence family; exact threshold; counterexample,VERIFY_OPEN_AND_NEAREST_PRIOR_BEFORE_LAUNCH
EXP-00101,"Totients, divisors, and Diophantine equations",Factorial and primorial Diophantine equations,Brocard-type equations,Close bounded parameter windows and mine residue or valuation invariants.,prime-witness ladder; modular sieve; omega ladder; interval bound,new solution classification; verified lower bound; no-solution range; parametric identity,VERIFY_OPEN_AND_NEAREST_PRIOR_BEFORE_LAUNCH
EXP-00102,"Totients, divisors, and Diophantine equations",Factorial and primorial Diophantine equations,factorial plus/minus powers,Close bounded parameter windows and mine residue or valuation invariants.,prime-witness ladder; modular sieve; omega ladder; interval bound,new solution classification; verified lower bound; no-solution range; parametric identity,VERIFY_OPEN_AND_NEAREST_PRIOR_BEFORE_LAUNCH
EXP-00103,"Totients, divisors, and Diophantine equations",Factorial and primorial Diophantine equations,primorial neighbors,Close bounded parameter windows and mine residue or valuation invariants.,prime-witness ladder; modular sieve; omega ladder; interval bound,new solution classification; verified lower bound; no-solution range; parametric identity,VERIFY_OPEN_AND_NEAREST_PRIOR_BEFORE_LAUNCH
EXP-00104,"Totients, divisors, and Diophantine equations",Factorial and primorial Diophantine equations,factorial ratios,Close bounded parameter windows and mine residue or valuation invariants.,prime-witness ladder; modular sieve; omega ladder; interval bound,new solution classification; verified lower bound; no-solution range; parametric identity,VERIFY_OPEN_AND_NEAREST_PRIOR_BEFORE_LAUNCH
EXP-00105,"Totients, divisors, and Diophantine equations",Factorial and primorial Diophantine equations,product of consecutive integers,Close bounded parameter windows and mine residue or valuation invariants.,prime-witness ladder; modular sieve; omega ladder; interval bound,new solution classification; verified lower bound; no-solution range; parametric identity,VERIFY_OPEN_AND_NEAREST_PRIOR_BEFORE_LAUNCH
EXP-00106,"Totients, divisors, and Diophantine equations",Integer points on low-genus parameter families,elliptic divisibility sequences,Resolve a concrete parameter slice by local sieves plus exact Mordell-Weil/descent computation.,local obstruction; p-adic lift; lattice reduction; exact algebraic certificate,complete integral-point list; improved bound; missing exceptional point; certified rank,VERIFY_OPEN_AND_NEAREST_PRIOR_BEFORE_LAUNCH
EXP-00107,"Totients, divisors, and Diophantine equations",Integer points on low-genus parameter families,quartic curves,Resolve a concrete parameter slice by local sieves plus exact Mordell-Weil/descent computation.,local obstruction; p-adic lift; lattice reduction; exact algebraic certificate,complete integral-point list; improved bound; missing exceptional point; certified rank,VERIFY_OPEN_AND_NEAREST_PRIOR_BEFORE_LAUNCH
EXP-00108,"Totients, divisors, and Diophantine equations",Integer points on low-genus parameter families,superelliptic curves,Resolve a concrete parameter slice by local sieves plus exact Mordell-Weil/descent computation.,local obstruction; p-adic lift; lattice reduction; exact algebraic certificate,complete integral-point list; improved bound; missing exceptional point; certified rank,VERIFY_OPEN_AND_NEAREST_PRIOR_BEFORE_LAUNCH
EXP-00109,"Totients, divisors, and Diophantine equations",Integer points on low-genus parameter families,generalized Fermat signatures,Resolve a concrete parameter slice by local sieves plus exact Mordell-Weil/descent computation.,local obstruction; p-adic lift; lattice reduction; exact algebraic certificate,complete integral-point list; improved bound; missing exceptional point; certified rank,VERIFY_OPEN_AND_NEAREST_PRIOR_BEFORE_LAUNCH
EXP-00110,"Totients, divisors, and Diophantine equations",Integer points on low-genus parameter families,integral points on genus-2 families,Resolve a concrete parameter slice by local sieves plus exact Mordell-Weil/descent computation.,local obstruction; p-adic lift; lattice reduction; exact algebraic certificate,complete integral-point list; improved bound; missing exceptional point; certified rank,VERIFY_OPEN_AND_NEAREST_PRIOR_BEFORE_LAUNCH
EXP-00111,"Totients, divisors, and Diophantine equations",Recurrence divisibility and primitive divisors,Lucas sequences,Find exact exceptional indices and formalize the primitive-divisor or divisibility claim.,finite-state recurrence; order constraints; prime certificate; hostile re-enumeration,new exceptional index; verified range; primitive-divisor theorem for a subfamily,VERIFY_OPEN_AND_NEAREST_PRIOR_BEFORE_LAUNCH
EXP-00112,"Totients, divisors, and Diophantine equations",Recurrence divisibility and primitive divisors,Lehmer sequences,Find exact exceptional indices and formalize the primitive-divisor or divisibility claim.,finite-state recurrence; order constraints; prime certificate; hostile re-enumeration,new exceptional index; verified range; primitive-divisor theorem for a subfamily,VERIFY_OPEN_AND_NEAREST_PRIOR_BEFORE_LAUNCH
EXP-00113,"Totients, divisors, and Diophantine equations",Recurrence divisibility and primitive divisors,elliptic divisibility sequences,Find exact exceptional indices and formalize the primitive-divisor or divisibility claim.,finite-state recurrence; order constraints; prime certificate; hostile re-enumeration,new exceptional index; verified range; primitive-divisor theorem for a subfamily,VERIFY_OPEN_AND_NEAREST_PRIOR_BEFORE_LAUNCH
EXP-00114,"Totients, divisors, and Diophantine equations",Recurrence divisibility and primitive divisors,Somos sequences,Find exact exceptional indices and formalize the primitive-divisor or divisibility claim.,finite-state recurrence; order constraints; prime certificate; hostile re-enumeration,new exceptional index; verified range; primitive-divisor theorem for a subfamily,VERIFY_OPEN_AND_NEAREST_PRIOR_BEFORE_LAUNCH
EXP-00115,"Totients, divisors, and Diophantine equations",Recurrence divisibility and primitive divisors,linear recurrence gcd patterns,Find exact exceptional indices and formalize the primitive-divisor or divisibility claim.,finite-state recurrence; order constraints; prime certificate; hostile re-enumeration,new exceptional index; verified range; primitive-divisor theorem for a subfamily,VERIFY_OPEN_AND_NEAREST_PRIOR_BEFORE_LAUNCH
EXP-00116,"Totients, divisors, and Diophantine equations",Integer-relation discovery with proof reconstruction,special-value identities,"Use high-precision relation discovery only as a conjecture generator, then reconstruct a rigorous proof.",PSLQ; interval arithmetic; symbolic reduction; formal checker,new exact identity; disproved numerical coincidence; certified minimal polynomial,VERIFY_OPEN_AND_NEAREST_PRIOR_BEFORE_LAUNCH
EXP-00117,"Totients, divisors, and Diophantine equations",Integer-relation discovery with proof reconstruction,zeta and polylog constants,"Use high-precision relation discovery only as a conjecture generator, then reconstruct a rigorous proof.",PSLQ; interval arithmetic; symbolic reduction; formal checker,new exact identity; disproved numerical coincidence; certified minimal polynomial,VERIFY_OPEN_AND_NEAREST_PRIOR_BEFORE_LAUNCH
EXP-00118,"Totients, divisors, and Diophantine equations",Integer-relation discovery with proof reconstruction,Mahler measures,"Use high-precision relation discovery only as a conjecture generator, then reconstruct a rigorous proof.",PSLQ; interval arithmetic; symbolic reduction; formal checker,new exact identity; disproved numerical coincidence; certified minimal polynomial,VERIFY_OPEN_AND_NEAREST_PRIOR_BEFORE_LAUNCH
EXP-00119,"Totients, divisors, and Diophantine equations",Integer-relation discovery with proof reconstruction,lattice-sum constants,"Use high-precision relation discovery only as a conjecture generator, then reconstruct a rigorous proof.",PSLQ; interval arithmetic; symbolic reduction; formal checker,new exact identity; disproved numerical coincidence; certified minimal polynomial,VERIFY_OPEN_AND_NEAREST_PRIOR_BEFORE_LAUNCH
EXP-00120,"Totients, divisors, and Diophantine equations",Integer-relation discovery with proof reconstruction,hypergeometric evaluations,"Use high-precision relation discovery only as a conjecture generator, then reconstruct a rigorous proof.",PSLQ; interval arithmetic; symbolic reduction; formal checker,new exact identity; disproved numerical coincidence; certified minimal polynomial,VERIFY_OPEN_AND_NEAREST_PRIOR_BEFORE_LAUNCH
EXP-00121,Additive and combinatorial number theory,Admissible tuple optimization under reciprocal weights,prime reciprocal-sum clusters,"Find adaptive constructions, exact optima for larger k, or a provable upper/lower trend.",SMT/OMT; adaptive residue selection; k-rough sieve; exact verifier,new record construction; rigorous lower bound; boundedness evidence; killed fixed recipe,VERIFY_OPEN_AND_NEAREST_PRIOR_BEFORE_LAUNCH
EXP-00122,Additive and combinatorial number theory,Admissible tuple optimization under reciprocal weights,weighted admissible k-tuples,"Find adaptive constructions, exact optima for larger k, or a provable upper/lower trend.",SMT/OMT; adaptive residue selection; k-rough sieve; exact verifier,new record construction; rigorous lower bound; boundedness evidence; killed fixed recipe,VERIFY_OPEN_AND_NEAREST_PRIOR_BEFORE_LAUNCH
EXP-00123,Additive and combinatorial number theory,Admissible tuple optimization under reciprocal weights,prime-gap constellations,"Find adaptive constructions, exact optima for larger k, or a provable upper/lower trend.",SMT/OMT; adaptive residue selection; k-rough sieve; exact verifier,new record construction; rigorous lower bound; boundedness evidence; killed fixed recipe,VERIFY_OPEN_AND_NEAREST_PRIOR_BEFORE_LAUNCH
EXP-00124,Additive and combinatorial number theory,Admissible tuple optimization under reciprocal weights,residue-avoiding sets,"Find adaptive constructions, exact optima for larger k, or a provable upper/lower trend.",SMT/OMT; adaptive residue selection; k-rough sieve; exact verifier,new record construction; rigorous lower bound; boundedness evidence; killed fixed recipe,VERIFY_OPEN_AND_NEAREST_PRIOR_BEFORE_LAUNCH
EXP-00125,Additive and combinatorial number theory,Admissible tuple optimization under reciprocal weights,sparse reciprocal covers,"Find adaptive constructions, exact optima for larger k, or a provable upper/lower trend.",SMT/OMT; adaptive residue selection; k-rough sieve; exact verifier,new record construction; rigorous lower bound; boundedness evidence; killed fixed recipe,VERIFY_OPEN_AND_NEAREST_PRIOR_BEFORE_LAUNCH
EXP-00126,Additive and combinatorial number theory,Additive basis completeness thresholds,anti-Waring thresholds,Compute the first unknown exact threshold or prove monotonicity on a new interval.,bit-parallel subset-sum DP; state compression; meet-in-the-middle; certificate,new exact sequence term; verified monotonicity range; counterexample; recurrence conjecture,VERIFY_OPEN_AND_NEAREST_PRIOR_BEFORE_LAUNCH
EXP-00127,Additive and combinatorial number theory,Additive basis completeness thresholds,postage-stamp bases,Compute the first unknown exact threshold or prove monotonicity on a new interval.,bit-parallel subset-sum DP; state compression; meet-in-the-middle; certificate,new exact sequence term; verified monotonicity range; counterexample; recurrence conjecture,VERIFY_OPEN_AND_NEAREST_PRIOR_BEFORE_LAUNCH
EXP-00128,Additive and combinatorial number theory,Additive basis completeness thresholds,complete sequences,Compute the first unknown exact threshold or prove monotonicity on a new interval.,bit-parallel subset-sum DP; state compression; meet-in-the-middle; certificate,new exact sequence term; verified monotonicity range; counterexample; recurrence conjecture,VERIFY_OPEN_AND_NEAREST_PRIOR_BEFORE_LAUNCH
EXP-00129,Additive and combinatorial number theory,Additive basis completeness thresholds,restricted power bases,Compute the first unknown exact threshold or prove monotonicity on a new interval.,bit-parallel subset-sum DP; state compression; meet-in-the-middle; certificate,new exact sequence term; verified monotonicity range; counterexample; recurrence conjecture,VERIFY_OPEN_AND_NEAREST_PRIOR_BEFORE_LAUNCH
EXP-00130,Additive and combinatorial number theory,Additive basis completeness thresholds,signed digit bases,Compute the first unknown exact threshold or prove monotonicity on a new interval.,bit-parallel subset-sum DP; state compression; meet-in-the-middle; certificate,new exact sequence term; verified monotonicity range; counterexample; recurrence conjecture,VERIFY_OPEN_AND_NEAREST_PRIOR_BEFORE_LAUNCH
EXP-00131,Additive and combinatorial number theory,Sidon and B_h extremal sets,Sidon sets in intervals,Improve exact small parameters or synthesize a new algebraic family.,group-action quotient; SAT/SMT; Fourier energy; construction synthesis,new exact maximum; classification; construction; improved bound,VERIFY_OPEN_AND_NEAREST_PRIOR_BEFORE_LAUNCH
EXP-00132,Additive and combinatorial number theory,Sidon and B_h extremal sets,modular Sidon sets,Improve exact small parameters or synthesize a new algebraic family.,group-action quotient; SAT/SMT; Fourier energy; construction synthesis,new exact maximum; classification; construction; improved bound,VERIFY_OPEN_AND_NEAREST_PRIOR_BEFORE_LAUNCH
EXP-00133,Additive and combinatorial number theory,Sidon and B_h extremal sets,B_h sequences,Improve exact small parameters or synthesize a new algebraic family.,group-action quotient; SAT/SMT; Fourier energy; construction synthesis,new exact maximum; classification; construction; improved bound,VERIFY_OPEN_AND_NEAREST_PRIOR_BEFORE_LAUNCH
EXP-00134,Additive and combinatorial number theory,Sidon and B_h extremal sets,weak Sidon sets,Improve exact small parameters or synthesize a new algebraic family.,group-action quotient; SAT/SMT; Fourier energy; construction synthesis,new exact maximum; classification; construction; improved bound,VERIFY_OPEN_AND_NEAREST_PRIOR_BEFORE_LAUNCH
EXP-00135,Additive and combinatorial number theory,Sidon and B_h extremal sets,distinct-difference configurations,Improve exact small parameters or synthesize a new algebraic family.,group-action quotient; SAT/SMT; Fourier energy; construction synthesis,new exact maximum; classification; construction; improved bound,VERIFY_OPEN_AND_NEAREST_PRIOR_BEFORE_LAUNCH
EXP-00136,Additive and combinatorial number theory,Zero-sum and distinct-partial-sum sequences,Olson constants,Classify the first unknown finite group/order and extract a parametric construction.,multiplicative orbit reduction; exact search; group automorphisms; checker,new exact constant; complete group classification; constructive theorem,VERIFY_OPEN_AND_NEAREST_PRIOR_BEFORE_LAUNCH
EXP-00137,Additive and combinatorial number theory,Zero-sum and distinct-partial-sum sequences,Davenport constants,Classify the first unknown finite group/order and extract a parametric construction.,multiplicative orbit reduction; exact search; group automorphisms; checker,new exact constant; complete group classification; constructive theorem,VERIFY_OPEN_AND_NEAREST_PRIOR_BEFORE_LAUNCH
EXP-00138,Additive and combinatorial number theory,Zero-sum and distinct-partial-sum sequences,zero-sum-free sequences,Classify the first unknown finite group/order and extract a parametric construction.,multiplicative orbit reduction; exact search; group automorphisms; checker,new exact constant; complete group classification; constructive theorem,VERIFY_OPEN_AND_NEAREST_PRIOR_BEFORE_LAUNCH
EXP-00139,Additive and combinatorial number theory,Zero-sum and distinct-partial-sum sequences,sequencing of subsets,Classify the first unknown finite group/order and extract a parametric construction.,multiplicative orbit reduction; exact search; group automorphisms; checker,new exact constant; complete group classification; constructive theorem,VERIFY_OPEN_AND_NEAREST_PRIOR_BEFORE_LAUNCH
EXP-00140,Additive and combinatorial number theory,Zero-sum and distinct-partial-sum sequences,forbidden partial sums,Classify the first unknown finite group/order and extract a parametric construction.,multiplicative orbit reduction; exact search; group automorphisms; checker,new exact constant; complete group classification; constructive theorem,VERIFY_OPEN_AND_NEAREST_PRIOR_BEFORE_LAUNCH
EXP-00141,Additive and combinatorial number theory,Sum-free and progression-free finite sets,cap sets in small groups,Resolve exact bounded cases or improve construction/bounds with symmetry and SAT.,affine group quotient; SAT; polynomial/Fourier invariants; independent checker,new exact value; extremal classification; improved bound; structural lemma,VERIFY_OPEN_AND_NEAREST_PRIOR_BEFORE_LAUNCH
EXP-00142,Additive and combinatorial number theory,Sum-free and progression-free finite sets,progression-free subsets,Resolve exact bounded cases or improve construction/bounds with symmetry and SAT.,affine group quotient; SAT; polynomial/Fourier invariants; independent checker,new exact value; extremal classification; improved bound; structural lemma,VERIFY_OPEN_AND_NEAREST_PRIOR_BEFORE_LAUNCH
EXP-00143,Additive and combinatorial number theory,Sum-free and progression-free finite sets,sum-free subsets,Resolve exact bounded cases or improve construction/bounds with symmetry and SAT.,affine group quotient; SAT; polynomial/Fourier invariants; independent checker,new exact value; extremal classification; improved bound; structural lemma,VERIFY_OPEN_AND_NEAREST_PRIOR_BEFORE_LAUNCH
EXP-00144,Additive and combinatorial number theory,Sum-free and progression-free finite sets,weakly sum-free partitions,Resolve exact bounded cases or improve construction/bounds with symmetry and SAT.,affine group quotient; SAT; polynomial/Fourier invariants; independent checker,new exact value; extremal classification; improved bound; structural lemma,VERIFY_OPEN_AND_NEAREST_PRIOR_BEFORE_LAUNCH
EXP-00145,Additive and combinatorial number theory,Sum-free and progression-free finite sets,Schur numbers,Resolve exact bounded cases or improve construction/bounds with symmetry and SAT.,affine group quotient; SAT; polynomial/Fourier invariants; independent checker,new exact value; extremal classification; improved bound; structural lemma,VERIFY_OPEN_AND_NEAREST_PRIOR_BEFORE_LAUNCH
EXP-00146,Additive and combinatorial number theory,Representation-function extremals,minimum overlap problems,Compute exact small extremizers and infer a theorem-sized structure.,FFT convolution; OMT; moment laws; adversarial controls,new exact extremum; extremal family; stability conjecture; rigorous negative result,VERIFY_OPEN_AND_NEAREST_PRIOR_BEFORE_LAUNCH
EXP-00147,Additive and combinatorial number theory,Representation-function extremals,additive energy minimization,Compute exact small extremizers and infer a theorem-sized structure.,FFT convolution; OMT; moment laws; adversarial controls,new exact extremum; extremal family; stability conjecture; rigorous negative result,VERIFY_OPEN_AND_NEAREST_PRIOR_BEFORE_LAUNCH
EXP-00148,Additive and combinatorial number theory,Representation-function extremals,restricted sumset multiplicities,Compute exact small extremizers and infer a theorem-sized structure.,FFT convolution; OMT; moment laws; adversarial controls,new exact extremum; extremal family; stability conjecture; rigorous negative result,VERIFY_OPEN_AND_NEAREST_PRIOR_BEFORE_LAUNCH
EXP-00149,Additive and combinatorial number theory,Representation-function extremals,unique representation bases,Compute exact small extremizers and infer a theorem-sized structure.,FFT convolution; OMT; moment laws; adversarial controls,new exact extremum; extremal family; stability conjecture; rigorous negative result,VERIFY_OPEN_AND_NEAREST_PRIOR_BEFORE_LAUNCH
EXP-00150,Additive and combinatorial number theory,Representation-function extremals,popular sums,Compute exact small extremizers and infer a theorem-sized structure.,FFT convolution; OMT; moment laws; adversarial controls,new exact extremum; extremal family; stability conjecture; rigorous negative result,VERIFY_OPEN_AND_NEAREST_PRIOR_BEFORE_LAUNCH
EXP-00151,Additive and combinatorial number theory,Subset-sum coverage and gaps,complete sequences,Find the exact first gap threshold or classify extremal sets.,bitsets; meet-in-the-middle; generating functions; packed certificates,new exact threshold; classification; improved asymptotic bound,VERIFY_OPEN_AND_NEAREST_PRIOR_BEFORE_LAUNCH
EXP-00152,Additive and combinatorial number theory,Subset-sum coverage and gaps,subset-sum interval coverage,Find the exact first gap threshold or classify extremal sets.,bitsets; meet-in-the-middle; generating functions; packed certificates,new exact threshold; classification; improved asymptotic bound,VERIFY_OPEN_AND_NEAREST_PRIOR_BEFORE_LAUNCH
EXP-00153,Additive and combinatorial number theory,Subset-sum coverage and gaps,dissociated sets,Find the exact first gap threshold or classify extremal sets.,bitsets; meet-in-the-middle; generating functions; packed certificates,new exact threshold; classification; improved asymptotic bound,VERIFY_OPEN_AND_NEAREST_PRIOR_BEFORE_LAUNCH
EXP-00154,Additive and combinatorial number theory,Subset-sum coverage and gaps,coin systems,Find the exact first gap threshold or classify extremal sets.,bitsets; meet-in-the-middle; generating functions; packed certificates,new exact threshold; classification; improved asymptotic bound,VERIFY_OPEN_AND_NEAREST_PRIOR_BEFORE_LAUNCH
EXP-00155,Additive and combinatorial number theory,Subset-sum coverage and gaps,distinct subset-sum sets,Find the exact first gap threshold or classify extremal sets.,bitsets; meet-in-the-middle; generating functions; packed certificates,new exact threshold; classification; improved asymptotic bound,VERIFY_OPEN_AND_NEAREST_PRIOR_BEFORE_LAUNCH
EXP-00156,Additive and combinatorial number theory,Integer sequence recurrence and congruence mining,OEIS conjectural recurrences,"Reproduce terms, hold out data, infer recurrence/congruence, and prove or falsify.",exact computation; automata; creative telescoping; Lean checker,new recurrence; closed form; congruence theorem; counterexample; new OEIS terms,VERIFY_OPEN_AND_NEAREST_PRIOR_BEFORE_LAUNCH
EXP-00157,Additive and combinatorial number theory,Integer sequence recurrence and congruence mining,determinant sequences,"Reproduce terms, hold out data, infer recurrence/congruence, and prove or falsify.",exact computation; automata; creative telescoping; Lean checker,new recurrence; closed form; congruence theorem; counterexample; new OEIS terms,VERIFY_OPEN_AND_NEAREST_PRIOR_BEFORE_LAUNCH
EXP-00158,Additive and combinatorial number theory,Integer sequence recurrence and congruence mining,combinatorial enumeration sequences,"Reproduce terms, hold out data, infer recurrence/congruence, and prove or falsify.",exact computation; automata; creative telescoping; Lean checker,new recurrence; closed form; congruence theorem; counterexample; new OEIS terms,VERIFY_OPEN_AND_NEAREST_PRIOR_BEFORE_LAUNCH
EXP-00159,Additive and combinatorial number theory,Integer sequence recurrence and congruence mining,automatic sequences,"Reproduce terms, hold out data, infer recurrence/congruence, and prove or falsify.",exact computation; automata; creative telescoping; Lean checker,new recurrence; closed form; congruence theorem; counterexample; new OEIS terms,VERIFY_OPEN_AND_NEAREST_PRIOR_BEFORE_LAUNCH
EXP-00160,Additive and combinatorial number theory,Integer sequence recurrence and congruence mining,divisibility sequences,"Reproduce terms, hold out data, infer recurrence/congruence, and prove or falsify.",exact computation; automata; creative telescoping; Lean checker,new recurrence; closed form; congruence theorem; counterexample; new OEIS terms,VERIFY_OPEN_AND_NEAREST_PRIOR_BEFORE_LAUNCH
EXP-00161,Additive and combinatorial number theory,Partition congruence frontiers,restricted partitions,Search systematic congruences and prove them via finite-state or modular-form reductions.,FFT/NTT; automata; modular arithmetic; symbolic q-series,new congruence family; verified finite theorem; counterexample to conjectured congruence,VERIFY_OPEN_AND_NEAREST_PRIOR_BEFORE_LAUNCH
EXP-00162,Additive and combinatorial number theory,Partition congruence frontiers,colored partitions,Search systematic congruences and prove them via finite-state or modular-form reductions.,FFT/NTT; automata; modular arithmetic; symbolic q-series,new congruence family; verified finite theorem; counterexample to conjectured congruence,VERIFY_OPEN_AND_NEAREST_PRIOR_BEFORE_LAUNCH
EXP-00163,Additive and combinatorial number theory,Partition congruence frontiers,plane partitions,Search systematic congruences and prove them via finite-state or modular-form reductions.,FFT/NTT; automata; modular arithmetic; symbolic q-series,new congruence family; verified finite theorem; counterexample to conjectured congruence,VERIFY_OPEN_AND_NEAREST_PRIOR_BEFORE_LAUNCH
EXP-00164,Additive and combinatorial number theory,Partition congruence frontiers,overpartitions,Search systematic congruences and prove them via finite-state or modular-form reductions.,FFT/NTT; automata; modular arithmetic; symbolic q-series,new congruence family; verified finite theorem; counterexample to conjectured congruence,VERIFY_OPEN_AND_NEAREST_PRIOR_BEFORE_LAUNCH
EXP-00165,Additive and combinatorial number theory,Partition congruence frontiers,q-series coefficient congruences,Search systematic congruences and prove them via finite-state or modular-form reductions.,FFT/NTT; automata; modular arithmetic; symbolic q-series,new congruence family; verified finite theorem; counterexample to conjectured congruence,VERIFY_OPEN_AND_NEAREST_PRIOR_BEFORE_LAUNCH
EXP-00166,Additive and combinatorial number theory,Combinatorial matrix determinant/permanent identities,Toeplitz determinants,"Mine OEIS-style formulas, prove exact identities, and classify zero/sign patterns.",exact algebra; row/column operations; symbolic factorization; checker,new closed form; determinant factorization; sequence identification; corrected conjecture,VERIFY_OPEN_AND_NEAREST_PRIOR_BEFORE_LAUNCH
EXP-00167,Additive and combinatorial number theory,Combinatorial matrix determinant/permanent identities,Hankel determinants,"Mine OEIS-style formulas, prove exact identities, and classify zero/sign patterns.",exact algebra; row/column operations; symbolic factorization; checker,new closed form; determinant factorization; sequence identification; corrected conjecture,VERIFY_OPEN_AND_NEAREST_PRIOR_BEFORE_LAUNCH
EXP-00168,Additive and combinatorial number theory,Combinatorial matrix determinant/permanent identities,circulant determinants,"Mine OEIS-style formulas, prove exact identities, and classify zero/sign patterns.",exact algebra; row/column operations; symbolic factorization; checker,new closed form; determinant factorization; sequence identification; corrected conjecture,VERIFY_OPEN_AND_NEAREST_PRIOR_BEFORE_LAUNCH
EXP-00169,Additive and combinatorial number theory,Combinatorial matrix determinant/permanent identities,structured permanents,"Mine OEIS-style formulas, prove exact identities, and classify zero/sign patterns.",exact algebra; row/column operations; symbolic factorization; checker,new closed form; determinant factorization; sequence identification; corrected conjecture,VERIFY_OPEN_AND_NEAREST_PRIOR_BEFORE_LAUNCH
EXP-00170,Additive and combinatorial number theory,Combinatorial matrix determinant/permanent identities,Kronecker-power matrices,"Mine OEIS-style formulas, prove exact identities, and classify zero/sign patterns.",exact algebra; row/column operations; symbolic factorization; checker,new closed form; determinant factorization; sequence identification; corrected conjecture,VERIFY_OPEN_AND_NEAREST_PRIOR_BEFORE_LAUNCH
EXP-00171,Additive and combinatorial number theory,Combinatorial game value sequences,subtraction games,"Compute long exact nim sequences, infer automata/periodicity, and prove finite-state behavior.",bitset DP; automata; periodicity certificate; adversarial search,new eventual-period theorem; exact preperiod/period; counterexample,VERIFY_OPEN_AND_NEAREST_PRIOR_BEFORE_LAUNCH
EXP-00172,Additive and combinatorial number theory,Combinatorial game value sequences,impartial octal games,"Compute long exact nim sequences, infer automata/periodicity, and prove finite-state behavior.",bitset DP; automata; periodicity certificate; adversarial search,new eventual-period theorem; exact preperiod/period; counterexample,VERIFY_OPEN_AND_NEAREST_PRIOR_BEFORE_LAUNCH
EXP-00173,Additive and combinatorial number theory,Combinatorial game value sequences,lattice games,"Compute long exact nim sequences, infer automata/periodicity, and prove finite-state behavior.",bitset DP; automata; periodicity certificate; adversarial search,new eventual-period theorem; exact preperiod/period; counterexample,VERIFY_OPEN_AND_NEAREST_PRIOR_BEFORE_LAUNCH
EXP-00174,Additive and combinatorial number theory,Combinatorial game value sequences,chip-firing games,"Compute long exact nim sequences, infer automata/periodicity, and prove finite-state behavior.",bitset DP; automata; periodicity certificate; adversarial search,new eventual-period theorem; exact preperiod/period; counterexample,VERIFY_OPEN_AND_NEAREST_PRIOR_BEFORE_LAUNCH
EXP-00175,Additive and combinatorial number theory,Combinatorial game value sequences,take-away games,"Compute long exact nim sequences, infer automata/periodicity, and prove finite-state behavior.",bitset DP; automata; periodicity certificate; adversarial search,new eventual-period theorem; exact preperiod/period; counterexample,VERIFY_OPEN_AND_NEAREST_PRIOR_BEFORE_LAUNCH
EXP-00176,Additive and combinatorial number theory,Discrete probability extremals,Littlewood-Offord concentration,Find exact low-dimensional extremizers and convert numerical patterns into inequalities.,moment methods; exact optimizer; concentration audit; SOS/SDP certificates,new sharp constant; extremal classification; falsified independence assumption,VERIFY_OPEN_AND_NEAREST_PRIOR_BEFORE_LAUNCH
EXP-00177,Additive and combinatorial number theory,Discrete probability extremals,random polynomial root counts,Find exact low-dimensional extremizers and convert numerical patterns into inequalities.,moment methods; exact optimizer; concentration audit; SOS/SDP certificates,new sharp constant; extremal classification; falsified independence assumption,VERIFY_OPEN_AND_NEAREST_PRIOR_BEFORE_LAUNCH
EXP-00178,Additive and combinatorial number theory,Discrete probability extremals,occupancy extremals,Find exact low-dimensional extremizers and convert numerical patterns into inequalities.,moment methods; exact optimizer; concentration audit; SOS/SDP certificates,new sharp constant; extremal classification; falsified independence assumption,VERIFY_OPEN_AND_NEAREST_PRIOR_BEFORE_LAUNCH
EXP-00179,Additive and combinatorial number theory,Discrete probability extremals,anti-concentration constants,Find exact low-dimensional extremizers and convert numerical patterns into inequalities.,moment methods; exact optimizer; concentration audit; SOS/SDP certificates,new sharp constant; extremal classification; falsified independence assumption,VERIFY_OPEN_AND_NEAREST_PRIOR_BEFORE_LAUNCH
EXP-00180,Additive and combinatorial number theory,Discrete probability extremals,Boolean function influences,Find exact low-dimensional extremizers and convert numerical patterns into inequalities.,moment methods; exact optimizer; concentration audit; SOS/SDP certificates,new sharp constant; extremal classification; falsified independence assumption,VERIFY_OPEN_AND_NEAREST_PRIOR_BEFORE_LAUNCH
EXP-00181,Design theory and finite geometry,Steiner system existence at the first unknown parameters,"Steiner systems S(t,k,v)",Run exact-cover/SAT with automorphism reductions and persist a proof-quality outcome.,exact cover; cyclic orbits; SAT proof; independent verifier,new design; certified nonexistence; complete parameter classification,VERIFY_OPEN_AND_NEAREST_PRIOR_BEFORE_LAUNCH
EXP-00182,Design theory and finite geometry,Steiner system existence at the first unknown parameters,large sets of Steiner systems,Run exact-cover/SAT with automorphism reductions and persist a proof-quality outcome.,exact cover; cyclic orbits; SAT proof; independent verifier,new design; certified nonexistence; complete parameter classification,VERIFY_OPEN_AND_NEAREST_PRIOR_BEFORE_LAUNCH
EXP-00183,Design theory and finite geometry,Steiner system existence at the first unknown parameters,resolvable Steiner systems,Run exact-cover/SAT with automorphism reductions and persist a proof-quality outcome.,exact cover; cyclic orbits; SAT proof; independent verifier,new design; certified nonexistence; complete parameter classification,VERIFY_OPEN_AND_NEAREST_PRIOR_BEFORE_LAUNCH
EXP-00184,Design theory and finite geometry,Steiner system existence at the first unknown parameters,cyclic Steiner systems,Run exact-cover/SAT with automorphism reductions and persist a proof-quality outcome.,exact cover; cyclic orbits; SAT proof; independent verifier,new design; certified nonexistence; complete parameter classification,VERIFY_OPEN_AND_NEAREST_PRIOR_BEFORE_LAUNCH
EXP-00185,Design theory and finite geometry,Steiner system existence at the first unknown parameters,q-analog designs,Run exact-cover/SAT with automorphism reductions and persist a proof-quality outcome.,exact cover; cyclic orbits; SAT proof; independent verifier,new design; certified nonexistence; complete parameter classification,VERIFY_OPEN_AND_NEAREST_PRIOR_BEFORE_LAUNCH
EXP-00186,Design theory and finite geometry,Covering and packing design numbers,"covering numbers C(v,k,t)",Improve an exact bound at the smallest unresolved parameter and certify optimality.,MILP/SAT; symmetry; LP dual certificate; exact checker,new exact covering/packing number; improved bound; classified optima,VERIFY_OPEN_AND_NEAREST_PRIOR_BEFORE_LAUNCH
EXP-00187,Design theory and finite geometry,Covering and packing design numbers,"packing numbers D(v,k,t)",Improve an exact bound at the smallest unresolved parameter and certify optimality.,MILP/SAT; symmetry; LP dual certificate; exact checker,new exact covering/packing number; improved bound; classified optima,VERIFY_OPEN_AND_NEAREST_PRIOR_BEFORE_LAUNCH
EXP-00188,Design theory and finite geometry,Covering and packing design numbers,lottery designs,Improve an exact bound at the smallest unresolved parameter and certify optimality.,MILP/SAT; symmetry; LP dual certificate; exact checker,new exact covering/packing number; improved bound; classified optima,VERIFY_OPEN_AND_NEAREST_PRIOR_BEFORE_LAUNCH
EXP-00189,Design theory and finite geometry,Covering and packing design numbers,Turán systems,Improve an exact bound at the smallest unresolved parameter and certify optimality.,MILP/SAT; symmetry; LP dual certificate; exact checker,new exact covering/packing number; improved bound; classified optima,VERIFY_OPEN_AND_NEAREST_PRIOR_BEFORE_LAUNCH
EXP-00190,Design theory and finite geometry,Covering and packing design numbers,covering arrays,Improve an exact bound at the smallest unresolved parameter and certify optimality.,MILP/SAT; symmetry; LP dual certificate; exact checker,new exact covering/packing number; improved bound; classified optima,VERIFY_OPEN_AND_NEAREST_PRIOR_BEFORE_LAUNCH
EXP-00191,Design theory and finite geometry,Difference sets and difference families,cyclic difference sets,Classify unresolved small groups/parameters or synthesize new algebraic families.,group-action quotient; character sums; SAT; projective slope conditions,new existence case; nonexistence certificate; construction family; multiplier theorem,VERIFY_OPEN_AND_NEAREST_PRIOR_BEFORE_LAUNCH
EXP-00192,Design theory and finite geometry,Difference sets and difference families,relative difference sets,Classify unresolved small groups/parameters or synthesize new algebraic families.,group-action quotient; character sums; SAT; projective slope conditions,new existence case; nonexistence certificate; construction family; multiplier theorem,VERIFY_OPEN_AND_NEAREST_PRIOR_BEFORE_LAUNCH
EXP-00193,Design theory and finite geometry,Difference sets and difference families,divisible difference sets,Classify unresolved small groups/parameters or synthesize new algebraic families.,group-action quotient; character sums; SAT; projective slope conditions,new existence case; nonexistence certificate; construction family; multiplier theorem,VERIFY_OPEN_AND_NEAREST_PRIOR_BEFORE_LAUNCH
EXP-00194,Design theory and finite geometry,Difference sets and difference families,supplementary difference sets,Classify unresolved small groups/parameters or synthesize new algebraic families.,group-action quotient; character sums; SAT; projective slope conditions,new existence case; nonexistence certificate; construction family; multiplier theorem,VERIFY_OPEN_AND_NEAREST_PRIOR_BEFORE_LAUNCH
EXP-00195,Design theory and finite geometry,Difference sets and difference families,difference families,Classify unresolved small groups/parameters or synthesize new algebraic families.,group-action quotient; character sums; SAT; projective slope conditions,new existence case; nonexistence certificate; construction family; multiplier theorem,VERIFY_OPEN_AND_NEAREST_PRIOR_BEFORE_LAUNCH
EXP-00196,Design theory and finite geometry,Heffter arrays and globally simple variants,integer Heffter arrays,Resolve first admissible missing parameters and extract sequenceability-based constructions.,exact cover; sequencing checker; automorphism quotient; construction grammar,new array; full small-order classification; parametric construction,VERIFY_OPEN_AND_NEAREST_PRIOR_BEFORE_LAUNCH
EXP-00197,Design theory and finite geometry,Heffter arrays and globally simple variants,relative Heffter arrays,Resolve first admissible missing parameters and extract sequenceability-based constructions.,exact cover; sequencing checker; automorphism quotient; construction grammar,new array; full small-order classification; parametric construction,VERIFY_OPEN_AND_NEAREST_PRIOR_BEFORE_LAUNCH
EXP-00198,Design theory and finite geometry,Heffter arrays and globally simple variants,globally simple arrays,Resolve first admissible missing parameters and extract sequenceability-based constructions.,exact cover; sequencing checker; automorphism quotient; construction grammar,new array; full small-order classification; parametric construction,VERIFY_OPEN_AND_NEAREST_PRIOR_BEFORE_LAUNCH
EXP-00199,Design theory and finite geometry,Heffter arrays and globally simple variants,Heffter spaces,Resolve first admissible missing parameters and extract sequenceability-based constructions.,exact cover; sequencing checker; automorphism quotient; construction grammar,new array; full small-order classification; parametric construction,VERIFY_OPEN_AND_NEAREST_PRIOR_BEFORE_LAUNCH
EXP-00200,Design theory and finite geometry,Heffter arrays and globally simple variants,sparse Heffter arrays,Resolve first admissible missing parameters and extract sequenceability-based constructions.,exact cover; sequencing checker; automorphism quotient; construction grammar,new array; full small-order classification; parametric construction,VERIFY_OPEN_AND_NEAREST_PRIOR_BEFORE_LAUNCH
EXP-00201,Design theory and finite geometry,Latin squares and orthogonality frontiers,MOLS of small order,"Find new examples, complete partial classifications, or prove nonexistence for constrained variants.",SAT/CP-SAT; paratopy quotient; exact cover; checker,new MOLS set; smallest critical set; nonexistence; isotopy classification,VERIFY_OPEN_AND_NEAREST_PRIOR_BEFORE_LAUNCH
EXP-00202,Design theory and finite geometry,Latin squares and orthogonality frontiers,incomplete Latin squares,"Find new examples, complete partial classifications, or prove nonexistence for constrained variants.",SAT/CP-SAT; paratopy quotient; exact cover; checker,new MOLS set; smallest critical set; nonexistence; isotopy classification,VERIFY_OPEN_AND_NEAREST_PRIOR_BEFORE_LAUNCH
EXP-00203,Design theory and finite geometry,Latin squares and orthogonality frontiers,critical sets,"Find new examples, complete partial classifications, or prove nonexistence for constrained variants.",SAT/CP-SAT; paratopy quotient; exact cover; checker,new MOLS set; smallest critical set; nonexistence; isotopy classification,VERIFY_OPEN_AND_NEAREST_PRIOR_BEFORE_LAUNCH
EXP-00204,Design theory and finite geometry,Latin squares and orthogonality frontiers,gerechte designs,"Find new examples, complete partial classifications, or prove nonexistence for constrained variants.",SAT/CP-SAT; paratopy quotient; exact cover; checker,new MOLS set; smallest critical set; nonexistence; isotopy classification,VERIFY_OPEN_AND_NEAREST_PRIOR_BEFORE_LAUNCH
EXP-00205,Design theory and finite geometry,Latin squares and orthogonality frontiers,mutually orthogonal Sudoku-type designs,"Find new examples, complete partial classifications, or prove nonexistence for constrained variants.",SAT/CP-SAT; paratopy quotient; exact cover; checker,new MOLS set; smallest critical set; nonexistence; isotopy classification,VERIFY_OPEN_AND_NEAREST_PRIOR_BEFORE_LAUNCH
EXP-00206,Design theory and finite geometry,Orthogonal arrays and covering arrays,"orthogonal arrays OA(N,k,s,t)",Close exact N values or construct improved arrays.,exact cover; linear-code correspondence; symmetry; OMT,new best array; exact covering-array number; classified optimal arrays,VERIFY_OPEN_AND_NEAREST_PRIOR_BEFORE_LAUNCH
EXP-00207,Design theory and finite geometry,Orthogonal arrays and covering arrays,mixed-level arrays,Close exact N values or construct improved arrays.,exact cover; linear-code correspondence; symmetry; OMT,new best array; exact covering-array number; classified optimal arrays,VERIFY_OPEN_AND_NEAREST_PRIOR_BEFORE_LAUNCH
EXP-00208,Design theory and finite geometry,Orthogonal arrays and covering arrays,covering arrays,Close exact N values or construct improved arrays.,exact cover; linear-code correspondence; symmetry; OMT,new best array; exact covering-array number; classified optimal arrays,VERIFY_OPEN_AND_NEAREST_PRIOR_BEFORE_LAUNCH
EXP-00209,Design theory and finite geometry,Orthogonal arrays and covering arrays,ordered orthogonal arrays,Close exact N values or construct improved arrays.,exact cover; linear-code correspondence; symmetry; OMT,new best array; exact covering-array number; classified optimal arrays,VERIFY_OPEN_AND_NEAREST_PRIOR_BEFORE_LAUNCH
EXP-00210,Design theory and finite geometry,Orthogonal arrays and covering arrays,authentication-code designs,Close exact N values or construct improved arrays.,exact cover; linear-code correspondence; symmetry; OMT,new best array; exact covering-array number; classified optimal arrays,VERIFY_OPEN_AND_NEAREST_PRIOR_BEFORE_LAUNCH
EXP-00211,Design theory and finite geometry,Finite projective-plane substructures,arcs,Improve exact minimum/maximum sizes and classify extremizers in the first untreated q/dimension.,projective group quotient; SAT; finite-field algebra; packed certificates,new exact extremum; new construction; nonexistence; orbit classification,VERIFY_OPEN_AND_NEAREST_PRIOR_BEFORE_LAUNCH
EXP-00212,Design theory and finite geometry,Finite projective-plane substructures,caps,Improve exact minimum/maximum sizes and classify extremizers in the first untreated q/dimension.,projective group quotient; SAT; finite-field algebra; packed certificates,new exact extremum; new construction; nonexistence; orbit classification,VERIFY_OPEN_AND_NEAREST_PRIOR_BEFORE_LAUNCH
EXP-00213,Design theory and finite geometry,Finite projective-plane substructures,ovoids,Improve exact minimum/maximum sizes and classify extremizers in the first untreated q/dimension.,projective group quotient; SAT; finite-field algebra; packed certificates,new exact extremum; new construction; nonexistence; orbit classification,VERIFY_OPEN_AND_NEAREST_PRIOR_BEFORE_LAUNCH
EXP-00214,Design theory and finite geometry,Finite projective-plane substructures,blocking sets,Improve exact minimum/maximum sizes and classify extremizers in the first untreated q/dimension.,projective group quotient; SAT; finite-field algebra; packed certificates,new exact extremum; new construction; nonexistence; orbit classification,VERIFY_OPEN_AND_NEAREST_PRIOR_BEFORE_LAUNCH
EXP-00215,Design theory and finite geometry,Finite projective-plane substructures,saturating sets,Improve exact minimum/maximum sizes and classify extremizers in the first untreated q/dimension.,projective group quotient; SAT; finite-field algebra; packed certificates,new exact extremum; new construction; nonexistence; orbit classification,VERIFY_OPEN_AND_NEAREST_PRIOR_BEFORE_LAUNCH
EXP-00216,Design theory and finite geometry,Finite projective-plane substructures,maximal partial spreads,Improve exact minimum/maximum sizes and classify extremizers in the first untreated q/dimension.,projective group quotient; SAT; finite-field algebra; packed certificates,new exact extremum; new construction; nonexistence; orbit classification,VERIFY_OPEN_AND_NEAREST_PRIOR_BEFORE_LAUNCH
EXP-00217,Design theory and finite geometry,Finite geometry coloring and partition problems,chromatic numbers of finite geometries,Resolve exact low-q cases and mine algebraic patterns.,group actions; SAT; spectral bound; exact verifier,new exact chromatic/partition number; construction; certified bound,VERIFY_OPEN_AND_NEAREST_PRIOR_BEFORE_LAUNCH
EXP-00218,Design theory and finite geometry,Finite geometry coloring and partition problems,cap partitions,Resolve exact low-q cases and mine algebraic patterns.,group actions; SAT; spectral bound; exact verifier,new exact chromatic/partition number; construction; certified bound,VERIFY_OPEN_AND_NEAREST_PRIOR_BEFORE_LAUNCH
EXP-00219,Design theory and finite geometry,Finite geometry coloring and partition problems,blocking-set partitions,Resolve exact low-q cases and mine algebraic patterns.,group actions; SAT; spectral bound; exact verifier,new exact chromatic/partition number; construction; certified bound,VERIFY_OPEN_AND_NEAREST_PRIOR_BEFORE_LAUNCH
EXP-00220,Design theory and finite geometry,Finite geometry coloring and partition problems,vector-space partitions,Resolve exact low-q cases and mine algebraic patterns.,group actions; SAT; spectral bound; exact verifier,new exact chromatic/partition number; construction; certified bound,VERIFY_OPEN_AND_NEAREST_PRIOR_BEFORE_LAUNCH
EXP-00221,Design theory and finite geometry,Finite geometry coloring and partition problems,subspace designs,Resolve exact low-q cases and mine algebraic patterns.,group actions; SAT; spectral bound; exact verifier,new exact chromatic/partition number; construction; certified bound,VERIFY_OPEN_AND_NEAREST_PRIOR_BEFORE_LAUNCH
EXP-00222,Design theory and finite geometry,Graph decompositions and Oberwolfach-type systems,Oberwolfach systems,"Close first missing order/cycle type, with cyclic and other symmetry constraints.",orbit exact cover; sequenceability; SAT; certificate,new decomposition; nonexistence; complete small-order table,VERIFY_OPEN_AND_NEAREST_PRIOR_BEFORE_LAUNCH
EXP-00223,Design theory and finite geometry,Graph decompositions and Oberwolfach-type systems,Hamilton decompositions,"Close first missing order/cycle type, with cyclic and other symmetry constraints.",orbit exact cover; sequenceability; SAT; certificate,new decomposition; nonexistence; complete small-order table,VERIFY_OPEN_AND_NEAREST_PRIOR_BEFORE_LAUNCH
EXP-00224,Design theory and finite geometry,Graph decompositions and Oberwolfach-type systems,cycle systems,"Close first missing order/cycle type, with cyclic and other symmetry constraints.",orbit exact cover; sequenceability; SAT; certificate,new decomposition; nonexistence; complete small-order table,VERIFY_OPEN_AND_NEAREST_PRIOR_BEFORE_LAUNCH
EXP-00225,Design theory and finite geometry,Graph decompositions and Oberwolfach-type systems,path decompositions,"Close first missing order/cycle type, with cyclic and other symmetry constraints.",orbit exact cover; sequenceability; SAT; certificate,new decomposition; nonexistence; complete small-order table,VERIFY_OPEN_AND_NEAREST_PRIOR_BEFORE_LAUNCH
EXP-00226,Design theory and finite geometry,Graph decompositions and Oberwolfach-type systems,resolvable graph designs,"Close first missing order/cycle type, with cyclic and other symmetry constraints.",orbit exact cover; sequenceability; SAT; certificate,new decomposition; nonexistence; complete small-order table,VERIFY_OPEN_AND_NEAREST_PRIOR_BEFORE_LAUNCH
EXP-00227,Design theory and finite geometry,"Graceful, harmonious, and antimagic labelings",graceful trees,Search smallest unresolved graph families and infer reusable labeling templates.,SMT/CP; automorphism quotient; beam search; checker,new infinite family; smallest counterexample; complete bounded classification,VERIFY_OPEN_AND_NEAREST_PRIOR_BEFORE_LAUNCH
EXP-00228,Design theory and finite geometry,"Graceful, harmonious, and antimagic labelings",harmonious graphs,Search smallest unresolved graph families and infer reusable labeling templates.,SMT/CP; automorphism quotient; beam search; checker,new infinite family; smallest counterexample; complete bounded classification,VERIFY_OPEN_AND_NEAREST_PRIOR_BEFORE_LAUNCH
EXP-00229,Design theory and finite geometry,"Graceful, harmonious, and antimagic labelings",antimagic labelings,Search smallest unresolved graph families and infer reusable labeling templates.,SMT/CP; automorphism quotient; beam search; checker,new infinite family; smallest counterexample; complete bounded classification,VERIFY_OPEN_AND_NEAREST_PRIOR_BEFORE_LAUNCH
EXP-00230,Design theory and finite geometry,"Graceful, harmonious, and antimagic labelings",edge-magic total labelings,Search smallest unresolved graph families and infer reusable labeling templates.,SMT/CP; automorphism quotient; beam search; checker,new infinite family; smallest counterexample; complete bounded classification,VERIFY_OPEN_AND_NEAREST_PRIOR_BEFORE_LAUNCH
EXP-00231,Design theory and finite geometry,"Graceful, harmonious, and antimagic labelings",radio labelings,Search smallest unresolved graph families and infer reusable labeling templates.,SMT/CP; automorphism quotient; beam search; checker,new infinite family; smallest counterexample; complete bounded classification,VERIFY_OPEN_AND_NEAREST_PRIOR_BEFORE_LAUNCH
EXP-00232,Design theory and finite geometry,Combinatorial trades and defining sets,Steiner trades,Enumerate minimal trades and exact spectra under isomorphism.,canonical augmentation; exact cover; graph isomorphism; certificates,new minimum trade; complete spectrum; classification database,VERIFY_OPEN_AND_NEAREST_PRIOR_BEFORE_LAUNCH
EXP-00233,Design theory and finite geometry,Combinatorial trades and defining sets,Latin trades,Enumerate minimal trades and exact spectra under isomorphism.,canonical augmentation; exact cover; graph isomorphism; certificates,new minimum trade; complete spectrum; classification database,VERIFY_OPEN_AND_NEAREST_PRIOR_BEFORE_LAUNCH
EXP-00234,Design theory and finite geometry,Combinatorial trades and defining sets,critical sets,Enumerate minimal trades and exact spectra under isomorphism.,canonical augmentation; exact cover; graph isomorphism; certificates,new minimum trade; complete spectrum; classification database,VERIFY_OPEN_AND_NEAREST_PRIOR_BEFORE_LAUNCH
EXP-00235,Design theory and finite geometry,Combinatorial trades and defining sets,defining sets of designs,Enumerate minimal trades and exact spectra under isomorphism.,canonical augmentation; exact cover; graph isomorphism; certificates,new minimum trade; complete spectrum; classification database,VERIFY_OPEN_AND_NEAREST_PRIOR_BEFORE_LAUNCH
EXP-00236,Design theory and finite geometry,Combinatorial trades and defining sets,volume spectra,Enumerate minimal trades and exact spectra under isomorphism.,canonical augmentation; exact cover; graph isomorphism; certificates,new minimum trade; complete spectrum; classification database,VERIFY_OPEN_AND_NEAREST_PRIOR_BEFORE_LAUNCH
EXP-00237,Design theory and finite geometry,Hadamard and weighing matrix frontiers,Hadamard matrices,Resolve first unknown order/equivalence class or improve maximal determinant bounds.,row/column symmetry; SAT; determinant bounds; exact checker,new matrix; nonexistence; equivalence classification; determinant record,VERIFY_OPEN_AND_NEAREST_PRIOR_BEFORE_LAUNCH
EXP-00238,Design theory and finite geometry,Hadamard and weighing matrix frontiers,skew Hadamard matrices,Resolve first unknown order/equivalence class or improve maximal determinant bounds.,row/column symmetry; SAT; determinant bounds; exact checker,new matrix; nonexistence; equivalence classification; determinant record,VERIFY_OPEN_AND_NEAREST_PRIOR_BEFORE_LAUNCH
EXP-00239,Design theory and finite geometry,Hadamard and weighing matrix frontiers,conference matrices,Resolve first unknown order/equivalence class or improve maximal determinant bounds.,row/column symmetry; SAT; determinant bounds; exact checker,new matrix; nonexistence; equivalence classification; determinant record,VERIFY_OPEN_AND_NEAREST_PRIOR_BEFORE_LAUNCH
EXP-00240,Design theory and finite geometry,Hadamard and weighing matrix frontiers,weighing matrices,Resolve first unknown order/equivalence class or improve maximal determinant bounds.,row/column symmetry; SAT; determinant bounds; exact checker,new matrix; nonexistence; equivalence classification; determinant record,VERIFY_OPEN_AND_NEAREST_PRIOR_BEFORE_LAUNCH
EXP-00241,Design theory and finite geometry,Hadamard and weighing matrix frontiers,complex Hadamard matrices,Resolve first unknown order/equivalence class or improve maximal determinant bounds.,row/column symmetry; SAT; determinant bounds; exact checker,new matrix; nonexistence; equivalence classification; determinant record,VERIFY_OPEN_AND_NEAREST_PRIOR_BEFORE_LAUNCH
EXP-00242,"Graph theory, Ramsey theory, and extremal combinatorics",Exact small Ramsey numbers,two-color graph Ramsey numbers,Close the smallest unresolved parameter via SAT plus proof logs or improve a bound with verified colorings.,SAT; symmetry breaking; LRAT/DRAT; independent checker,new exact Ramsey number; improved bound; classified extremal colorings,VERIFY_OPEN_AND_NEAREST_PRIOR_BEFORE_LAUNCH
EXP-00243,"Graph theory, Ramsey theory, and extremal combinatorics",Exact small Ramsey numbers,multicolor Ramsey numbers,Close the smallest unresolved parameter via SAT plus proof logs or improve a bound with verified colorings.,SAT; symmetry breaking; LRAT/DRAT; independent checker,new exact Ramsey number; improved bound; classified extremal colorings,VERIFY_OPEN_AND_NEAREST_PRIOR_BEFORE_LAUNCH
EXP-00244,"Graph theory, Ramsey theory, and extremal combinatorics",Exact small Ramsey numbers,directed Ramsey numbers,Close the smallest unresolved parameter via SAT plus proof logs or improve a bound with verified colorings.,SAT; symmetry breaking; LRAT/DRAT; independent checker,new exact Ramsey number; improved bound; classified extremal colorings,VERIFY_OPEN_AND_NEAREST_PRIOR_BEFORE_LAUNCH
EXP-00245,"Graph theory, Ramsey theory, and extremal combinatorics",Exact small Ramsey numbers,hypergraph Ramsey numbers,Close the smallest unresolved parameter via SAT plus proof logs or improve a bound with verified colorings.,SAT; symmetry breaking; LRAT/DRAT; independent checker,new exact Ramsey number; improved bound; classified extremal colorings,VERIFY_OPEN_AND_NEAREST_PRIOR_BEFORE_LAUNCH
EXP-00246,"Graph theory, Ramsey theory, and extremal combinatorics",Exact small Ramsey numbers,geometric Ramsey numbers,Close the smallest unresolved parameter via SAT plus proof logs or improve a bound with verified colorings.,SAT; symmetry breaking; LRAT/DRAT; independent checker,new exact Ramsey number; improved bound; classified extremal colorings,VERIFY_OPEN_AND_NEAREST_PRIOR_BEFORE_LAUNCH
EXP-00247,"Graph theory, Ramsey theory, and extremal combinatorics",Folkman and induced Ramsey numbers,vertex Folkman numbers,Compute exact values or improve first unknown cases using canonical graph generation.,graph census; SAT; automorphism quotient; certificate,new exact number; improved bound; extremal graph census,VERIFY_OPEN_AND_NEAREST_PRIOR_BEFORE_LAUNCH
EXP-00248,"Graph theory, Ramsey theory, and extremal combinatorics",Folkman and induced Ramsey numbers,edge Folkman numbers,Compute exact values or improve first unknown cases using canonical graph generation.,graph census; SAT; automorphism quotient; certificate,new exact number; improved bound; extremal graph census,VERIFY_OPEN_AND_NEAREST_PRIOR_BEFORE_LAUNCH
EXP-00249,"Graph theory, Ramsey theory, and extremal combinatorics",Folkman and induced Ramsey numbers,induced Ramsey numbers,Compute exact values or improve first unknown cases using canonical graph generation.,graph census; SAT; automorphism quotient; certificate,new exact number; improved bound; extremal graph census,VERIFY_OPEN_AND_NEAREST_PRIOR_BEFORE_LAUNCH
EXP-00250,"Graph theory, Ramsey theory, and extremal combinatorics",Folkman and induced Ramsey numbers,size Ramsey numbers,Compute exact values or improve first unknown cases using canonical graph generation.,graph census; SAT; automorphism quotient; certificate,new exact number; improved bound; extremal graph census,VERIFY_OPEN_AND_NEAREST_PRIOR_BEFORE_LAUNCH
EXP-00251,"Graph theory, Ramsey theory, and extremal combinatorics",Folkman and induced Ramsey numbers,connected Ramsey numbers,Compute exact values or improve first unknown cases using canonical graph generation.,graph census; SAT; automorphism quotient; certificate,new exact number; improved bound; extremal graph census,VERIFY_OPEN_AND_NEAREST_PRIOR_BEFORE_LAUNCH
EXP-00252,"Graph theory, Ramsey theory, and extremal combinatorics",Turán numbers for small hypergraphs,3-uniform Turán problems,"Use flag algebra/SDP to discover a bound, rationalize it, and verify finite extremizers.",flag algebra; SDP/SOS; exact census; stability mining,improved density bound; exact small n; stability conjecture; rational certificate,VERIFY_OPEN_AND_NEAREST_PRIOR_BEFORE_LAUNCH
EXP-00253,"Graph theory, Ramsey theory, and extremal combinatorics",Turán numbers for small hypergraphs,forbidden configurations,"Use flag algebra/SDP to discover a bound, rationalize it, and verify finite extremizers.",flag algebra; SDP/SOS; exact census; stability mining,improved density bound; exact small n; stability conjecture; rational certificate,VERIFY_OPEN_AND_NEAREST_PRIOR_BEFORE_LAUNCH
EXP-00254,"Graph theory, Ramsey theory, and extremal combinatorics",Turán numbers for small hypergraphs,cancellative hypergraphs,"Use flag algebra/SDP to discover a bound, rationalize it, and verify finite extremizers.",flag algebra; SDP/SOS; exact census; stability mining,improved density bound; exact small n; stability conjecture; rational certificate,VERIFY_OPEN_AND_NEAREST_PRIOR_BEFORE_LAUNCH
EXP-00255,"Graph theory, Ramsey theory, and extremal combinatorics",Turán numbers for small hypergraphs,expanded graphs,"Use flag algebra/SDP to discover a bound, rationalize it, and verify finite extremizers.",flag algebra; SDP/SOS; exact census; stability mining,improved density bound; exact small n; stability conjecture; rational certificate,VERIFY_OPEN_AND_NEAREST_PRIOR_BEFORE_LAUNCH
EXP-00256,"Graph theory, Ramsey theory, and extremal combinatorics",Turán numbers for small hypergraphs,Berge-hypergraphs,"Use flag algebra/SDP to discover a bound, rationalize it, and verify finite extremizers.",flag algebra; SDP/SOS; exact census; stability mining,improved density bound; exact small n; stability conjecture; rational certificate,VERIFY_OPEN_AND_NEAREST_PRIOR_BEFORE_LAUNCH
EXP-00257,"Graph theory, Ramsey theory, and extremal combinatorics",Cage and Moore-type graph problems,regular cages,"Find smaller constructions, certify nonexistence at a candidate order, or classify all extremizers.",canonical generation; SAT; spectral bounds; independent checking,new record graph; exact cage order; nonexistence certificate; census,VERIFY_OPEN_AND_NEAREST_PRIOR_BEFORE_LAUNCH
EXP-00258,"Graph theory, Ramsey theory, and extremal combinatorics",Cage and Moore-type graph problems,biregular cages,"Find smaller constructions, certify nonexistence at a candidate order, or classify all extremizers.",canonical generation; SAT; spectral bounds; independent checking,new record graph; exact cage order; nonexistence certificate; census,VERIFY_OPEN_AND_NEAREST_PRIOR_BEFORE_LAUNCH
EXP-00259,"Graph theory, Ramsey theory, and extremal combinatorics",Cage and Moore-type graph problems,mixed cages,"Find smaller constructions, certify nonexistence at a candidate order, or classify all extremizers.",canonical generation; SAT; spectral bounds; independent checking,new record graph; exact cage order; nonexistence certificate; census,VERIFY_OPEN_AND_NEAREST_PRIOR_BEFORE_LAUNCH
EXP-00260,"Graph theory, Ramsey theory, and extremal combinatorics",Cage and Moore-type graph problems,degree-diameter problem,"Find smaller constructions, certify nonexistence at a candidate order, or classify all extremizers.",canonical generation; SAT; spectral bounds; independent checking,new record graph; exact cage order; nonexistence certificate; census,VERIFY_OPEN_AND_NEAREST_PRIOR_BEFORE_LAUNCH
EXP-00261,"Graph theory, Ramsey theory, and extremal combinatorics",Cage and Moore-type graph problems,Moore graph variants,"Find smaller constructions, certify nonexistence at a candidate order, or classify all extremizers.",canonical generation; SAT; spectral bounds; independent checking,new record graph; exact cage order; nonexistence certificate; census,VERIFY_OPEN_AND_NEAREST_PRIOR_BEFORE_LAUNCH
EXP-00262,"Graph theory, Ramsey theory, and extremal combinatorics",Strongly regular and distance-regular graph feasibility,strongly regular graphs,Resolve feasible but unknown parameter sets via algebraic constraints plus exhaustive search.,eigenvalue feasibility; Krein conditions; SAT; orbit quotient,new graph; nonexistence; parameter-set closure; intersection-array classification,VERIFY_OPEN_AND_NEAREST_PRIOR_BEFORE_LAUNCH
EXP-00263,"Graph theory, Ramsey theory, and extremal combinatorics",Strongly regular and distance-regular graph feasibility,distance-regular graphs,Resolve feasible but unknown parameter sets via algebraic constraints plus exhaustive search.,eigenvalue feasibility; Krein conditions; SAT; orbit quotient,new graph; nonexistence; parameter-set closure; intersection-array classification,VERIFY_OPEN_AND_NEAREST_PRIOR_BEFORE_LAUNCH
EXP-00264,"Graph theory, Ramsey theory, and extremal combinatorics",Strongly regular and distance-regular graph feasibility,association schemes,Resolve feasible but unknown parameter sets via algebraic constraints plus exhaustive search.,eigenvalue feasibility; Krein conditions; SAT; orbit quotient,new graph; nonexistence; parameter-set closure; intersection-array classification,VERIFY_OPEN_AND_NEAREST_PRIOR_BEFORE_LAUNCH
EXP-00265,"Graph theory, Ramsey theory, and extremal combinatorics",Strongly regular and distance-regular graph feasibility,partial geometries,Resolve feasible but unknown parameter sets via algebraic constraints plus exhaustive search.,eigenvalue feasibility; Krein conditions; SAT; orbit quotient,new graph; nonexistence; parameter-set closure; intersection-array classification,VERIFY_OPEN_AND_NEAREST_PRIOR_BEFORE_LAUNCH
EXP-00266,"Graph theory, Ramsey theory, and extremal combinatorics",Strongly regular and distance-regular graph feasibility,Deza graphs,Resolve feasible but unknown parameter sets via algebraic constraints plus exhaustive search.,eigenvalue feasibility; Krein conditions; SAT; orbit quotient,new graph; nonexistence; parameter-set closure; intersection-array classification,VERIFY_OPEN_AND_NEAREST_PRIOR_BEFORE_LAUNCH
EXP-00267,"Graph theory, Ramsey theory, and extremal combinatorics",Graph coloring exact frontiers,chromatic numbers of Kneser-type graphs,Close exact finite cases and extract design-theory reductions.,reduction bridge; exact cover; SAT; spectral bound,new exact chromatic number; reduction theorem; design existence equivalence,VERIFY_OPEN_AND_NEAREST_PRIOR_BEFORE_LAUNCH
EXP-00268,"Graph theory, Ramsey theory, and extremal combinatorics",Graph coloring exact frontiers,Johnson graphs,Close exact finite cases and extract design-theory reductions.,reduction bridge; exact cover; SAT; spectral bound,new exact chromatic number; reduction theorem; design existence equivalence,VERIFY_OPEN_AND_NEAREST_PRIOR_BEFORE_LAUNCH
EXP-00269,"Graph theory, Ramsey theory, and extremal combinatorics",Graph coloring exact frontiers,distance graphs,Close exact finite cases and extract design-theory reductions.,reduction bridge; exact cover; SAT; spectral bound,new exact chromatic number; reduction theorem; design existence equivalence,VERIFY_OPEN_AND_NEAREST_PRIOR_BEFORE_LAUNCH
EXP-00270,"Graph theory, Ramsey theory, and extremal combinatorics",Graph coloring exact frontiers,unit-distance graphs,Close exact finite cases and extract design-theory reductions.,reduction bridge; exact cover; SAT; spectral bound,new exact chromatic number; reduction theorem; design existence equivalence,VERIFY_OPEN_AND_NEAREST_PRIOR_BEFORE_LAUNCH
EXP-00271,"Graph theory, Ramsey theory, and extremal combinatorics",Graph coloring exact frontiers,graph powers,Close exact finite cases and extract design-theory reductions.,reduction bridge; exact cover; SAT; spectral bound,new exact chromatic number; reduction theorem; design existence equivalence,VERIFY_OPEN_AND_NEAREST_PRIOR_BEFORE_LAUNCH
EXP-00272,"Graph theory, Ramsey theory, and extremal combinatorics","Hadwiger, Hajós, and minor extremals in bounded classes",Hadwiger number for graph classes,Census bounded orders or special classes and find minimal counterexamples/confirmations.,canonical graph generation; minor testing; SAT; checker,smallest counterexample; verified range; structural pattern,VERIFY_OPEN_AND_NEAREST_PRIOR_BEFORE_LAUNCH
EXP-00273,"Graph theory, Ramsey theory, and extremal combinatorics","Hadwiger, Hajós, and minor extremals in bounded classes",Hajós constructions,Census bounded orders or special classes and find minimal counterexamples/confirmations.,canonical graph generation; minor testing; SAT; checker,smallest counterexample; verified range; structural pattern,VERIFY_OPEN_AND_NEAREST_PRIOR_BEFORE_LAUNCH
EXP-00274,"Graph theory, Ramsey theory, and extremal combinatorics","Hadwiger, Hajós, and minor extremals in bounded classes",minor-critical graphs,Census bounded orders or special classes and find minimal counterexamples/confirmations.,canonical graph generation; minor testing; SAT; checker,smallest counterexample; verified range; structural pattern,VERIFY_OPEN_AND_NEAREST_PRIOR_BEFORE_LAUNCH
EXP-00275,"Graph theory, Ramsey theory, and extremal combinatorics","Hadwiger, Hajós, and minor extremals in bounded classes",contraction-critical graphs,Census bounded orders or special classes and find minimal counterexamples/confirmations.,canonical graph generation; minor testing; SAT; checker,smallest counterexample; verified range; structural pattern,VERIFY_OPEN_AND_NEAREST_PRIOR_BEFORE_LAUNCH
EXP-00276,"Graph theory, Ramsey theory, and extremal combinatorics","Hadwiger, Hajós, and minor extremals in bounded classes",topological minors,Census bounded orders or special classes and find minimal counterexamples/confirmations.,canonical graph generation; minor testing; SAT; checker,smallest counterexample; verified range; structural pattern,VERIFY_OPEN_AND_NEAREST_PRIOR_BEFORE_LAUNCH
EXP-00277,"Graph theory, Ramsey theory, and extremal combinatorics",Cycle and path decomposition frontiers,Alspach decompositions,Resolve small group/order cases using orbit exact cover and sequenceability.,group actions; exact cover; sequencing; packed certificates,new decomposition; complete bounded table; nonexistence,VERIFY_OPEN_AND_NEAREST_PRIOR_BEFORE_LAUNCH
EXP-00278,"Graph theory, Ramsey theory, and extremal combinatorics",Cycle and path decomposition frontiers,cycle double covers,Resolve small group/order cases using orbit exact cover and sequenceability.,group actions; exact cover; sequencing; packed certificates,new decomposition; complete bounded table; nonexistence,VERIFY_OPEN_AND_NEAREST_PRIOR_BEFORE_LAUNCH
EXP-00279,"Graph theory, Ramsey theory, and extremal combinatorics",Cycle and path decomposition frontiers,path decompositions,Resolve small group/order cases using orbit exact cover and sequenceability.,group actions; exact cover; sequencing; packed certificates,new decomposition; complete bounded table; nonexistence,VERIFY_OPEN_AND_NEAREST_PRIOR_BEFORE_LAUNCH
EXP-00280,"Graph theory, Ramsey theory, and extremal combinatorics",Cycle and path decomposition frontiers,rainbow decompositions,Resolve small group/order cases using orbit exact cover and sequenceability.,group actions; exact cover; sequencing; packed certificates,new decomposition; complete bounded table; nonexistence,VERIFY_OPEN_AND_NEAREST_PRIOR_BEFORE_LAUNCH
EXP-00281,"Graph theory, Ramsey theory, and extremal combinatorics",Cycle and path decomposition frontiers,directed cycle systems,Resolve small group/order cases using orbit exact cover and sequenceability.,group actions; exact cover; sequencing; packed certificates,new decomposition; complete bounded table; nonexistence,VERIFY_OPEN_AND_NEAREST_PRIOR_BEFORE_LAUNCH
EXP-00282,"Graph theory, Ramsey theory, and extremal combinatorics","Snarks, flows, and cycle-cover conjectures",small snarks,Generate all candidates in a bounded class and check strengthened properties.,graph census; SAT; matching algorithms; adversarial checker,verified order extension; smallest counterexample; classified extremizers,VERIFY_OPEN_AND_NEAREST_PRIOR_BEFORE_LAUNCH
EXP-00283,"Graph theory, Ramsey theory, and extremal combinatorics","Snarks, flows, and cycle-cover conjectures",nowhere-zero flow constraints,Generate all candidates in a bounded class and check strengthened properties.,graph census; SAT; matching algorithms; adversarial checker,verified order extension; smallest counterexample; classified extremizers,VERIFY_OPEN_AND_NEAREST_PRIOR_BEFORE_LAUNCH
EXP-00284,"Graph theory, Ramsey theory, and extremal combinatorics","Snarks, flows, and cycle-cover conjectures",cycle double cover variants,Generate all candidates in a bounded class and check strengthened properties.,graph census; SAT; matching algorithms; adversarial checker,verified order extension; smallest counterexample; classified extremizers,VERIFY_OPEN_AND_NEAREST_PRIOR_BEFORE_LAUNCH
EXP-00285,"Graph theory, Ramsey theory, and extremal combinatorics","Snarks, flows, and cycle-cover conjectures",Berge-Fulkerson finite cases,Generate all candidates in a bounded class and check strengthened properties.,graph census; SAT; matching algorithms; adversarial checker,verified order extension; smallest counterexample; classified extremizers,VERIFY_OPEN_AND_NEAREST_PRIOR_BEFORE_LAUNCH
EXP-00286,"Graph theory, Ramsey theory, and extremal combinatorics","Snarks, flows, and cycle-cover conjectures",perfect matching index,Generate all candidates in a bounded class and check strengthened properties.,graph census; SAT; matching algorithms; adversarial checker,verified order extension; smallest counterexample; classified extremizers,VERIFY_OPEN_AND_NEAREST_PRIOR_BEFORE_LAUNCH
EXP-00287,"Graph theory, Ramsey theory, and extremal combinatorics","Domination, independence, and spectral extremals",domination number bounds,Mine House-of-Graphs-style anomalies and certify extremal graphs.,database anomaly scan; canonical generation; SDP; exact invariants,new counterexample; sharp bounded theorem; extremal classification,VERIFY_OPEN_AND_NEAREST_PRIOR_BEFORE_LAUNCH
EXP-00288,"Graph theory, Ramsey theory, and extremal combinatorics","Domination, independence, and spectral extremals",independence ratios,Mine House-of-Graphs-style anomalies and certify extremal graphs.,database anomaly scan; canonical generation; SDP; exact invariants,new counterexample; sharp bounded theorem; extremal classification,VERIFY_OPEN_AND_NEAREST_PRIOR_BEFORE_LAUNCH
EXP-00289,"Graph theory, Ramsey theory, and extremal combinatorics","Domination, independence, and spectral extremals",spectral radius constraints,Mine House-of-Graphs-style anomalies and certify extremal graphs.,database anomaly scan; canonical generation; SDP; exact invariants,new counterexample; sharp bounded theorem; extremal classification,VERIFY_OPEN_AND_NEAREST_PRIOR_BEFORE_LAUNCH
EXP-00290,"Graph theory, Ramsey theory, and extremal combinatorics","Domination, independence, and spectral extremals",energy extremals,Mine House-of-Graphs-style anomalies and certify extremal graphs.,database anomaly scan; canonical generation; SDP; exact invariants,new counterexample; sharp bounded theorem; extremal classification,VERIFY_OPEN_AND_NEAREST_PRIOR_BEFORE_LAUNCH
EXP-00291,"Graph theory, Ramsey theory, and extremal combinatorics","Domination, independence, and spectral extremals",Nordhaus-Gaddum inequalities,Mine House-of-Graphs-style anomalies and certify extremal graphs.,database anomaly scan; canonical generation; SDP; exact invariants,new counterexample; sharp bounded theorem; extremal classification,VERIFY_OPEN_AND_NEAREST_PRIOR_BEFORE_LAUNCH
EXP-00292,"Graph theory, Ramsey theory, and extremal combinatorics",Graph polynomial conjectures,chromatic roots,Search smallest counterexamples or prove bounded sign/log-concavity patterns.,exact polynomial computation; graph census; root isolation; SOS,counterexample; verified range; exact root bound; structural theorem,VERIFY_OPEN_AND_NEAREST_PRIOR_BEFORE_LAUNCH
EXP-00293,"Graph theory, Ramsey theory, and extremal combinatorics",Graph polynomial conjectures,independence polynomials,Search smallest counterexamples or prove bounded sign/log-concavity patterns.,exact polynomial computation; graph census; root isolation; SOS,counterexample; verified range; exact root bound; structural theorem,VERIFY_OPEN_AND_NEAREST_PRIOR_BEFORE_LAUNCH
EXP-00294,"Graph theory, Ramsey theory, and extremal combinatorics",Graph polynomial conjectures,matching polynomials,Search smallest counterexamples or prove bounded sign/log-concavity patterns.,exact polynomial computation; graph census; root isolation; SOS,counterexample; verified range; exact root bound; structural theorem,VERIFY_OPEN_AND_NEAREST_PRIOR_BEFORE_LAUNCH
EXP-00295,"Graph theory, Ramsey theory, and extremal combinatorics",Graph polynomial conjectures,Tutte polynomial coefficients,Search smallest counterexamples or prove bounded sign/log-concavity patterns.,exact polynomial computation; graph census; root isolation; SOS,counterexample; verified range; exact root bound; structural theorem,VERIFY_OPEN_AND_NEAREST_PRIOR_BEFORE_LAUNCH
EXP-00296,"Graph theory, Ramsey theory, and extremal combinatorics",Graph polynomial conjectures,reliability polynomials,Search smallest counterexamples or prove bounded sign/log-concavity patterns.,exact polynomial computation; graph census; root isolation; SOS,counterexample; verified range; exact root bound; structural theorem,VERIFY_OPEN_AND_NEAREST_PRIOR_BEFORE_LAUNCH
EXP-00297,"Graph theory, Ramsey theory, and extremal combinatorics",Extremal set systems and sunflowers,sunflower bounds in finite universes,Resolve exact small parameters and discover candidate stability structures.,SAT/ILP; symmetry; Fourier/association schemes; exact checker,new exact maximum; improved bound; extremal family classification,VERIFY_OPEN_AND_NEAREST_PRIOR_BEFORE_LAUNCH
EXP-00298,"Graph theory, Ramsey theory, and extremal combinatorics",Extremal set systems and sunflowers,intersecting families,Resolve exact small parameters and discover candidate stability structures.,SAT/ILP; symmetry; Fourier/association schemes; exact checker,new exact maximum; improved bound; extremal family classification,VERIFY_OPEN_AND_NEAREST_PRIOR_BEFORE_LAUNCH
EXP-00299,"Graph theory, Ramsey theory, and extremal combinatorics",Extremal set systems and sunflowers,forbidden intersection sizes,Resolve exact small parameters and discover candidate stability structures.,SAT/ILP; symmetry; Fourier/association schemes; exact checker,new exact maximum; improved bound; extremal family classification,VERIFY_OPEN_AND_NEAREST_PRIOR_BEFORE_LAUNCH
EXP-00300,"Graph theory, Ramsey theory, and extremal combinatorics",Extremal set systems and sunflowers,cover-free families,Resolve exact small parameters and discover candidate stability structures.,SAT/ILP; symmetry; Fourier/association schemes; exact checker,new exact maximum; improved bound; extremal family classification,VERIFY_OPEN_AND_NEAREST_PRIOR_BEFORE_LAUNCH
EXP-00301,"Graph theory, Ramsey theory, and extremal combinatorics",Extremal set systems and sunflowers,union-free families,Resolve exact small parameters and discover candidate stability structures.,SAT/ILP; symmetry; Fourier/association schemes; exact checker,new exact maximum; improved bound; extremal family classification,VERIFY_OPEN_AND_NEAREST_PRIOR_BEFORE_LAUNCH
EXP-00302,"Algebra, groups, loops, and matrices",Complete mappings and orthomorphisms of finite groups,complete mappings,Classify low-order groups and find constructions under automorphism quotienting.,group-action quotient; SAT; group library; packed certificate,new group classification; construction; smallest exception,VERIFY_OPEN_AND_NEAREST_PRIOR_BEFORE_LAUNCH
EXP-00303,"Algebra, groups, loops, and matrices",Complete mappings and orthomorphisms of finite groups,orthomorphisms,Classify low-order groups and find constructions under automorphism quotienting.,group-action quotient; SAT; group library; packed certificate,new group classification; construction; smallest exception,VERIFY_OPEN_AND_NEAREST_PRIOR_BEFORE_LAUNCH
EXP-00304,"Algebra, groups, loops, and matrices",Complete mappings and orthomorphisms of finite groups,sequenceable groups,Classify low-order groups and find constructions under automorphism quotienting.,group-action quotient; SAT; group library; packed certificate,new group classification; construction; smallest exception,VERIFY_OPEN_AND_NEAREST_PRIOR_BEFORE_LAUNCH
EXP-00305,"Algebra, groups, loops, and matrices",Complete mappings and orthomorphisms of finite groups,rotational terraces,Classify low-order groups and find constructions under automorphism quotienting.,group-action quotient; SAT; group library; packed certificate,new group classification; construction; smallest exception,VERIFY_OPEN_AND_NEAREST_PRIOR_BEFORE_LAUNCH
EXP-00306,"Algebra, groups, loops, and matrices",Complete mappings and orthomorphisms of finite groups,prescribed-cycle orthomorphisms,Classify low-order groups and find constructions under automorphism quotienting.,group-action quotient; SAT; group library; packed certificate,new group classification; construction; smallest exception,VERIFY_OPEN_AND_NEAREST_PRIOR_BEFORE_LAUNCH
EXP-00307,"Algebra, groups, loops, and matrices",Finite group generation and presentation anomalies,minimal generating sets,Compute exact small-group parameters and infer group-family laws.,GAP census; automorphism quotient; exact optimizer; verifier,new exact invariant; classified group family; counterexample,VERIFY_OPEN_AND_NEAREST_PRIOR_BEFORE_LAUNCH
EXP-00308,"Algebra, groups, loops, and matrices",Finite group generation and presentation anomalies,spread and uniform spread,Compute exact small-group parameters and infer group-family laws.,GAP census; automorphism quotient; exact optimizer; verifier,new exact invariant; classified group family; counterexample,VERIFY_OPEN_AND_NEAREST_PRIOR_BEFORE_LAUNCH
EXP-00309,"Algebra, groups, loops, and matrices",Finite group generation and presentation anomalies,Beauville structures,Compute exact small-group parameters and infer group-family laws.,GAP census; automorphism quotient; exact optimizer; verifier,new exact invariant; classified group family; counterexample,VERIFY_OPEN_AND_NEAREST_PRIOR_BEFORE_LAUNCH
EXP-00310,"Algebra, groups, loops, and matrices",Finite group generation and presentation anomalies,generating graphs,Compute exact small-group parameters and infer group-family laws.,GAP census; automorphism quotient; exact optimizer; verifier,new exact invariant; classified group family; counterexample,VERIFY_OPEN_AND_NEAREST_PRIOR_BEFORE_LAUNCH
EXP-00311,"Algebra, groups, loops, and matrices",Finite group generation and presentation anomalies,product replacement diameters,Compute exact small-group parameters and infer group-family laws.,GAP census; automorphism quotient; exact optimizer; verifier,new exact invariant; classified group family; counterexample,VERIFY_OPEN_AND_NEAREST_PRIOR_BEFORE_LAUNCH
EXP-00312,"Algebra, groups, loops, and matrices",Small finite simple and almost-simple action problems,base sizes,Resolve exceptional actions and produce exact orbit certificates.,permutation-group orbits; character bounds; SAT; database scan,closed exceptional case; exact base size; new regular orbit,VERIFY_OPEN_AND_NEAREST_PRIOR_BEFORE_LAUNCH
EXP-00313,"Algebra, groups, loops, and matrices",Small finite simple and almost-simple action problems,distinguishing numbers,Resolve exceptional actions and produce exact orbit certificates.,permutation-group orbits; character bounds; SAT; database scan,closed exceptional case; exact base size; new regular orbit,VERIFY_OPEN_AND_NEAREST_PRIOR_BEFORE_LAUNCH
EXP-00314,"Algebra, groups, loops, and matrices",Small finite simple and almost-simple action problems,derangements,Resolve exceptional actions and produce exact orbit certificates.,permutation-group orbits; character bounds; SAT; database scan,closed exceptional case; exact base size; new regular orbit,VERIFY_OPEN_AND_NEAREST_PRIOR_BEFORE_LAUNCH
EXP-00315,"Algebra, groups, loops, and matrices",Small finite simple and almost-simple action problems,Saxl graphs,Resolve exceptional actions and produce exact orbit certificates.,permutation-group orbits; character bounds; SAT; database scan,closed exceptional case; exact base size; new regular orbit,VERIFY_OPEN_AND_NEAREST_PRIOR_BEFORE_LAUNCH
EXP-00316,"Algebra, groups, loops, and matrices",Small finite simple and almost-simple action problems,regular orbits,Resolve exceptional actions and produce exact orbit certificates.,permutation-group orbits; character bounds; SAT; database scan,closed exceptional case; exact base size; new regular orbit,VERIFY_OPEN_AND_NEAREST_PRIOR_BEFORE_LAUNCH
EXP-00317,"Algebra, groups, loops, and matrices","Finite quasigroups, loops, and Latin identities",Moufang loops,Enumerate models/countermodels and classify first unknown orders.,SAT/model finding; isomorph rejection; equational reasoning; checker,smallest model/counterexample; complete order classification,VERIFY_OPEN_AND_NEAREST_PRIOR_BEFORE_LAUNCH
EXP-00318,"Algebra, groups, loops, and matrices","Finite quasigroups, loops, and Latin identities",Bol loops,Enumerate models/countermodels and classify first unknown orders.,SAT/model finding; isomorph rejection; equational reasoning; checker,smallest model/counterexample; complete order classification,VERIFY_OPEN_AND_NEAREST_PRIOR_BEFORE_LAUNCH
EXP-00319,"Algebra, groups, loops, and matrices","Finite quasigroups, loops, and Latin identities",Steiner quasigroups,Enumerate models/countermodels and classify first unknown orders.,SAT/model finding; isomorph rejection; equational reasoning; checker,smallest model/counterexample; complete order classification,VERIFY_OPEN_AND_NEAREST_PRIOR_BEFORE_LAUNCH
EXP-00320,"Algebra, groups, loops, and matrices","Finite quasigroups, loops, and Latin identities",quasigroup identities,Enumerate models/countermodels and classify first unknown orders.,SAT/model finding; isomorph rejection; equational reasoning; checker,smallest model/counterexample; complete order classification,VERIFY_OPEN_AND_NEAREST_PRIOR_BEFORE_LAUNCH
EXP-00321,"Algebra, groups, loops, and matrices","Finite quasigroups, loops, and Latin identities",small loop classification,Enumerate models/countermodels and classify first unknown orders.,SAT/model finding; isomorph rejection; equational reasoning; checker,smallest model/counterexample; complete order classification,VERIFY_OPEN_AND_NEAREST_PRIOR_BEFORE_LAUNCH
EXP-00322,"Algebra, groups, loops, and matrices",Finite semigroup and monoid identity problems,small semigroup varieties,"Find smallest countermodels, identity bases, or exact rank parameters.",finite model search; automata; SAT; proof extraction,new finite basis/nonbasis result; smallest counterexample; exact rank,VERIFY_OPEN_AND_NEAREST_PRIOR_BEFORE_LAUNCH
EXP-00323,"Algebra, groups, loops, and matrices",Finite semigroup and monoid identity problems,identity bases,"Find smallest countermodels, identity bases, or exact rank parameters.",finite model search; automata; SAT; proof extraction,new finite basis/nonbasis result; smallest counterexample; exact rank,VERIFY_OPEN_AND_NEAREST_PRIOR_BEFORE_LAUNCH
EXP-00324,"Algebra, groups, loops, and matrices",Finite semigroup and monoid identity problems,synchronization monoids,"Find smallest countermodels, identity bases, or exact rank parameters.",finite model search; automata; SAT; proof extraction,new finite basis/nonbasis result; smallest counterexample; exact rank,VERIFY_OPEN_AND_NEAREST_PRIOR_BEFORE_LAUNCH
EXP-00325,"Algebra, groups, loops, and matrices",Finite semigroup and monoid identity problems,transformation semigroups,"Find smallest countermodels, identity bases, or exact rank parameters.",finite model search; automata; SAT; proof extraction,new finite basis/nonbasis result; smallest counterexample; exact rank,VERIFY_OPEN_AND_NEAREST_PRIOR_BEFORE_LAUNCH
EXP-00326,"Algebra, groups, loops, and matrices",Finite semigroup and monoid identity problems,aperiodic monoids,"Find smallest countermodels, identity bases, or exact rank parameters.",finite model search; automata; SAT; proof extraction,new finite basis/nonbasis result; smallest counterexample; exact rank,VERIFY_OPEN_AND_NEAREST_PRIOR_BEFORE_LAUNCH
EXP-00327,"Algebra, groups, loops, and matrices",Matrix sign-pattern and determinant extremals,maximal determinant matrices,Improve exact orders or classify extremal equivalence classes.,row/column quotient; determinant certificate; SAT; interval eigenvalue bounds,new determinant record; exact maximum; classified patterns,VERIFY_OPEN_AND_NEAREST_PRIOR_BEFORE_LAUNCH
EXP-00328,"Algebra, groups, loops, and matrices",Matrix sign-pattern and determinant extremals,sign-nonsingular patterns,Improve exact orders or classify extremal equivalence classes.,row/column quotient; determinant certificate; SAT; interval eigenvalue bounds,new determinant record; exact maximum; classified patterns,VERIFY_OPEN_AND_NEAREST_PRIOR_BEFORE_LAUNCH
EXP-00329,"Algebra, groups, loops, and matrices",Matrix sign-pattern and determinant extremals,inverse M-matrix patterns,Improve exact orders or classify extremal equivalence classes.,row/column quotient; determinant certificate; SAT; interval eigenvalue bounds,new determinant record; exact maximum; classified patterns,VERIFY_OPEN_AND_NEAREST_PRIOR_BEFORE_LAUNCH
EXP-00330,"Algebra, groups, loops, and matrices",Matrix sign-pattern and determinant extremals,zero-pattern rank,Improve exact orders or classify extremal equivalence classes.,row/column quotient; determinant certificate; SAT; interval eigenvalue bounds,new determinant record; exact maximum; classified patterns,VERIFY_OPEN_AND_NEAREST_PRIOR_BEFORE_LAUNCH
EXP-00331,"Algebra, groups, loops, and matrices",Matrix sign-pattern and determinant extremals,combinatorial matrix spectra,Improve exact orders or classify extremal equivalence classes.,row/column quotient; determinant certificate; SAT; interval eigenvalue bounds,new determinant record; exact maximum; classified patterns,VERIFY_OPEN_AND_NEAREST_PRIOR_BEFORE_LAUNCH
EXP-00332,"Algebra, groups, loops, and matrices",Tensor rank and bilinear complexity at small dimensions,matrix multiplication tensors,Find improved decompositions or prove lower bounds in the first unknown dimension.,SAT/SMT; polynomial ideals; symmetry; exact verification,new rank decomposition; certified lower bound; orbit classification,VERIFY_OPEN_AND_NEAREST_PRIOR_BEFORE_LAUNCH
EXP-00333,"Algebra, groups, loops, and matrices",Tensor rank and bilinear complexity at small dimensions,symmetric tensor rank,Find improved decompositions or prove lower bounds in the first unknown dimension.,SAT/SMT; polynomial ideals; symmetry; exact verification,new rank decomposition; certified lower bound; orbit classification,VERIFY_OPEN_AND_NEAREST_PRIOR_BEFORE_LAUNCH
EXP-00334,"Algebra, groups, loops, and matrices",Tensor rank and bilinear complexity at small dimensions,border rank,Find improved decompositions or prove lower bounds in the first unknown dimension.,SAT/SMT; polynomial ideals; symmetry; exact verification,new rank decomposition; certified lower bound; orbit classification,VERIFY_OPEN_AND_NEAREST_PRIOR_BEFORE_LAUNCH
EXP-00335,"Algebra, groups, loops, and matrices",Tensor rank and bilinear complexity at small dimensions,finite-field tensor rank,Find improved decompositions or prove lower bounds in the first unknown dimension.,SAT/SMT; polynomial ideals; symmetry; exact verification,new rank decomposition; certified lower bound; orbit classification,VERIFY_OPEN_AND_NEAREST_PRIOR_BEFORE_LAUNCH
EXP-00336,"Algebra, groups, loops, and matrices",Tensor rank and bilinear complexity at small dimensions,bilinear algorithms,Find improved decompositions or prove lower bounds in the first unknown dimension.,SAT/SMT; polynomial ideals; symmetry; exact verification,new rank decomposition; certified lower bound; orbit classification,VERIFY_OPEN_AND_NEAREST_PRIOR_BEFORE_LAUNCH
EXP-00337,"Algebra, groups, loops, and matrices",Matroid representability and excluded-minor frontiers,representability over finite fields,Resolve small ground-set cases and discover obstruction certificates.,canonical augmentation; finite-field matrices; SAT; cocircuit bounds,new excluded minor; representability classification; counterexample,VERIFY_OPEN_AND_NEAREST_PRIOR_BEFORE_LAUNCH
EXP-00338,"Algebra, groups, loops, and matrices",Matroid representability and excluded-minor frontiers,excluded minors,Resolve small ground-set cases and discover obstruction certificates.,canonical augmentation; finite-field matrices; SAT; cocircuit bounds,new excluded minor; representability classification; counterexample,VERIFY_OPEN_AND_NEAREST_PRIOR_BEFORE_LAUNCH
EXP-00339,"Algebra, groups, loops, and matrices",Matroid representability and excluded-minor frontiers,sparse paving matroids,Resolve small ground-set cases and discover obstruction certificates.,canonical augmentation; finite-field matrices; SAT; cocircuit bounds,new excluded minor; representability classification; counterexample,VERIFY_OPEN_AND_NEAREST_PRIOR_BEFORE_LAUNCH
EXP-00340,"Algebra, groups, loops, and matrices",Matroid representability and excluded-minor frontiers,gammoids,Resolve small ground-set cases and discover obstruction certificates.,canonical augmentation; finite-field matrices; SAT; cocircuit bounds,new excluded minor; representability classification; counterexample,VERIFY_OPEN_AND_NEAREST_PRIOR_BEFORE_LAUNCH
EXP-00341,"Algebra, groups, loops, and matrices",Matroid representability and excluded-minor frontiers,oriented matroids,Resolve small ground-set cases and discover obstruction certificates.,canonical augmentation; finite-field matrices; SAT; cocircuit bounds,new excluded minor; representability classification; counterexample,VERIFY_OPEN_AND_NEAREST_PRIOR_BEFORE_LAUNCH
EXP-00342,"Algebra, groups, loops, and matrices",Finite ring and algebra structure classification,small rings,Classify first unresolved dimensions/orders under isomorphism.,structure constants; Gröbner/SAT; GL action quotient; checker,new classification; missing isomorphism class; identity theorem,VERIFY_OPEN_AND_NEAREST_PRIOR_BEFORE_LAUNCH
EXP-00343,"Algebra, groups, loops, and matrices",Finite ring and algebra structure classification,nilpotent algebras,Classify first unresolved dimensions/orders under isomorphism.,structure constants; Gröbner/SAT; GL action quotient; checker,new classification; missing isomorphism class; identity theorem,VERIFY_OPEN_AND_NEAREST_PRIOR_BEFORE_LAUNCH
EXP-00344,"Algebra, groups, loops, and matrices",Finite ring and algebra structure classification,evolution algebras,Classify first unresolved dimensions/orders under isomorphism.,structure constants; Gröbner/SAT; GL action quotient; checker,new classification; missing isomorphism class; identity theorem,VERIFY_OPEN_AND_NEAREST_PRIOR_BEFORE_LAUNCH
EXP-00345,"Algebra, groups, loops, and matrices",Finite ring and algebra structure classification,Lie algebras over finite fields,Classify first unresolved dimensions/orders under isomorphism.,structure constants; Gröbner/SAT; GL action quotient; checker,new classification; missing isomorphism class; identity theorem,VERIFY_OPEN_AND_NEAREST_PRIOR_BEFORE_LAUNCH
EXP-00346,"Algebra, groups, loops, and matrices",Finite ring and algebra structure classification,associative algebra identities,Classify first unresolved dimensions/orders under isomorphism.,structure constants; Gröbner/SAT; GL action quotient; checker,new classification; missing isomorphism class; identity theorem,VERIFY_OPEN_AND_NEAREST_PRIOR_BEFORE_LAUNCH
EXP-00347,"Algebra, groups, loops, and matrices",Representation and character table completion,modular character tables,Fill missing bounded cases or certify consistency/nonexistence.,integer constraints; character orthogonality; SAT/ILP; independent verification,completed table; nonexistence; corrected database entry,VERIFY_OPEN_AND_NEAREST_PRIOR_BEFORE_LAUNCH
EXP-00348,"Algebra, groups, loops, and matrices",Representation and character table completion,decomposition matrices,Fill missing bounded cases or certify consistency/nonexistence.,integer constraints; character orthogonality; SAT/ILP; independent verification,completed table; nonexistence; corrected database entry,VERIFY_OPEN_AND_NEAREST_PRIOR_BEFORE_LAUNCH
EXP-00349,"Algebra, groups, loops, and matrices",Representation and character table completion,blocks of finite groups,Fill missing bounded cases or certify consistency/nonexistence.,integer constraints; character orthogonality; SAT/ILP; independent verification,completed table; nonexistence; corrected database entry,VERIFY_OPEN_AND_NEAREST_PRIOR_BEFORE_LAUNCH
EXP-00350,"Algebra, groups, loops, and matrices",Representation and character table completion,fusion systems,Fill missing bounded cases or certify consistency/nonexistence.,integer constraints; character orthogonality; SAT/ILP; independent verification,completed table; nonexistence; corrected database entry,VERIFY_OPEN_AND_NEAREST_PRIOR_BEFORE_LAUNCH
EXP-00351,"Algebra, groups, loops, and matrices",Representation and character table completion,small quantum groups,Fill missing bounded cases or certify consistency/nonexistence.,integer constraints; character orthogonality; SAT/ILP; independent verification,completed table; nonexistence; corrected database entry,VERIFY_OPEN_AND_NEAREST_PRIOR_BEFORE_LAUNCH
EXP-00352,"Coding theory, packing, and quantum information",Best-known linear code parameter gaps,binary linear codes,Improve a lower bound by construction or close a gap with an upper-bound certificate.,code equivalence quotient; SAT; OMT; weight enumerators,new best code; exact distance; nonexistence; construction family,VERIFY_OPEN_AND_NEAREST_PRIOR_BEFORE_LAUNCH
EXP-00353,"Coding theory, packing, and quantum information",Best-known linear code parameter gaps,q-ary linear codes,Improve a lower bound by construction or close a gap with an upper-bound certificate.,code equivalence quotient; SAT; OMT; weight enumerators,new best code; exact distance; nonexistence; construction family,VERIFY_OPEN_AND_NEAREST_PRIOR_BEFORE_LAUNCH
EXP-00354,"Coding theory, packing, and quantum information",Best-known linear code parameter gaps,cyclic codes,Improve a lower bound by construction or close a gap with an upper-bound certificate.,code equivalence quotient; SAT; OMT; weight enumerators,new best code; exact distance; nonexistence; construction family,VERIFY_OPEN_AND_NEAREST_PRIOR_BEFORE_LAUNCH
EXP-00355,"Coding theory, packing, and quantum information",Best-known linear code parameter gaps,quasi-cyclic codes,Improve a lower bound by construction or close a gap with an upper-bound certificate.,code equivalence quotient; SAT; OMT; weight enumerators,new best code; exact distance; nonexistence; construction family,VERIFY_OPEN_AND_NEAREST_PRIOR_BEFORE_LAUNCH
EXP-00356,"Coding theory, packing, and quantum information",Best-known linear code parameter gaps,algebraic-geometry codes,Improve a lower bound by construction or close a gap with an upper-bound certificate.,code equivalence quotient; SAT; OMT; weight enumerators,new best code; exact distance; nonexistence; construction family,VERIFY_OPEN_AND_NEAREST_PRIOR_BEFORE_LAUNCH
EXP-00357,"Coding theory, packing, and quantum information",Self-dual and divisible code classifications,self-dual codes,Classify first unknown lengths/dimensions and automorphism types.,canonical generation; mass formula; group action; checker,new classification; missing code; nonexistence; weight enumerator theorem,VERIFY_OPEN_AND_NEAREST_PRIOR_BEFORE_LAUNCH
EXP-00358,"Coding theory, packing, and quantum information",Self-dual and divisible code classifications,doubly-even codes,Classify first unknown lengths/dimensions and automorphism types.,canonical generation; mass formula; group action; checker,new classification; missing code; nonexistence; weight enumerator theorem,VERIFY_OPEN_AND_NEAREST_PRIOR_BEFORE_LAUNCH
EXP-00359,"Coding theory, packing, and quantum information",Self-dual and divisible code classifications,divisible codes,Classify first unknown lengths/dimensions and automorphism types.,canonical generation; mass formula; group action; checker,new classification; missing code; nonexistence; weight enumerator theorem,VERIFY_OPEN_AND_NEAREST_PRIOR_BEFORE_LAUNCH
EXP-00360,"Coding theory, packing, and quantum information",Self-dual and divisible code classifications,LCD codes,Classify first unknown lengths/dimensions and automorphism types.,canonical generation; mass formula; group action; checker,new classification; missing code; nonexistence; weight enumerator theorem,VERIFY_OPEN_AND_NEAREST_PRIOR_BEFORE_LAUNCH
EXP-00361,"Coding theory, packing, and quantum information",Self-dual and divisible code classifications,formally self-dual codes,Classify first unknown lengths/dimensions and automorphism types.,canonical generation; mass formula; group action; checker,new classification; missing code; nonexistence; weight enumerator theorem,VERIFY_OPEN_AND_NEAREST_PRIOR_BEFORE_LAUNCH
EXP-00362,"Coding theory, packing, and quantum information",Quantum stabilizer and subsystem code gaps,stabilizer codes,Find improved small parameters or certify impossible parameter sets.,symplectic exact search; SAT; linear algebra; independent verifier,new best quantum code; exact distance; no-go certificate,VERIFY_OPEN_AND_NEAREST_PRIOR_BEFORE_LAUNCH
EXP-00363,"Coding theory, packing, and quantum information",Quantum stabilizer and subsystem code gaps,subsystem codes,Find improved small parameters or certify impossible parameter sets.,symplectic exact search; SAT; linear algebra; independent verifier,new best quantum code; exact distance; no-go certificate,VERIFY_OPEN_AND_NEAREST_PRIOR_BEFORE_LAUNCH
EXP-00364,"Coding theory, packing, and quantum information",Quantum stabilizer and subsystem code gaps,entanglement-assisted codes,Find improved small parameters or certify impossible parameter sets.,symplectic exact search; SAT; linear algebra; independent verifier,new best quantum code; exact distance; no-go certificate,VERIFY_OPEN_AND_NEAREST_PRIOR_BEFORE_LAUNCH
EXP-00365,"Coding theory, packing, and quantum information",Quantum stabilizer and subsystem code gaps,quantum LDPC codes,Find improved small parameters or certify impossible parameter sets.,symplectic exact search; SAT; linear algebra; independent verifier,new best quantum code; exact distance; no-go certificate,VERIFY_OPEN_AND_NEAREST_PRIOR_BEFORE_LAUNCH
EXP-00366,"Coding theory, packing, and quantum information",Quantum stabilizer and subsystem code gaps,qudit codes,Find improved small parameters or certify impossible parameter sets.,symplectic exact search; SAT; linear algebra; independent verifier,new best quantum code; exact distance; no-go certificate,VERIFY_OPEN_AND_NEAREST_PRIOR_BEFORE_LAUNCH
EXP-00367,"Coding theory, packing, and quantum information",Locally repairable and storage code exact parameters,LRC codes,Resolve small exact parameter gaps and construct incidence-based codes.,design correspondence; ILP/SAT; matroid rank; code checker,new construction; exact bound; classified small parameters,VERIFY_OPEN_AND_NEAREST_PRIOR_BEFORE_LAUNCH
EXP-00368,"Coding theory, packing, and quantum information",Locally repairable and storage code exact parameters,batch codes,Resolve small exact parameter gaps and construct incidence-based codes.,design correspondence; ILP/SAT; matroid rank; code checker,new construction; exact bound; classified small parameters,VERIFY_OPEN_AND_NEAREST_PRIOR_BEFORE_LAUNCH
EXP-00369,"Coding theory, packing, and quantum information",Locally repairable and storage code exact parameters,PIR codes,Resolve small exact parameter gaps and construct incidence-based codes.,design correspondence; ILP/SAT; matroid rank; code checker,new construction; exact bound; classified small parameters,VERIFY_OPEN_AND_NEAREST_PRIOR_BEFORE_LAUNCH
EXP-00370,"Coding theory, packing, and quantum information",Locally repairable and storage code exact parameters,convertible codes,Resolve small exact parameter gaps and construct incidence-based codes.,design correspondence; ILP/SAT; matroid rank; code checker,new construction; exact bound; classified small parameters,VERIFY_OPEN_AND_NEAREST_PRIOR_BEFORE_LAUNCH
EXP-00371,"Coding theory, packing, and quantum information",Locally repairable and storage code exact parameters,regenerating codes,Resolve small exact parameter gaps and construct incidence-based codes.,design correspondence; ILP/SAT; matroid rank; code checker,new construction; exact bound; classified small parameters,VERIFY_OPEN_AND_NEAREST_PRIOR_BEFORE_LAUNCH
EXP-00372,"Coding theory, packing, and quantum information",Spherical and projective code records,spherical codes,Improve a lower bound or rigorously certify an upper bound at a concrete dimension/size.,SDP; interval arithmetic; group symmetry; exact Gram matrix,new packing; exact optimum; certified upper bound; classification,VERIFY_OPEN_AND_NEAREST_PRIOR_BEFORE_LAUNCH
EXP-00373,"Coding theory, packing, and quantum information",Spherical and projective code records,kissing configurations,Improve a lower bound or rigorously certify an upper bound at a concrete dimension/size.,SDP; interval arithmetic; group symmetry; exact Gram matrix,new packing; exact optimum; certified upper bound; classification,VERIFY_OPEN_AND_NEAREST_PRIOR_BEFORE_LAUNCH
EXP-00374,"Coding theory, packing, and quantum information",Spherical and projective code records,complex projective codes,Improve a lower bound or rigorously certify an upper bound at a concrete dimension/size.,SDP; interval arithmetic; group symmetry; exact Gram matrix,new packing; exact optimum; certified upper bound; classification,VERIFY_OPEN_AND_NEAREST_PRIOR_BEFORE_LAUNCH
EXP-00375,"Coding theory, packing, and quantum information",Spherical and projective code records,Grassmannian packings,Improve a lower bound or rigorously certify an upper bound at a concrete dimension/size.,SDP; interval arithmetic; group symmetry; exact Gram matrix,new packing; exact optimum; certified upper bound; classification,VERIFY_OPEN_AND_NEAREST_PRIOR_BEFORE_LAUNCH
EXP-00376,"Coding theory, packing, and quantum information",Spherical and projective code records,equiangular lines,Improve a lower bound or rigorously certify an upper bound at a concrete dimension/size.,SDP; interval arithmetic; group symmetry; exact Gram matrix,new packing; exact optimum; certified upper bound; classification,VERIFY_OPEN_AND_NEAREST_PRIOR_BEFORE_LAUNCH
EXP-00377,"Coding theory, packing, and quantum information",Lattice packing and covering finite searches,short vector configurations,Search low dimensions for new local optima and certify Gram matrices.,Voronoi enumeration; exact linear algebra; interval bounds; automorphism quotient,new lattice record; perfect-form classification; rigorous density bound,VERIFY_OPEN_AND_NEAREST_PRIOR_BEFORE_LAUNCH
EXP-00378,"Coding theory, packing, and quantum information",Lattice packing and covering finite searches,laminated lattices,Search low dimensions for new local optima and certify Gram matrices.,Voronoi enumeration; exact linear algebra; interval bounds; automorphism quotient,new lattice record; perfect-form classification; rigorous density bound,VERIFY_OPEN_AND_NEAREST_PRIOR_BEFORE_LAUNCH
EXP-00379,"Coding theory, packing, and quantum information",Lattice packing and covering finite searches,lattice coverings,Search low dimensions for new local optima and certify Gram matrices.,Voronoi enumeration; exact linear algebra; interval bounds; automorphism quotient,new lattice record; perfect-form classification; rigorous density bound,VERIFY_OPEN_AND_NEAREST_PRIOR_BEFORE_LAUNCH
EXP-00380,"Coding theory, packing, and quantum information",Lattice packing and covering finite searches,perfect lattices,Search low dimensions for new local optima and certify Gram matrices.,Voronoi enumeration; exact linear algebra; interval bounds; automorphism quotient,new lattice record; perfect-form classification; rigorous density bound,VERIFY_OPEN_AND_NEAREST_PRIOR_BEFORE_LAUNCH
EXP-00381,"Coding theory, packing, and quantum information",Lattice packing and covering finite searches,extreme lattices,Search low dimensions for new local optima and certify Gram matrices.,Voronoi enumeration; exact linear algebra; interval bounds; automorphism quotient,new lattice record; perfect-form classification; rigorous density bound,VERIFY_OPEN_AND_NEAREST_PRIOR_BEFORE_LAUNCH
EXP-00382,"Coding theory, packing, and quantum information",Sequence and array correlation extremals,Golay pairs,"Close exact lengths, improve records, or prove nonexistence.",FFT; SAT; symmetry; exact autocorrelation checker,new sequence; nonexistence; exact minimum sidelobe; construction,VERIFY_OPEN_AND_NEAREST_PRIOR_BEFORE_LAUNCH
EXP-00383,"Coding theory, packing, and quantum information",Sequence and array correlation extremals,Barker sequences,"Close exact lengths, improve records, or prove nonexistence.",FFT; SAT; symmetry; exact autocorrelation checker,new sequence; nonexistence; exact minimum sidelobe; construction,VERIFY_OPEN_AND_NEAREST_PRIOR_BEFORE_LAUNCH
EXP-00384,"Coding theory, packing, and quantum information",Sequence and array correlation extremals,complementary arrays,"Close exact lengths, improve records, or prove nonexistence.",FFT; SAT; symmetry; exact autocorrelation checker,new sequence; nonexistence; exact minimum sidelobe; construction,VERIFY_OPEN_AND_NEAREST_PRIOR_BEFORE_LAUNCH
EXP-00385,"Coding theory, packing, and quantum information",Sequence and array correlation extremals,low-autocorrelation binary sequences,"Close exact lengths, improve records, or prove nonexistence.",FFT; SAT; symmetry; exact autocorrelation checker,new sequence; nonexistence; exact minimum sidelobe; construction,VERIFY_OPEN_AND_NEAREST_PRIOR_BEFORE_LAUNCH
EXP-00386,"Coding theory, packing, and quantum information",Sequence and array correlation extremals,frequency-hopping sequences,"Close exact lengths, improve records, or prove nonexistence.",FFT; SAT; symmetry; exact autocorrelation checker,new sequence; nonexistence; exact minimum sidelobe; construction,VERIFY_OPEN_AND_NEAREST_PRIOR_BEFORE_LAUNCH
EXP-00387,"Coding theory, packing, and quantum information",Rank-metric and network code frontiers,rank-metric codes,Resolve small parameter gaps and classify optimal codes.,finite-field matrices; group quotient; ILP/SAT; checker,new best code; exact bound; equivalence classification,VERIFY_OPEN_AND_NEAREST_PRIOR_BEFORE_LAUNCH
EXP-00388,"Coding theory, packing, and quantum information",Rank-metric and network code frontiers,subspace codes,Resolve small parameter gaps and classify optimal codes.,finite-field matrices; group quotient; ILP/SAT; checker,new best code; exact bound; equivalence classification,VERIFY_OPEN_AND_NEAREST_PRIOR_BEFORE_LAUNCH
EXP-00389,"Coding theory, packing, and quantum information",Rank-metric and network code frontiers,network coding matroids,Resolve small parameter gaps and classify optimal codes.,finite-field matrices; group quotient; ILP/SAT; checker,new best code; exact bound; equivalence classification,VERIFY_OPEN_AND_NEAREST_PRIOR_BEFORE_LAUNCH
EXP-00390,"Coding theory, packing, and quantum information",Rank-metric and network code frontiers,Ferrers diagram codes,Resolve small parameter gaps and classify optimal codes.,finite-field matrices; group quotient; ILP/SAT; checker,new best code; exact bound; equivalence classification,VERIFY_OPEN_AND_NEAREST_PRIOR_BEFORE_LAUNCH
EXP-00391,"Coding theory, packing, and quantum information",Rank-metric and network code frontiers,sum-rank codes,Resolve small parameter gaps and classify optimal codes.,finite-field matrices; group quotient; ILP/SAT; checker,new best code; exact bound; equivalence classification,VERIFY_OPEN_AND_NEAREST_PRIOR_BEFORE_LAUNCH
EXP-00392,"Coding theory, packing, and quantum information",Code weight-distribution feasibility,weight enumerators,Use MacWilliams and integrality constraints to rule out or construct parameter sets.,exact linear constraints; OMT; character sums; design links,nonexistence theorem; new weight enumerator; code construction,VERIFY_OPEN_AND_NEAREST_PRIOR_BEFORE_LAUNCH
EXP-00393,"Coding theory, packing, and quantum information",Code weight-distribution feasibility,quantum weight enumerators,Use MacWilliams and integrality constraints to rule out or construct parameter sets.,exact linear constraints; OMT; character sums; design links,nonexistence theorem; new weight enumerator; code construction,VERIFY_OPEN_AND_NEAREST_PRIOR_BEFORE_LAUNCH
EXP-00394,"Coding theory, packing, and quantum information",Code weight-distribution feasibility,completely regular codes,Use MacWilliams and integrality constraints to rule out or construct parameter sets.,exact linear constraints; OMT; character sums; design links,nonexistence theorem; new weight enumerator; code construction,VERIFY_OPEN_AND_NEAREST_PRIOR_BEFORE_LAUNCH
EXP-00395,"Coding theory, packing, and quantum information",Code weight-distribution feasibility,few-weight codes,Use MacWilliams and integrality constraints to rule out or construct parameter sets.,exact linear constraints; OMT; character sums; design links,nonexistence theorem; new weight enumerator; code construction,VERIFY_OPEN_AND_NEAREST_PRIOR_BEFORE_LAUNCH
EXP-00396,"Coding theory, packing, and quantum information",Code weight-distribution feasibility,projective codes,Use MacWilliams and integrality constraints to rule out or construct parameter sets.,exact linear constraints; OMT; character sums; design links,nonexistence theorem; new weight enumerator; code construction,VERIFY_OPEN_AND_NEAREST_PRIOR_BEFORE_LAUNCH
EXP-00397,"Coding theory, packing, and quantum information","Frame, paving, and finite operator partition problems",finite Kadison-Singer paving constants,"Compute exact small constants, find constructive partitions, or certify improved finite bounds.",interlacing polynomials; SAT/SDP; spectral bounds; exact checker,improved paving number; constructive algorithm; sharp finite counterexample,VERIFY_OPEN_AND_NEAREST_PRIOR_BEFORE_LAUNCH
EXP-00398,"Coding theory, packing, and quantum information","Frame, paving, and finite operator partition problems",Parseval frame partitions,"Compute exact small constants, find constructive partitions, or certify improved finite bounds.",interlacing polynomials; SAT/SDP; spectral bounds; exact checker,improved paving number; constructive algorithm; sharp finite counterexample,VERIFY_OPEN_AND_NEAREST_PRIOR_BEFORE_LAUNCH
EXP-00399,"Coding theory, packing, and quantum information","Frame, paving, and finite operator partition problems",restricted invertibility constants,"Compute exact small constants, find constructive partitions, or certify improved finite bounds.",interlacing polynomials; SAT/SDP; spectral bounds; exact checker,improved paving number; constructive algorithm; sharp finite counterexample,VERIFY_OPEN_AND_NEAREST_PRIOR_BEFORE_LAUNCH
EXP-00400,"Coding theory, packing, and quantum information","Frame, paving, and finite operator partition problems",spectral sparsifiers,"Compute exact small constants, find constructive partitions, or certify improved finite bounds.",interlacing polynomials; SAT/SDP; spectral bounds; exact checker,improved paving number; constructive algorithm; sharp finite counterexample,VERIFY_OPEN_AND_NEAREST_PRIOR_BEFORE_LAUNCH
EXP-00401,"Coding theory, packing, and quantum information","Frame, paving, and finite operator partition problems",discrepancy frames,"Compute exact small constants, find constructive partitions, or certify improved finite bounds.",interlacing polynomials; SAT/SDP; spectral bounds; exact checker,improved paving number; constructive algorithm; sharp finite counterexample,VERIFY_OPEN_AND_NEAREST_PRIOR_BEFORE_LAUNCH
EXP-00402,"Topology, knots, and manifolds",Unknown knot invariant values in bounded crossing tables,unknotting number,Target database entries still unknown or interval-valued and produce rigorous bounds/certificates.,KnotInfo anomaly scan; diagram search; integer programming; independent invariants,resolved invariant; improved interval; corrected table entry,VERIFY_OPEN_AND_NEAREST_PRIOR_BEFORE_LAUNCH
EXP-00403,"Topology, knots, and manifolds",Unknown knot invariant values in bounded crossing tables,slice genus,Target database entries still unknown or interval-valued and produce rigorous bounds/certificates.,KnotInfo anomaly scan; diagram search; integer programming; independent invariants,resolved invariant; improved interval; corrected table entry,VERIFY_OPEN_AND_NEAREST_PRIOR_BEFORE_LAUNCH
EXP-00404,"Topology, knots, and manifolds",Unknown knot invariant values in bounded crossing tables,concordance order,Target database entries still unknown or interval-valued and produce rigorous bounds/certificates.,KnotInfo anomaly scan; diagram search; integer programming; independent invariants,resolved invariant; improved interval; corrected table entry,VERIFY_OPEN_AND_NEAREST_PRIOR_BEFORE_LAUNCH
EXP-00405,"Topology, knots, and manifolds",Unknown knot invariant values in bounded crossing tables,crosscap number,Target database entries still unknown or interval-valued and produce rigorous bounds/certificates.,KnotInfo anomaly scan; diagram search; integer programming; independent invariants,resolved invariant; improved interval; corrected table entry,VERIFY_OPEN_AND_NEAREST_PRIOR_BEFORE_LAUNCH
EXP-00406,"Topology, knots, and manifolds",Unknown knot invariant values in bounded crossing tables,tunnel number,Target database entries still unknown or interval-valued and produce rigorous bounds/certificates.,KnotInfo anomaly scan; diagram search; integer programming; independent invariants,resolved invariant; improved interval; corrected table entry,VERIFY_OPEN_AND_NEAREST_PRIOR_BEFORE_LAUNCH
EXP-00407,"Topology, knots, and manifolds",Small-knot counterexample mining,cosmetic crossing conjecture,Search bounded knot/link censuses for the smallest counterexample or stronger verified range.,canonical diagrams; SAT/normal surfaces; invariant filters; hostile verifier,smallest counterexample; verified census extension; obstruction theorem,VERIFY_OPEN_AND_NEAREST_PRIOR_BEFORE_LAUNCH
EXP-00408,"Topology, knots, and manifolds",Small-knot counterexample mining,nugatory crossing variants,Search bounded knot/link censuses for the smallest counterexample or stronger verified range.,canonical diagrams; SAT/normal surfaces; invariant filters; hostile verifier,smallest counterexample; verified census extension; obstruction theorem,VERIFY_OPEN_AND_NEAREST_PRIOR_BEFORE_LAUNCH
EXP-00409,"Topology, knots, and manifolds",Small-knot counterexample mining,chirally cosmetic surgery,Search bounded knot/link censuses for the smallest counterexample or stronger verified range.,canonical diagrams; SAT/normal surfaces; invariant filters; hostile verifier,smallest counterexample; verified census extension; obstruction theorem,VERIFY_OPEN_AND_NEAREST_PRIOR_BEFORE_LAUNCH
EXP-00410,"Topology, knots, and manifolds",Small-knot counterexample mining,generalized Property R,Search bounded knot/link censuses for the smallest counterexample or stronger verified range.,canonical diagrams; SAT/normal surfaces; invariant filters; hostile verifier,smallest counterexample; verified census extension; obstruction theorem,VERIFY_OPEN_AND_NEAREST_PRIOR_BEFORE_LAUNCH
EXP-00411,"Topology, knots, and manifolds",Small-knot counterexample mining,mutation-sensitive invariants,Search bounded knot/link censuses for the smallest counterexample or stronger verified range.,canonical diagrams; SAT/normal surfaces; invariant filters; hostile verifier,smallest counterexample; verified census extension; obstruction theorem,VERIFY_OPEN_AND_NEAREST_PRIOR_BEFORE_LAUNCH
EXP-00412,"Topology, knots, and manifolds",Knot concordance and sliceness classifications,topological sliceness,Resolve bounded crossing cases by combining algebraic and Floer-theoretic obstructions.,database joins; exact algebra; lattice embeddings; certificate bundle,new classification; improved bound; new obstruction example,VERIFY_OPEN_AND_NEAREST_PRIOR_BEFORE_LAUNCH
EXP-00413,"Topology, knots, and manifolds",Knot concordance and sliceness classifications,smooth sliceness,Resolve bounded crossing cases by combining algebraic and Floer-theoretic obstructions.,database joins; exact algebra; lattice embeddings; certificate bundle,new classification; improved bound; new obstruction example,VERIFY_OPEN_AND_NEAREST_PRIOR_BEFORE_LAUNCH
EXP-00414,"Topology, knots, and manifolds",Knot concordance and sliceness classifications,ribbon knots,Resolve bounded crossing cases by combining algebraic and Floer-theoretic obstructions.,database joins; exact algebra; lattice embeddings; certificate bundle,new classification; improved bound; new obstruction example,VERIFY_OPEN_AND_NEAREST_PRIOR_BEFORE_LAUNCH
EXP-00415,"Topology, knots, and manifolds",Knot concordance and sliceness classifications,double sliceness,Resolve bounded crossing cases by combining algebraic and Floer-theoretic obstructions.,database joins; exact algebra; lattice embeddings; certificate bundle,new classification; improved bound; new obstruction example,VERIFY_OPEN_AND_NEAREST_PRIOR_BEFORE_LAUNCH
EXP-00416,"Topology, knots, and manifolds",Knot concordance and sliceness classifications,concordance genus,Resolve bounded crossing cases by combining algebraic and Floer-theoretic obstructions.,database joins; exact algebra; lattice embeddings; certificate bundle,new classification; improved bound; new obstruction example,VERIFY_OPEN_AND_NEAREST_PRIOR_BEFORE_LAUNCH
EXP-00417,"Topology, knots, and manifolds",3-manifold census property completion,exceptional Dehn fillings,Fill missing properties for bounded triangulation censuses with certified computations.,normal surface algorithms; interval hyperbolic geometry; database anomaly mining; verifier,resolved census entries; smallest exception; verified equivalence range,VERIFY_OPEN_AND_NEAREST_PRIOR_BEFORE_LAUNCH
EXP-00418,"Topology, knots, and manifolds",3-manifold census property completion,left-orderability,Fill missing properties for bounded triangulation censuses with certified computations.,normal surface algorithms; interval hyperbolic geometry; database anomaly mining; verifier,resolved census entries; smallest exception; verified equivalence range,VERIFY_OPEN_AND_NEAREST_PRIOR_BEFORE_LAUNCH
EXP-00419,"Topology, knots, and manifolds",3-manifold census property completion,L-spaces,Fill missing properties for bounded triangulation censuses with certified computations.,normal surface algorithms; interval hyperbolic geometry; database anomaly mining; verifier,resolved census entries; smallest exception; verified equivalence range,VERIFY_OPEN_AND_NEAREST_PRIOR_BEFORE_LAUNCH
EXP-00420,"Topology, knots, and manifolds",3-manifold census property completion,taut foliations,Fill missing properties for bounded triangulation censuses with certified computations.,normal surface algorithms; interval hyperbolic geometry; database anomaly mining; verifier,resolved census entries; smallest exception; verified equivalence range,VERIFY_OPEN_AND_NEAREST_PRIOR_BEFORE_LAUNCH
EXP-00421,"Topology, knots, and manifolds",3-manifold census property completion,virtual fibering,Fill missing properties for bounded triangulation censuses with certified computations.,normal surface algorithms; interval hyperbolic geometry; database anomaly mining; verifier,resolved census entries; smallest exception; verified equivalence range,VERIFY_OPEN_AND_NEAREST_PRIOR_BEFORE_LAUNCH
EXP-00422,"Topology, knots, and manifolds",Minimal triangulations and complexity,minimal triangulations of 3-manifolds,Prove minimality for the next unresolved census object.,canonical triangulation generation; Pachner search; integer constraints; certificate,new minimality proof; improved triangulation; census classification,VERIFY_OPEN_AND_NEAREST_PRIOR_BEFORE_LAUNCH
EXP-00423,"Topology, knots, and manifolds",Minimal triangulations and complexity,Matveev complexity,Prove minimality for the next unresolved census object.,canonical triangulation generation; Pachner search; integer constraints; certificate,new minimality proof; improved triangulation; census classification,VERIFY_OPEN_AND_NEAREST_PRIOR_BEFORE_LAUNCH
EXP-00424,"Topology, knots, and manifolds",Minimal triangulations and complexity,ideal triangulations,Prove minimality for the next unresolved census object.,canonical triangulation generation; Pachner search; integer constraints; certificate,new minimality proof; improved triangulation; census classification,VERIFY_OPEN_AND_NEAREST_PRIOR_BEFORE_LAUNCH
EXP-00425,"Topology, knots, and manifolds",Minimal triangulations and complexity,crystallizations,Prove minimality for the next unresolved census object.,canonical triangulation generation; Pachner search; integer constraints; certificate,new minimality proof; improved triangulation; census classification,VERIFY_OPEN_AND_NEAREST_PRIOR_BEFORE_LAUNCH
EXP-00426,"Topology, knots, and manifolds",Minimal triangulations and complexity,4-manifold triangulations,Prove minimality for the next unresolved census object.,canonical triangulation generation; Pachner search; integer constraints; certificate,new minimality proof; improved triangulation; census classification,VERIFY_OPEN_AND_NEAREST_PRIOR_BEFORE_LAUNCH
EXP-00427,"Topology, knots, and manifolds",Surface embeddings and graph genus,minimum genus embeddings,Close exact values for small structured graph families.,SAT/SMT; rotation systems; graph automorphisms; checker,new exact genus/crossing number; classified embeddings,VERIFY_OPEN_AND_NEAREST_PRIOR_BEFORE_LAUNCH
EXP-00428,"Topology, knots, and manifolds",Surface embeddings and graph genus,crossing number,Close exact values for small structured graph families.,SAT/SMT; rotation systems; graph automorphisms; checker,new exact genus/crossing number; classified embeddings,VERIFY_OPEN_AND_NEAREST_PRIOR_BEFORE_LAUNCH
EXP-00429,"Topology, knots, and manifolds",Surface embeddings and graph genus,book thickness,Close exact values for small structured graph families.,SAT/SMT; rotation systems; graph automorphisms; checker,new exact genus/crossing number; classified embeddings,VERIFY_OPEN_AND_NEAREST_PRIOR_BEFORE_LAUNCH
EXP-00430,"Topology, knots, and manifolds",Surface embeddings and graph genus,queue number,Close exact values for small structured graph families.,SAT/SMT; rotation systems; graph automorphisms; checker,new exact genus/crossing number; classified embeddings,VERIFY_OPEN_AND_NEAREST_PRIOR_BEFORE_LAUNCH
EXP-00431,"Topology, knots, and manifolds",Surface embeddings and graph genus,linkless embeddings,Close exact values for small structured graph families.,SAT/SMT; rotation systems; graph automorphisms; checker,new exact genus/crossing number; classified embeddings,VERIFY_OPEN_AND_NEAREST_PRIOR_BEFORE_LAUNCH
EXP-00432,"Topology, knots, and manifolds",Low-dimensional topology problem-list finite cases,Kirby-list bounded cases,Extract finite or computationally bounded subproblems and produce reproducible certificates.,problem-gap extraction; exact search; group presentations; proof receipts,new bounded theorem; explicit example; nonexistence in a restricted class,VERIFY_OPEN_AND_NEAREST_PRIOR_BEFORE_LAUNCH
EXP-00433,"Topology, knots, and manifolds",Low-dimensional topology problem-list finite cases,exotic surface configurations,Extract finite or computationally bounded subproblems and produce reproducible certificates.,problem-gap extraction; exact search; group presentations; proof receipts,new bounded theorem; explicit example; nonexistence in a restricted class,VERIFY_OPEN_AND_NEAREST_PRIOR_BEFORE_LAUNCH
EXP-00434,"Topology, knots, and manifolds",Low-dimensional topology problem-list finite cases,corks and plugs,Extract finite or computationally bounded subproblems and produce reproducible certificates.,problem-gap extraction; exact search; group presentations; proof receipts,new bounded theorem; explicit example; nonexistence in a restricted class,VERIFY_OPEN_AND_NEAREST_PRIOR_BEFORE_LAUNCH
EXP-00435,"Topology, knots, and manifolds",Low-dimensional topology problem-list finite cases,mapping-class factorizations,Extract finite or computationally bounded subproblems and produce reproducible certificates.,problem-gap extraction; exact search; group presentations; proof receipts,new bounded theorem; explicit example; nonexistence in a restricted class,VERIFY_OPEN_AND_NEAREST_PRIOR_BEFORE_LAUNCH
EXP-00436,"Topology, knots, and manifolds",Low-dimensional topology problem-list finite cases,trisection genus,Extract finite or computationally bounded subproblems and produce reproducible certificates.,problem-gap extraction; exact search; group presentations; proof receipts,new bounded theorem; explicit example; nonexistence in a restricted class,VERIFY_OPEN_AND_NEAREST_PRIOR_BEFORE_LAUNCH
EXP-00437,"Topology, knots, and manifolds",Homology and Floer invariant computation gaps,Khovanov homology,"Compute missing bounded cases, cross-check independent implementations, and identify patterns.",exact chain complexes; sparse linear algebra; dual verifiers; sequence mining,new database values; corrected invariant; conjectured formula; formal finite result,VERIFY_OPEN_AND_NEAREST_PRIOR_BEFORE_LAUNCH
EXP-00438,"Topology, knots, and manifolds",Homology and Floer invariant computation gaps,knot Floer homology,"Compute missing bounded cases, cross-check independent implementations, and identify patterns.",exact chain complexes; sparse linear algebra; dual verifiers; sequence mining,new database values; corrected invariant; conjectured formula; formal finite result,VERIFY_OPEN_AND_NEAREST_PRIOR_BEFORE_LAUNCH
EXP-00439,"Topology, knots, and manifolds",Homology and Floer invariant computation gaps,Heegaard Floer correction terms,"Compute missing bounded cases, cross-check independent implementations, and identify patterns.",exact chain complexes; sparse linear algebra; dual verifiers; sequence mining,new database values; corrected invariant; conjectured formula; formal finite result,VERIFY_OPEN_AND_NEAREST_PRIOR_BEFORE_LAUNCH
EXP-00440,"Topology, knots, and manifolds",Homology and Floer invariant computation gaps,instanton invariants,"Compute missing bounded cases, cross-check independent implementations, and identify patterns.",exact chain complexes; sparse linear algebra; dual verifiers; sequence mining,new database values; corrected invariant; conjectured formula; formal finite result,VERIFY_OPEN_AND_NEAREST_PRIOR_BEFORE_LAUNCH
EXP-00441,"Topology, knots, and manifolds",Homology and Floer invariant computation gaps,persistent homology torsion,"Compute missing bounded cases, cross-check independent implementations, and identify patterns.",exact chain complexes; sparse linear algebra; dual verifiers; sequence mining,new database values; corrected invariant; conjectured formula; formal finite result,VERIFY_OPEN_AND_NEAREST_PRIOR_BEFORE_LAUNCH
EXP-00442,"Topology, knots, and manifolds",Braid and mapping-class optimization,minimum braid index,Find exact optima for bounded families and certify them.,group normal forms; SMT; interval eigenvalues; orbit quotient,new exact optimum; extremal braid/mapping class; lower-bound certificate,VERIFY_OPEN_AND_NEAREST_PRIOR_BEFORE_LAUNCH
EXP-00443,"Topology, knots, and manifolds",Braid and mapping-class optimization,positive braid length,Find exact optima for bounded families and certify them.,group normal forms; SMT; interval eigenvalues; orbit quotient,new exact optimum; extremal braid/mapping class; lower-bound certificate,VERIFY_OPEN_AND_NEAREST_PRIOR_BEFORE_LAUNCH
EXP-00444,"Topology, knots, and manifolds",Braid and mapping-class optimization,pseudo-Anosov dilatation,Find exact optima for bounded families and certify them.,group normal forms; SMT; interval eigenvalues; orbit quotient,new exact optimum; extremal braid/mapping class; lower-bound certificate,VERIFY_OPEN_AND_NEAREST_PRIOR_BEFORE_LAUNCH
EXP-00445,"Topology, knots, and manifolds",Braid and mapping-class optimization,mapping-class word length,Find exact optima for bounded families and certify them.,group normal forms; SMT; interval eigenvalues; orbit quotient,new exact optimum; extremal braid/mapping class; lower-bound certificate,VERIFY_OPEN_AND_NEAREST_PRIOR_BEFORE_LAUNCH
EXP-00446,"Topology, knots, and manifolds",Braid and mapping-class optimization,destabilization distance,Find exact optima for bounded families and certify them.,group normal forms; SMT; interval eigenvalues; orbit quotient,new exact optimum; extremal braid/mapping class; lower-bound certificate,VERIFY_OPEN_AND_NEAREST_PRIOR_BEFORE_LAUNCH
EXP-00447,"Topology, knots, and manifolds",Hyperbolic structure and volume extremals,minimal knot volumes,Search censuses and rigorously certify candidate records.,interval arithmetic; canonical triangulations; number-field recognition; checker,new record manifold; certified volume; exact arithmetic identification,VERIFY_OPEN_AND_NEAREST_PRIOR_BEFORE_LAUNCH
EXP-00448,"Topology, knots, and manifolds",Hyperbolic structure and volume extremals,cusped manifold volumes,Search censuses and rigorously certify candidate records.,interval arithmetic; canonical triangulations; number-field recognition; checker,new record manifold; certified volume; exact arithmetic identification,VERIFY_OPEN_AND_NEAREST_PRIOR_BEFORE_LAUNCH
EXP-00449,"Topology, knots, and manifolds",Hyperbolic structure and volume extremals,systole bounds,Search censuses and rigorously certify candidate records.,interval arithmetic; canonical triangulations; number-field recognition; checker,new record manifold; certified volume; exact arithmetic identification,VERIFY_OPEN_AND_NEAREST_PRIOR_BEFORE_LAUNCH
EXP-00450,"Topology, knots, and manifolds",Hyperbolic structure and volume extremals,exceptional surgery lengths,Search censuses and rigorously certify candidate records.,interval arithmetic; canonical triangulations; number-field recognition; checker,new record manifold; certified volume; exact arithmetic identification,VERIFY_OPEN_AND_NEAREST_PRIOR_BEFORE_LAUNCH
EXP-00451,"Topology, knots, and manifolds",Hyperbolic structure and volume extremals,arithmetic manifold records,Search censuses and rigorously certify candidate records.,interval arithmetic; canonical triangulations; number-field recognition; checker,new record manifold; certified volume; exact arithmetic identification,VERIFY_OPEN_AND_NEAREST_PRIOR_BEFORE_LAUNCH
EXP-00452,"Discrete geometry, tilings, and metric problems",Unit-distance and chromatic finite subgraphs,unit-distance graphs,Find smaller witnesses or certify nonexistence under vertex/symmetry constraints.,geometric SAT; exact algebraic coordinates; graph coloring; interval verification,smaller chromatic witness; exact coordinate certificate; improved bound,VERIFY_OPEN_AND_NEAREST_PRIOR_BEFORE_LAUNCH
EXP-00453,"Discrete geometry, tilings, and metric problems",Unit-distance and chromatic finite subgraphs,measurable chromatic lower-bound graphs,Find smaller witnesses or certify nonexistence under vertex/symmetry constraints.,geometric SAT; exact algebraic coordinates; graph coloring; interval verification,smaller chromatic witness; exact coordinate certificate; improved bound,VERIFY_OPEN_AND_NEAREST_PRIOR_BEFORE_LAUNCH
EXP-00454,"Discrete geometry, tilings, and metric problems",Unit-distance and chromatic finite subgraphs,Euclidean Ramsey configurations,Find smaller witnesses or certify nonexistence under vertex/symmetry constraints.,geometric SAT; exact algebraic coordinates; graph coloring; interval verification,smaller chromatic witness; exact coordinate certificate; improved bound,VERIFY_OPEN_AND_NEAREST_PRIOR_BEFORE_LAUNCH
EXP-00455,"Discrete geometry, tilings, and metric problems",Unit-distance and chromatic finite subgraphs,distance-avoiding graphs,Find smaller witnesses or certify nonexistence under vertex/symmetry constraints.,geometric SAT; exact algebraic coordinates; graph coloring; interval verification,smaller chromatic witness; exact coordinate certificate; improved bound,VERIFY_OPEN_AND_NEAREST_PRIOR_BEFORE_LAUNCH
EXP-00456,"Discrete geometry, tilings, and metric problems",Unit-distance and chromatic finite subgraphs,spherical distance graphs,Find smaller witnesses or certify nonexistence under vertex/symmetry constraints.,geometric SAT; exact algebraic coordinates; graph coloring; interval verification,smaller chromatic witness; exact coordinate certificate; improved bound,VERIFY_OPEN_AND_NEAREST_PRIOR_BEFORE_LAUNCH
EXP-00457,"Discrete geometry, tilings, and metric problems",Packing and covering exact small cases,circle packing in polygons,Improve a record and certify it with interval branch-and-bound.,global optimization; interval arithmetic; symmetry; exact contact graph,new packing/covering record; rigorous optimum; contact-graph classification,VERIFY_OPEN_AND_NEAREST_PRIOR_BEFORE_LAUNCH
EXP-00458,"Discrete geometry, tilings, and metric problems",Packing and covering exact small cases,sphere packing in boxes,Improve a record and certify it with interval branch-and-bound.,global optimization; interval arithmetic; symmetry; exact contact graph,new packing/covering record; rigorous optimum; contact-graph classification,VERIFY_OPEN_AND_NEAREST_PRIOR_BEFORE_LAUNCH
EXP-00459,"Discrete geometry, tilings, and metric problems",Packing and covering exact small cases,covering disks,Improve a record and certify it with interval branch-and-bound.,global optimization; interval arithmetic; symmetry; exact contact graph,new packing/covering record; rigorous optimum; contact-graph classification,VERIFY_OPEN_AND_NEAREST_PRIOR_BEFORE_LAUNCH
EXP-00460,"Discrete geometry, tilings, and metric problems",Packing and covering exact small cases,Tammes problem,Improve a record and certify it with interval branch-and-bound.,global optimization; interval arithmetic; symmetry; exact contact graph,new packing/covering record; rigorous optimum; contact-graph classification,VERIFY_OPEN_AND_NEAREST_PRIOR_BEFORE_LAUNCH
EXP-00461,"Discrete geometry, tilings, and metric problems",Packing and covering exact small cases,Thomson-type discrete energies,Improve a record and certify it with interval branch-and-bound.,global optimization; interval arithmetic; symmetry; exact contact graph,new packing/covering record; rigorous optimum; contact-graph classification,VERIFY_OPEN_AND_NEAREST_PRIOR_BEFORE_LAUNCH
EXP-00462,"Discrete geometry, tilings, and metric problems","Kissing, equiangular, and few-distance configurations",kissing numbers,Resolve a finite dimension/size case via SDP plus exact Gram reconstruction.,Delsarte/SDP; algebraic number recognition; interval eigenvalues; symmetry,new configuration; certified upper bound; exact classification,VERIFY_OPEN_AND_NEAREST_PRIOR_BEFORE_LAUNCH
EXP-00463,"Discrete geometry, tilings, and metric problems","Kissing, equiangular, and few-distance configurations",equiangular lines,Resolve a finite dimension/size case via SDP plus exact Gram reconstruction.,Delsarte/SDP; algebraic number recognition; interval eigenvalues; symmetry,new configuration; certified upper bound; exact classification,VERIFY_OPEN_AND_NEAREST_PRIOR_BEFORE_LAUNCH
EXP-00464,"Discrete geometry, tilings, and metric problems","Kissing, equiangular, and few-distance configurations",two-distance sets,Resolve a finite dimension/size case via SDP plus exact Gram reconstruction.,Delsarte/SDP; algebraic number recognition; interval eigenvalues; symmetry,new configuration; certified upper bound; exact classification,VERIFY_OPEN_AND_NEAREST_PRIOR_BEFORE_LAUNCH
EXP-00465,"Discrete geometry, tilings, and metric problems","Kissing, equiangular, and few-distance configurations",spherical designs,Resolve a finite dimension/size case via SDP plus exact Gram reconstruction.,Delsarte/SDP; algebraic number recognition; interval eigenvalues; symmetry,new configuration; certified upper bound; exact classification,VERIFY_OPEN_AND_NEAREST_PRIOR_BEFORE_LAUNCH
EXP-00466,"Discrete geometry, tilings, and metric problems","Kissing, equiangular, and few-distance configurations",universal optima,Resolve a finite dimension/size case via SDP plus exact Gram reconstruction.,Delsarte/SDP; algebraic number recognition; interval eigenvalues; symmetry,new configuration; certified upper bound; exact classification,VERIFY_OPEN_AND_NEAREST_PRIOR_BEFORE_LAUNCH
EXP-00467,"Discrete geometry, tilings, and metric problems",Polyomino and polycube tilings,rep-tiles,Find first missing tileability cases or prove non-tileability using coloring/invariant certificates.,exact cover; symmetry; modular invariants; SAT proof,new tiling family; minimum rectangle; non-tileability theorem,VERIFY_OPEN_AND_NEAREST_PRIOR_BEFORE_LAUNCH
EXP-00468,"Discrete geometry, tilings, and metric problems",Polyomino and polycube tilings,rectangle tilings,Find first missing tileability cases or prove non-tileability using coloring/invariant certificates.,exact cover; symmetry; modular invariants; SAT proof,new tiling family; minimum rectangle; non-tileability theorem,VERIFY_OPEN_AND_NEAREST_PRIOR_BEFORE_LAUNCH
EXP-00469,"Discrete geometry, tilings, and metric problems",Polyomino and polycube tilings,signed tilings,Find first missing tileability cases or prove non-tileability using coloring/invariant certificates.,exact cover; symmetry; modular invariants; SAT proof,new tiling family; minimum rectangle; non-tileability theorem,VERIFY_OPEN_AND_NEAREST_PRIOR_BEFORE_LAUNCH
EXP-00470,"Discrete geometry, tilings, and metric problems",Polyomino and polycube tilings,polycube boxes,Find first missing tileability cases or prove non-tileability using coloring/invariant certificates.,exact cover; symmetry; modular invariants; SAT proof,new tiling family; minimum rectangle; non-tileability theorem,VERIFY_OPEN_AND_NEAREST_PRIOR_BEFORE_LAUNCH
EXP-00471,"Discrete geometry, tilings, and metric problems",Polyomino and polycube tilings,exact-cover tiling puzzles with research parameters,Find first missing tileability cases or prove non-tileability using coloring/invariant certificates.,exact cover; symmetry; modular invariants; SAT proof,new tiling family; minimum rectangle; non-tileability theorem,VERIFY_OPEN_AND_NEAREST_PRIOR_BEFORE_LAUNCH
EXP-00472,"Discrete geometry, tilings, and metric problems",Aperiodic and substitution tiling finite certification,small aperiodic tile sets,Search reduced tile sets or prove periodicity/nonperiodicity for restricted systems.,SAT; automata; local-to-global obstruction; proof extraction,smaller aperiodic set; periodicity theorem; explicit tiling certificate,VERIFY_OPEN_AND_NEAREST_PRIOR_BEFORE_LAUNCH
EXP-00473,"Discrete geometry, tilings, and metric problems",Aperiodic and substitution tiling finite certification,Wang tiles,Search reduced tile sets or prove periodicity/nonperiodicity for restricted systems.,SAT; automata; local-to-global obstruction; proof extraction,smaller aperiodic set; periodicity theorem; explicit tiling certificate,VERIFY_OPEN_AND_NEAREST_PRIOR_BEFORE_LAUNCH
EXP-00474,"Discrete geometry, tilings, and metric problems",Aperiodic and substitution tiling finite certification,substitution tilings,Search reduced tile sets or prove periodicity/nonperiodicity for restricted systems.,SAT; automata; local-to-global obstruction; proof extraction,smaller aperiodic set; periodicity theorem; explicit tiling certificate,VERIFY_OPEN_AND_NEAREST_PRIOR_BEFORE_LAUNCH
EXP-00475,"Discrete geometry, tilings, and metric problems",Aperiodic and substitution tiling finite certification,monotiles,Search reduced tile sets or prove periodicity/nonperiodicity for restricted systems.,SAT; automata; local-to-global obstruction; proof extraction,smaller aperiodic set; periodicity theorem; explicit tiling certificate,VERIFY_OPEN_AND_NEAREST_PRIOR_BEFORE_LAUNCH
EXP-00476,"Discrete geometry, tilings, and metric problems",Aperiodic and substitution tiling finite certification,local matching-rule variants,Search reduced tile sets or prove periodicity/nonperiodicity for restricted systems.,SAT; automata; local-to-global obstruction; proof extraction,smaller aperiodic set; periodicity theorem; explicit tiling certificate,VERIFY_OPEN_AND_NEAREST_PRIOR_BEFORE_LAUNCH
EXP-00477,"Discrete geometry, tilings, and metric problems",Distance set and distinct-distance extremals,Erdős distinct distances finite n,Compute exact small-n values and classify extremal configurations.,graph census; exact algebraic geometry; SAT; interval verification,new exact value; extremal configuration; improved bound,VERIFY_OPEN_AND_NEAREST_PRIOR_BEFORE_LAUNCH
EXP-00478,"Discrete geometry, tilings, and metric problems",Distance set and distinct-distance extremals,integer-distance sets,Compute exact small-n values and classify extremal configurations.,graph census; exact algebraic geometry; SAT; interval verification,new exact value; extremal configuration; improved bound,VERIFY_OPEN_AND_NEAREST_PRIOR_BEFORE_LAUNCH
EXP-00479,"Discrete geometry, tilings, and metric problems",Distance set and distinct-distance extremals,few-distance graphs,Compute exact small-n values and classify extremal configurations.,graph census; exact algebraic geometry; SAT; interval verification,new exact value; extremal configuration; improved bound,VERIFY_OPEN_AND_NEAREST_PRIOR_BEFORE_LAUNCH
EXP-00480,"Discrete geometry, tilings, and metric problems",Distance set and distinct-distance extremals,diameter graphs,Compute exact small-n values and classify extremal configurations.,graph census; exact algebraic geometry; SAT; interval verification,new exact value; extremal configuration; improved bound,VERIFY_OPEN_AND_NEAREST_PRIOR_BEFORE_LAUNCH
EXP-00481,"Discrete geometry, tilings, and metric problems",Distance set and distinct-distance extremals,rational distance sets,Compute exact small-n values and classify extremal configurations.,graph census; exact algebraic geometry; SAT; interval verification,new exact value; extremal configuration; improved bound,VERIFY_OPEN_AND_NEAREST_PRIOR_BEFORE_LAUNCH
EXP-00482,"Discrete geometry, tilings, and metric problems",Convexity and Helly-type finite parameters,Hadwiger-Debrunner numbers,Resolve exact low-dimensional/small-parameter cases.,SAT/ILP; oriented matroids; canonical order types; checker,new exact parameter; extremal order type; improved bound,VERIFY_OPEN_AND_NEAREST_PRIOR_BEFORE_LAUNCH
EXP-00483,"Discrete geometry, tilings, and metric problems",Convexity and Helly-type finite parameters,colorful Helly constants,Resolve exact low-dimensional/small-parameter cases.,SAT/ILP; oriented matroids; canonical order types; checker,new exact parameter; extremal order type; improved bound,VERIFY_OPEN_AND_NEAREST_PRIOR_BEFORE_LAUNCH
EXP-00484,"Discrete geometry, tilings, and metric problems",Convexity and Helly-type finite parameters,piercing numbers,Resolve exact low-dimensional/small-parameter cases.,SAT/ILP; oriented matroids; canonical order types; checker,new exact parameter; extremal order type; improved bound,VERIFY_OPEN_AND_NEAREST_PRIOR_BEFORE_LAUNCH
EXP-00485,"Discrete geometry, tilings, and metric problems",Convexity and Helly-type finite parameters,epsilon-net exact cases,Resolve exact low-dimensional/small-parameter cases.,SAT/ILP; oriented matroids; canonical order types; checker,new exact parameter; extremal order type; improved bound,VERIFY_OPEN_AND_NEAREST_PRIOR_BEFORE_LAUNCH
EXP-00486,"Discrete geometry, tilings, and metric problems",Convexity and Helly-type finite parameters,convex-position Ramsey numbers,Resolve exact low-dimensional/small-parameter cases.,SAT/ILP; oriented matroids; canonical order types; checker,new exact parameter; extremal order type; improved bound,VERIFY_OPEN_AND_NEAREST_PRIOR_BEFORE_LAUNCH
EXP-00487,"Discrete geometry, tilings, and metric problems",Order-type and pseudoline arrangement classification,order types,Find smallest nonrealizable/exceptional cases or complete bounded censuses.,canonical augmentation; SAT/SMT; polynomial realization; certificate,new minimal example; complete census; realizability/nonrealizability certificate,VERIFY_OPEN_AND_NEAREST_PRIOR_BEFORE_LAUNCH
EXP-00488,"Discrete geometry, tilings, and metric problems",Order-type and pseudoline arrangement classification,stretchability,Find smallest nonrealizable/exceptional cases or complete bounded censuses.,canonical augmentation; SAT/SMT; polynomial realization; certificate,new minimal example; complete census; realizability/nonrealizability certificate,VERIFY_OPEN_AND_NEAREST_PRIOR_BEFORE_LAUNCH
EXP-00489,"Discrete geometry, tilings, and metric problems",Order-type and pseudoline arrangement classification,pseudoline arrangements,Find smallest nonrealizable/exceptional cases or complete bounded censuses.,canonical augmentation; SAT/SMT; polynomial realization; certificate,new minimal example; complete census; realizability/nonrealizability certificate,VERIFY_OPEN_AND_NEAREST_PRIOR_BEFORE_LAUNCH
EXP-00490,"Discrete geometry, tilings, and metric problems",Order-type and pseudoline arrangement classification,allowable sequences,Find smallest nonrealizable/exceptional cases or complete bounded censuses.,canonical augmentation; SAT/SMT; polynomial realization; certificate,new minimal example; complete census; realizability/nonrealizability certificate,VERIFY_OPEN_AND_NEAREST_PRIOR_BEFORE_LAUNCH
EXP-00491,"Discrete geometry, tilings, and metric problems",Order-type and pseudoline arrangement classification,oriented matroid realizability,Find smallest nonrealizable/exceptional cases or complete bounded censuses.,canonical augmentation; SAT/SMT; polynomial realization; certificate,new minimal example; complete census; realizability/nonrealizability certificate,VERIFY_OPEN_AND_NEAREST_PRIOR_BEFORE_LAUNCH
EXP-00492,"Discrete geometry, tilings, and metric problems",Polytope and face-number frontiers,f-vectors,Resolve small dimension/vertex cases and classify combinatorial types.,oriented matroids; SAT; exact coordinates; symmetry,new polytope; nonrealizability; exact face-number bound,VERIFY_OPEN_AND_NEAREST_PRIOR_BEFORE_LAUNCH
EXP-00493,"Discrete geometry, tilings, and metric problems",Polytope and face-number frontiers,neighborly polytopes,Resolve small dimension/vertex cases and classify combinatorial types.,oriented matroids; SAT; exact coordinates; symmetry,new polytope; nonrealizability; exact face-number bound,VERIFY_OPEN_AND_NEAREST_PRIOR_BEFORE_LAUNCH
EXP-00494,"Discrete geometry, tilings, and metric problems",Polytope and face-number frontiers,centrally symmetric polytopes,Resolve small dimension/vertex cases and classify combinatorial types.,oriented matroids; SAT; exact coordinates; symmetry,new polytope; nonrealizability; exact face-number bound,VERIFY_OPEN_AND_NEAREST_PRIOR_BEFORE_LAUNCH
EXP-00495,"Discrete geometry, tilings, and metric problems",Polytope and face-number frontiers,inscribability,Resolve small dimension/vertex cases and classify combinatorial types.,oriented matroids; SAT; exact coordinates; symmetry,new polytope; nonrealizability; exact face-number bound,VERIFY_OPEN_AND_NEAREST_PRIOR_BEFORE_LAUNCH
EXP-00496,"Discrete geometry, tilings, and metric problems",Polytope and face-number frontiers,realization spaces,Resolve small dimension/vertex cases and classify combinatorial types.,oriented matroids; SAT; exact coordinates; symmetry,new polytope; nonrealizability; exact face-number bound,VERIFY_OPEN_AND_NEAREST_PRIOR_BEFORE_LAUNCH
EXP-00497,"Discrete geometry, tilings, and metric problems",Geometric transversal and illumination problems,illumination numbers,Improve exact low-dimensional values with certified configurations and lower bounds.,set cover ILP; symmetry; interval geometry; dual certificates,new exact value; improved bound; extremal configuration,VERIFY_OPEN_AND_NEAREST_PRIOR_BEFORE_LAUNCH
EXP-00498,"Discrete geometry, tilings, and metric problems",Geometric transversal and illumination problems,X-ray numbers,Improve exact low-dimensional values with certified configurations and lower bounds.,set cover ILP; symmetry; interval geometry; dual certificates,new exact value; improved bound; extremal configuration,VERIFY_OPEN_AND_NEAREST_PRIOR_BEFORE_LAUNCH
EXP-00499,"Discrete geometry, tilings, and metric problems",Geometric transversal and illumination problems,opaque sets,Improve exact low-dimensional values with certified configurations and lower bounds.,set cover ILP; symmetry; interval geometry; dual certificates,new exact value; improved bound; extremal configuration,VERIFY_OPEN_AND_NEAREST_PRIOR_BEFORE_LAUNCH
EXP-00500,"Discrete geometry, tilings, and metric problems",Geometric transversal and illumination problems,art gallery variants,Improve exact low-dimensional values with certified configurations and lower bounds.,set cover ILP; symmetry; interval geometry; dual certificates,new exact value; improved bound; extremal configuration,VERIFY_OPEN_AND_NEAREST_PRIOR_BEFORE_LAUNCH
EXP-00501,"Discrete geometry, tilings, and metric problems",Geometric transversal and illumination problems,geometric hitting sets,Improve exact low-dimensional values with certified configurations and lower bounds.,set cover ILP; symmetry; interval geometry; dual certificates,new exact value; improved bound; extremal configuration,VERIFY_OPEN_AND_NEAREST_PRIOR_BEFORE_LAUNCH
EXP-00502,"Analysis, PDE, and operator theory",Rigorous special-function inequalities,Bessel inequalities,Discover and certify sharper parameter-uniform inequalities.,interval arithmetic; Taylor models; monotonicity decomposition; exact constants,new sharp inequality; improved constant; counterexample to published bound,VERIFY_OPEN_AND_NEAREST_PRIOR_BEFORE_LAUNCH
EXP-00503,"Analysis, PDE, and operator theory",Rigorous special-function inequalities,gamma-function bounds,Discover and certify sharper parameter-uniform inequalities.,interval arithmetic; Taylor models; monotonicity decomposition; exact constants,new sharp inequality; improved constant; counterexample to published bound,VERIFY_OPEN_AND_NEAREST_PRIOR_BEFORE_LAUNCH
EXP-00504,"Analysis, PDE, and operator theory",Rigorous special-function inequalities,elliptic integral inequalities,Discover and certify sharper parameter-uniform inequalities.,interval arithmetic; Taylor models; monotonicity decomposition; exact constants,new sharp inequality; improved constant; counterexample to published bound,VERIFY_OPEN_AND_NEAREST_PRIOR_BEFORE_LAUNCH
EXP-00505,"Analysis, PDE, and operator theory",Rigorous special-function inequalities,orthogonal polynomial extrema,Discover and certify sharper parameter-uniform inequalities.,interval arithmetic; Taylor models; monotonicity decomposition; exact constants,new sharp inequality; improved constant; counterexample to published bound,VERIFY_OPEN_AND_NEAREST_PRIOR_BEFORE_LAUNCH
EXP-00506,"Analysis, PDE, and operator theory",Rigorous special-function inequalities,zeta-function explicit bounds,Discover and certify sharper parameter-uniform inequalities.,interval arithmetic; Taylor models; monotonicity decomposition; exact constants,new sharp inequality; improved constant; counterexample to published bound,VERIFY_OPEN_AND_NEAREST_PRIOR_BEFORE_LAUNCH
EXP-00507,"Analysis, PDE, and operator theory",Computer-assisted periodic orbit existence,ODE periodic orbits,Prove existence/uniqueness and stability of a candidate orbit.,validated numerics; radii polynomials; interval Newton; symmetry,new rigorously proven orbit; stability theorem; bifurcation certificate,VERIFY_OPEN_AND_NEAREST_PRIOR_BEFORE_LAUNCH
EXP-00508,"Analysis, PDE, and operator theory",Computer-assisted periodic orbit existence,celestial mechanics choreographies,Prove existence/uniqueness and stability of a candidate orbit.,validated numerics; radii polynomials; interval Newton; symmetry,new rigorously proven orbit; stability theorem; bifurcation certificate,VERIFY_OPEN_AND_NEAREST_PRIOR_BEFORE_LAUNCH
EXP-00509,"Analysis, PDE, and operator theory",Computer-assisted periodic orbit existence,delay differential equations,Prove existence/uniqueness and stability of a candidate orbit.,validated numerics; radii polynomials; interval Newton; symmetry,new rigorously proven orbit; stability theorem; bifurcation certificate,VERIFY_OPEN_AND_NEAREST_PRIOR_BEFORE_LAUNCH
EXP-00510,"Analysis, PDE, and operator theory",Computer-assisted periodic orbit existence,Hamiltonian periodic solutions,Prove existence/uniqueness and stability of a candidate orbit.,validated numerics; radii polynomials; interval Newton; symmetry,new rigorously proven orbit; stability theorem; bifurcation certificate,VERIFY_OPEN_AND_NEAREST_PRIOR_BEFORE_LAUNCH
EXP-00511,"Analysis, PDE, and operator theory",Computer-assisted periodic orbit existence,reaction-network oscillations,Prove existence/uniqueness and stability of a candidate orbit.,validated numerics; radii polynomials; interval Newton; symmetry,new rigorously proven orbit; stability theorem; bifurcation certificate,VERIFY_OPEN_AND_NEAREST_PRIOR_BEFORE_LAUNCH
EXP-00512,"Analysis, PDE, and operator theory",Traveling waves and coherent structures,reaction-diffusion waves,Validate existence and spectral stability on a concrete parameter region.,spectral computation; interval bounds; finite-dimensional reduction; proof receipt,new existence/stability region; sharp speed bound,VERIFY_OPEN_AND_NEAREST_PRIOR_BEFORE_LAUNCH
EXP-00513,"Analysis, PDE, and operator theory",Traveling waves and coherent structures,dispersive solitary waves,Validate existence and spectral stability on a concrete parameter region.,spectral computation; interval bounds; finite-dimensional reduction; proof receipt,new existence/stability region; sharp speed bound,VERIFY_OPEN_AND_NEAREST_PRIOR_BEFORE_LAUNCH
EXP-00514,"Analysis, PDE, and operator theory",Traveling waves and coherent structures,lattice waves,Validate existence and spectral stability on a concrete parameter region.,spectral computation; interval bounds; finite-dimensional reduction; proof receipt,new existence/stability region; sharp speed bound,VERIFY_OPEN_AND_NEAREST_PRIOR_BEFORE_LAUNCH
EXP-00515,"Analysis, PDE, and operator theory",Traveling waves and coherent structures,free-boundary waves,Validate existence and spectral stability on a concrete parameter region.,spectral computation; interval bounds; finite-dimensional reduction; proof receipt,new existence/stability region; sharp speed bound,VERIFY_OPEN_AND_NEAREST_PRIOR_BEFORE_LAUNCH
EXP-00516,"Analysis, PDE, and operator theory",Traveling waves and coherent structures,nonlocal waves,Validate existence and spectral stability on a concrete parameter region.,spectral computation; interval bounds; finite-dimensional reduction; proof receipt,new existence/stability region; sharp speed bound,VERIFY_OPEN_AND_NEAREST_PRIOR_BEFORE_LAUNCH
EXP-00517,"Analysis, PDE, and operator theory",Finite-mode blow-up or global-regularity bounds,semilinear heat equations,Prove blow-up/global bounds for a restricted symmetry/data class using validated inequalities.,differential inequalities; interval enclosure; SDP/SOS; finite-rung cases,new rigorous threshold; verified blow-up example; conditional gap localization,VERIFY_OPEN_AND_NEAREST_PRIOR_BEFORE_LAUNCH
EXP-00518,"Analysis, PDE, and operator theory",Finite-mode blow-up or global-regularity bounds,Euler toy models,Prove blow-up/global bounds for a restricted symmetry/data class using validated inequalities.,differential inequalities; interval enclosure; SDP/SOS; finite-rung cases,new rigorous threshold; verified blow-up example; conditional gap localization,VERIFY_OPEN_AND_NEAREST_PRIOR_BEFORE_LAUNCH
EXP-00519,"Analysis, PDE, and operator theory",Finite-mode blow-up or global-regularity bounds,nonlinear Schrödinger variants,Prove blow-up/global bounds for a restricted symmetry/data class using validated inequalities.,differential inequalities; interval enclosure; SDP/SOS; finite-rung cases,new rigorous threshold; verified blow-up example; conditional gap localization,VERIFY_OPEN_AND_NEAREST_PRIOR_BEFORE_LAUNCH
EXP-00520,"Analysis, PDE, and operator theory",Finite-mode blow-up or global-regularity bounds,chemotaxis,Prove blow-up/global bounds for a restricted symmetry/data class using validated inequalities.,differential inequalities; interval enclosure; SDP/SOS; finite-rung cases,new rigorous threshold; verified blow-up example; conditional gap localization,VERIFY_OPEN_AND_NEAREST_PRIOR_BEFORE_LAUNCH
EXP-00521,"Analysis, PDE, and operator theory",Finite-mode blow-up or global-regularity bounds,aggregation equations,Prove blow-up/global bounds for a restricted symmetry/data class using validated inequalities.,differential inequalities; interval enclosure; SDP/SOS; finite-rung cases,new rigorous threshold; verified blow-up example; conditional gap localization,VERIFY_OPEN_AND_NEAREST_PRIOR_BEFORE_LAUNCH
EXP-00522,"Analysis, PDE, and operator theory",Spectral extremals and eigenvalue inequalities,graph-domain eigenvalues,Find exact bounded extremizers or certify improved inequalities.,SDP; interval eigenvalues; shape enumeration; exact algebra,new extremal domain/matrix; sharp constant; counterexample,VERIFY_OPEN_AND_NEAREST_PRIOR_BEFORE_LAUNCH
EXP-00523,"Analysis, PDE, and operator theory",Spectral extremals and eigenvalue inequalities,Schrödinger operators,Find exact bounded extremizers or certify improved inequalities.,SDP; interval eigenvalues; shape enumeration; exact algebra,new extremal domain/matrix; sharp constant; counterexample,VERIFY_OPEN_AND_NEAREST_PRIOR_BEFORE_LAUNCH
EXP-00524,"Analysis, PDE, and operator theory",Spectral extremals and eigenvalue inequalities,Laplacian shape optimization,Find exact bounded extremizers or certify improved inequalities.,SDP; interval eigenvalues; shape enumeration; exact algebra,new extremal domain/matrix; sharp constant; counterexample,VERIFY_OPEN_AND_NEAREST_PRIOR_BEFORE_LAUNCH
EXP-00525,"Analysis, PDE, and operator theory",Spectral extremals and eigenvalue inequalities,matrix spectral inequalities,Find exact bounded extremizers or certify improved inequalities.,SDP; interval eigenvalues; shape enumeration; exact algebra,new extremal domain/matrix; sharp constant; counterexample,VERIFY_OPEN_AND_NEAREST_PRIOR_BEFORE_LAUNCH
EXP-00526,"Analysis, PDE, and operator theory",Spectral extremals and eigenvalue inequalities,nonselfadjoint pseudospectra,Find exact bounded extremizers or certify improved inequalities.,SDP; interval eigenvalues; shape enumeration; exact algebra,new extremal domain/matrix; sharp constant; counterexample,VERIFY_OPEN_AND_NEAREST_PRIOR_BEFORE_LAUNCH
EXP-00527,"Analysis, PDE, and operator theory",Littlewood and random polynomial extremals,Littlewood polynomial norms,"Compute exact small degrees, discover patterns, and prove bounded or asymptotic lemmas.",SMT/OMT; FFT; root isolation; CV with sham controls,new extremal polynomial; exact norm; counterexample; structural conjecture,VERIFY_OPEN_AND_NEAREST_PRIOR_BEFORE_LAUNCH
EXP-00528,"Analysis, PDE, and operator theory",Littlewood and random polynomial extremals,Mahler measure,"Compute exact small degrees, discover patterns, and prove bounded or asymptotic lemmas.",SMT/OMT; FFT; root isolation; CV with sham controls,new extremal polynomial; exact norm; counterexample; structural conjecture,VERIFY_OPEN_AND_NEAREST_PRIOR_BEFORE_LAUNCH
EXP-00529,"Analysis, PDE, and operator theory",Littlewood and random polynomial extremals,unimodular polynomial flatness,"Compute exact small degrees, discover patterns, and prove bounded or asymptotic lemmas.",SMT/OMT; FFT; root isolation; CV with sham controls,new extremal polynomial; exact norm; counterexample; structural conjecture,VERIFY_OPEN_AND_NEAREST_PRIOR_BEFORE_LAUNCH
EXP-00530,"Analysis, PDE, and operator theory",Littlewood and random polynomial extremals,root-location extremals,"Compute exact small degrees, discover patterns, and prove bounded or asymptotic lemmas.",SMT/OMT; FFT; root isolation; CV with sham controls,new extremal polynomial; exact norm; counterexample; structural conjecture,VERIFY_OPEN_AND_NEAREST_PRIOR_BEFORE_LAUNCH
EXP-00531,"Analysis, PDE, and operator theory",Littlewood and random polynomial extremals,coefficient-restricted polynomials,"Compute exact small degrees, discover patterns, and prove bounded or asymptotic lemmas.",SMT/OMT; FFT; root isolation; CV with sham controls,new extremal polynomial; exact norm; counterexample; structural conjecture,VERIFY_OPEN_AND_NEAREST_PRIOR_BEFORE_LAUNCH
EXP-00532,"Analysis, PDE, and operator theory",Finite frame partition and discrepancy constants,vector balancing,Resolve exact small-dimensional constants or construct better partitions.,SAT/SDP; interlacing; exact rational verification; search,new sharp finite constant; constructive partition; smallest counterexample,VERIFY_OPEN_AND_NEAREST_PRIOR_BEFORE_LAUNCH
EXP-00533,"Analysis, PDE, and operator theory",Finite frame partition and discrepancy constants,Komlós-type finite cases,Resolve exact small-dimensional constants or construct better partitions.,SAT/SDP; interlacing; exact rational verification; search,new sharp finite constant; constructive partition; smallest counterexample,VERIFY_OPEN_AND_NEAREST_PRIOR_BEFORE_LAUNCH
EXP-00534,"Analysis, PDE, and operator theory",Finite frame partition and discrepancy constants,Weaver partitions,Resolve exact small-dimensional constants or construct better partitions.,SAT/SDP; interlacing; exact rational verification; search,new sharp finite constant; constructive partition; smallest counterexample,VERIFY_OPEN_AND_NEAREST_PRIOR_BEFORE_LAUNCH
EXP-00535,"Analysis, PDE, and operator theory",Finite frame partition and discrepancy constants,matrix discrepancy,Resolve exact small-dimensional constants or construct better partitions.,SAT/SDP; interlacing; exact rational verification; search,new sharp finite constant; constructive partition; smallest counterexample,VERIFY_OPEN_AND_NEAREST_PRIOR_BEFORE_LAUNCH
EXP-00536,"Analysis, PDE, and operator theory",Finite frame partition and discrepancy constants,Kadison-Singer constants,Resolve exact small-dimensional constants or construct better partitions.,SAT/SDP; interlacing; exact rational verification; search,new sharp finite constant; constructive partition; smallest counterexample,VERIFY_OPEN_AND_NEAREST_PRIOR_BEFORE_LAUNCH
EXP-00537,"Analysis, PDE, and operator theory",Moment and concentration inequalities with dependency,dependent Bernoulli sums,"Test and correct independence heuristics, then derive exact moment or dependency-graph bounds.",Plancherel; exact moments; dependency graph; adversarial simulation,corrected inequality; new sharp bound; negative result killing a false heuristic,VERIFY_OPEN_AND_NEAREST_PRIOR_BEFORE_LAUNCH
EXP-00538,"Analysis, PDE, and operator theory",Moment and concentration inequalities with dependency,hypergraph counts,"Test and correct independence heuristics, then derive exact moment or dependency-graph bounds.",Plancherel; exact moments; dependency graph; adversarial simulation,corrected inequality; new sharp bound; negative result killing a false heuristic,VERIFY_OPEN_AND_NEAREST_PRIOR_BEFORE_LAUNCH
EXP-00539,"Analysis, PDE, and operator theory",Moment and concentration inequalities with dependency,random matrix traces,"Test and correct independence heuristics, then derive exact moment or dependency-graph bounds.",Plancherel; exact moments; dependency graph; adversarial simulation,corrected inequality; new sharp bound; negative result killing a false heuristic,VERIFY_OPEN_AND_NEAREST_PRIOR_BEFORE_LAUNCH
EXP-00540,"Analysis, PDE, and operator theory",Moment and concentration inequalities with dependency,occupancy with constraints,"Test and correct independence heuristics, then derive exact moment or dependency-graph bounds.",Plancherel; exact moments; dependency graph; adversarial simulation,corrected inequality; new sharp bound; negative result killing a false heuristic,VERIFY_OPEN_AND_NEAREST_PRIOR_BEFORE_LAUNCH
EXP-00541,"Analysis, PDE, and operator theory",Moment and concentration inequalities with dependency,exchangeable sequences,"Test and correct independence heuristics, then derive exact moment or dependency-graph bounds.",Plancherel; exact moments; dependency graph; adversarial simulation,corrected inequality; new sharp bound; negative result killing a false heuristic,VERIFY_OPEN_AND_NEAREST_PRIOR_BEFORE_LAUNCH
EXP-00542,"Dynamics, automata, and recurrence systems",Collatz-type finite-state residue dynamics,generalized Collatz maps,Extend verified cycle/stopping-time bounds or prove an automaton-based restricted theorem.,finite-state automata; modular sieve; exact certificates; hostile re-enumeration,verified range extension; excluded cycle class; new congruence invariant,VERIFY_OPEN_AND_NEAREST_PRIOR_BEFORE_LAUNCH
EXP-00543,"Dynamics, automata, and recurrence systems",Collatz-type finite-state residue dynamics,affine residue maps,Extend verified cycle/stopping-time bounds or prove an automaton-based restricted theorem.,finite-state automata; modular sieve; exact certificates; hostile re-enumeration,verified range extension; excluded cycle class; new congruence invariant,VERIFY_OPEN_AND_NEAREST_PRIOR_BEFORE_LAUNCH
EXP-00544,"Dynamics, automata, and recurrence systems",Collatz-type finite-state residue dynamics,stopping-time records,Extend verified cycle/stopping-time bounds or prove an automaton-based restricted theorem.,finite-state automata; modular sieve; exact certificates; hostile re-enumeration,verified range extension; excluded cycle class; new congruence invariant,VERIFY_OPEN_AND_NEAREST_PRIOR_BEFORE_LAUNCH
EXP-00545,"Dynamics, automata, and recurrence systems",Collatz-type finite-state residue dynamics,cycle exclusion,Extend verified cycle/stopping-time bounds or prove an automaton-based restricted theorem.,finite-state automata; modular sieve; exact certificates; hostile re-enumeration,verified range extension; excluded cycle class; new congruence invariant,VERIFY_OPEN_AND_NEAREST_PRIOR_BEFORE_LAUNCH
EXP-00546,"Dynamics, automata, and recurrence systems",Collatz-type finite-state residue dynamics,parity-vector constraints,Extend verified cycle/stopping-time bounds or prove an automaton-based restricted theorem.,finite-state automata; modular sieve; exact certificates; hostile re-enumeration,verified range extension; excluded cycle class; new congruence invariant,VERIFY_OPEN_AND_NEAREST_PRIOR_BEFORE_LAUNCH
EXP-00547,"Dynamics, automata, and recurrence systems",Cellular automaton reachability and Garden-of-Eden frontiers,one-dimensional cellular automata,Resolve first unknown rule/size classes with SAT and automata.,de Bruijn graphs; SAT; symmetry; finite-state proof,new decidability result for a subclass; exact cycle census; counterexample,VERIFY_OPEN_AND_NEAREST_PRIOR_BEFORE_LAUNCH
EXP-00548,"Dynamics, automata, and recurrence systems",Cellular automaton reachability and Garden-of-Eden frontiers,reversible CA,Resolve first unknown rule/size classes with SAT and automata.,de Bruijn graphs; SAT; symmetry; finite-state proof,new decidability result for a subclass; exact cycle census; counterexample,VERIFY_OPEN_AND_NEAREST_PRIOR_BEFORE_LAUNCH
EXP-00549,"Dynamics, automata, and recurrence systems",Cellular automaton reachability and Garden-of-Eden frontiers,nilpotency on restricted classes,Resolve first unknown rule/size classes with SAT and automata.,de Bruijn graphs; SAT; symmetry; finite-state proof,new decidability result for a subclass; exact cycle census; counterexample,VERIFY_OPEN_AND_NEAREST_PRIOR_BEFORE_LAUNCH
EXP-00550,"Dynamics, automata, and recurrence systems",Cellular automaton reachability and Garden-of-Eden frontiers,preimage counts,Resolve first unknown rule/size classes with SAT and automata.,de Bruijn graphs; SAT; symmetry; finite-state proof,new decidability result for a subclass; exact cycle census; counterexample,VERIFY_OPEN_AND_NEAREST_PRIOR_BEFORE_LAUNCH
EXP-00551,"Dynamics, automata, and recurrence systems",Cellular automaton reachability and Garden-of-Eden frontiers,finite torus dynamics,Resolve first unknown rule/size classes with SAT and automata.,de Bruijn graphs; SAT; symmetry; finite-state proof,new decidability result for a subclass; exact cycle census; counterexample,VERIFY_OPEN_AND_NEAREST_PRIOR_BEFORE_LAUNCH
EXP-00552,"Dynamics, automata, and recurrence systems",Digit and carry automata conjectures,sum-of-digits congruences,Build exact transducers and prove eventual periodicity or density statements.,automata; transfer matrices; modular arithmetic; checker,new automaticity theorem; exact density; counterexample,VERIFY_OPEN_AND_NEAREST_PRIOR_BEFORE_LAUNCH
EXP-00553,"Dynamics, automata, and recurrence systems",Digit and carry automata conjectures,happy-number variants,Build exact transducers and prove eventual periodicity or density statements.,automata; transfer matrices; modular arithmetic; checker,new automaticity theorem; exact density; counterexample,VERIFY_OPEN_AND_NEAREST_PRIOR_BEFORE_LAUNCH
EXP-00554,"Dynamics, automata, and recurrence systems",Digit and carry automata conjectures,palindromic products,Build exact transducers and prove eventual periodicity or density statements.,automata; transfer matrices; modular arithmetic; checker,new automaticity theorem; exact density; counterexample,VERIFY_OPEN_AND_NEAREST_PRIOR_BEFORE_LAUNCH
EXP-00555,"Dynamics, automata, and recurrence systems",Digit and carry automata conjectures,Kaprekar dynamics,Build exact transducers and prove eventual periodicity or density statements.,automata; transfer matrices; modular arithmetic; checker,new automaticity theorem; exact density; counterexample,VERIFY_OPEN_AND_NEAREST_PRIOR_BEFORE_LAUNCH
EXP-00556,"Dynamics, automata, and recurrence systems",Digit and carry automata conjectures,digit-restricted powers,Build exact transducers and prove eventual periodicity or density statements.,automata; transfer matrices; modular arithmetic; checker,new automaticity theorem; exact density; counterexample,VERIFY_OPEN_AND_NEAREST_PRIOR_BEFORE_LAUNCH
EXP-00557,"Dynamics, automata, and recurrence systems",Symbolic dynamics forbidden-word extremals,subshifts of finite type,Compute entropy/periodic-point counts and synthesize extremal cycles.,transfer matrix; SAT; spectral radius; exact certificate,new universal cycle; exact entropy polynomial; minimum forbidden set,VERIFY_OPEN_AND_NEAREST_PRIOR_BEFORE_LAUNCH
EXP-00558,"Dynamics, automata, and recurrence systems",Symbolic dynamics forbidden-word extremals,avoidance sequences,Compute entropy/periodic-point counts and synthesize extremal cycles.,transfer matrix; SAT; spectral radius; exact certificate,new universal cycle; exact entropy polynomial; minimum forbidden set,VERIFY_OPEN_AND_NEAREST_PRIOR_BEFORE_LAUNCH
EXP-00559,"Dynamics, automata, and recurrence systems",Symbolic dynamics forbidden-word extremals,De Bruijn cycles,Compute entropy/periodic-point counts and synthesize extremal cycles.,transfer matrix; SAT; spectral radius; exact certificate,new universal cycle; exact entropy polynomial; minimum forbidden set,VERIFY_OPEN_AND_NEAREST_PRIOR_BEFORE_LAUNCH
EXP-00560,"Dynamics, automata, and recurrence systems",Symbolic dynamics forbidden-word extremals,universal cycles,Compute entropy/periodic-point counts and synthesize extremal cycles.,transfer matrix; SAT; spectral radius; exact certificate,new universal cycle; exact entropy polynomial; minimum forbidden set,VERIFY_OPEN_AND_NEAREST_PRIOR_BEFORE_LAUNCH
EXP-00561,"Dynamics, automata, and recurrence systems",Symbolic dynamics forbidden-word extremals,constrained coding,Compute entropy/periodic-point counts and synthesize extremal cycles.,transfer matrix; SAT; spectral radius; exact certificate,new universal cycle; exact entropy polynomial; minimum forbidden set,VERIFY_OPEN_AND_NEAREST_PRIOR_BEFORE_LAUNCH
EXP-00562,"Dynamics, automata, and recurrence systems",Discrete dynamical orbit anomaly mining,integer polynomial iteration,Search smallest exceptional cycles/preperiods and test robust statistical structure.,cycle census; CV-Markov tests; modular filters; proof reconstruction,new cycle; verified no-cycle range; finite-state mechanism,VERIFY_OPEN_AND_NEAREST_PRIOR_BEFORE_LAUNCH
EXP-00563,"Dynamics, automata, and recurrence systems",Discrete dynamical orbit anomaly mining,aliquot sequences,Search smallest exceptional cycles/preperiods and test robust statistical structure.,cycle census; CV-Markov tests; modular filters; proof reconstruction,new cycle; verified no-cycle range; finite-state mechanism,VERIFY_OPEN_AND_NEAREST_PRIOR_BEFORE_LAUNCH
EXP-00564,"Dynamics, automata, and recurrence systems",Discrete dynamical orbit anomaly mining,recurrence maps,Search smallest exceptional cycles/preperiods and test robust statistical structure.,cycle census; CV-Markov tests; modular filters; proof reconstruction,new cycle; verified no-cycle range; finite-state mechanism,VERIFY_OPEN_AND_NEAREST_PRIOR_BEFORE_LAUNCH
EXP-00565,"Dynamics, automata, and recurrence systems",Discrete dynamical orbit anomaly mining,piecewise-linear maps,Search smallest exceptional cycles/preperiods and test robust statistical structure.,cycle census; CV-Markov tests; modular filters; proof reconstruction,new cycle; verified no-cycle range; finite-state mechanism,VERIFY_OPEN_AND_NEAREST_PRIOR_BEFORE_LAUNCH
EXP-00566,"Dynamics, automata, and recurrence systems",Discrete dynamical orbit anomaly mining,modular dynamical systems,Search smallest exceptional cycles/preperiods and test robust statistical structure.,cycle census; CV-Markov tests; modular filters; proof reconstruction,new cycle; verified no-cycle range; finite-state mechanism,VERIFY_OPEN_AND_NEAREST_PRIOR_BEFORE_LAUNCH
EXP-00567,"Dynamics, automata, and recurrence systems",Combinatorial substitution and morphic sequence structure,morphic words,"Compute exact invariants, infer automata, and formalize them.",automata minimization; SAT; recurrence; Lean checker,new exact complexity formula; automaticity proof; counterexample,VERIFY_OPEN_AND_NEAREST_PRIOR_BEFORE_LAUNCH
EXP-00568,"Dynamics, automata, and recurrence systems",Combinatorial substitution and morphic sequence structure,automatic sequences,"Compute exact invariants, infer automata, and formalize them.",automata minimization; SAT; recurrence; Lean checker,new exact complexity formula; automaticity proof; counterexample,VERIFY_OPEN_AND_NEAREST_PRIOR_BEFORE_LAUNCH
EXP-00569,"Dynamics, automata, and recurrence systems",Combinatorial substitution and morphic sequence structure,abelian complexity,"Compute exact invariants, infer automata, and formalize them.",automata minimization; SAT; recurrence; Lean checker,new exact complexity formula; automaticity proof; counterexample,VERIFY_OPEN_AND_NEAREST_PRIOR_BEFORE_LAUNCH
EXP-00570,"Dynamics, automata, and recurrence systems",Combinatorial substitution and morphic sequence structure,critical exponent,"Compute exact invariants, infer automata, and formalize them.",automata minimization; SAT; recurrence; Lean checker,new exact complexity formula; automaticity proof; counterexample,VERIFY_OPEN_AND_NEAREST_PRIOR_BEFORE_LAUNCH
EXP-00571,"Dynamics, automata, and recurrence systems",Combinatorial substitution and morphic sequence structure,return words,"Compute exact invariants, infer automata, and formalize them.",automata minimization; SAT; recurrence; Lean checker,new exact complexity formula; automaticity proof; counterexample,VERIFY_OPEN_AND_NEAREST_PRIOR_BEFORE_LAUNCH
EXP-00572,"Dynamics, automata, and recurrence systems","Sandpile, chip-firing, and rotor-router exact frontiers",sandpile groups,Resolve exact bounded families and mine invariant recurrences.,Smith normal form; graph symmetry; DP; exact checker,new closed form; exact threshold; classified configurations,VERIFY_OPEN_AND_NEAREST_PRIOR_BEFORE_LAUNCH
EXP-00573,"Dynamics, automata, and recurrence systems","Sandpile, chip-firing, and rotor-router exact frontiers",chip-firing stabilization,Resolve exact bounded families and mine invariant recurrences.,Smith normal form; graph symmetry; DP; exact checker,new closed form; exact threshold; classified configurations,VERIFY_OPEN_AND_NEAREST_PRIOR_BEFORE_LAUNCH
EXP-00574,"Dynamics, automata, and recurrence systems","Sandpile, chip-firing, and rotor-router exact frontiers",rotor-router aggregation,Resolve exact bounded families and mine invariant recurrences.,Smith normal form; graph symmetry; DP; exact checker,new closed form; exact threshold; classified configurations,VERIFY_OPEN_AND_NEAREST_PRIOR_BEFORE_LAUNCH
EXP-00575,"Dynamics, automata, and recurrence systems","Sandpile, chip-firing, and rotor-router exact frontiers",graph divisor rank,Resolve exact bounded families and mine invariant recurrences.,Smith normal form; graph symmetry; DP; exact checker,new closed form; exact threshold; classified configurations,VERIFY_OPEN_AND_NEAREST_PRIOR_BEFORE_LAUNCH
EXP-00576,"Dynamics, automata, and recurrence systems","Sandpile, chip-firing, and rotor-router exact frontiers",parking functions,Resolve exact bounded families and mine invariant recurrences.,Smith normal form; graph symmetry; DP; exact checker,new closed form; exact threshold; classified configurations,VERIFY_OPEN_AND_NEAREST_PRIOR_BEFORE_LAUNCH
EXP-00577,"Dynamics, automata, and recurrence systems",Arithmetic random-walk flattening and mixing,walks on finite groups,Prove or falsify spectral-gap/TV flattening in concrete families.,finite Fourier; character sums; exact spectra; collision variance,new mixing bound; zero-gap obstruction; exact spectrum,VERIFY_OPEN_AND_NEAREST_PRIOR_BEFORE_LAUNCH
EXP-00578,"Dynamics, automata, and recurrence systems",Arithmetic random-walk flattening and mixing,affine random walks,Prove or falsify spectral-gap/TV flattening in concrete families.,finite Fourier; character sums; exact spectra; collision variance,new mixing bound; zero-gap obstruction; exact spectrum,VERIFY_OPEN_AND_NEAREST_PRIOR_BEFORE_LAUNCH
EXP-00579,"Dynamics, automata, and recurrence systems",Arithmetic random-walk flattening and mixing,subset-product walks,Prove or falsify spectral-gap/TV flattening in concrete families.,finite Fourier; character sums; exact spectra; collision variance,new mixing bound; zero-gap obstruction; exact spectrum,VERIFY_OPEN_AND_NEAREST_PRIOR_BEFORE_LAUNCH
EXP-00580,"Dynamics, automata, and recurrence systems",Arithmetic random-walk flattening and mixing,arithmetic expanders,Prove or falsify spectral-gap/TV flattening in concrete families.,finite Fourier; character sums; exact spectra; collision variance,new mixing bound; zero-gap obstruction; exact spectrum,VERIFY_OPEN_AND_NEAREST_PRIOR_BEFORE_LAUNCH
EXP-00581,"Dynamics, automata, and recurrence systems",Arithmetic random-walk flattening and mixing,residue-class mixing,Prove or falsify spectral-gap/TV flattening in concrete families.,finite Fourier; character sums; exact spectra; collision variance,new mixing bound; zero-gap obstruction; exact spectrum,VERIFY_OPEN_AND_NEAREST_PRIOR_BEFORE_LAUNCH
EXP-00582,"Logic, theoretical CS, and optimization",Finite model search for algebraic and combinatorial conjectures,small countermodels,Find smallest model/countermodel with independently checked semantics.,SAT/SMT model finding; isomorph rejection; proof extraction,smallest countermodel; verified finite spectrum; finite basis result,VERIFY_OPEN_AND_NEAREST_PRIOR_BEFORE_LAUNCH
EXP-00583,"Logic, theoretical CS, and optimization",Finite model search for algebraic and combinatorial conjectures,finite lattice identities,Find smallest model/countermodel with independently checked semantics.,SAT/SMT model finding; isomorph rejection; proof extraction,smallest countermodel; verified finite spectrum; finite basis result,VERIFY_OPEN_AND_NEAREST_PRIOR_BEFORE_LAUNCH
EXP-00584,"Logic, theoretical CS, and optimization",Finite model search for algebraic and combinatorial conjectures,relation algebra equations,Find smallest model/countermodel with independently checked semantics.,SAT/SMT model finding; isomorph rejection; proof extraction,smallest countermodel; verified finite spectrum; finite basis result,VERIFY_OPEN_AND_NEAREST_PRIOR_BEFORE_LAUNCH
EXP-00585,"Logic, theoretical CS, and optimization",Finite model search for algebraic and combinatorial conjectures,modal logic frame conditions,Find smallest model/countermodel with independently checked semantics.,SAT/SMT model finding; isomorph rejection; proof extraction,smallest countermodel; verified finite spectrum; finite basis result,VERIFY_OPEN_AND_NEAREST_PRIOR_BEFORE_LAUNCH
EXP-00586,"Logic, theoretical CS, and optimization",Finite model search for algebraic and combinatorial conjectures,universal algebra identities,Find smallest model/countermodel with independently checked semantics.,SAT/SMT model finding; isomorph rejection; proof extraction,smallest countermodel; verified finite spectrum; finite basis result,VERIFY_OPEN_AND_NEAREST_PRIOR_BEFORE_LAUNCH
EXP-00587,"Logic, theoretical CS, and optimization",Constraint satisfaction exact classifications,small CSP templates,Classify bounded templates or discover separating identities.,SAT; universal algebra; clone computation; certificate,new tractable/hard template; exact polymorphism classification,VERIFY_OPEN_AND_NEAREST_PRIOR_BEFORE_LAUNCH
EXP-00588,"Logic, theoretical CS, and optimization",Constraint satisfaction exact classifications,polymorphism clones,Classify bounded templates or discover separating identities.,SAT; universal algebra; clone computation; certificate,new tractable/hard template; exact polymorphism classification,VERIFY_OPEN_AND_NEAREST_PRIOR_BEFORE_LAUNCH
EXP-00589,"Logic, theoretical CS, and optimization",Constraint satisfaction exact classifications,promise CSPs,Classify bounded templates or discover separating identities.,SAT; universal algebra; clone computation; certificate,new tractable/hard template; exact polymorphism classification,VERIFY_OPEN_AND_NEAREST_PRIOR_BEFORE_LAUNCH
EXP-00590,"Logic, theoretical CS, and optimization",Constraint satisfaction exact classifications,valued CSPs,Classify bounded templates or discover separating identities.,SAT; universal algebra; clone computation; certificate,new tractable/hard template; exact polymorphism classification,VERIFY_OPEN_AND_NEAREST_PRIOR_BEFORE_LAUNCH
EXP-00591,"Logic, theoretical CS, and optimization",Constraint satisfaction exact classifications,graph homomorphism thresholds,Classify bounded templates or discover separating identities.,SAT; universal algebra; clone computation; certificate,new tractable/hard template; exact polymorphism classification,VERIFY_OPEN_AND_NEAREST_PRIOR_BEFORE_LAUNCH
EXP-00592,"Logic, theoretical CS, and optimization",Proof-complexity lower-bound experiments,resolution width,Find new hard finite families and extract invariant-based lower-bound conjectures.,proof logging; SAT; Gröbner; statistical hardness model,new benchmark family; exact minimum proof size; structural lower-bound lemma,VERIFY_OPEN_AND_NEAREST_PRIOR_BEFORE_LAUNCH
EXP-00593,"Logic, theoretical CS, and optimization",Proof-complexity lower-bound experiments,cutting planes,Find new hard finite families and extract invariant-based lower-bound conjectures.,proof logging; SAT; Gröbner; statistical hardness model,new benchmark family; exact minimum proof size; structural lower-bound lemma,VERIFY_OPEN_AND_NEAREST_PRIOR_BEFORE_LAUNCH
EXP-00594,"Logic, theoretical CS, and optimization",Proof-complexity lower-bound experiments,polynomial calculus,Find new hard finite families and extract invariant-based lower-bound conjectures.,proof logging; SAT; Gröbner; statistical hardness model,new benchmark family; exact minimum proof size; structural lower-bound lemma,VERIFY_OPEN_AND_NEAREST_PRIOR_BEFORE_LAUNCH
EXP-00595,"Logic, theoretical CS, and optimization",Proof-complexity lower-bound experiments,Nullstellensatz degree,Find new hard finite families and extract invariant-based lower-bound conjectures.,proof logging; SAT; Gröbner; statistical hardness model,new benchmark family; exact minimum proof size; structural lower-bound lemma,VERIFY_OPEN_AND_NEAREST_PRIOR_BEFORE_LAUNCH
EXP-00596,"Logic, theoretical CS, and optimization",Proof-complexity lower-bound experiments,extended formulations,Find new hard finite families and extract invariant-based lower-bound conjectures.,proof logging; SAT; Gröbner; statistical hardness model,new benchmark family; exact minimum proof size; structural lower-bound lemma,VERIFY_OPEN_AND_NEAREST_PRIOR_BEFORE_LAUNCH
EXP-00597,"Logic, theoretical CS, and optimization",Combinatorial optimization integrality gaps,set cover,Find smallest exact gap instances or improve certified bounds.,OMT/MILP; symmetry; Farkas certificates; graph census,new integrality gap; smallest instance; facet inequality,VERIFY_OPEN_AND_NEAREST_PRIOR_BEFORE_LAUNCH
EXP-00598,"Logic, theoretical CS, and optimization",Combinatorial optimization integrality gaps,matching variants,Find smallest exact gap instances or improve certified bounds.,OMT/MILP; symmetry; Farkas certificates; graph census,new integrality gap; smallest instance; facet inequality,VERIFY_OPEN_AND_NEAREST_PRIOR_BEFORE_LAUNCH
EXP-00599,"Logic, theoretical CS, and optimization",Combinatorial optimization integrality gaps,facility location,Find smallest exact gap instances or improve certified bounds.,OMT/MILP; symmetry; Farkas certificates; graph census,new integrality gap; smallest instance; facet inequality,VERIFY_OPEN_AND_NEAREST_PRIOR_BEFORE_LAUNCH
EXP-00600,"Logic, theoretical CS, and optimization",Combinatorial optimization integrality gaps,scheduling polytopes,Find smallest exact gap instances or improve certified bounds.,OMT/MILP; symmetry; Farkas certificates; graph census,new integrality gap; smallest instance; facet inequality,VERIFY_OPEN_AND_NEAREST_PRIOR_BEFORE_LAUNCH
EXP-00601,"Logic, theoretical CS, and optimization",Combinatorial optimization integrality gaps,cut relaxations,Find smallest exact gap instances or improve certified bounds.,OMT/MILP; symmetry; Farkas certificates; graph census,new integrality gap; smallest instance; facet inequality,VERIFY_OPEN_AND_NEAREST_PRIOR_BEFORE_LAUNCH
EXP-00602,"Logic, theoretical CS, and optimization",Exact algorithm frontier and parameterized complexity,small-k kernel bounds,Discover better branching rules or certify lower-bound instances on bounded parameters.,JIGSAW cost modeling; beam search; SAT; recurrence proof,improved algorithm; tight instance family; corrected complexity claim,VERIFY_OPEN_AND_NEAREST_PRIOR_BEFORE_LAUNCH
EXP-00603,"Logic, theoretical CS, and optimization",Exact algorithm frontier and parameterized complexity,exact exponential algorithms,Discover better branching rules or certify lower-bound instances on bounded parameters.,JIGSAW cost modeling; beam search; SAT; recurrence proof,improved algorithm; tight instance family; corrected complexity claim,VERIFY_OPEN_AND_NEAREST_PRIOR_BEFORE_LAUNCH
EXP-00604,"Logic, theoretical CS, and optimization",Exact algorithm frontier and parameterized complexity,branching recurrences,Discover better branching rules or certify lower-bound instances on bounded parameters.,JIGSAW cost modeling; beam search; SAT; recurrence proof,improved algorithm; tight instance family; corrected complexity claim,VERIFY_OPEN_AND_NEAREST_PRIOR_BEFORE_LAUNCH
EXP-00605,"Logic, theoretical CS, and optimization",Exact algorithm frontier and parameterized complexity,forbidden-subgraph algorithms,Discover better branching rules or certify lower-bound instances on bounded parameters.,JIGSAW cost modeling; beam search; SAT; recurrence proof,improved algorithm; tight instance family; corrected complexity claim,VERIFY_OPEN_AND_NEAREST_PRIOR_BEFORE_LAUNCH
EXP-00606,"Logic, theoretical CS, and optimization",Exact algorithm frontier and parameterized complexity,counting complexity,Discover better branching rules or certify lower-bound instances on bounded parameters.,JIGSAW cost modeling; beam search; SAT; recurrence proof,improved algorithm; tight instance family; corrected complexity claim,VERIFY_OPEN_AND_NEAREST_PRIOR_BEFORE_LAUNCH
EXP-00607,"Logic, theoretical CS, and optimization",Game solving with proof certificates,combinatorial board games,Solve first unknown board/graph sizes with strategy certificates.,retrograde analysis; symmetry; SAT; strategy checker,new solved size; winning strategy; minimum counterexample,VERIFY_OPEN_AND_NEAREST_PRIOR_BEFORE_LAUNCH
EXP-00608,"Logic, theoretical CS, and optimization",Game solving with proof certificates,graph pursuit games,Solve first unknown board/graph sizes with strategy certificates.,retrograde analysis; symmetry; SAT; strategy checker,new solved size; winning strategy; minimum counterexample,VERIFY_OPEN_AND_NEAREST_PRIOR_BEFORE_LAUNCH
EXP-00609,"Logic, theoretical CS, and optimization",Game solving with proof certificates,poset games,Solve first unknown board/graph sizes with strategy certificates.,retrograde analysis; symmetry; SAT; strategy checker,new solved size; winning strategy; minimum counterexample,VERIFY_OPEN_AND_NEAREST_PRIOR_BEFORE_LAUNCH
EXP-00610,"Logic, theoretical CS, and optimization",Game solving with proof certificates,Maker-Breaker games,Solve first unknown board/graph sizes with strategy certificates.,retrograde analysis; symmetry; SAT; strategy checker,new solved size; winning strategy; minimum counterexample,VERIFY_OPEN_AND_NEAREST_PRIOR_BEFORE_LAUNCH
EXP-00611,"Logic, theoretical CS, and optimization",Game solving with proof certificates,impartial placement games,Solve first unknown board/graph sizes with strategy certificates.,retrograde analysis; symmetry; SAT; strategy checker,new solved size; winning strategy; minimum counterexample,VERIFY_OPEN_AND_NEAREST_PRIOR_BEFORE_LAUNCH
EXP-00612,"Logic, theoretical CS, and optimization",Automated conjecture falsification for formal repositories,Formal Conjectures statements,Search edge cases before proof search and certify any counterexample.,statement audit; finite model finder; randomized testing; checker-soundness contract,corrected statement; smallest counterexample; strengthened hypothesis,VERIFY_OPEN_AND_NEAREST_PRIOR_BEFORE_LAUNCH
EXP-00613,"Logic, theoretical CS, and optimization",Automated conjecture falsification for formal repositories,theorem-library lemmas,Search edge cases before proof search and certify any counterexample.,statement audit; finite model finder; randomized testing; checker-soundness contract,corrected statement; smallest counterexample; strengthened hypothesis,VERIFY_OPEN_AND_NEAREST_PRIOR_BEFORE_LAUNCH
EXP-00614,"Logic, theoretical CS, and optimization",Automated conjecture falsification for formal repositories,generated finite analogues,Search edge cases before proof search and certify any counterexample.,statement audit; finite model finder; randomized testing; checker-soundness contract,corrected statement; smallest counterexample; strengthened hypothesis,VERIFY_OPEN_AND_NEAREST_PRIOR_BEFORE_LAUNCH
EXP-00615,"Logic, theoretical CS, and optimization",Automated conjecture falsification for formal repositories,quantifier-sensitive conjectures,Search edge cases before proof search and certify any counterexample.,statement audit; finite model finder; randomized testing; checker-soundness contract,corrected statement; smallest counterexample; strengthened hypothesis,VERIFY_OPEN_AND_NEAREST_PRIOR_BEFORE_LAUNCH
EXP-00616,"Logic, theoretical CS, and optimization",Automated conjecture falsification for formal repositories,translated problem lists,Search edge cases before proof search and certify any counterexample.,statement audit; finite model finder; randomized testing; checker-soundness contract,corrected statement; smallest counterexample; strengthened hypothesis,VERIFY_OPEN_AND_NEAREST_PRIOR_BEFORE_LAUNCH
EXP-00617,"Logic, theoretical CS, and optimization",Solver-certificate translation and compression,LRAT/DRAT proofs,"Translate large solver outcomes into durable, independently checkable, preferably formal certificates.",proof parser; checker theorem; proof compression; adversarial corruption tests,formalized computational theorem; smaller proof artifact; reusable verifier,VERIFY_OPEN_AND_NEAREST_PRIOR_BEFORE_LAUNCH
EXP-00618,"Logic, theoretical CS, and optimization",Solver-certificate translation and compression,VeriPB proofs,"Translate large solver outcomes into durable, independently checkable, preferably formal certificates.",proof parser; checker theorem; proof compression; adversarial corruption tests,formalized computational theorem; smaller proof artifact; reusable verifier,VERIFY_OPEN_AND_NEAREST_PRIOR_BEFORE_LAUNCH
EXP-00619,"Logic, theoretical CS, and optimization",Solver-certificate translation and compression,Farkas certificates,"Translate large solver outcomes into durable, independently checkable, preferably formal certificates.",proof parser; checker theorem; proof compression; adversarial corruption tests,formalized computational theorem; smaller proof artifact; reusable verifier,VERIFY_OPEN_AND_NEAREST_PRIOR_BEFORE_LAUNCH
EXP-00620,"Logic, theoretical CS, and optimization",Solver-certificate translation and compression,Gröbner certificates,"Translate large solver outcomes into durable, independently checkable, preferably formal certificates.",proof parser; checker theorem; proof compression; adversarial corruption tests,formalized computational theorem; smaller proof artifact; reusable verifier,VERIFY_OPEN_AND_NEAREST_PRIOR_BEFORE_LAUNCH
EXP-00621,"Logic, theoretical CS, and optimization",Solver-certificate translation and compression,interval proofs,"Translate large solver outcomes into durable, independently checkable, preferably formal certificates.",proof parser; checker theorem; proof compression; adversarial corruption tests,formalized computational theorem; smaller proof artifact; reusable verifier,VERIFY_OPEN_AND_NEAREST_PRIOR_BEFORE_LAUNCH
EXP-00622,Arithmetic geometry and computational algebra,Elliptic curve rank and integral-point gaps over number fields,elliptic curves over quadratic fields,Fill bounded database gaps with rigorous descent and independent checks.,LMFDB scan; descent; local sieve; exact height bounds,new curve record; certified rank; complete integral-point list; database correction,VERIFY_OPEN_AND_NEAREST_PRIOR_BEFORE_LAUNCH
EXP-00623,Arithmetic geometry and computational algebra,Elliptic curve rank and integral-point gaps over number fields,low-conductor rank records,Fill bounded database gaps with rigorous descent and independent checks.,LMFDB scan; descent; local sieve; exact height bounds,new curve record; certified rank; complete integral-point list; database correction,VERIFY_OPEN_AND_NEAREST_PRIOR_BEFORE_LAUNCH
EXP-00624,Arithmetic geometry and computational algebra,Elliptic curve rank and integral-point gaps over number fields,integral points,Fill bounded database gaps with rigorous descent and independent checks.,LMFDB scan; descent; local sieve; exact height bounds,new curve record; certified rank; complete integral-point list; database correction,VERIFY_OPEN_AND_NEAREST_PRIOR_BEFORE_LAUNCH
EXP-00625,Arithmetic geometry and computational algebra,Elliptic curve rank and integral-point gaps over number fields,isogeny classes,Fill bounded database gaps with rigorous descent and independent checks.,LMFDB scan; descent; local sieve; exact height bounds,new curve record; certified rank; complete integral-point list; database correction,VERIFY_OPEN_AND_NEAREST_PRIOR_BEFORE_LAUNCH
EXP-00626,Arithmetic geometry and computational algebra,Elliptic curve rank and integral-point gaps over number fields,torsion growth,Fill bounded database gaps with rigorous descent and independent checks.,LMFDB scan; descent; local sieve; exact height bounds,new curve record; certified rank; complete integral-point list; database correction,VERIFY_OPEN_AND_NEAREST_PRIOR_BEFORE_LAUNCH
EXP-00627,Arithmetic geometry and computational algebra,Genus-2 curve and Jacobian classifications,rational points on genus-2 curves,Resolve concrete low-height/conductor cases.,Chabauty; Mordell-Weil sieve; interval roots; exact algebraic certificates,complete rational-point set; certified rank; new exceptional curve,VERIFY_OPEN_AND_NEAREST_PRIOR_BEFORE_LAUNCH
EXP-00628,Arithmetic geometry and computational algebra,Genus-2 curve and Jacobian classifications,torsion of Jacobians,Resolve concrete low-height/conductor cases.,Chabauty; Mordell-Weil sieve; interval roots; exact algebraic certificates,complete rational-point set; certified rank; new exceptional curve,VERIFY_OPEN_AND_NEAREST_PRIOR_BEFORE_LAUNCH
EXP-00629,Arithmetic geometry and computational algebra,Genus-2 curve and Jacobian classifications,isogenies,Resolve concrete low-height/conductor cases.,Chabauty; Mordell-Weil sieve; interval roots; exact algebraic certificates,complete rational-point set; certified rank; new exceptional curve,VERIFY_OPEN_AND_NEAREST_PRIOR_BEFORE_LAUNCH
EXP-00630,Arithmetic geometry and computational algebra,Genus-2 curve and Jacobian classifications,Sato-Tate groups,Resolve concrete low-height/conductor cases.,Chabauty; Mordell-Weil sieve; interval roots; exact algebraic certificates,complete rational-point set; certified rank; new exceptional curve,VERIFY_OPEN_AND_NEAREST_PRIOR_BEFORE_LAUNCH
EXP-00631,Arithmetic geometry and computational algebra,Genus-2 curve and Jacobian classifications,rational points in parameter families,Resolve concrete low-height/conductor cases.,Chabauty; Mordell-Weil sieve; interval roots; exact algebraic certificates,complete rational-point set; certified rank; new exceptional curve,VERIFY_OPEN_AND_NEAREST_PRIOR_BEFORE_LAUNCH
EXP-00632,Arithmetic geometry and computational algebra,Galois group and number-field database anomalies,missing number fields,Mine LMFDB-style data for gaps and resolve smallest missing cases.,database anomaly scan; local discriminant bounds; exact enumeration; group theory,new field; corrected record; nonexistence under a bound,VERIFY_OPEN_AND_NEAREST_PRIOR_BEFORE_LAUNCH
EXP-00633,Arithmetic geometry and computational algebra,Galois group and number-field database anomalies,discriminant minima,Mine LMFDB-style data for gaps and resolve smallest missing cases.,database anomaly scan; local discriminant bounds; exact enumeration; group theory,new field; corrected record; nonexistence under a bound,VERIFY_OPEN_AND_NEAREST_PRIOR_BEFORE_LAUNCH
EXP-00634,Arithmetic geometry and computational algebra,Galois group and number-field database anomalies,class group records,Mine LMFDB-style data for gaps and resolve smallest missing cases.,database anomaly scan; local discriminant bounds; exact enumeration; group theory,new field; corrected record; nonexistence under a bound,VERIFY_OPEN_AND_NEAREST_PRIOR_BEFORE_LAUNCH
EXP-00635,Arithmetic geometry and computational algebra,Galois group and number-field database anomalies,Galois group realizations,Mine LMFDB-style data for gaps and resolve smallest missing cases.,database anomaly scan; local discriminant bounds; exact enumeration; group theory,new field; corrected record; nonexistence under a bound,VERIFY_OPEN_AND_NEAREST_PRIOR_BEFORE_LAUNCH
EXP-00636,Arithmetic geometry and computational algebra,Galois group and number-field database anomalies,ramification constraints,Mine LMFDB-style data for gaps and resolve smallest missing cases.,database anomaly scan; local discriminant bounds; exact enumeration; group theory,new field; corrected record; nonexistence under a bound,VERIFY_OPEN_AND_NEAREST_PRIOR_BEFORE_LAUNCH
EXP-00637,Arithmetic geometry and computational algebra,Belyi map and dessin computation frontiers,Belyi maps,Compute missing low-degree passports and certify maps.,permutation triples; polynomial systems; exact algebraic recognition; checker,new Belyi map; completed passport; field-of-definition result,VERIFY_OPEN_AND_NEAREST_PRIOR_BEFORE_LAUNCH
EXP-00638,Arithmetic geometry and computational algebra,Belyi map and dessin computation frontiers,passports,Compute missing low-degree passports and certify maps.,permutation triples; polynomial systems; exact algebraic recognition; checker,new Belyi map; completed passport; field-of-definition result,VERIFY_OPEN_AND_NEAREST_PRIOR_BEFORE_LAUNCH
EXP-00639,Arithmetic geometry and computational algebra,Belyi map and dessin computation frontiers,dessins d'enfants,Compute missing low-degree passports and certify maps.,permutation triples; polynomial systems; exact algebraic recognition; checker,new Belyi map; completed passport; field-of-definition result,VERIFY_OPEN_AND_NEAREST_PRIOR_BEFORE_LAUNCH
EXP-00640,Arithmetic geometry and computational algebra,Belyi map and dessin computation frontiers,Hurwitz spaces,Compute missing low-degree passports and certify maps.,permutation triples; polynomial systems; exact algebraic recognition; checker,new Belyi map; completed passport; field-of-definition result,VERIFY_OPEN_AND_NEAREST_PRIOR_BEFORE_LAUNCH
EXP-00641,Arithmetic geometry and computational algebra,Belyi map and dessin computation frontiers,monodromy triples,Compute missing low-degree passports and certify maps.,permutation triples; polynomial systems; exact algebraic recognition; checker,new Belyi map; completed passport; field-of-definition result,VERIFY_OPEN_AND_NEAREST_PRIOR_BEFORE_LAUNCH
EXP-00642,Arithmetic geometry and computational algebra,Modular-form coefficient and congruence problems,newform coefficient congruences,Find and prove bounded congruence/identity patterns.,exact q-expansions; Sturm bounds; integer relation; Lean checker,new congruence; exact identity; database correction,VERIFY_OPEN_AND_NEAREST_PRIOR_BEFORE_LAUNCH
EXP-00643,Arithmetic geometry and computational algebra,Modular-form coefficient and congruence problems,eta-product identities,Find and prove bounded congruence/identity patterns.,exact q-expansions; Sturm bounds; integer relation; Lean checker,new congruence; exact identity; database correction,VERIFY_OPEN_AND_NEAREST_PRIOR_BEFORE_LAUNCH
EXP-00644,Arithmetic geometry and computational algebra,Modular-form coefficient and congruence problems,modular degree records,Find and prove bounded congruence/identity patterns.,exact q-expansions; Sturm bounds; integer relation; Lean checker,new congruence; exact identity; database correction,VERIFY_OPEN_AND_NEAREST_PRIOR_BEFORE_LAUNCH
EXP-00645,Arithmetic geometry and computational algebra,Modular-form coefficient and congruence problems,Maass-form numerics,Find and prove bounded congruence/identity patterns.,exact q-expansions; Sturm bounds; integer relation; Lean checker,new congruence; exact identity; database correction,VERIFY_OPEN_AND_NEAREST_PRIOR_BEFORE_LAUNCH
EXP-00646,Arithmetic geometry and computational algebra,Modular-form coefficient and congruence problems,moonshine coefficients,Find and prove bounded congruence/identity patterns.,exact q-expansions; Sturm bounds; integer relation; Lean checker,new congruence; exact identity; database correction,VERIFY_OPEN_AND_NEAREST_PRIOR_BEFORE_LAUNCH
EXP-00647,Arithmetic geometry and computational algebra,Class group and Selmer distribution finite experiments,class groups in families,"Run controlled finite experiments, detect robust patterns, and isolate theorem-sized local mechanisms.",CV with shams; exact class group computation; local indicators; moment laws,new empirical law; counterexample; explicit exceptional family; conjecture with receipts,VERIFY_OPEN_AND_NEAREST_PRIOR_BEFORE_LAUNCH
EXP-00648,Arithmetic geometry and computational algebra,Class group and Selmer distribution finite experiments,Selmer ranks,"Run controlled finite experiments, detect robust patterns, and isolate theorem-sized local mechanisms.",CV with shams; exact class group computation; local indicators; moment laws,new empirical law; counterexample; explicit exceptional family; conjecture with receipts,VERIFY_OPEN_AND_NEAREST_PRIOR_BEFORE_LAUNCH
EXP-00649,Arithmetic geometry and computational algebra,Class group and Selmer distribution finite experiments,Tate-Shafarevich candidates,"Run controlled finite experiments, detect robust patterns, and isolate theorem-sized local mechanisms.",CV with shams; exact class group computation; local indicators; moment laws,new empirical law; counterexample; explicit exceptional family; conjecture with receipts,VERIFY_OPEN_AND_NEAREST_PRIOR_BEFORE_LAUNCH
EXP-00650,Arithmetic geometry and computational algebra,Class group and Selmer distribution finite experiments,narrow class groups,"Run controlled finite experiments, detect robust patterns, and isolate theorem-sized local mechanisms.",CV with shams; exact class group computation; local indicators; moment laws,new empirical law; counterexample; explicit exceptional family; conjecture with receipts,VERIFY_OPEN_AND_NEAREST_PRIOR_BEFORE_LAUNCH
EXP-00651,Arithmetic geometry and computational algebra,Class group and Selmer distribution finite experiments,ray class groups,"Run controlled finite experiments, detect robust patterns, and isolate theorem-sized local mechanisms.",CV with shams; exact class group computation; local indicators; moment laws,new empirical law; counterexample; explicit exceptional family; conjecture with receipts,VERIFY_OPEN_AND_NEAREST_PRIOR_BEFORE_LAUNCH
EXP-00652,Arithmetic geometry and computational algebra,Polynomial system elimination and realizability,incidence realizations,Resolve exact feasibility and emit Gröbner/Nullstellensatz or interval certificates.,Gröbner basis; resultants; SAT-mod-theory; interval verification,realization; nonrealizability certificate; minimal polynomial,VERIFY_OPEN_AND_NEAREST_PRIOR_BEFORE_LAUNCH
EXP-00653,Arithmetic geometry and computational algebra,Polynomial system elimination and realizability,tensor decompositions,Resolve exact feasibility and emit Gröbner/Nullstellensatz or interval certificates.,Gröbner basis; resultants; SAT-mod-theory; interval verification,realization; nonrealizability certificate; minimal polynomial,VERIFY_OPEN_AND_NEAREST_PRIOR_BEFORE_LAUNCH
EXP-00654,Arithmetic geometry and computational algebra,Polynomial system elimination and realizability,mechanism linkages,Resolve exact feasibility and emit Gröbner/Nullstellensatz or interval certificates.,Gröbner basis; resultants; SAT-mod-theory; interval verification,realization; nonrealizability certificate; minimal polynomial,VERIFY_OPEN_AND_NEAREST_PRIOR_BEFORE_LAUNCH
EXP-00655,Arithmetic geometry and computational algebra,Polynomial system elimination and realizability,finite geometry embeddings,Resolve exact feasibility and emit Gröbner/Nullstellensatz or interval certificates.,Gröbner basis; resultants; SAT-mod-theory; interval verification,realization; nonrealizability certificate; minimal polynomial,VERIFY_OPEN_AND_NEAREST_PRIOR_BEFORE_LAUNCH
EXP-00656,Arithmetic geometry and computational algebra,Polynomial system elimination and realizability,algebraic statistics models,Resolve exact feasibility and emit Gröbner/Nullstellensatz or interval certificates.,Gröbner basis; resultants; SAT-mod-theory; interval verification,realization; nonrealizability certificate; minimal polynomial,VERIFY_OPEN_AND_NEAREST_PRIOR_BEFORE_LAUNCH
EXP-00657,Arithmetic geometry and computational algebra,p-adic dynamics and local-global failures,rational periodic points,Classify bounded degree/period cases via local obstructions and exact point searches.,p-adic lifting; Kummer geometry; local sieve; curve arithmetic,new periodic-point classification; explicit local-global failure; verified bound,VERIFY_OPEN_AND_NEAREST_PRIOR_BEFORE_LAUNCH
EXP-00658,Arithmetic geometry and computational algebra,p-adic dynamics and local-global failures,arboreal representations,Classify bounded degree/period cases via local obstructions and exact point searches.,p-adic lifting; Kummer geometry; local sieve; curve arithmetic,new periodic-point classification; explicit local-global failure; verified bound,VERIFY_OPEN_AND_NEAREST_PRIOR_BEFORE_LAUNCH
EXP-00659,Arithmetic geometry and computational algebra,p-adic dynamics and local-global failures,local-global divisibility,Classify bounded degree/period cases via local obstructions and exact point searches.,p-adic lifting; Kummer geometry; local sieve; curve arithmetic,new periodic-point classification; explicit local-global failure; verified bound,VERIFY_OPEN_AND_NEAREST_PRIOR_BEFORE_LAUNCH
EXP-00660,Arithmetic geometry and computational algebra,p-adic dynamics and local-global failures,Hasse-principle failures,Classify bounded degree/period cases via local obstructions and exact point searches.,p-adic lifting; Kummer geometry; local sieve; curve arithmetic,new periodic-point classification; explicit local-global failure; verified bound,VERIFY_OPEN_AND_NEAREST_PRIOR_BEFORE_LAUNCH
EXP-00661,Arithmetic geometry and computational algebra,p-adic dynamics and local-global failures,dynamical modular curves,Classify bounded degree/period cases via local obstructions and exact point searches.,p-adic lifting; Kummer geometry; local sieve; curve arithmetic,new periodic-point classification; explicit local-global failure; verified bound,VERIFY_OPEN_AND_NEAREST_PRIOR_BEFORE_LAUNCH
EXP-00662,"Formalization, databases, and mathematical meta-research",Formalize open statements before attacking them,unformalized Erdős problems,"Encode exact quantifiers and definitions, test finite edge cases, and expose hidden ambiguity.",Lean; statement audit; arbitrary-parameter generalization; minimal imports,new formal conjecture; corrected statement; reusable definitions,VERIFY_OPEN_AND_NEAREST_PRIOR_BEFORE_LAUNCH
EXP-00663,"Formalization, databases, and mathematical meta-research",Formalize open statements before attacking them,AIM problem-list statements,"Encode exact quantifiers and definitions, test finite edge cases, and expose hidden ambiguity.",Lean; statement audit; arbitrary-parameter generalization; minimal imports,new formal conjecture; corrected statement; reusable definitions,VERIFY_OPEN_AND_NEAREST_PRIOR_BEFORE_LAUNCH
EXP-00664,"Formalization, databases, and mathematical meta-research",Formalize open statements before attacking them,OEIS conjectures,"Encode exact quantifiers and definitions, test finite edge cases, and expose hidden ambiguity.",Lean; statement audit; arbitrary-parameter generalization; minimal imports,new formal conjecture; corrected statement; reusable definitions,VERIFY_OPEN_AND_NEAREST_PRIOR_BEFORE_LAUNCH
EXP-00665,"Formalization, databases, and mathematical meta-research",Formalize open statements before attacking them,coding-table gaps,"Encode exact quantifiers and definitions, test finite edge cases, and expose hidden ambiguity.",Lean; statement audit; arbitrary-parameter generalization; minimal imports,new formal conjecture; corrected statement; reusable definitions,VERIFY_OPEN_AND_NEAREST_PRIOR_BEFORE_LAUNCH
EXP-00666,"Formalization, databases, and mathematical meta-research",Formalize open statements before attacking them,topology problem-list cases,"Encode exact quantifiers and definitions, test finite edge cases, and expose hidden ambiguity.",Lean; statement audit; arbitrary-parameter generalization; minimal imports,new formal conjecture; corrected statement; reusable definitions,VERIFY_OPEN_AND_NEAREST_PRIOR_BEFORE_LAUNCH
EXP-00667,"Formalization, databases, and mathematical meta-research",Bounded computational theorem formalization,finite classifications,Prove one checker-soundness theorem and ingest large witness/certificate corpora.,packed certificates; generic checker; native_decide samples; proof receipts,kernel-checked bounded theorem; reusable checker library,VERIFY_OPEN_AND_NEAREST_PRIOR_BEFORE_LAUNCH
EXP-00668,"Formalization, databases, and mathematical meta-research",Bounded computational theorem formalization,exhaustive graph censuses,Prove one checker-soundness theorem and ingest large witness/certificate corpora.,packed certificates; generic checker; native_decide samples; proof receipts,kernel-checked bounded theorem; reusable checker library,VERIFY_OPEN_AND_NEAREST_PRIOR_BEFORE_LAUNCH
EXP-00669,"Formalization, databases, and mathematical meta-research",Bounded computational theorem formalization,design existence results,Prove one checker-soundness theorem and ingest large witness/certificate corpora.,packed certificates; generic checker; native_decide samples; proof receipts,kernel-checked bounded theorem; reusable checker library,VERIFY_OPEN_AND_NEAREST_PRIOR_BEFORE_LAUNCH
EXP-00670,"Formalization, databases, and mathematical meta-research",Bounded computational theorem formalization,code parameter results,Prove one checker-soundness theorem and ingest large witness/certificate corpora.,packed certificates; generic checker; native_decide samples; proof receipts,kernel-checked bounded theorem; reusable checker library,VERIFY_OPEN_AND_NEAREST_PRIOR_BEFORE_LAUNCH
EXP-00671,"Formalization, databases, and mathematical meta-research",Bounded computational theorem formalization,Diophantine bounded closures,Prove one checker-soundness theorem and ingest large witness/certificate corpora.,packed certificates; generic checker; native_decide samples; proof receipts,kernel-checked bounded theorem; reusable checker library,VERIFY_OPEN_AND_NEAREST_PRIOR_BEFORE_LAUNCH
EXP-00672,"Formalization, databases, and mathematical meta-research",Cross-database anomaly and missing-value mining,OEIS,"Find contradictions, missing values, stale bounds, duplicate objects, and unexplained outliers.",data acquisition; canonical hashes; independent recomputation; status verification,database correction; new sequence terms; resolved invariant; new extremal object,VERIFY_OPEN_AND_NEAREST_PRIOR_BEFORE_LAUNCH
EXP-00673,"Formalization, databases, and mathematical meta-research",Cross-database anomaly and missing-value mining,LMFDB,"Find contradictions, missing values, stale bounds, duplicate objects, and unexplained outliers.",data acquisition; canonical hashes; independent recomputation; status verification,database correction; new sequence terms; resolved invariant; new extremal object,VERIFY_OPEN_AND_NEAREST_PRIOR_BEFORE_LAUNCH
EXP-00674,"Formalization, databases, and mathematical meta-research",Cross-database anomaly and missing-value mining,House of Graphs,"Find contradictions, missing values, stale bounds, duplicate objects, and unexplained outliers.",data acquisition; canonical hashes; independent recomputation; status verification,database correction; new sequence terms; resolved invariant; new extremal object,VERIFY_OPEN_AND_NEAREST_PRIOR_BEFORE_LAUNCH
EXP-00675,"Formalization, databases, and mathematical meta-research",Cross-database anomaly and missing-value mining,KnotInfo,"Find contradictions, missing values, stale bounds, duplicate objects, and unexplained outliers.",data acquisition; canonical hashes; independent recomputation; status verification,database correction; new sequence terms; resolved invariant; new extremal object,VERIFY_OPEN_AND_NEAREST_PRIOR_BEFORE_LAUNCH
EXP-00676,"Formalization, databases, and mathematical meta-research",Cross-database anomaly and missing-value mining,CodeTables,"Find contradictions, missing values, stale bounds, duplicate objects, and unexplained outliers.",data acquisition; canonical hashes; independent recomputation; status verification,database correction; new sequence terms; resolved invariant; new extremal object,VERIFY_OPEN_AND_NEAREST_PRIOR_BEFORE_LAUNCH
EXP-00677,"Formalization, databases, and mathematical meta-research",Proof receipt and provenance hardening,solver-based papers,"Bind inputs, code, environment, output, checker, and claim boundary into one reproducible packet.",hash manifests; dual verifiers; corruption tests; claim-boundary schema,publication-grade receipt; detected unsound claim; reproducible benchmark,VERIFY_OPEN_AND_NEAREST_PRIOR_BEFORE_LAUNCH
EXP-00678,"Formalization, databases, and mathematical meta-research",Proof receipt and provenance hardening,long computations,"Bind inputs, code, environment, output, checker, and claim boundary into one reproducible packet.",hash manifests; dual verifiers; corruption tests; claim-boundary schema,publication-grade receipt; detected unsound claim; reproducible benchmark,VERIFY_OPEN_AND_NEAREST_PRIOR_BEFORE_LAUNCH
EXP-00679,"Formalization, databases, and mathematical meta-research",Proof receipt and provenance hardening,formalized claims,"Bind inputs, code, environment, output, checker, and claim boundary into one reproducible packet.",hash manifests; dual verifiers; corruption tests; claim-boundary schema,publication-grade receipt; detected unsound claim; reproducible benchmark,VERIFY_OPEN_AND_NEAREST_PRIOR_BEFORE_LAUNCH
EXP-00680,"Formalization, databases, and mathematical meta-research",Proof receipt and provenance hardening,numerical inequalities,"Bind inputs, code, environment, output, checker, and claim boundary into one reproducible packet.",hash manifests; dual verifiers; corruption tests; claim-boundary schema,publication-grade receipt; detected unsound claim; reproducible benchmark,VERIFY_OPEN_AND_NEAREST_PRIOR_BEFORE_LAUNCH
EXP-00681,"Formalization, databases, and mathematical meta-research",Proof receipt and provenance hardening,distributed searches,"Bind inputs, code, environment, output, checker, and claim boundary into one reproducible packet.",hash manifests; dual verifiers; corruption tests; claim-boundary schema,publication-grade receipt; detected unsound claim; reproducible benchmark,VERIFY_OPEN_AND_NEAREST_PRIOR_BEFORE_LAUNCH
EXP-00682,"Formalization, databases, and mathematical meta-research",Retraction-aware negative knowledge graph,failed proof routes,Preserve dead routes as queryable anti-techniques and block repetition.,stable technique IDs; honesty notes; semantic retrieval; adversarial review,defensive survey; machine guardrail; corrected research map,VERIFY_OPEN_AND_NEAREST_PRIOR_BEFORE_LAUNCH
EXP-00683,"Formalization, databases, and mathematical meta-research",Retraction-aware negative knowledge graph,false reductions,Preserve dead routes as queryable anti-techniques and block repetition.,stable technique IDs; honesty notes; semantic retrieval; adversarial review,defensive survey; machine guardrail; corrected research map,VERIFY_OPEN_AND_NEAREST_PRIOR_BEFORE_LAUNCH
EXP-00684,"Formalization, databases, and mathematical meta-research",Retraction-aware negative knowledge graph,refuted construction families,Preserve dead routes as queryable anti-techniques and block repetition.,stable technique IDs; honesty notes; semantic retrieval; adversarial review,defensive survey; machine guardrail; corrected research map,VERIFY_OPEN_AND_NEAREST_PRIOR_BEFORE_LAUNCH
EXP-00685,"Formalization, databases, and mathematical meta-research",Retraction-aware negative knowledge graph,solver encodings that plateau,Preserve dead routes as queryable anti-techniques and block repetition.,stable technique IDs; honesty notes; semantic retrieval; adversarial review,defensive survey; machine guardrail; corrected research map,VERIFY_OPEN_AND_NEAREST_PRIOR_BEFORE_LAUNCH
EXP-00686,"Formalization, databases, and mathematical meta-research",Retraction-aware negative knowledge graph,invalid citations,Preserve dead routes as queryable anti-techniques and block repetition.,stable technique IDs; honesty notes; semantic retrieval; adversarial review,defensive survey; machine guardrail; corrected research map,VERIFY_OPEN_AND_NEAREST_PRIOR_BEFORE_LAUNCH
EXP-00687,"Formalization, databases, and mathematical meta-research",Cross-family runtime and success prediction,SAT classifications,Fit calibrated cost/success models and rank targets by expected novelty per compute.,JIGSAW; density features; peak RSS; uncertainty bands,new target-ranking model; honest miss analysis; optimized campaign queue,VERIFY_OPEN_AND_NEAREST_PRIOR_BEFORE_LAUNCH
EXP-00688,"Formalization, databases, and mathematical meta-research",Cross-family runtime and success prediction,graph generation,Fit calibrated cost/success models and rank targets by expected novelty per compute.,JIGSAW; density features; peak RSS; uncertainty bands,new target-ranking model; honest miss analysis; optimized campaign queue,VERIFY_OPEN_AND_NEAREST_PRIOR_BEFORE_LAUNCH
EXP-00689,"Formalization, databases, and mathematical meta-research",Cross-family runtime and success prediction,Lean compilation,Fit calibrated cost/success models and rank targets by expected novelty per compute.,JIGSAW; density features; peak RSS; uncertainty bands,new target-ranking model; honest miss analysis; optimized campaign queue,VERIFY_OPEN_AND_NEAREST_PRIOR_BEFORE_LAUNCH
EXP-00690,"Formalization, databases, and mathematical meta-research",Cross-family runtime and success prediction,number-theory enumerations,Fit calibrated cost/success models and rank targets by expected novelty per compute.,JIGSAW; density features; peak RSS; uncertainty bands,new target-ranking model; honest miss analysis; optimized campaign queue,VERIFY_OPEN_AND_NEAREST_PRIOR_BEFORE_LAUNCH
EXP-00691,"Formalization, databases, and mathematical meta-research",Cross-family runtime and success prediction,interval proofs,Fit calibrated cost/success models and rank targets by expected novelty per compute.,JIGSAW; density features; peak RSS; uncertainty bands,new target-ranking model; honest miss analysis; optimized campaign queue,VERIFY_OPEN_AND_NEAREST_PRIOR_BEFORE_LAUNCH
EXP-00692,"Formalization, databases, and mathematical meta-research",Human theorem extraction from machine traces,SAT unsat cores,Mine recurring invariants and compress computational evidence into lemmas.,trace clustering; minimal unsat cores; symbolic abstraction; Lean proof,new human-readable theorem; reduced certificate; parametric construction,VERIFY_OPEN_AND_NEAREST_PRIOR_BEFORE_LAUNCH
EXP-00693,"Formalization, databases, and mathematical meta-research",Human theorem extraction from machine traces,branch-and-bound trees,Mine recurring invariants and compress computational evidence into lemmas.,trace clustering; minimal unsat cores; symbolic abstraction; Lean proof,new human-readable theorem; reduced certificate; parametric construction,VERIFY_OPEN_AND_NEAREST_PRIOR_BEFORE_LAUNCH
EXP-00694,"Formalization, databases, and mathematical meta-research",Human theorem extraction from machine traces,repeated pruning clauses,Mine recurring invariants and compress computational evidence into lemmas.,trace clustering; minimal unsat cores; symbolic abstraction; Lean proof,new human-readable theorem; reduced certificate; parametric construction,VERIFY_OPEN_AND_NEAREST_PRIOR_BEFORE_LAUNCH
EXP-00695,"Formalization, databases, and mathematical meta-research",Human theorem extraction from machine traces,Gröbner reductions,Mine recurring invariants and compress computational evidence into lemmas.,trace clustering; minimal unsat cores; symbolic abstraction; Lean proof,new human-readable theorem; reduced certificate; parametric construction,VERIFY_OPEN_AND_NEAREST_PRIOR_BEFORE_LAUNCH
EXP-00696,"Formalization, databases, and mathematical meta-research",Human theorem extraction from machine traces,interval subdivisions,Mine recurring invariants and compress computational evidence into lemmas.,trace clustering; minimal unsat cores; symbolic abstraction; Lean proof,new human-readable theorem; reduced certificate; parametric construction,VERIFY_OPEN_AND_NEAREST_PRIOR_BEFORE_LAUNCH
EXP-00697,"Formalization, databases, and mathematical meta-research",Independent replication campaigns,claimed computational classifications,Reimplement from scratch with a more permissive search and hostile statement audit.,different language/algorithm; superset enumeration; corruption tests; source verification,confirmed result; corrected result; retraction; stronger receipt,VERIFY_OPEN_AND_NEAREST_PRIOR_BEFORE_LAUNCH
EXP-00698,"Formalization, databases, and mathematical meta-research",Independent replication campaigns,recent AI-assisted proofs,Reimplement from scratch with a more permissive search and hostile statement audit.,different language/algorithm; superset enumeration; corruption tests; source verification,confirmed result; corrected result; retraction; stronger receipt,VERIFY_OPEN_AND_NEAREST_PRIOR_BEFORE_LAUNCH
EXP-00699,"Formalization, databases, and mathematical meta-research",Independent replication campaigns,database records,Reimplement from scratch with a more permissive search and hostile statement audit.,different language/algorithm; superset enumeration; corruption tests; source verification,confirmed result; corrected result; retraction; stronger receipt,VERIFY_OPEN_AND_NEAREST_PRIOR_BEFORE_LAUNCH
EXP-00700,"Formalization, databases, and mathematical meta-research",Independent replication campaigns,formal statements,Reimplement from scratch with a more permissive search and hostile statement audit.,different language/algorithm; superset enumeration; corruption tests; source verification,confirmed result; corrected result; retraction; stronger receipt,VERIFY_OPEN_AND_NEAREST_PRIOR_BEFORE_LAUNCH
EXP-00701,"Formalization, databases, and mathematical meta-research",Independent replication campaigns,numerical constants,Reimplement from scratch with a more permissive search and hostile statement audit.,different language/algorithm; superset enumeration; corruption tests; source verification,confirmed result; corrected result; retraction; stronger receipt,VERIFY_OPEN_AND_NEAREST_PRIOR_BEFORE_LAUNCH
